mtllib iiwa_link_6_collisions_link_6_mesh.mtl
v -0.034136120229959474 0.05239083990454674 0.04231242835521698
v -0.03413601592183112 0.052463848143815994 0.04238233342766762
v -0.034058757126331315 0.052468158304691315 0.04237684607505798
v -0.03719719126820563 0.04944869503378868 0.03993281349539757
v -0.03697428107261656 0.04945549741387367 0.039923716336488724
v -0.037707593291997896 0.04869655519723892 0.0393063984811306
v -0.03872801363468169 0.04764046519994736 0.03844738006591797
v -0.03872789070010184 0.04773512855172157 0.03852088004350662
v -0.03863827884197234 0.04773333668708801 0.03852292150259018
v -0.05710037052631376 0.01890036277472973 0.015382630750536919
v -0.057100236415863016 0.019170604646205902 0.015593479387462139
v -0.05699401721358297 0.019168712198734283 0.015595821663737297
v 0.057050637900829294 0.019133934751152992 0.015566769056022167
v 0.057126082479953745 0.019135257229208946 0.015565047040581703
v 0.05712599679827688 0.01895895227789879 0.015427553094923496
v 0.036194939166307435 0.050290051847696304 0.040608473122119904
v 0.03674439340829848 0.050288744270801544 0.04061295837163925
v 0.03674208372831343 0.04973449930548668 0.0401553176343441
v 0.033558651804924 0.05298236012458801 0.04280191287398338
v 0.03355472534894942 0.05297084152698517 0.042795151472091675
v 0.03344756364822386 0.053079649806022644 0.04288390278816223
v 0.03372110798954962 0.052871204912662506 0.042713798582553864
v 0.033686082810163484 0.05287386476993561 0.042715318500995636
v 0.03368285298347472 0.05290035530924797 0.04273758456110954
v 0.034195799380540834 0.05244229733943939 0.042365845292806625
v 0.034193590283393846 0.052511170506477356 0.04241998493671417
v 0.03470431268215178 0.05212199315428734 0.0421023890376091
v 0.03484835475683211 0.052012231200933456 0.042012814432382584
v 0.03470551967620848 0.05201136693358421 0.042015548795461655
v 0.03470431268215178 0.05212199315428734 0.0421023890376091
v 0.035358421504497514 0.05162355303764343 0.04169562831521034
v 0.03572503849864005 0.05132611095905304 0.04145107418298721
v 0.03572495654225348 0.05114978179335594 0.04131460562348366
v 0.03572495654225348 0.05114978179335594 0.04131460562348366
v 0.03572503849864005 0.05132611095905304 0.04145107418298721
v 0.035937476903200136 0.0511537566781044 0.04130936414003372
v 0.05710105225443838 -0.030557187274098396 -0.023233233019709587
v 0.057101398706436136 -0.02985225059092045 -0.022700518369674683
v 0.057501621544361094 -0.029854638502001762 -0.02269766852259636
v 0.04296614602208136 -0.04625268653035164 -0.035026513040065765
v 0.04101757332682608 -0.04760850593447685 -0.03602096810936928
v 0.040774535387754426 -0.047607533633708954 -0.03602210059762001
v 0.040774535387754426 -0.047607533633708954 -0.03602210059762001
v 0.04101757332682608 -0.04760850593447685 -0.03602096810936928
v 0.040774486958980546 -0.04777764528989792 -0.03614502772688866
v 0.032613459974527345 -0.05199916288256645 -0.03917201608419418
v 0.03261368349194525 -0.05142732709646225 -0.03874962031841278
v 0.03315436840057372 -0.051219500601291656 -0.038605205714702606
v -0.05754436179995535 -0.029817920178174973 -0.022670477628707886
v -0.057124920189380625 -0.029816072434186935 -0.02267315424978733
v -0.05712530016899107 -0.030577687546610832 -0.02325015515089035
v -0.037707015872001634 0.04965991526842117 0.04008370637893677
v -0.037707131356000886 0.049448881298303604 0.03993290290236473
v -0.03789926320314406 0.04945884272456169 0.03992021828889847
v -0.03697428107261656 0.04945549741387367 0.039923716336488724
v -0.03719719126820563 0.04944869503378868 0.03993281349539757
v -0.03668715804815291 0.04975265637040138 0.04016542434692383
v -0.03566671162843703 0.050808776170015335 0.04102446511387825
v -0.035726252943277345 0.05074714869260788 0.04097433760762215
v -0.036176651716232286 0.050736136734485626 0.04098892584443092
v -0.03515660390257834 0.05173299089074135 0.04178187623620033
v -0.03515633195638655 0.051598936319351196 0.04168698936700821
v -0.035317581146955476 0.05160650610923767 0.04167816415429115
v -0.034058757126331315 0.052468158304691315 0.04237684607505798
v -0.03413601592183112 0.052463848143815994 0.04238233342766762
v -0.03388139978051184 0.05264541879296303 0.04252452403306961
v -0.03346240147948264 0.053064193576574326 0.042873404920101166
v -0.033471558243036256 0.053055040538311005 0.042865779250860214
v -0.033473931252956377 0.053055133670568466 0.042865972965955734
v -0.033473931252956377 0.053055133670568466 0.042865972965955734
v -0.033471558243036256 0.053055040538311005 0.042865779250860214
v -0.03349928185343741 0.053027331829071045 0.042842693626880646
v -0.033473931252956377 0.053055133670568466 0.042865972965955734
v -0.03349928185343741 0.053027331829071045 0.042842693626880646
v -0.03349903598427771 0.05303540825843811 0.04284980148077011
v -0.03349903598427771 0.05303540825843811 0.04284980148077011
v -0.03349928185343741 0.053027331829071045 0.042842693626880646
v -0.03352509811520575 0.0530015304684639 0.04282119870185852
v -0.03349903598427771 0.05303540825843811 0.04284980148077011
v -0.03352509811520575 0.0530015304684639 0.04282119870185852
v -0.0335421748459339 0.053001511842012405 0.04282200708985329
v -0.0335421748459339 0.053001511842012405 0.04282200708985329
v -0.03352509811520575 0.0530015304684639 0.04282119870185852
v -0.03357847779989241 0.052948180586099625 0.04277675226330757
v -0.0335421748459339 0.053001511842012405 0.04282200708985329
v -0.03357847779989241 0.052948180586099625 0.04277675226330757
v -0.03361045569181441 0.05294786021113396 0.04277801513671875
v -0.03361045569181441 0.05294786021113396 0.04277801513671875
v -0.03357847779989241 0.052948180586099625 0.04277675226330757
v -0.03362667933106421 0.05290000140666962 0.04273661598563194
v -0.03361045569181441 0.05294786021113396 0.04277801513671875
v -0.03362667933106421 0.05290000140666962 0.04273661598563194
v -0.033626519143581377 0.05293523892760277 0.04276766628026962
v -0.033626519143581377 0.05293523892760277 0.04276766628026962
v -0.03362667933106421 0.05290000140666962 0.04273661598563194
v -0.03363182023167609 0.052894867956638336 0.04273233562707901
v -0.033626519143581377 0.05293523892760277 0.04276766628026962
v -0.03363182023167609 0.052894867956638336 0.04273233562707901
v -0.03367875143885611 0.05289419740438461 0.042734015733003616
v -0.03367875143885611 0.05289419740438461 0.042734015733003616
v -0.03363182023167609 0.052894867956638336 0.04273233562707901
v -0.03375402837991713 0.05277272313833237 0.04263057932257652
v -0.03367875143885611 0.05289419740438461 0.042734015733003616
v -0.03375402837991713 0.05277272313833237 0.04263057932257652
v -0.03375403210520743 0.052835047245025635 0.04268551245331764
v -0.03375403210520743 0.052835047245025635 0.04268551245331764
v -0.03375402837991713 0.05277272313833237 0.04263057932257652
v -0.033881541341543184 0.0527348592877388 0.04260336607694626
v -0.033881541341543184 0.0527348592877388 0.04260336607694626
v -0.03375402837991713 0.05277272313833237 0.04263057932257652
v -0.033880934119224534 0.05268110707402229 0.042554840445518494
v -0.033881541341543184 0.0527348592877388 0.04260336607694626
v -0.033880934119224534 0.05268110707402229 0.042554840445518494
v -0.034136556088924394 0.05253448337316513 0.042439065873622894
v -0.03375402837991713 0.05277272313833237 0.04263057932257652
v -0.03384529426693915 0.05268150940537453 0.0425545871257782
v -0.033880934119224534 0.05268110707402229 0.042554840445518494
v -0.033880934119224534 0.05268110707402229 0.042554840445518494
v -0.03384529426693915 0.05268150940537453 0.0425545871257782
v -0.03388139978051184 0.05264541879296303 0.04252452403306961
v -0.033880934119224534 0.05268110707402229 0.042554840445518494
v -0.03388139978051184 0.05264541879296303 0.04252452403306961
v -0.034136556088924394 0.05253448337316513 0.042439065873622894
v -0.034136556088924394 0.05253448337316513 0.042439065873622894
v -0.03388139978051184 0.05264541879296303 0.04252452403306961
v -0.03413601592183112 0.052463848143815994 0.04238233342766762
v -0.034136556088924394 0.05253448337316513 0.042439065873622894
v -0.03413601592183112 0.052463848143815994 0.04238233342766762
v -0.034225028008222566 0.05246496573090553 0.04238206520676613
v -0.034225028008222566 0.05246496573090553 0.04238206520676613
v -0.03413601592183112 0.052463848143815994 0.04238233342766762
v -0.034136120229959474 0.05239083990454674 0.04231242835521698
v -0.034225028008222566 0.05246496573090553 0.04238206520676613
v -0.034136120229959474 0.05239083990454674 0.04231242835521698
v -0.03439155593514441 0.05233411863446236 0.042274776846170425
v -0.034136120229959474 0.05239083990454674 0.04231242835521698
v -0.0341932103037834 0.0523337796330452 0.042264893651008606
v -0.03439155593514441 0.05233411863446236 0.042274776846170425
v -0.03439155593514441 0.05233411863446236 0.042274776846170425
v -0.0341932103037834 0.0523337796330452 0.042264893651008606
v -0.0343910939991474 0.05224679782986641 0.042209554463624954
v -0.03439155593514441 0.05233411863446236 0.042274776846170425
v -0.0343910939991474 0.05224679782986641 0.042209554463624954
v -0.0344981588423252 0.05225035920739174 0.04220609739422798
v -0.0344981588423252 0.05225035920739174 0.04220609739422798
v -0.0343910939991474 0.05224679782986641 0.042209554463624954
v -0.03464657068252562 0.05213374271988869 0.04211047664284706
v -0.0341932103037834 0.0523337796330452 0.042264893651008606
v -0.03427021205425261 0.0522540882229805 0.04220006987452507
v -0.0343910939991474 0.05224679782986641 0.042209554463624954
v -0.0343910939991474 0.05224679782986641 0.042209554463624954
v -0.03427021205425261 0.0522540882229805 0.04220006987452507
v -0.03439114987850188 0.05212892219424248 0.0420982651412487
v -0.0343910939991474 0.05224679782986641 0.042209554463624954
v -0.03439114987850188 0.05212892219424248 0.0420982651412487
v -0.03464657068252562 0.05213374271988869 0.04211047664284706
v -0.03464657068252562 0.05213374271988869 0.04211047664284706
v -0.03439114987850188 0.05212892219424248 0.0420982651412487
v -0.034646175801753984 0.05203063040971756 0.04203564301133156
v -0.03464657068252562 0.05213374271988869 0.04211047664284706
v -0.034646175801753984 0.05203063040971756 0.04203564301133156
v -0.034771293401718126 0.05203574523329735 0.04203012213110924
v -0.034771293401718126 0.05203574523329735 0.04203012213110924
v -0.034646175801753984 0.05203063040971756 0.04203564301133156
v -0.03504443541169165 0.05182112380862236 0.041854143142700195
v -0.035317581146955476 0.05160650610923767 0.04167816415429115
v -0.03515633195638655 0.051598936319351196 0.04168698936700821
v -0.03566665574908255 0.051332224160432816 0.04145326837897301
v -0.03439114987850188 0.05212892219424248 0.0420982651412487
v -0.03447822481393813 0.052038803696632385 0.04202496260404587
v -0.034646175801753984 0.05203063040971756 0.04203564301133156
v -0.034646175801753984 0.05203063040971756 0.04203564301133156
v -0.03447822481393813 0.052038803696632385 0.04202496260404587
v -0.03464625775814055 0.05186489596962929 0.04188350588083267
v -0.034646175801753984 0.05203063040971756 0.04203564301133156
v -0.03464625775814055 0.05186489596962929 0.04188350588083267
v -0.03504443541169165 0.05182112380862236 0.041854143142700195
v -0.03504443541169165 0.05182112380862236 0.041854143142700195
v -0.03464625775814055 0.05186489596962929 0.04188350588083267
v -0.03468622639775275 0.05182353034615517 0.041849859058856964
v -0.03504443541169165 0.05182112380862236 0.041854143142700195
v -0.03468622639775275 0.05182353034615517 0.041849859058856964
v -0.03515660390257834 0.05173299089074135 0.04178187623620033
v -0.03515660390257834 0.05173299089074135 0.04178187623620033
v -0.03468622639775275 0.05182353034615517 0.041849859058856964
v -0.03489423170685767 0.05160825699567795 0.04167475551366806
v -0.03515660390257834 0.05173299089074135 0.04178187623620033
v -0.03489423170685767 0.05160825699567795 0.04167475551366806
v -0.03515633195638655 0.051598936319351196 0.04168698936700821
v -0.03515633195638655 0.051598936319351196 0.04168698936700821
v -0.03489423170685767 0.05160825699567795 0.04167475551366806
v -0.03515648469328879 0.05133683606982231 0.04145398363471031
v -0.03515633195638655 0.051598936319351196 0.04168698936700821
v -0.03515648469328879 0.05133683606982231 0.04145398363471031
v -0.03566665574908255 0.051332224160432816 0.04145326837897301
v -0.03566665574908255 0.051332224160432816 0.04145326837897301
v -0.03515648469328879 0.05133683606982231 0.04145398363471031
v -0.03566649183630942 0.05116778984665871 0.04133763164281845
v -0.03566665574908255 0.051332224160432816 0.04145326837897301
v -0.03566649183630942 0.05116778984665871 0.04133763164281845
v -0.03586388006806372 0.0511772558093071 0.04132620245218277
v -0.03586388006806372 0.0511772558093071 0.04132620245218277
v -0.03566649183630942 0.05116778984665871 0.04133763164281845
v -0.03617670759558676 0.050931453704833984 0.041124653071165085
v -0.03515648469328879 0.05133683606982231 0.04145398363471031
v -0.035310242325067506 0.051177702844142914 0.04132454842329025
v -0.03566649183630942 0.05116778984665871 0.04133763164281845
v -0.03566649183630942 0.05116778984665871 0.04133763164281845
v -0.035310242325067506 0.051177702844142914 0.04132454842329025
v -0.03566671162843703 0.050808776170015335 0.04102446511387825
v -0.03566649183630942 0.05116778984665871 0.04133763164281845
v -0.03566671162843703 0.050808776170015335 0.04102446511387825
v -0.03617670759558676 0.050931453704833984 0.041124653071165085
v -0.03617670759558676 0.050931453704833984 0.041124653071165085
v -0.03566671162843703 0.050808776170015335 0.04102446511387825
v -0.036176651716232286 0.050736136734485626 0.04098892584443092
v -0.03617670759558676 0.050931453704833984 0.041124653071165085
v -0.036176651716232286 0.050736136734485626 0.04098892584443092
v -0.03641019389033316 0.05074799805879593 0.04097422584891319
v -0.03641019389033316 0.05074799805879593 0.04097422584891319
v -0.036176651716232286 0.050736136734485626 0.04098892584443092
v -0.03668677434325217 0.050530675798654556 0.040796034038066864
v -0.037707015872001634 0.04965991526842117 0.04008370637893677
v -0.037620715796947465 0.049750179052352905 0.04015709459781647
v -0.03719719126820563 0.04944869503378868 0.03993281349539757
v -0.037620715796947465 0.049750179052352905 0.04015709459781647
v -0.037279188632965074 0.05006519332528114 0.04041435942053795
v -0.03719719126820563 0.04944869503378868 0.03993281349539757
v -0.03719719126820563 0.04944869503378868 0.03993281349539757
v -0.037279188632965074 0.05006519332528114 0.04041435942053795
v -0.037196863442659364 0.050129879266023636 0.04046740010380745
v -0.03719719126820563 0.04944869503378868 0.03993281349539757
v -0.037196863442659364 0.050129879266023636 0.04046740010380745
v -0.03668715804815291 0.04975265637040138 0.04016542434692383
v -0.03789926320314406 0.04945884272456169 0.03992021828889847
v -0.037707131356000886 0.049448881298303604 0.03993290290236473
v -0.0387226603925228 0.04859763756394386 0.03922000154852867
v -0.03863827884197234 0.04773333668708801 0.03852292150259018
v -0.03872789070010184 0.04773512855172157 0.03852088004350662
v -0.03780627995729445 0.04859441518783569 0.0392233170568943
v -0.04036948457360266 0.04687520116567612 0.03781954571604729
v -0.04076881334185599 0.04552832990884781 0.03672938048839569
v -0.040768288075923906 0.04645808786153793 0.03748040646314621
v -0.040768288075923906 0.04645808786153793 0.03748040646314621
v -0.04076881334185599 0.04552832990884781 0.03672938048839569
v -0.04113421961665152 0.04515015333890915 0.036421775817871094
v -0.040768288075923906 0.04645808786153793 0.03748040646314621
v -0.04113421961665152 0.04515015333890915 0.036421775817871094
v -0.042016316205263124 0.045152757316827774 0.036419086158275604
v -0.042016316205263124 0.045152757316827774 0.036419086158275604
v -0.04113421961665152 0.04515015333890915 0.036421775817871094
v -0.04306586831808089 0.04405501112341881 0.03552654758095741
v -0.04306586831808089 0.04405501112341881 0.03552654758095741
v -0.04113421961665152 0.04515015333890915 0.036421775817871094
v -0.042547389864921556 0.04368758201599121 0.03523213043808937
v -0.04306586831808089 0.04405501112341881 0.03552654758095741
v -0.042547389864921556 0.04368758201599121 0.03523213043808937
v -0.04356231540441512 0.043428659439086914 0.03502070531249046
v -0.042547389864921556 0.04368758201599121 0.03523213043808937
v -0.042754549533128725 0.04342731460928917 0.03502190113067627
v -0.04356231540441512 0.043428659439086914 0.03502070531249046
v -0.04356231540441512 0.043428659439086914 0.03502070531249046
v -0.042754549533128725 0.04342731460928917 0.03502190113067627
v -0.04550358653068541 0.039973482489585876 0.032232120633125305
v -0.04356231540441512 0.043428659439086914 0.03502070531249046
v -0.04550358653068541 0.039973482489585876 0.032232120633125305
v -0.046299990266561494 0.03997459635138512 0.03223121166229248
v -0.046299990266561494 0.03997459635138512 0.03223121166229248
v -0.04550358653068541 0.039973482489585876 0.032232120633125305
v -0.04817371442914008 0.03761056065559387 0.030322017148137093
v -0.04817371442914008 0.03761056065559387 0.030322017148137093
v -0.04550358653068541 0.039973482489585876 0.032232120633125305
v -0.0474836155772209 0.037485819309949875 0.030222749337553978
v -0.04817371442914008 0.03761056065559387 0.030322017148137093
v -0.0474836155772209 0.037485819309949875 0.030222749337553978
v -0.0489324741065502 0.03639226779341698 0.029344895854592323
v -0.0474836155772209 0.037485819309949875 0.030222749337553978
v -0.04893309250473975 0.03517771139740944 0.028371291235089302
v -0.0489324741065502 0.03639226779341698 0.029344895854592323
v -0.0489324741065502 0.03639226779341698 0.029344895854592323
v -0.04893309250473975 0.03517771139740944 0.028371291235089302
v -0.05026685819029807 0.033053863793611526 0.0266676377505064
v -0.0489324741065502 0.03639226779341698 0.029344895854592323
v -0.05026685819029807 0.033053863793611526 0.0266676377505064
v -0.05101143568754195 0.03305421024560928 0.02666763961315155
v -0.05699401721358297 0.019168712198734283 0.015595821663737297
v -0.057100236415863016 0.019170604646205902 0.015593479387462139
v -0.05525858700275419 0.02354753203690052 0.01907460018992424
v -0.05101143568754195 0.03305421024560928 0.02666763961315155
v -0.05026685819029807 0.033053863793611526 0.0266676377505064
v -0.05214583873748777 0.031232768669724464 0.02520676888525486
v -0.05214583873748777 0.031232768669724464 0.02520676888525486
v -0.05026685819029807 0.033053863793611526 0.0266676377505064
v -0.051532544195651994 0.031038420274853706 0.025050941854715347
v -0.05214583873748777 0.031232768669724464 0.02520676888525486
v -0.051532544195651994 0.031038420274853706 0.025050941854715347
v -0.054678067564964274 0.02611655369400978 0.02112559974193573
v -0.054678067564964274 0.02611655369400978 0.02112559974193573
v -0.051532544195651994 0.031038420274853706 0.025050941854715347
v -0.053980495780706385 0.026117021217942238 0.021124577149748802
v -0.054678067564964274 0.02611655369400978 0.02112559974193573
v -0.053980495780706385 0.026117021217942238 0.021124577149748802
v -0.05595322698354719 0.023540174588561058 0.01907043717801571
v -0.05595322698354719 0.023540174588561058 0.01907043717801571
v -0.053980495780706385 0.026117021217942238 0.021124577149748802
v -0.05525858700275419 0.02354753203690052 0.01907460018992424
v -0.05595322698354719 0.023540174588561058 0.01907043717801571
v -0.05525858700275419 0.02354753203690052 0.01907460018992424
v -0.05709950253367422 0.020638123154640198 0.016764938831329346
v -0.05709950253367422 0.020638123154640198 0.016764938831329346
v -0.05525858700275419 0.02354753203690052 0.01907460018992424
v -0.057100236415863016 0.019170604646205902 0.015593479387462139
v -0.05709950253367422 0.020638123154640198 0.016764938831329346
v -0.057100236415863016 0.019170604646205902 0.015593479387462139
v -0.05768016353249548 0.019168054684996605 0.015597060322761536
v -0.05768016353249548 0.019168054684996605 0.015597060322761536
v -0.057100236415863016 0.019170604646205902 0.015593479387462139
v -0.05710037052631376 0.01890036277472973 0.015382630750536919
v -0.05768016353249548 0.019168054684996605 0.015597060322761536
v -0.05710037052631376 0.01890036277472973 0.015382630750536919
v -0.06025369465351103 0.012652585282921791 0.010420924983918667
v -0.06025369465351103 0.012652585282921791 0.010420924983918667
v -0.05710037052631376 0.01890036277472973 0.015382630750536919
v -0.05962311848998068 0.012534981593489647 0.010325617156922817
v -0.06025369465351103 0.012652585282921791 0.010420924983918667
v -0.05962311848998068 0.012534981593489647 0.010325617156922817
v -0.06038780137896536 0.012214843183755875 0.010074472986161709
v -0.06038780137896536 0.012214843183755875 0.010074472986161709
v -0.05962311848998068 0.012534981593489647 0.010325617156922817
v -0.05972076952457426 0.012215713039040565 0.010072932578623295
v -0.06038780137896536 0.012214843183755875 0.010074472986161709
v -0.05972076952457426 0.012215713039040565 0.010072932578623295
v -0.06118459999561308 0.009613977745175362 0.0080160116776824
v -0.06118459999561308 0.009613977745175362 0.0080160116776824
v -0.05972076952457426 0.012215713039040565 0.010072932578623295
v -0.06118570268154142 0.007426061667501926 0.006282166577875614
v -0.06118459999561308 0.009613977745175362 0.0080160116776824
v -0.06118570268154142 0.007426061667501926 0.006282166577875614
v -0.06292940676212308 0.003918678965419531 0.003508453257381916
v -0.06292940676212308 0.003918678965419531 0.003508453257381916
v -0.06118570268154142 0.007426061667501926 0.006282166577875614
v -0.0622863210737705 0.0038275476545095444 0.0034341253340244293
v -0.06292940676212308 0.003918678965419531 0.003508453257381916
v -0.0622863210737705 0.0038275476545095444 0.0034341253340244293
v -0.06402700394392011 -0.001720925560221076 -0.0009342324337922037
v -0.06402700394392011 -0.001720925560221076 -0.0009342324337922037
v -0.0622863210737705 0.0038275476545095444 0.0034341253340244293
v -0.0633629113435745 -0.0017199886497110128 -0.0009358605602756143
v -0.06402700394392011 -0.001720925560221076 -0.0009342324337922037
v -0.0633629113435745 -0.0017199886497110128 -0.0009358605602756143
v -0.06412828713655469 -0.0022413560654968023 -0.001344209653325379
v -0.06412828713655469 -0.0022413560654968023 -0.001344209653325379
v -0.0633629113435745 -0.0017199886497110128 -0.0009358605602756143
v -0.0634832605719566 -0.0023401668295264244 -0.001424396294169128
v -0.06412828713655469 -0.0022413560654968023 -0.001344209653325379
v -0.0634832605719566 -0.0023401668295264244 -0.001424396294169128
v -0.0644978806376457 -0.007960326038300991 -0.005824725609272718
v -0.0644978806376457 -0.007960326038300991 -0.005824725609272718
v -0.0634832605719566 -0.0023401668295264244 -0.001424396294169128
v -0.06384821236133573 -0.008094029501080513 -0.005931933876127005
v -0.0644978806376457 -0.007960326038300991 -0.005824725609272718
v -0.06384821236133573 -0.008094029501080513 -0.005931933876127005
v -0.06401710957288739 -0.013659466989338398 -0.010261083021759987
v -0.06401710957288739 -0.013659466989338398 -0.010261083021759987
v -0.06384821236133573 -0.008094029501080513 -0.005931933876127005
v -0.06335165351629254 -0.013712585903704166 -0.010305130854249
v -0.06401710957288739 -0.013659466989338398 -0.010261083021759987
v -0.06335165351629254 -0.013712585903704166 -0.010305130854249
v -0.06350138038396833 -0.015724996104836464 -0.011857741512358189
v -0.06350138038396833 -0.015724996104836464 -0.011857741512358189
v -0.06335165351629254 -0.013712585903704166 -0.010305130854249
v -0.06283726543188092 -0.01572396606206894 -0.011859498918056488
v -0.06350138038396833 -0.015724996104836464 -0.011857741512358189
v -0.06283726543188092 -0.01572396606206894 -0.011859498918056488
v -0.0626924932003021 -0.01896466501057148 -0.014362012967467308
v -0.0626924932003021 -0.01896466501057148 -0.014362012967467308
v -0.06283726543188092 -0.01572396606206894 -0.011859498918056488
v -0.06198657304048536 -0.019050398841500282 -0.014430124312639236
v -0.0626924932003021 -0.01896466501057148 -0.014362012967467308
v -0.06198657304048536 -0.019050398841500282 -0.014430124312639236
v -0.061154693365097025 -0.022761106491088867 -0.017277011647820473
v -0.061154693365097025 -0.022761106491088867 -0.017277011647820473
v -0.06198657304048536 -0.019050398841500282 -0.014430124312639236
v -0.0604637563228607 -0.022760536521673203 -0.017278198152780533
v -0.061154693365097025 -0.022761106491088867 -0.017277011647820473
v -0.0604637563228607 -0.022760536521673203 -0.017278198152780533
v -0.06037512794136999 -0.024685652926564217 -0.01875472441315651
v -0.06037512794136999 -0.024685652926564217 -0.01875472441315651
v -0.0604637563228607 -0.022760536521673203 -0.017278198152780533
v -0.059638358652591685 -0.024771500378847122 -0.01882190816104412
v -0.06037512794136999 -0.024685652926564217 -0.01875472441315651
v -0.059638358652591685 -0.024771500378847122 -0.01882190816104412
v -0.05754436179995535 -0.029817920178174973 -0.022670477628707886
v -0.05754436179995535 -0.029817920178174973 -0.022670477628707886
v -0.059638358652591685 -0.024771500378847122 -0.01882190816104412
v -0.05712464824318884 -0.02925730124115944 -0.022243065759539604
v -0.05754436179995535 -0.029817920178174973 -0.022670477628707886
v -0.05712464824318884 -0.02925730124115944 -0.022243065759539604
v -0.057124920189380625 -0.029816072434186935 -0.02267315424978733
v -0.057124920189380625 -0.029816072434186935 -0.02267315424978733
v -0.05712464824318884 -0.02925730124115944 -0.022243065759539604
v -0.05681040138006208 -0.029818082228302956 -0.02267075516283512
v -0.057124920189380625 -0.029816072434186935 -0.02267315424978733
v -0.05681040138006208 -0.029818082228302956 -0.02267075516283512
v -0.05712530016899107 -0.030577687546610832 -0.02325015515089035
v -0.05712530016899107 -0.030577687546610832 -0.02325015515089035
v -0.05681040138006208 -0.029818082228302956 -0.02267075516283512
v -0.05604751780629156 -0.031179476529359818 -0.023709041997790337
v -0.05712530016899107 -0.030577687546610832 -0.02325015515089035
v -0.05604751780629156 -0.031179476529359818 -0.023709041997790337
v -0.05692971497774122 -0.030932290479540825 -0.023520706221461296
v -0.05692971497774122 -0.030932290479540825 -0.023520706221461296
v -0.05604751780629156 -0.031179476529359818 -0.023709041997790337
v -0.053155988454818705 -0.03630472719669342 -0.027592655271291733
v -0.053155988454818705 -0.03630472719669342 -0.027592655271291733
v -0.05604751780629156 -0.031179476529359818 -0.023709041997790337
v -0.05210805684328077 -0.036648690700531006 -0.027851149439811707
v -0.053155988454818705 -0.03630472719669342 -0.027592655271291733
v -0.05210805684328077 -0.036648690700531006 -0.027851149439811707
v -0.05262861028313635 -0.036896154284477234 -0.02803722955286503
v -0.05262861028313635 -0.036896154284477234 -0.02803722955286503
v -0.05210805684328077 -0.036648690700531006 -0.027851149439811707
v -0.05188089236617087 -0.036896537989377975 -0.028037242591381073
v -0.05262861028313635 -0.036896154284477234 -0.02803722955286503
v -0.05188089236617087 -0.036896537989377975 -0.028037242591381073
v -0.04897101223468779 -0.04007137939333916 -0.030421001836657524
v -0.03593094646930693 -0.05078632012009621 -0.03833433613181114
v -0.03680394589900969 -0.050413332879543304 -0.03807227313518524
v -0.036872912198305116 -0.049790143966674805 -0.037612009793519974
v -0.036872912198305116 -0.049790143966674805 -0.037612009793519974
v -0.03680394589900969 -0.050413332879543304 -0.03807227313518524
v -0.037601437419652925 -0.04998548701405525 -0.03776438906788826
v -0.036872912198305116 -0.049790143966674805 -0.037612009793519974
v -0.037601437419652925 -0.04998548701405525 -0.03776438906788826
v -0.04081544280052184 -0.04704224318265915 -0.03559619188308716
v -0.04081544280052184 -0.04704224318265915 -0.03559619188308716
v -0.037601437419652925 -0.04998548701405525 -0.03776438906788826
v -0.04081580415368079 -0.04771319404244423 -0.03609597310423851
v -0.04081544280052184 -0.04704224318265915 -0.03559619188308716
v -0.04081580415368079 -0.04771319404244423 -0.03609597310423851
v -0.04284873604774474 -0.04562505707144737 -0.034556563943624496
v -0.04284873604774474 -0.04562505707144737 -0.034556563943624496
v -0.04081580415368079 -0.04771319404244423 -0.03609597310423851
v -0.043894454836845384 -0.045536842197179794 -0.03449799865484238
v -0.04284873604774474 -0.04562505707144737 -0.034556563943624496
v -0.043894454836845384 -0.045536842197179794 -0.03449799865484238
v -0.04472450166940688 -0.04401146620512009 -0.033358220010995865
v -0.04472450166940688 -0.04401146620512009 -0.033358220010995865
v -0.043894454836845384 -0.045536842197179794 -0.03449799865484238
v -0.04562606662511824 -0.04400847107172012 -0.03336145728826523
v -0.04472450166940688 -0.04401146620512009 -0.033358220010995865
v -0.04562606662511824 -0.04400847107172012 -0.03336145728826523
v -0.047727171331644044 -0.04142848029732704 -0.03143995255231857
v -0.047727171331644044 -0.04142848029732704 -0.03143995255231857
v -0.04562606662511824 -0.04400847107172012 -0.03336145728826523
v -0.04872745648026465 -0.041271090507507324 -0.031325869262218475
v -0.047727171331644044 -0.04142848029732704 -0.03143995255231857
v -0.04872745648026465 -0.041271090507507324 -0.031325869262218475
v -0.04897101223468779 -0.04007137939333916 -0.030421001836657524
v -0.04897101223468779 -0.04007137939333916 -0.030421001836657524
v -0.04872745648026465 -0.041271090507507324 -0.031325869262218475
v -0.048971466720104204 -0.040997445583343506 -0.031120168045163155
v -0.04897101223468779 -0.04007137939333916 -0.030421001836657524
v -0.048971466720104204 -0.040997445583343506 -0.031120168045163155
v -0.05262861028313635 -0.036896154284477234 -0.02803722955286503
v -0.03593094646930693 -0.05078632012009621 -0.03833433613181114
v -0.036872912198305116 -0.049790143966674805 -0.037612009793519974
v -0.03485292196273802 -0.05118284747004509 -0.0386083610355854
v -0.03485292196273802 -0.05118284747004509 -0.0386083610355854
v -0.036872912198305116 -0.049790143966674805 -0.037612009793519974
v -0.0334668457508087 -0.05119362100958824 -0.03859543800354004
v -0.03485292196273802 -0.05118284747004509 -0.0386083610355854
v -0.0334668457508087 -0.05119362100958824 -0.03859543800354004
v -0.032658897340297685 -0.05198986455798149 -0.03916606307029724
v -2.5265149815822945e-05 -0.05755634233355522 -0.042455848306417465
v -0.004291156772524117 -0.05793286859989166 -0.04286682605743408
v -0.008518483489751812 -0.057073067873716354 -0.04235992208123207
v -0.008518483489751812 -0.057073067873716354 -0.04235992208123207
v -0.004291156772524117 -0.05793286859989166 -0.04286682605743408
v -0.012040295638144013 -0.05718506500124931 -0.04254007712006569
v -0.008518483489751812 -0.057073067873716354 -0.04235992208123207
v -0.012040295638144013 -0.05718506500124931 -0.04254007712006569
v -0.016342649236321442 -0.05594107508659363 -0.041735514998435974
v -0.016342649236321442 -0.05594107508659363 -0.041735514998435974
v -0.012040295638144013 -0.05718506500124931 -0.04254007712006569
v -0.01634296588599681 -0.056411005556583405 -0.04207824170589447
v -0.016342649236321442 -0.05594107508659363 -0.041735514998435974
v -0.01634296588599681 -0.056411005556583405 -0.04207824170589447
v -0.016979953274130814 -0.0558488704264164 -0.041684653609991074
v -0.016979953274130814 -0.0558488704264164 -0.041684653609991074
v -0.01634296588599681 -0.056411005556583405 -0.04207824170589447
v -0.020450089126825326 -0.05567212402820587 -0.041637394577264786
v -0.016979953274130814 -0.0558488704264164 -0.041684653609991074
v -0.020450089126825326 -0.05567212402820587 -0.041637394577264786
v -0.024500807747244828 -0.05409010127186775 -0.04056047275662422
v -0.024500807747244828 -0.05409010127186775 -0.04056047275662422
v -0.020450089126825326 -0.05567212402820587 -0.041637394577264786
v -0.024501129984855645 -0.05457720160484314 -0.04091658443212509
v -0.024500807747244828 -0.05409010127186775 -0.04056047275662422
v -0.024501129984855645 -0.05457720160484314 -0.04091658443212509
v -0.02531716972589492 -0.05389919504523277 -0.0404384471476078
v -0.02531716972589492 -0.05389919504523277 -0.0404384471476078
v -0.024501129984855645 -0.05457720160484314 -0.04091658443212509
v -0.028738198801875104 -0.053432002663612366 -0.04016267508268356
v -0.02531716972589492 -0.05389919504523277 -0.0404384471476078
v -0.028738198801875104 -0.053432002663612366 -0.04016267508268356
v -0.03265857696533202 -0.05146769434213638 -0.03878271207213402
v -0.03265857696533202 -0.05146769434213638 -0.03878271207213402
v -0.028738198801875104 -0.053432002663612366 -0.04016267508268356
v -0.032658897340297685 -0.05198986455798149 -0.03916606307029724
v -0.03265857696533202 -0.05146769434213638 -0.03878271207213402
v -0.032658897340297685 -0.05198986455798149 -0.03916606307029724
v -0.033388022333383546 -0.05122609809041023 -0.03861819580197334
v -0.033388022333383546 -0.05122609809041023 -0.03861819580197334
v -0.032658897340297685 -0.05198986455798149 -0.03916606307029724
v -0.0334668457508087 -0.05119362100958824 -0.03859543800354004
v 0.03261368349194525 -0.05142732709646225 -0.03874962031841278
v 0.032613459974527345 -0.05199916288256645 -0.03917201608419418
v 0.02959248051047324 -0.05258858576416969 -0.039556559175252914
v 0.02959248051047324 -0.05258858576416969 -0.039556559175252914
v 0.032613459974527345 -0.05199916288256645 -0.03917201608419418
v 0.02935126982629298 -0.053233593702316284 -0.040028106421232224
v 0.02959248051047324 -0.05258858576416969 -0.039556559175252914
v 0.02935126982629298 -0.053233593702316284 -0.040028106421232224
v 0.0244534071534872 -0.05405590310692787 -0.040532179176807404
v 0.0244534071534872 -0.05405590310692787 -0.040532179176807404
v 0.02935126982629298 -0.053233593702316284 -0.040028106421232224
v 0.02445318363606929 -0.054602764546871185 -0.04093501344323158
v 0.0244534071534872 -0.05405590310692787 -0.040532179176807404
v 0.02445318363606929 -0.054602764546871185 -0.04093501344323158
v 0.021775787696242326 -0.05482041835784912 -0.04104050621390343
v 0.021775787696242326 -0.05482041835784912 -0.04104050621390343
v 0.02445318363606929 -0.054602764546871185 -0.04093501344323158
v 0.021438257768750184 -0.05544552952051163 -0.041493240743875504
v 0.021775787696242326 -0.05482041835784912 -0.04104050621390343
v 0.021438257768750184 -0.05544552952051163 -0.041493240743875504
v 0.01629353687167167 -0.055892083793878555 -0.04169560596346855
v 0.01629353687167167 -0.055892083793878555 -0.04169560596346855
v 0.021438257768750184 -0.05544552952051163 -0.041493240743875504
v 0.016293322667479508 -0.05642581731081009 -0.04208798706531525
v 0.01629353687167167 -0.055892083793878555 -0.04169560596346855
v 0.016293322667479508 -0.05642581731081009 -0.04208798706531525
v 0.01338969729840755 -0.05645972490310669 -0.04204259812831879
v 0.01338969729840755 -0.05645972490310669 -0.04204259812831879
v 0.016293322667479508 -0.05642581731081009 -0.04208798706531525
v 0.013060738332569594 -0.05704173445701599 -0.04246166720986366
v 0.01338969729840755 -0.05645972490310669 -0.04204259812831879
v 0.013060738332569594 -0.05704173445701599 -0.04246166720986366
v 0.004850679542869328 -0.057372935116291046 -0.042472321540117264
v 0.004850679542869328 -0.057372935116291046 -0.042472321540117264
v 0.013060738332569594 -0.05704173445701599 -0.04246166720986366
v 0.0043763811700046045 -0.0579286590218544 -0.04286596551537514
v 0.004850679542869328 -0.057372935116291046 -0.042472321540117264
v 0.0043763811700046045 -0.0579286590218544 -0.04286596551537514
v -2.630099100748433e-13 -0.05755778029561043 -0.04245613515377045
v -2.630099100748433e-13 -0.05755778029561043 -0.04245613515377045
v 0.0043763811700046045 -0.0579286590218544 -0.04286596551537514
v 6.791399907724036e-12 -0.05808401107788086 -0.042842768132686615
v -2.630099100748433e-13 -0.05755778029561043 -0.04245613515377045
v 6.791399907724036e-12 -0.05808401107788086 -0.042842768132686615
v -2.5265149815822945e-05 -0.05755634233355522 -0.042455848306417465
v -2.5265149815822945e-05 -0.05755634233355522 -0.042455848306417465
v 6.791399907724036e-12 -0.05808401107788086 -0.042842768132686615
v -2.5524697775836093e-05 -0.05808311328291893 -0.04284290969371796
v -2.5265149815822945e-05 -0.05755634233355522 -0.042455848306417465
v -2.5524697775836093e-05 -0.05808311328291893 -0.04284290969371796
v -0.004291156772524117 -0.05793286859989166 -0.04286682605743408
v 0.03687289729714392 -0.049790214747190475 -0.03761201724410057
v 0.03680353611707686 -0.05041361227631569 -0.03807242214679718
v 0.03315436840057372 -0.051219500601291656 -0.038605205714702606
v 0.03315436840057372 -0.051219500601291656 -0.038605205714702606
v 0.03680353611707686 -0.05041361227631569 -0.03807242214679718
v 0.034707374870777116 -0.051206812262535095 -0.03862251341342926
v 0.03315436840057372 -0.051219500601291656 -0.038605205714702606
v 0.034707374870777116 -0.051206812262535095 -0.03862251341342926
v 0.032613459974527345 -0.05199916288256645 -0.03917201608419418
v 0.04556064680218695 -0.04403802007436752 -0.03338243067264557
v 0.04296614602208136 -0.04625268653035164 -0.035026513040065765
v 0.04077481478452681 -0.04707702621817589 -0.03562205284833908
v 0.04077481478452681 -0.04707702621817589 -0.03562205284833908
v 0.04296614602208136 -0.04625268653035164 -0.035026513040065765
v 0.040774535387754426 -0.047607533633708954 -0.03602210059762001
v 0.04077481478452681 -0.04707702621817589 -0.03562205284833908
v 0.040774535387754426 -0.047607533633708954 -0.03602210059762001
v 0.03939214721322058 -0.04811395704746246 -0.036386243999004364
v 0.03939214721322058 -0.04811395704746246 -0.036386243999004364
v 0.040774535387754426 -0.047607533633708954 -0.03602210059762001
v 0.040774486958980546 -0.04777764528989792 -0.03614502772688866
v 0.03939214721322058 -0.04811395704746246 -0.036386243999004364
v 0.040774486958980546 -0.04777764528989792 -0.03614502772688866
v 0.03687289729714392 -0.049790214747190475 -0.03761201724410057
v 0.03687289729714392 -0.049790214747190475 -0.03761201724410057
v 0.040774486958980546 -0.04777764528989792 -0.03614502772688866
v 0.03760106861591338 -0.04998571425676346 -0.03776457905769348
v 0.03687289729714392 -0.049790214747190475 -0.03761201724410057
v 0.03760106861591338 -0.04998571425676346 -0.03776457905769348
v 0.03680353611707686 -0.05041361227631569 -0.03807242214679718
v 0.04077481478452681 -0.04707702621817589 -0.03562205284833908
v 0.044827323406934724 -0.044037844985723495 -0.033382248133420944
v 0.04556064680218695 -0.04403802007436752 -0.03338243067264557
v 0.04556064680218695 -0.04403802007436752 -0.03338243067264557
v 0.044827323406934724 -0.044037844985723495 -0.033382248133420944
v 0.044833932071924196 -0.04403288662433624 -0.03337859362363815
v 0.04556064680218695 -0.04403802007436752 -0.03338243067264557
v 0.044833932071924196 -0.04403288662433624 -0.03337859362363815
v 0.048217196017503725 -0.04177039489150047 -0.031699031591415405
v 0.048217196017503725 -0.04177039489150047 -0.031699031591415405
v 0.044833932071924196 -0.04403288662433624 -0.03337859362363815
v 0.04893722757697104 -0.04016515240073204 -0.03049314394593239
v 0.048217196017503725 -0.04177039489150047 -0.031699031591415405
v 0.04893722757697104 -0.04016515240073204 -0.03049314394593239
v 0.0489368475973606 -0.04098762199282646 -0.031111370772123337
v 0.0489368475973606 -0.04098762199282646 -0.031111370772123337
v 0.04893722757697104 -0.04016515240073204 -0.03049314394593239
v 0.049479097127914415 -0.03965439274907112 -0.030112100765109062
v 0.0489368475973606 -0.04098762199282646 -0.031111370772123337
v 0.049479097127914415 -0.03965439274907112 -0.030112100765109062
v 0.05255664139986036 -0.03705032914876938 -0.02815547026693821
v 0.05255664139986036 -0.03705032914876938 -0.02815547026693821
v 0.049479097127914415 -0.03965439274907112 -0.030112100765109062
v 0.05175804719328879 -0.03693092241883278 -0.028060022741556168
v 0.05255664139986036 -0.03705032914876938 -0.02815547026693821
v 0.05175804719328879 -0.03693092241883278 -0.028060022741556168
v 0.05264472588896749 -0.03692876547574997 -0.028063416481018066
v 0.05264472588896749 -0.03692876547574997 -0.028063416481018066
v 0.05175804719328879 -0.03693092241883278 -0.028060022741556168
v 0.053640563040971735 -0.03468121588230133 -0.026364915072917938
v 0.05264472588896749 -0.03692876547574997 -0.028063416481018066
v 0.053640563040971735 -0.03468121588230133 -0.026364915072917938
v 0.05650866404175756 -0.03159617260098457 -0.024025265127420425
v 0.05650866404175756 -0.03159617260098457 -0.024025265127420425
v 0.053640563040971735 -0.03468121588230133 -0.026364915072917938
v 0.05680424720048902 -0.029853731393814087 -0.022698402404785156
v 0.05650866404175756 -0.03159617260098457 -0.024025265127420425
v 0.05680424720048902 -0.029853731393814087 -0.022698402404785156
v 0.05710105225443838 -0.030557187274098396 -0.023233233019709587
v 0.05710105225443838 -0.030557187274098396 -0.023233233019709587
v 0.05680424720048902 -0.029853731393814087 -0.022698402404785156
v 0.057101398706436136 -0.02985225059092045 -0.022700518369674683
v 0.057101398706436136 -0.02985225059092045 -0.022700518369674683
v 0.05680424720048902 -0.029853731393814087 -0.022698402404785156
v 0.05710162594914434 -0.029399961233139038 -0.02235376089811325
v 0.057101398706436136 -0.02985225059092045 -0.022700518369674683
v 0.05710162594914434 -0.029399961233139038 -0.02235376089811325
v 0.057501621544361094 -0.029854638502001762 -0.02269766852259636
v 0.057501621544361094 -0.029854638502001762 -0.02269766852259636
v 0.05710162594914434 -0.029399961233139038 -0.02235376089811325
v 0.057497043162584284 -0.028796592727303505 -0.021895498037338257
v 0.057501621544361094 -0.029854638502001762 -0.02269766852259636
v 0.057497043162584284 -0.028796592727303505 -0.021895498037338257
v 0.059928011149167994 -0.025599006563425064 -0.019453546032309532
v 0.059928011149167994 -0.025599006563425064 -0.019453546032309532
v 0.057497043162584284 -0.028796592727303505 -0.021895498037338257
v 0.06054711341857908 -0.022796010598540306 -0.017308684065937996
v 0.059928011149167994 -0.025599006563425064 -0.019453546032309532
v 0.06054711341857908 -0.022796010598540306 -0.017308684065937996
v 0.06231068447232244 -0.020076073706150055 -0.015217623673379421
v 0.06231068447232244 -0.020076073706150055 -0.015217623673379421
v 0.06054711341857908 -0.022796010598540306 -0.017308684065937996
v 0.06259282678365705 -0.01706818863749504 -0.01290159858763218
v 0.06231068447232244 -0.020076073706150055 -0.015217623673379421
v 0.06259282678365705 -0.01706818863749504 -0.01290159858763218
v 0.0635128319263458 -0.015764564275741577 -0.0118890181183815
v 0.0635128319263458 -0.015764564275741577 -0.0118890181183815
v 0.06259282678365705 -0.01706818863749504 -0.01290159858763218
v 0.06284389644861219 -0.015763189643621445 -0.01189036387950182
v 0.0635128319263458 -0.015764564275741577 -0.0118890181183815
v 0.06284389644861219 -0.015763189643621445 -0.01189036387950182
v 0.0638637840747833 -0.014505875296890736 -0.01091727428138256
v 0.0638637840747833 -0.014505875296890736 -0.01091727428138256
v 0.06284389644861219 -0.015763189643621445 -0.01189036387950182
v 0.06365194916725156 -0.011562997475266457 -0.008635667152702808
v 0.0638637840747833 -0.014505875296890736 -0.01091727428138256
v 0.06365194916725156 -0.011562997475266457 -0.008635667152702808
v 0.06447057425975797 -0.009161497466266155 -0.006762249395251274
v 0.06447057425975797 -0.009161497466266155 -0.006762249395251274
v 0.06365194916725156 -0.011562997475266457 -0.008635667152702808
v 0.06380677968263623 -0.006018649321049452 -0.004309092648327351
v 0.06447057425975797 -0.009161497466266155 -0.006762249395251274
v 0.06380677968263623 -0.006018649321049452 -0.004309092648327351
v 0.06426315009593961 -0.003373491344973445 -0.00223312946036458
v 0.06426315009593961 -0.003373491344973445 -0.00223312946036458
v 0.06380677968263623 -0.006018649321049452 -0.004309092648327351
v 0.06331937015056607 -0.0017603326123207808 -0.0009659339557401836
v 0.06426315009593961 -0.003373491344973445 -0.00223312946036458
v 0.06331937015056607 -0.0017603326123207808 -0.0009659339557401836
v 0.06398276984691617 -0.0017617406556382775 -0.0009645652608014643
v 0.06398276984691617 -0.0017617406556382775 -0.0009645652608014643
v 0.06331937015056607 -0.0017603326123207808 -0.0009659339557401836
v 0.06312078982591626 -2.537589898565784e-05 0.000396161776734516
v 0.06398276984691617 -0.0017617406556382775 -0.0009645652608014643
v 0.06312078982591626 -2.537589898565784e-05 0.000396161776734516
v 0.06316399574279782 0.002944991225376725 0.002739972434937954
v 0.06316399574279782 0.002944991225376725 0.002739972434937954
v 0.06312078982591626 -2.537589898565784e-05 0.000396161776734516
v 0.06147802621126173 0.006816019769757986 0.005795835517346859
v 0.06316399574279782 0.002944991225376725 0.002739972434937954
v 0.06147802621126173 0.006816019769757986 0.005795835517346859
v 0.06095645949244497 0.01060398854315281 0.008797100745141506
v 0.06095645949244497 0.01060398854315281 0.008797100745141506
v 0.06147802621126173 0.006816019769757986 0.005795835517346859
v 0.0596322640776634 0.012176929041743279 0.010045572184026241
v 0.06095645949244497 0.01060398854315281 0.008797100745141506
v 0.0596322640776634 0.012176929041743279 0.010045572184026241
v 0.06036147475242613 0.0121765760704875 0.010045552626252174
v 0.06036147475242613 0.0121765760704875 0.010045552626252174
v 0.0596322640776634 0.012176929041743279 0.010045572184026241
v 0.0579797104001045 0.01697666570544243 0.01385045237839222
v 0.06036147475242613 0.0121765760704875 0.010045552626252174
v 0.0579797104001045 0.01697666570544243 0.01385045237839222
v 0.05712689086794851 0.02072582021355629 0.016832655295729637
v 0.046335425227880464 0.03994613140821457 0.0322079136967659
v 0.04868574813008307 0.03686798736453056 0.029724890366196632
v 0.04897519946098326 0.03512321412563324 0.02832731232047081
v 0.04897519946098326 0.03512321412563324 0.02832731232047081
v 0.04868574813008307 0.03686798736453056 0.029724890366196632
v 0.048975825309753404 0.036388151347637177 0.029340336099267006
v 0.04897519946098326 0.03512321412563324 0.02832731232047081
v 0.048975825309753404 0.036388151347637177 0.029340336099267006
v 0.05007308349013327 0.03353934362530708 0.02705337479710579
v 0.05007308349013327 0.03353934362530708 0.02705337479710579
v 0.048975825309753404 0.036388151347637177 0.029340336099267006
v 0.05101065710186957 0.033022232353687286 0.026642773300409317
v 0.05007308349013327 0.03353934362530708 0.02705337479710579
v 0.05101065710186957 0.033022232353687286 0.026642773300409317
v 0.05035282671451567 0.03302376717329025 0.02664126642048359
v 0.05035282671451567 0.03302376717329025 0.02664126642048359
v 0.05101065710186957 0.033022232353687286 0.026642773300409317
v 0.05265314504504202 0.030305305495858192 0.02446533367037773
v 0.05035282671451567 0.03302376717329025 0.02664126642048359
v 0.05265314504504202 0.030305305495858192 0.02446533367037773
v 0.053823594003915766 0.026627004146575928 0.021528232842683792
v 0.053823594003915766 0.026627004146575928 0.021528232842683792
v 0.05265314504504202 0.030305305495858192 0.02446533367037773
v 0.05466464161872862 0.026082128286361694 0.021099140867590904
v 0.053823594003915766 0.026627004146575928 0.021528232842683792
v 0.05466464161872862 0.026082128286361694 0.021099140867590904
v 0.054057251662015894 0.026084458455443382 0.02109658531844616
v 0.054057251662015894 0.026084458455443382 0.02109658531844616
v 0.05466464161872862 0.026082128286361694 0.021099140867590904
v 0.05678328499197958 0.021633997559547424 0.01755364239215851
v 0.054057251662015894 0.026084458455443382 0.02109658531844616
v 0.05678328499197958 0.021633997559547424 0.01755364239215851
v 0.057050637900829294 0.019133934751152992 0.015566769056022167
v 0.057050637900829294 0.019133934751152992 0.015566769056022167
v 0.05678328499197958 0.021633997559547424 0.01755364239215851
v 0.05712689086794851 0.02072582021355629 0.016832655295729637
v 0.057050637900829294 0.019133934751152992 0.015566769056022167
v 0.05712689086794851 0.02072582021355629 0.016832655295729637
v 0.057126082479953745 0.019135257229208946 0.015565047040581703
v 0.057126082479953745 0.019135257229208946 0.015565047040581703
v 0.05712689086794851 0.02072582021355629 0.016832655295729637
v 0.0579797104001045 0.01697666570544243 0.01385045237839222
v 0.057126082479953745 0.019135257229208946 0.015565047040581703
v 0.0579797104001045 0.01697666570544243 0.01385045237839222
v 0.05712599679827688 0.01895895227789879 0.015427553094923496
v 0.04897519946098326 0.03512321412563324 0.02832731232047081
v 0.045631483197212205 0.03994704782962799 0.032207220792770386
v 0.046335425227880464 0.03994613140821457 0.0322079136967659
v 0.046335425227880464 0.03994613140821457 0.0322079136967659
v 0.045631483197212205 0.03994704782962799 0.032207220792770386
v 0.045367527753114686 0.04032784700393677 0.03251350298523903
v 0.046335425227880464 0.03994613140821457 0.0322079136967659
v 0.045367527753114686 0.04032784700393677 0.03251350298523903
v 0.04489909112453459 0.0418272502720356 0.03372534364461899
v 0.04489909112453459 0.0418272502720356 0.03372534364461899
v 0.045367527753114686 0.04032784700393677 0.03251350298523903
v 0.04489860683679579 0.04086310416460037 0.032947275787591934
v 0.04489909112453459 0.0418272502720356 0.03372534364461899
v 0.04489860683679579 0.04086310416460037 0.032947275787591934
v 0.044155742973089204 0.042800795286893845 0.03451066091656685
v 0.044155742973089204 0.042800795286893845 0.03451066091656685
v 0.04489860683679579 0.04086310416460037 0.032947275787591934
v 0.042676754295825944 0.04339928179979324 0.035002585500478745
v 0.044155742973089204 0.042800795286893845 0.03451066091656685
v 0.042676754295825944 0.04339928179979324 0.035002585500478745
v 0.04359062388539313 0.04340175911784172 0.034998923540115356
v 0.04359062388539313 0.04340175911784172 0.034998923540115356
v 0.042676754295825944 0.04339928179979324 0.035002585500478745
v 0.040821481496095643 0.04551701620221138 0.03671879321336746
v 0.04359062388539313 0.04340175911784172 0.034998923540115356
v 0.040821481496095643 0.04551701620221138 0.03671879321336746
v 0.04082188010215758 0.046346113085746765 0.03739110752940178
v 0.04082188010215758 0.046346113085746765 0.03739110752940178
v 0.040821481496095643 0.04551701620221138 0.03671879321336746
v 0.040223624557256685 0.04619945213198662 0.03727183863520622
v 0.04082188010215758 0.046346113085746765 0.03739110752940178
v 0.040223624557256685 0.04619945213198662 0.03727183863520622
v 0.040348384529352174 0.04684964194893837 0.03780020773410797
v 0.040223624557256685 0.04619945213198662 0.03727183863520622
v 0.03958422690629958 0.04684867337346077 0.03780139610171318
v 0.040348384529352174 0.04684964194893837 0.03780020773410797
v 0.040348384529352174 0.04684964194893837 0.03780020773410797
v 0.03958422690629958 0.04684867337346077 0.03780139610171318
v 0.03878197073936461 0.047663260251283646 0.038465842604637146
v 0.040348384529352174 0.04684964194893837 0.03780020773410797
v 0.03878197073936461 0.047663260251283646 0.038465842604637146
v 0.03878322988748549 0.048514071851968765 0.03915249928832054
v 0.03878322988748549 0.048514071851968765 0.03915249928832054
v 0.03878197073936461 0.047663260251283646 0.038465842604637146
v 0.03788958117365836 0.04856936261057854 0.03920493647456169
v 0.03878322988748549 0.048514071851968765 0.03915249928832054
v 0.03788958117365836 0.04856936261057854 0.03920493647456169
v 0.038727268576621995 0.048573579639196396 0.03920084610581398
v 0.038727268576621995 0.048573579639196396 0.03920084610581398
v 0.03788958117365836 0.04856936261057854 0.03920493647456169
v 0.03776202350854872 0.04869888350367546 0.03931058198213577
v 0.038727268576621995 0.048573579639196396 0.03920084610581398
v 0.03776202350854872 0.04869888350367546 0.03931058198213577
v 0.03776391595602034 0.04959803447127342 0.04003318026661873
v 0.03776391595602034 0.04959803447127342 0.04003318026661873
v 0.03776202350854872 0.04869888350367546 0.03931058198213577
v 0.03762067481875418 0.04975036159157753 0.04015694186091423
v 0.03762067481875418 0.04975036159157753 0.04015694186091423
v 0.03776202350854872 0.04869888350367546 0.03931058198213577
v 0.03674208372831343 0.04973449930548668 0.0401553176343441
v 0.03762067481875418 0.04975036159157753 0.04015694186091423
v 0.03674208372831343 0.04973449930548668 0.0401553176343441
v 0.03727914392948149 0.05006524175405502 0.040414389222860336
v 0.03727914392948149 0.05006524175405502 0.040414389222860336
v 0.03674208372831343 0.04973449930548668 0.0401553176343441
v 0.03699509054422377 0.05029569938778877 0.0406038723886013
v 0.03699509054422377 0.05029569938778877 0.0406038723886013
v 0.03674208372831343 0.04973449930548668 0.0401553176343441
v 0.03674439340829848 0.050288744270801544 0.04061295837163925
v 0.03699509054422377 0.05029569938778877 0.0406038723886013
v 0.03674439340829848 0.050288744270801544 0.04061295837163925
v 0.03674448654055594 0.05049901455640793 0.040771037340164185
v 0.03674448654055594 0.05049901455640793 0.040771037340164185
v 0.03674439340829848 0.050288744270801544 0.04061295837163925
v 0.036194939166307435 0.050290051847696304 0.040608473122119904
v 0.03674448654055594 0.05049901455640793 0.040771037340164185
v 0.036194939166307435 0.050290051847696304 0.040608473122119904
v 0.035722132772207246 0.050770122557878494 0.041000060737133026
v 0.03470218554139136 0.05180574581027031 0.04184480011463165
v 0.035358421504497514 0.05162355303764343 0.04169562831521034
v 0.03534761071205138 0.051150400191545486 0.04131024703383446
v 0.03534761071205138 0.051150400191545486 0.04131024703383446
v 0.035358421504497514 0.05162355303764343 0.04169562831521034
v 0.03572495654225348 0.05114978179335594 0.04131460562348366
v 0.03534761071205138 0.051150400191545486 0.04131024703383446
v 0.03572495654225348 0.05114978179335594 0.04131460562348366
v 0.035722132772207246 0.050770122557878494 0.041000060737133026
v 0.035722132772207246 0.050770122557878494 0.041000060737133026
v 0.03572495654225348 0.05114978179335594 0.04131460562348366
v 0.035937476903200136 0.0511537566781044 0.04130936414003372
v 0.035722132772207246 0.050770122557878494 0.041000060737133026
v 0.035937476903200136 0.0511537566781044 0.04130936414003372
v 0.03674448654055594 0.05049901455640793 0.040771037340164185
v 0.03368223831057547 0.052841365337371826 0.04268953949213028
v 0.034193590283393846 0.052511170506477356 0.04241998493671417
v 0.03407662361860274 0.05244092270731926 0.04236290231347084
v 0.03407662361860274 0.05244092270731926 0.04236290231347084
v 0.034193590283393846 0.052511170506477356 0.04241998493671417
v 0.034195799380540834 0.05244229733943939 0.042365845292806625
v 0.03407662361860274 0.05244092270731926 0.04236290231347084
v 0.034195799380540834 0.05244229733943939 0.042365845292806625
v 0.034192211925983415 0.05232355743646622 0.042267169803380966
v 0.034192211925983415 0.05232355743646622 0.042267169803380966
v 0.034195799380540834 0.05244229733943939 0.042365845292806625
v 0.03470431268215178 0.05212199315428734 0.0421023890376091
v 0.034192211925983415 0.05232355743646622 0.042267169803380966
v 0.03470431268215178 0.05212199315428734 0.0421023890376091
v 0.03450028598308562 0.05201074853539467 0.04201201722025871
v 0.03450028598308562 0.05201074853539467 0.04201201722025871
v 0.03470431268215178 0.05212199315428734 0.0421023890376091
v 0.03470551967620848 0.05201136693358421 0.042015548795461655
v 0.03450028598308562 0.05201074853539467 0.04201201722025871
v 0.03470551967620848 0.05201136693358421 0.042015548795461655
v 0.03470218554139136 0.05180574581027031 0.04184480011463165
v 0.03470218554139136 0.05180574581027031 0.04184480011463165
v 0.03470551967620848 0.05201136693358421 0.042015548795461655
v 0.03484835475683211 0.052012231200933456 0.042012814432382584
v 0.03470218554139136 0.05180574581027031 0.04184480011463165
v 0.03484835475683211 0.052012231200933456 0.042012814432382584
v 0.035358421504497514 0.05162355303764343 0.04169562831521034
v 0.03344756364822386 0.053079649806022644 0.04288390278816223
v 0.03355515375733374 0.052997663617134094 0.042816996574401855
v 0.033558651804924 0.05298236012458801 0.04280191287398338
v 0.033558651804924 0.05298236012458801 0.04280191287398338
v 0.03355515375733374 0.052997663617134094 0.042816996574401855
v 0.033580165356397615 0.05297860503196716 0.04280144348740578
v 0.033558651804924 0.05298236012458801 0.04280191287398338
v 0.033580165356397615 0.05297860503196716 0.04280144348740578
v 0.03355472534894942 0.05297084152698517 0.042795151472091675
v 0.03355472534894942 0.05297084152698517 0.042795151472091675
v 0.033580165356397615 0.05297860503196716 0.04280144348740578
v 0.03368285298347472 0.05290035530924797 0.04273758456110954
v 0.03355472534894942 0.05297084152698517 0.042795151472091675
v 0.03368285298347472 0.05290035530924797 0.04273758456110954
v 0.03365296497941016 0.052871089428663254 0.04271378368139267
v 0.03365296497941016 0.052871089428663254 0.04271378368139267
v 0.03368285298347472 0.05290035530924797 0.04273758456110954
v 0.033686082810163484 0.05287386476993561 0.042715318500995636
v 0.03365296497941016 0.052871089428663254 0.04271378368139267
v 0.033686082810163484 0.05287386476993561 0.042715318500995636
v 0.03368223831057547 0.052841365337371826 0.04268953949213028
v 0.03368223831057547 0.052841365337371826 0.04268953949213028
v 0.033686082810163484 0.05287386476993561 0.042715318500995636
v 0.03372110798954962 0.052871204912662506 0.042713798582553864
v 0.03368223831057547 0.052841365337371826 0.04268953949213028
v 0.03372110798954962 0.052871204912662506 0.042713798582553864
v 0.034193590283393846 0.052511170506477356 0.04241998493671417
v -0.037707015872001634 0.04965991526842117 0.04008370637893677
v -0.03719719126820563 0.04944869503378868 0.03993281349539757
v -0.037707131356000886 0.049448881298303604 0.03993290290236473
v -0.037707131356000886 0.049448881298303604 0.03993290290236473
v -0.03719719126820563 0.04944869503378868 0.03993281349539757
v -0.037707593291997896 0.04869655519723892 0.0393063984811306
v -0.037707131356000886 0.049448881298303604 0.03993290290236473
v -0.037707593291997896 0.04869655519723892 0.0393063984811306
v -0.0387226603925228 0.04859763756394386 0.03922000154852867
v -0.0387226603925228 0.04859763756394386 0.03922000154852867
v -0.037707593291997896 0.04869655519723892 0.0393063984811306
v -0.03780627995729445 0.04859441518783569 0.0392233170568943
v -0.0387226603925228 0.04859763756394386 0.03922000154852867
v -0.03780627995729445 0.04859441518783569 0.0392233170568943
v -0.03872742876410483 0.04859265312552452 0.039215948432683945
v -0.03872742876410483 0.04859265312552452 0.039215948432683945
v -0.03780627995729445 0.04859441518783569 0.0392233170568943
v -0.03872789070010184 0.04773512855172157 0.03852088004350662
v -0.03872742876410483 0.04859265312552452 0.039215948432683945
v -0.03872789070010184 0.04773512855172157 0.03852088004350662
v -0.03954606875777243 0.04773642495274544 0.038519781082868576
v -0.03954606875777243 0.04773642495274544 0.038519781082868576
v -0.03872789070010184 0.04773512855172157 0.03852088004350662
v -0.03872801363468169 0.04764046519994736 0.03844738006591797
v -0.03954606875777243 0.04773642495274544 0.038519781082868576
v -0.03872801363468169 0.04764046519994736 0.03844738006591797
v -0.04036948457360266 0.04687520116567612 0.03781954571604729
v -0.04036948457360266 0.04687520116567612 0.03781954571604729
v -0.03872801363468169 0.04764046519994736 0.03844738006591797
v -0.03947026655077933 0.04687226936221123 0.03782253339886665
v -0.04036948457360266 0.04687520116567612 0.03781954571604729
v -0.03947026655077933 0.04687226936221123 0.03782253339886665
v -0.04076881334185599 0.04552832990884781 0.03672938048839569
v -0.03614226728677748 0.050316598266363144 0.04062413051724434
v -0.03617693856358527 0.05028071254491806 0.04059494286775589
v -0.036176871508359895 0.050317808985710144 0.04062274843454361
v -0.036176871508359895 0.050317808985710144 0.04062274843454361
v -0.03617693856358527 0.05028071254491806 0.04059494286775589
v -0.03668715804815291 0.04975265637040138 0.04016542434692383
v -0.036176871508359895 0.050317808985710144 0.04062274843454361
v -0.03668715804815291 0.04975265637040138 0.04016542434692383
v -0.03668681159615515 0.050305187702178955 0.04063931852579117
v -0.03668681159615515 0.050305187702178955 0.04063931852579117
v -0.03668715804815291 0.04975265637040138 0.04016542434692383
v -0.037196863442659364 0.050129879266023636 0.04046740010380745
v -0.037196863442659364 0.050129879266023636 0.04046740010380745
v -0.036956522613763795 0.05031872168183327 0.04062224179506302
v -0.03668681159615515 0.050305187702178955 0.04063931852579117
v -0.03668681159615515 0.050305187702178955 0.04063931852579117
v -0.036956522613763795 0.05031872168183327 0.04062224179506302
v -0.03668677434325217 0.050530675798654556 0.040796034038066864
v -0.03668681159615515 0.050305187702178955 0.04063931852579117
v -0.03668677434325217 0.050530675798654556 0.040796034038066864
v -0.036176871508359895 0.050317808985710144 0.04062274843454361
v -0.036176871508359895 0.050317808985710144 0.04062274843454361
v -0.03668677434325217 0.050530675798654556 0.040796034038066864
v -0.036176651716232286 0.050736136734485626 0.04098892584443092
v -0.036176871508359895 0.050317808985710144 0.04062274843454361
v -0.036176651716232286 0.050736136734485626 0.04098892584443092
v -0.03614226728677748 0.050316598266363144 0.04062413051724434
v -0.03614226728677748 0.050316598266363144 0.04062413051724434
v -0.036176651716232286 0.050736136734485626 0.04098892584443092
v -0.035726252943277345 0.05074714869260788 0.04097433760762215
v 0.025000000372529023 0.07109999656677246 7.360706253123621e-16
v 0.023096987977623933 0.07109999656677246 -0.009567085653543472
v 0.017677670344710343 0.07109999656677246 -0.01767767034471035
v -0.023096987977623933 0.07109999656677246 0.009567085653543472
v -0.017677670344710343 0.07109999656677246 0.01767767034471035
v -0.025000000372529023 0.07109999656677246 7.452554270759141e-16
v -0.025000000372529023 0.07109999656677246 7.452554270759141e-16
v -0.017677670344710343 0.07109999656677246 0.01767767034471035
v 0.017677670344710343 0.07109999656677246 -0.01767767034471035
v -0.025000000372529023 0.07109999656677246 7.452554270759141e-16
v 0.017677670344710343 0.07109999656677246 -0.01767767034471035
v 0.009567085653543469 0.07109999656677246 -0.02309698797762394
v 0.017677670344710343 0.07109999656677246 0.01767767034471035
v 0.023096987977623933 0.07109999656677246 0.009567085653543472
v 0.009567085653543469 0.07109999656677246 0.02309698797762394
v 0.009567085653543469 0.07109999656677246 0.02309698797762394
v 0.023096987977623933 0.07109999656677246 0.009567085653543472
v 0.025000000372529023 0.07109999656677246 7.360706253123621e-16
v 0.009567085653543469 0.07109999656677246 0.02309698797762394
v 0.025000000372529023 0.07109999656677246 7.360706253123621e-16
v 4.975857990953943e-16 0.07109999656677246 0.02500000037252903
v 4.975857990953943e-16 0.07109999656677246 0.02500000037252903
v 0.025000000372529023 0.07109999656677246 7.360706253123621e-16
v 0.017677670344710343 0.07109999656677246 -0.01767767034471035
v 4.975857990953943e-16 0.07109999656677246 0.02500000037252903
v 0.017677670344710343 0.07109999656677246 -0.01767767034471035
v -0.009567085653543469 0.07109999656677246 0.02309698797762394
v -0.009567085653543469 0.07109999656677246 0.02309698797762394
v 0.017677670344710343 0.07109999656677246 -0.01767767034471035
v -0.017677670344710343 0.07109999656677246 0.01767767034471035
v -0.017677670344710343 0.07109999656677246 -0.01767767034471035
v -0.023096987977623933 0.07109999656677246 -0.009567085653543472
v -0.009567085653543469 0.07109999656677246 -0.02309698797762394
v -0.009567085653543469 0.07109999656677246 -0.02309698797762394
v -0.023096987977623933 0.07109999656677246 -0.009567085653543472
v -0.025000000372529023 0.07109999656677246 7.452554270759141e-16
v -0.009567085653543469 0.07109999656677246 -0.02309698797762394
v -0.025000000372529023 0.07109999656677246 7.452554270759141e-16
v 4.914625449801338e-16 0.07109999656677246 -0.02500000037252903
v 4.914625449801338e-16 0.07109999656677246 -0.02500000037252903
v -0.025000000372529023 0.07109999656677246 7.452554270759141e-16
v 0.009567085653543469 0.07109999656677246 -0.02309698797762394
v 0.009567085653543469 -0.02309698797762394 -0.07069999724626541
v -1.745740727642625e-16 -0.02500000037252903 -0.07069999724626541
v -0.009567085653543469 -0.02309698797762394 -0.07069999724626541
v -0.017677670344710343 0.01767767034471035 -0.07069999724626541
v -0.009567085653543469 0.02309698797762394 -0.07069999724626541
v 0.017677670344710343 -0.01767767034471035 -0.07069999724626541
v 0.017677670344710343 -0.01767767034471035 -0.07069999724626541
v -0.009567085653543469 0.02309698797762394 -0.07069999724626541
v 1.7151244570663222e-16 0.02500000037252903 -0.07069999724626541
v 0.017677670344710343 -0.01767767034471035 -0.07069999724626541
v 1.7151244570663222e-16 0.02500000037252903 -0.07069999724626541
v 0.009567085653543469 0.02309698797762394 -0.07069999724626541
v 0.025000000372529023 -6.523720043066043e-17 -0.07069999724626541
v 0.023096987977623933 -0.009567085653543472 -0.07069999724626541
v 0.023096987977623933 0.009567085653543472 -0.07069999724626541
v 0.023096987977623933 0.009567085653543472 -0.07069999724626541
v 0.023096987977623933 -0.009567085653543472 -0.07069999724626541
v 0.017677670344710343 -0.01767767034471035 -0.07069999724626541
v 0.023096987977623933 0.009567085653543472 -0.07069999724626541
v 0.017677670344710343 -0.01767767034471035 -0.07069999724626541
v 0.017677670344710343 0.01767767034471035 -0.07069999724626541
v 0.017677670344710343 0.01767767034471035 -0.07069999724626541
v 0.017677670344710343 -0.01767767034471035 -0.07069999724626541
v 0.009567085653543469 0.02309698797762394 -0.07069999724626541
v -0.023096987977623933 -0.009567085653543472 -0.07069999724626541
v -0.025000000372529023 2.7223657453598934e-16 -0.07069999724626541
v -0.017677670344710343 -0.01767767034471035 -0.07069999724626541
v -0.017677670344710343 -0.01767767034471035 -0.07069999724626541
v -0.025000000372529023 2.7223657453598934e-16 -0.07069999724626541
v -0.023096987977623933 0.009567085653543472 -0.07069999724626541
v -0.017677670344710343 -0.01767767034471035 -0.07069999724626541
v -0.023096987977623933 0.009567085653543472 -0.07069999724626541
v -0.009567085653543469 -0.02309698797762394 -0.07069999724626541
v -0.009567085653543469 -0.02309698797762394 -0.07069999724626541
v -0.023096987977623933 0.009567085653543472 -0.07069999724626541
v -0.017677670344710343 0.01767767034471035 -0.07069999724626541
v -0.009567085653543469 -0.02309698797762394 -0.07069999724626541
v -0.017677670344710343 0.01767767034471035 -0.07069999724626541
v 0.009567085653543469 -0.02309698797762394 -0.07069999724626541
v 0.009567085653543469 -0.02309698797762394 -0.07069999724626541
v -0.017677670344710343 0.01767767034471035 -0.07069999724626541
v 0.017677670344710343 -0.01767767034471035 -0.07069999724626541
v -0.008518483489751812 -0.057073067873716354 -0.04235992208123207
v -0.0049785887822508795 -0.059154585003852844 -0.043868549168109894
v -2.5265149815822945e-05 -0.05755634233355522 -0.042455848306417465
v -2.5265149815822945e-05 -0.05755634233355522 -0.042455848306417465
v -0.0049785887822508795 -0.059154585003852844 -0.043868549168109894
v -4.101271856018849e-16 -0.059345174580812454 -0.04385201260447502
v -2.5265149815822945e-05 -0.05755634233355522 -0.042455848306417465
v -4.101271856018849e-16 -0.059345174580812454 -0.04385201260447502
v -2.630099100748433e-13 -0.05755778029561043 -0.04245613515377045
v -0.021445451304316514 0.06001049652695656 0.04868621379137039
v -0.015789361670613282 0.06203757971525192 0.050457898527383804
v -0.014867427758872504 0.06399901956319809 0.052020978182554245
v -0.014867427758872504 0.06399901956319809 0.052020978182554245
v -0.015789361670613282 0.06203757971525192 0.050457898527383804
v -0.01162213925272226 0.06475698947906494 0.052721016108989716
v -0.01162213925272226 0.06475698947906494 0.052721016108989716
v -0.015789361670613282 0.06203757971525192 0.050457898527383804
v -0.009454054757952687 0.06346946954727173 0.05178714171051979
v -0.01162213925272226 0.06475698947906494 0.052721016108989716
v -0.009454054757952687 0.06346946954727173 0.05178714171051979
v -0.010743387974798676 0.06488033384084702 0.05284658074378967
v -4.4073720401624565e-15 0.06404237449169159 0.05256116762757301
v 4.451735179016663e-16 0.06570328772068024 0.05384654924273491
v -0.003382657421752809 0.06405488401651382 0.05244626849889755
v -0.003382657421752809 0.06405488401651382 0.05244626849889755
v 4.451735179016663e-16 0.06570328772068024 0.05384654924273491
v -0.005857808049768208 0.06556607037782669 0.05354468524456024
v -0.003382657421752809 0.06405488401651382 0.05244626849889755
v -0.005857808049768208 0.06556607037782669 0.05354468524456024
v -0.009454054757952687 0.06346946954727173 0.05178714171051979
v -0.009454054757952687 0.06346946954727173 0.05178714171051979
v -0.005857808049768208 0.06556607037782669 0.05354468524456024
v -0.00798657443374395 0.06526727229356766 0.05324050411581993
v -0.009454054757952687 0.06346946954727173 0.05178714171051979
v -0.00798657443374395 0.06526727229356766 0.05324050411581993
v -0.010743387974798676 0.06488033384084702 0.05284658074378967
v -0.02297012880444526 -0.056379735469818115 -0.042298465967178345
v -0.020996499806642525 -0.056784529238939285 -0.04254914075136185
v -0.016979953274130814 -0.0558488704264164 -0.041684653609991074
v -0.016979953274130814 -0.0558488704264164 -0.041684653609991074
v -0.020996499806642525 -0.056784529238939285 -0.04254914075136185
v -0.014916650950908656 -0.058031514286994934 -0.04332135617733002
v -0.016979953274130814 -0.0558488704264164 -0.041684653609991074
v -0.014916650950908656 -0.058031514286994934 -0.04332135617733002
v -0.016342649236321442 -0.05594107508659363 -0.041735514998435974
v -0.016342649236321442 -0.05594107508659363 -0.041735514998435974
v -0.014916650950908656 -0.058031514286994934 -0.04332135617733002
v -0.013116280548274512 -0.058309100568294525 -0.043478403240442276
v -0.016342649236321442 -0.05594107508659363 -0.041735514998435974
v -0.013116280548274512 -0.058309100568294525 -0.043478403240442276
v -0.008518483489751812 -0.057073067873716354 -0.04235992208123207
v -0.008518483489751812 -0.057073067873716354 -0.04235992208123207
v -0.013116280548274512 -0.058309100568294525 -0.043478403240442276
v -0.010733926668763157 -0.05855662003159523 -0.04359262064099312
v -0.008518483489751812 -0.057073067873716354 -0.04235992208123207
v -0.010733926668763157 -0.05855662003159523 -0.04359262064099312
v -0.0049785887822508795 -0.059154585003852844 -0.043868549168109894
v -0.016979953274130814 -0.0558488704264164 -0.041684653609991074
v -0.024500807747244828 -0.05409010127186775 -0.04056047275662422
v -0.02297012880444526 -0.056379735469818115 -0.042298465967178345
v -0.02297012880444526 -0.056379735469818115 -0.042298465967178345
v -0.024500807747244828 -0.05409010127186775 -0.04056047275662422
v -0.02531716972589492 -0.05389919504523277 -0.0404384471476078
v -0.02297012880444526 -0.056379735469818115 -0.042298465967178345
v -0.02531716972589492 -0.05389919504523277 -0.0404384471476078
v -0.030369002372026433 -0.05422257259488106 -0.04085897281765938
v -0.030369002372026433 -0.05422257259488106 -0.04085897281765938
v -0.02531716972589492 -0.05389919504523277 -0.0404384471476078
v -0.03265857696533202 -0.05146769434213638 -0.03878271207213402
v -0.030369002372026433 -0.05422257259488106 -0.04085897281765938
v -0.03265857696533202 -0.05146769434213638 -0.03878271207213402
v -0.030788011848926534 -0.054100409150123596 -0.040777452290058136
v -0.030788011848926534 -0.054100409150123596 -0.040777452290058136
v -0.03265857696533202 -0.05146769434213638 -0.03878271207213402
v -0.033388022333383546 -0.05122609809041023 -0.03861819580197334
v -0.030788011848926534 -0.054100409150123596 -0.040777452290058136
v -0.033388022333383546 -0.05122609809041023 -0.03861819580197334
v -0.038126002997159944 -0.05125269293785095 -0.03879640996456146
v -0.038126002997159944 -0.05125269293785095 -0.03879640996456146
v -0.033388022333383546 -0.05122609809041023 -0.03861819580197334
v -0.0334668457508087 -0.05119362100958824 -0.03859543800354004
v -0.038126002997159944 -0.05125269293785095 -0.03879640996456146
v -0.0334668457508087 -0.05119362100958824 -0.03859543800354004
v -0.036872912198305116 -0.049790143966674805 -0.037612009793519974
v -0.06283726543188092 -0.01572396606206894 -0.011859498918056488
v -0.06335165351629254 -0.013712585903704166 -0.010305130854249
v -0.06538727879524228 -0.014445571228861809 -0.010945445857942104
v -0.06598124653100965 -0.005647916812449694 -0.004091702867299318
v -0.06610305607318875 -0.006990661844611168 -0.005144818220287561
v -0.06384821236133573 -0.008094029501080513 -0.005931933876127005
v -0.06384821236133573 -0.008094029501080513 -0.005931933876127005
v -0.06610305607318875 -0.006990661844611168 -0.005144818220287561
v -0.06593089550733564 -0.0099842743948102 -0.007477963343262672
v -0.06384821236133573 -0.008094029501080513 -0.005931933876127005
v -0.06593089550733564 -0.0099842743948102 -0.007477963343262672
v -0.06335165351629254 -0.013712585903704166 -0.010305130854249
v -0.06335165351629254 -0.013712585903704166 -0.010305130854249
v -0.06593089550733564 -0.0099842743948102 -0.007477963343262672
v -0.06577754020690915 -0.01265094242990017 -0.009556297212839127
v -0.06335165351629254 -0.013712585903704166 -0.010305130854249
v -0.06577754020690915 -0.01265094242990017 -0.009556297212839127
v -0.06538727879524228 -0.014445571228861809 -0.010945445857942104
v -0.05210805684328077 -0.036648690700531006 -0.027851149439811707
v -0.05434636026620863 -0.03712144494056702 -0.028294887393712997
v -0.05341011658310888 -0.0382930226624012 -0.029179111123085022
v -0.042754549533128725 0.04342731460928917 0.03502190113067627
v -0.042547389864921556 0.04368758201599121 0.03523213043808937
v -0.044467162340879426 0.04487580433487892 0.03609667718410492
v -0.014867427758872504 0.06399901956319809 0.052020978182554245
v -0.020753402262926095 0.06204698979854584 0.050300292670726776
v -0.021445451304316514 0.06001049652695656 0.04868621379137039
v -0.021445451304316514 0.06001049652695656 0.04868621379137039
v -0.020753402262926095 0.06204698979854584 0.050300292670726776
v -0.021059496328234666 0.06190517544746399 0.05017932504415512
v -0.021445451304316514 0.06001049652695656 0.04868621379137039
v -0.021059496328234666 0.06190517544746399 0.05017932504415512
v -0.027143945917487134 0.05720822885632515 0.04630747810006142
v -0.027143945917487134 0.05720822885632515 0.04630747810006142
v -0.021059496328234666 0.06190517544746399 0.05017932504415512
v -0.02647583745419978 0.05939575284719467 0.04803876206278801
v -0.05210805684328077 -0.036648690700531006 -0.027851149439811707
v -0.05341011658310888 -0.0382930226624012 -0.029179111123085022
v -0.05188089236617087 -0.036896537989377975 -0.028037242591381073
v -0.05188089236617087 -0.036896537989377975 -0.028037242591381073
v -0.05341011658310888 -0.0382930226624012 -0.029179111123085022
v -0.05254886299371717 -0.039207275956869125 -0.029864784330129623
v -0.05188089236617087 -0.036896537989377975 -0.028037242591381073
v -0.05254886299371717 -0.039207275956869125 -0.029864784330129623
v -0.04897101223468779 -0.04007137939333916 -0.030421001836657524
v -0.04897101223468779 -0.04007137939333916 -0.030421001836657524
v -0.05254886299371717 -0.039207275956869125 -0.029864784330129623
v -0.04922004416584967 -0.04274093732237816 -0.032514963299036026
v -0.04897101223468779 -0.04007137939333916 -0.030421001836657524
v -0.04922004416584967 -0.04274093732237816 -0.032514963299036026
v -0.047727171331644044 -0.04142848029732704 -0.03143995255231857
v -0.047727171331644044 -0.04142848029732704 -0.03143995255231857
v -0.04922004416584967 -0.04274093732237816 -0.032514963299036026
v -0.048983182758092866 -0.04299236834049225 -0.03270353376865387
v -0.047727171331644044 -0.04142848029732704 -0.03143995255231857
v -0.048983182758092866 -0.04299236834049225 -0.03270353376865387
v -0.04472450166940688 -0.04401146620512009 -0.033358220010995865
v -0.04472450166940688 -0.04401146620512009 -0.033358220010995865
v -0.048983182758092866 -0.04299236834049225 -0.03270353376865387
v -0.04586806148290633 -0.04561333358287811 -0.03464774042367935
v -0.04472450166940688 -0.04401146620512009 -0.033358220010995865
v -0.04586806148290633 -0.04561333358287811 -0.03464774042367935
v -0.04284873604774474 -0.04562505707144737 -0.034556563943624496
v -0.04284873604774474 -0.04562505707144737 -0.034556563943624496
v -0.04586806148290633 -0.04561333358287811 -0.03464774042367935
v -0.04389826580882071 -0.04727065563201904 -0.03587712347507477
v -0.04284873604774474 -0.04562505707144737 -0.034556563943624496
v -0.04389826580882071 -0.04727065563201904 -0.03587712347507477
v -0.04081544280052184 -0.04704224318265915 -0.03559619188308716
v -0.04081544280052184 -0.04704224318265915 -0.03559619188308716
v -0.04389826580882071 -0.04727065563201904 -0.03587712347507477
v -0.042053274810314165 -0.04854343831539154 -0.036810215562582016
v -0.04081544280052184 -0.04704224318265915 -0.03559619188308716
v -0.042053274810314165 -0.04854343831539154 -0.036810215562582016
v -0.036872912198305116 -0.049790143966674805 -0.037612009793519974
v -0.036872912198305116 -0.049790143966674805 -0.037612009793519974
v -0.042053274810314165 -0.04854343831539154 -0.036810215562582016
v -0.04007570073008536 -0.04990768060088158 -0.03781036287546158
v -0.036872912198305116 -0.049790143966674805 -0.037612009793519974
v -0.04007570073008536 -0.04990768060088158 -0.03781036287546158
v -0.038126002997159944 -0.05125269293785095 -0.03879640996456146
v -0.0643726587295532 -0.018827421590685844 -0.01433520670980215
v -0.06425189971923825 -0.01921156607568264 -0.014631319791078568
v -0.06198657304048536 -0.019050398841500282 -0.014430124312639236
v -0.06198657304048536 -0.019050398841500282 -0.014430124312639236
v -0.06425189971923825 -0.01921156607568264 -0.014631319791078568
v -0.06421211361885068 -0.019338136538863182 -0.014728885143995285
v -0.06198657304048536 -0.019050398841500282 -0.014430124312639236
v -0.06421211361885068 -0.019338136538863182 -0.014728885143995285
v -0.0604637563228607 -0.022760536521673203 -0.017278198152780533
v -0.0604637563228607 -0.022760536521673203 -0.017278198152780533
v -0.06421211361885068 -0.019338136538863182 -0.014728885143995285
v -0.06263933330774304 -0.02322186715900898 -0.01771092414855957
v -0.0604637563228607 -0.022760536521673203 -0.017278198152780533
v -0.06263933330774304 -0.02322186715900898 -0.01771092414855957
v -0.059638358652591685 -0.024771500378847122 -0.01882190816104412
v -0.0622863210737705 0.0038275476545095444 0.0034341253340244293
v -0.0641428008675575 0.005444290582090616 0.004635571502149105
v -0.06481202691793439 0.0024440442211925983 0.0022692836355417967
v -0.05204994603991507 0.034394118934869766 0.027655508369207382
v -0.05026685819029807 0.033053863793611526 0.0266676377505064
v -0.04893309250473975 0.03517771139740944 0.028371291235089302
v -0.02647583745419978 0.05939575284719467 0.04803876206278801
v -0.0280157160013914 0.058548733592033386 0.047325827181339264
v -0.027143945917487134 0.05720822885632515 0.04630747810006142
v -0.027143945917487134 0.05720822885632515 0.04630747810006142
v -0.0280157160013914 0.058548733592033386 0.047325827181339264
v -0.030522501096129407 0.05693430081009865 0.04598119109869003
v -0.027143945917487134 0.05720822885632515 0.04630747810006142
v -0.030522501096129407 0.05693430081009865 0.04598119109869003
v -0.03322421014308928 0.053303323686122894 0.0430668443441391
v -0.03322421014308928 0.053303323686122894 0.0430668443441391
v -0.030522501096129407 0.05693430081009865 0.04598119109869003
v -0.033864218741655336 0.05478214472532272 0.04418869689106941
v -0.03322421014308928 0.053303323686122894 0.0430668443441391
v -0.033864218741655336 0.05478214472532272 0.04418869689106941
v -0.03346240147948264 0.053064193576574326 0.042873404920101166
v -0.03346240147948264 0.053064193576574326 0.042873404920101166
v -0.033864218741655336 0.05478214472532272 0.04418869689106941
v -0.033471558243036256 0.053055040538311005 0.042865779250860214
v -0.06283726543188092 -0.01572396606206894 -0.011859498918056488
v -0.06538727879524228 -0.014445571228861809 -0.010945445857942104
v -0.06198657304048536 -0.019050398841500282 -0.014430124312639236
v -0.06198657304048536 -0.019050398841500282 -0.014430124312639236
v -0.06538727879524228 -0.014445571228861809 -0.010945445857942104
v -0.0645729526877403 -0.01819024048745632 -0.013844042085111141
v -0.06198657304048536 -0.019050398841500282 -0.014430124312639236
v -0.0645729526877403 -0.01819024048745632 -0.013844042085111141
v -0.0643726587295532 -0.018827421590685844 -0.01433520670980215
v -0.06598124653100965 -0.005647916812449694 -0.004091702867299318
v -0.06384821236133573 -0.008094029501080513 -0.005931933876127005
v -0.06560651957988736 -0.0015172745333984494 -0.0008520389092154801
v -0.06560651957988736 -0.0015172745333984494 -0.0008520389092154801
v -0.06384821236133573 -0.008094029501080513 -0.005931933876127005
v -0.0634832605719566 -0.0023401668295264244 -0.001424396294169128
v -0.06560651957988736 -0.0015172745333984494 -0.0008520389092154801
v -0.0634832605719566 -0.0023401668295264244 -0.001424396294169128
v -0.0633629113435745 -0.0017199886497110128 -0.0009358605602756143
v -0.05204994603991507 0.034394118934869766 0.027655508369207382
v -0.04893309250473975 0.03517771139740944 0.028371291235089302
v -0.0493643321096897 0.038683369755744934 0.031095881015062332
v -0.05026685819029807 0.033053863793611526 0.0266676377505064
v -0.05204994603991507 0.034394118934869766 0.027655508369207382
v -0.051532544195651994 0.031038420274853706 0.025050941854715347
v -0.051532544195651994 0.031038420274853706 0.025050941854715347
v -0.05204994603991507 0.034394118934869766 0.027655508369207382
v -0.05347454547882078 0.03211886063218117 0.02583054080605507
v -0.051532544195651994 0.031038420274853706 0.025050941854715347
v -0.05347454547882078 0.03211886063218117 0.02583054080605507
v -0.053980495780706385 0.026117021217942238 0.021124577149748802
v -0.053980495780706385 0.026117021217942238 0.021124577149748802
v -0.05347454547882078 0.03211886063218117 0.02583054080605507
v -0.05603849887847898 0.026907192543148994 0.0216735377907753
v -0.053980495780706385 0.026117021217942238 0.021124577149748802
v -0.05603849887847898 0.026907192543148994 0.0216735377907753
v -0.05525858700275419 0.02354753203690052 0.01907460018992424
v -0.044467162340879426 0.04487580433487892 0.03609667718410492
v -0.044801987707614885 0.044452425092458725 0.035754770040512085
v -0.042754549533128725 0.04342731460928917 0.03502190113067627
v -0.042754549533128725 0.04342731460928917 0.03502190113067627
v -0.044801987707614885 0.044452425092458725 0.035754770040512085
v -0.045343335717916475 0.04376789182424545 0.035201966762542725
v -0.042754549533128725 0.04342731460928917 0.03502190113067627
v -0.045343335717916475 0.04376789182424545 0.035201966762542725
v -0.04550358653068541 0.039973482489585876 0.032232120633125305
v -0.04550358653068541 0.039973482489585876 0.032232120633125305
v -0.045343335717916475 0.04376789182424545 0.035201966762542725
v -0.0493643321096897 0.038683369755744934 0.031095881015062332
v -0.04550358653068541 0.039973482489585876 0.032232120633125305
v -0.0493643321096897 0.038683369755744934 0.031095881015062332
v -0.0474836155772209 0.037485819309949875 0.030222749337553978
v -0.0474836155772209 0.037485819309949875 0.030222749337553978
v -0.0493643321096897 0.038683369755744934 0.031095881015062332
v -0.04893309250473975 0.03517771139740944 0.028371291235089302
v -0.06263933330774304 -0.02322186715900898 -0.01771092414855957
v -0.061931606382131556 -0.02496948465704918 -0.019052794203162193
v -0.059638358652591685 -0.024771500378847122 -0.01882190816104412
v -0.059638358652591685 -0.024771500378847122 -0.01882190816104412
v -0.061931606382131556 -0.02496948465704918 -0.019052794203162193
v -0.060499269515275934 -0.02761615440249443 -0.021073002368211746
v -0.059638358652591685 -0.024771500378847122 -0.01882190816104412
v -0.060499269515275934 -0.02761615440249443 -0.021073002368211746
v -0.05712464824318884 -0.02925730124115944 -0.022243065759539604
v -0.05712464824318884 -0.02925730124115944 -0.022243065759539604
v -0.060499269515275934 -0.02761615440249443 -0.021073002368211746
v -0.05887172743678091 -0.030623530969023705 -0.023368539288640022
v -0.05712464824318884 -0.02925730124115944 -0.022243065759539604
v -0.05887172743678091 -0.030623530969023705 -0.023368539288640022
v -0.05681040138006208 -0.029818082228302956 -0.02267075516283512
v -0.05681040138006208 -0.029818082228302956 -0.02267075516283512
v -0.05887172743678091 -0.030623530969023705 -0.023368539288640022
v -0.058405958116054514 -0.0313086174428463 -0.02388830855488777
v -0.05681040138006208 -0.029818082228302956 -0.02267075516283512
v -0.058405958116054514 -0.0313086174428463 -0.02388830855488777
v -0.05604751780629156 -0.031179476529359818 -0.023709041997790337
v -0.05604751780629156 -0.031179476529359818 -0.023709041997790337
v -0.058405958116054514 -0.0313086174428463 -0.02388830855488777
v -0.05780419707298277 -0.032193731516599655 -0.024559838697314262
v -0.05604751780629156 -0.031179476529359818 -0.023709041997790337
v -0.05780419707298277 -0.032193731516599655 -0.024559838697314262
v -0.05210805684328077 -0.036648690700531006 -0.027851149439811707
v -0.05210805684328077 -0.036648690700531006 -0.027851149439811707
v -0.05780419707298277 -0.032193731516599655 -0.024559838697314262
v -0.055067576467990854 -0.03621894121170044 -0.027613740414381027
v -0.05210805684328077 -0.036648690700531006 -0.027851149439811707
v -0.055067576467990854 -0.03621894121170044 -0.027613740414381027
v -0.05434636026620863 -0.03712144494056702 -0.028294887393712997
v -0.0622863210737705 0.0038275476545095444 0.0034341253340244293
v -0.06481202691793439 0.0024440442211925983 0.0022692836355417967
v -0.0633629113435745 -0.0017199886497110128 -0.0009358605602756143
v -0.0633629113435745 -0.0017199886497110128 -0.0009358605602756143
v -0.06481202691793439 0.0024440442211925983 0.0022692836355417967
v -0.06554543226957318 -0.0008439237717539072 -0.000323929765727371
v -0.0633629113435745 -0.0017199886497110128 -0.0009358605602756143
v -0.06554543226957318 -0.0008439237717539072 -0.000323929765727371
v -0.06560651957988736 -0.0015172745333984494 -0.0008520389092154801
v -0.03697428107261656 0.04945549741387367 0.039923716336488724
v -0.03668715804815291 0.04975265637040138 0.04016542434692383
v -0.03856711462140082 0.051082294434309006 0.041141804307699203
v -0.03856711462140082 0.051082294434309006 0.041141804307699203
v -0.03668715804815291 0.04975265637040138 0.04016542434692383
v -0.03617693856358527 0.05028071254491806 0.04059494286775589
v -0.03856711462140082 0.051082294434309006 0.041141804307699203
v -0.03617693856358527 0.05028071254491806 0.04059494286775589
v -0.03614226728677748 0.050316598266363144 0.04062413051724434
v -0.0641428008675575 0.005444290582090616 0.004635571502149105
v -0.0622863210737705 0.0038275476545095444 0.0034341253340244293
v -0.06398843973875043 0.006136316806077957 0.005181371234357357
v -0.06398843973875043 0.006136316806077957 0.005181371234357357
v -0.0622863210737705 0.0038275476545095444 0.0034341253340244293
v -0.06118570268154142 0.007426061667501926 0.006282166577875614
v -0.06398843973875043 0.006136316806077957 0.005181371234357357
v -0.06118570268154142 0.007426061667501926 0.006282166577875614
v -0.06262899190187451 0.010295678861439228 0.008476195856928825
v -0.06262899190187451 0.010295678861439228 0.008476195856928825
v -0.06118570268154142 0.007426061667501926 0.006282166577875614
v -0.05972076952457426 0.012215713039040565 0.010072932578623295
v -0.06262899190187451 0.010295678861439228 0.008476195856928825
v -0.05972076952457426 0.012215713039040565 0.010072932578623295
v -0.0610259026288986 0.015200478956103325 0.012361517176032066
v -0.0610259026288986 0.015200478956103325 0.012361517176032066
v -0.05972076952457426 0.012215713039040565 0.010072932578623295
v -0.05962311848998068 0.012534981593489647 0.010325617156922817
v -0.0610259026288986 0.015200478956103325 0.012361517176032066
v -0.05962311848998068 0.012534981593489647 0.010325617156922817
v -0.05974630266427992 0.018388252705335617 0.014894600957632065
v -0.042547389864921556 0.04368758201599121 0.03523213043808937
v -0.04113421961665152 0.04515015333890915 0.036421775817871094
v -0.044467162340879426 0.04487580433487892 0.03609667718410492
v -0.044467162340879426 0.04487580433487892 0.03609667718410492
v -0.04113421961665152 0.04515015333890915 0.036421775817871094
v -0.04076881334185599 0.04552832990884781 0.03672938048839569
v -0.044467162340879426 0.04487580433487892 0.03609667718410492
v -0.04076881334185599 0.04552832990884781 0.03672938048839569
v -0.03856711462140082 0.051082294434309006 0.041141804307699203
v -0.03614226728677748 0.050316598266363144 0.04062413051724434
v -0.035726252943277345 0.05074714869260788 0.04097433760762215
v -0.03856711462140082 0.051082294434309006 0.041141804307699203
v -0.03856711462140082 0.051082294434309006 0.041141804307699203
v -0.035726252943277345 0.05074714869260788 0.04097433760762215
v -0.03566671162843703 0.050808776170015335 0.04102446511387825
v -0.03856711462140082 0.051082294434309006 0.041141804307699203
v -0.03566671162843703 0.050808776170015335 0.04102446511387825
v -0.035310242325067506 0.051177702844142914 0.04132454842329025
v -0.035310242325067506 0.051177702844142914 0.04132454842329025
v -0.03515648469328879 0.05133683606982231 0.04145398363471031
v -0.03856711462140082 0.051082294434309006 0.041141804307699203
v -0.03856711462140082 0.051082294434309006 0.041141804307699203
v -0.03515648469328879 0.05133683606982231 0.04145398363471031
v -0.03489423170685767 0.05160825699567795 0.04167475551366806
v -0.03856711462140082 0.051082294434309006 0.041141804307699203
v -0.03489423170685767 0.05160825699567795 0.04167475551366806
v -0.03468622639775275 0.05182353034615517 0.041849859058856964
v -0.03468622639775275 0.05182353034615517 0.041849859058856964
v -0.03464625775814055 0.05186489596962929 0.04188350588083267
v -0.03856711462140082 0.051082294434309006 0.041141804307699203
v -0.03856711462140082 0.051082294434309006 0.041141804307699203
v -0.03464625775814055 0.05186489596962929 0.04188350588083267
v -0.03447822481393813 0.052038803696632385 0.04202496260404587
v -0.03856711462140082 0.051082294434309006 0.041141804307699203
v -0.03447822481393813 0.052038803696632385 0.04202496260404587
v -0.03439114987850188 0.05212892219424248 0.0420982651412487
v -0.034058757126331315 0.052468158304691315 0.04237684607505798
v -0.03388139978051184 0.05264541879296303 0.04252452403306961
v -0.033864218741655336 0.05478214472532272 0.04418869689106941
v -0.033864218741655336 0.05478214472532272 0.04418869689106941
v -0.03388139978051184 0.05264541879296303 0.04252452403306961
v -0.03384529426693915 0.05268150940537453 0.0425545871257782
v -0.033864218741655336 0.05478214472532272 0.04418869689106941
v -0.03384529426693915 0.05268150940537453 0.0425545871257782
v -0.03375402837991713 0.05277272313833237 0.04263057932257652
v -0.05603849887847898 0.026907192543148994 0.0216735377907753
v -0.05760435014963148 0.023724328726530075 0.019134778529405594
v -0.05525858700275419 0.02354753203690052 0.01907460018992424
v -0.05525858700275419 0.02354753203690052 0.01907460018992424
v -0.05760435014963148 0.023724328726530075 0.019134778529405594
v -0.05805736035108564 0.022595781832933426 0.0182380061596632
v -0.05525858700275419 0.02354753203690052 0.01907460018992424
v -0.05805736035108564 0.022595781832933426 0.0182380061596632
v -0.05699401721358297 0.019168712198734283 0.015595821663737297
v -0.05699401721358297 0.019168712198734283 0.015595821663737297
v -0.05805736035108564 0.022595781832933426 0.0182380061596632
v -0.05974630266427992 0.018388252705335617 0.014894600957632065
v -0.05699401721358297 0.019168712198734283 0.015595821663737297
v -0.05974630266427992 0.018388252705335617 0.014894600957632065
v -0.05710037052631376 0.01890036277472973 0.015382630750536919
v -0.05710037052631376 0.01890036277472973 0.015382630750536919
v -0.05974630266427992 0.018388252705335617 0.014894600957632065
v -0.05962311848998068 0.012534981593489647 0.010325617156922817
v -0.04076881334185599 0.04552832990884781 0.03672938048839569
v -0.03947026655077933 0.04687226936221123 0.03782253339886665
v -0.03856711462140082 0.051082294434309006 0.041141804307699203
v -0.03856711462140082 0.051082294434309006 0.041141804307699203
v -0.03947026655077933 0.04687226936221123 0.03782253339886665
v -0.03872801363468169 0.04764046519994736 0.03844738006591797
v -0.03856711462140082 0.051082294434309006 0.041141804307699203
v -0.03872801363468169 0.04764046519994736 0.03844738006591797
v -0.03863827884197234 0.04773333668708801 0.03852292150259018
v -0.03439114987850188 0.05212892219424248 0.0420982651412487
v -0.03427021205425261 0.0522540882229805 0.04220006987452507
v -0.03856711462140082 0.051082294434309006 0.041141804307699203
v -0.03856711462140082 0.051082294434309006 0.041141804307699203
v -0.03427021205425261 0.0522540882229805 0.04220006987452507
v -0.0341932103037834 0.0523337796330452 0.042264893651008606
v -0.03856711462140082 0.051082294434309006 0.041141804307699203
v -0.0341932103037834 0.0523337796330452 0.042264893651008606
v -0.033864218741655336 0.05478214472532272 0.04418869689106941
v -0.033864218741655336 0.05478214472532272 0.04418869689106941
v -0.0341932103037834 0.0523337796330452 0.042264893651008606
v -0.034136120229959474 0.05239083990454674 0.04231242835521698
v -0.033864218741655336 0.05478214472532272 0.04418869689106941
v -0.034136120229959474 0.05239083990454674 0.04231242835521698
v -0.034058757126331315 0.052468158304691315 0.04237684607505798
v -0.03375402837991713 0.05277272313833237 0.04263057932257652
v -0.03363182023167609 0.052894867956638336 0.04273233562707901
v -0.033864218741655336 0.05478214472532272 0.04418869689106941
v -0.033864218741655336 0.05478214472532272 0.04418869689106941
v -0.03363182023167609 0.052894867956638336 0.04273233562707901
v -0.03362667933106421 0.05290000140666962 0.04273661598563194
v -0.033864218741655336 0.05478214472532272 0.04418869689106941
v -0.03362667933106421 0.05290000140666962 0.04273661598563194
v -0.03357847779989241 0.052948180586099625 0.04277675226330757
v -0.03357847779989241 0.052948180586099625 0.04277675226330757
v -0.03352509811520575 0.0530015304684639 0.04282119870185852
v -0.033864218741655336 0.05478214472532272 0.04418869689106941
v -0.033864218741655336 0.05478214472532272 0.04418869689106941
v -0.03352509811520575 0.0530015304684639 0.04282119870185852
v -0.03349928185343741 0.053027331829071045 0.042842693626880646
v -0.033864218741655336 0.05478214472532272 0.04418869689106941
v -0.03349928185343741 0.053027331829071045 0.042842693626880646
v -0.033471558243036256 0.053055040538311005 0.042865779250860214
v -0.03863827884197234 0.04773333668708801 0.03852292150259018
v -0.03780627995729445 0.04859441518783569 0.0392233170568943
v -0.03856711462140082 0.051082294434309006 0.041141804307699203
v -0.03856711462140082 0.051082294434309006 0.041141804307699203
v -0.03780627995729445 0.04859441518783569 0.0392233170568943
v -0.037707593291997896 0.04869655519723892 0.0393063984811306
v -0.03856711462140082 0.051082294434309006 0.041141804307699203
v -0.037707593291997896 0.04869655519723892 0.0393063984811306
v -0.03697428107261656 0.04945549741387367 0.039923716336488724
v 0.023096987977623933 0.08089999854564667 -0.009567085653543472
v 0.025000000372529023 0.07109999656677246 7.360706253123621e-16
v 0.025000000372529023 0.08089999854564667 8.465450562766819e-16
v 0.025000000372529023 0.08089999854564667 8.465450562766819e-16
v 0.025000000372529023 0.07109999656677246 7.360706253123621e-16
v 0.023096987977623933 0.07109999656677246 0.009567085653543472
v 0.025000000372529023 0.08089999854564667 8.465450562766819e-16
v 0.023096987977623933 0.07109999656677246 0.009567085653543472
v 0.023096987977623933 0.08089999854564667 0.009567085653543472
v 0.023096987977623933 0.08089999854564667 0.009567085653543472
v 0.023096987977623933 0.07109999656677246 0.009567085653543472
v 0.017677670344710343 0.07109999656677246 0.01767767034471035
v 0.023096987977623933 0.08089999854564667 0.009567085653543472
v 0.017677670344710343 0.07109999656677246 0.01767767034471035
v 0.017677670344710343 0.08089999854564667 0.01767767034471035
v 0.017677670344710343 0.08089999854564667 0.01767767034471035
v 0.017677670344710343 0.07109999656677246 0.01767767034471035
v 0.009567085653543469 0.07109999656677246 0.02309698797762394
v 0.017677670344710343 0.08089999854564667 0.01767767034471035
v 0.009567085653543469 0.07109999656677246 0.02309698797762394
v 0.009567085653543469 0.08089999854564667 0.02309698797762394
v 0.009567085653543469 0.08089999854564667 0.02309698797762394
v 0.009567085653543469 0.07109999656677246 0.02309698797762394
v 4.966298694748586e-16 0.07109999656677246 0.02500000037252903
v 0.009567085653543469 0.08089999854564667 0.02309698797762394
v 4.966298694748586e-16 0.07109999656677246 0.02500000037252903
v 5.660188085139309e-16 0.08089999854564667 0.02500000037252903
v 5.660188085139309e-16 0.08089999854564667 0.02500000037252903
v 4.966298694748586e-16 0.07109999656677246 0.02500000037252903
v -0.009567085653543469 0.07109999656677246 0.02309698797762394
v 5.660188085139309e-16 0.08089999854564667 0.02500000037252903
v -0.009567085653543469 0.07109999656677246 0.02309698797762394
v -0.009567085653543469 0.08089999854564667 0.02309698797762394
v -0.009567085653543469 0.08089999854564667 0.02309698797762394
v -0.009567085653543469 0.07109999656677246 0.02309698797762394
v -0.017677670344710343 0.07109999656677246 0.01767767034471035
v -0.009567085653543469 0.08089999854564667 0.02309698797762394
v -0.017677670344710343 0.07109999656677246 0.01767767034471035
v -0.017677670344710343 0.08089999854564667 0.01767767034471035
v -0.017677670344710343 0.08089999854564667 0.01767767034471035
v -0.017677670344710343 0.07109999656677246 0.01767767034471035
v -0.023096987977623933 0.07109999656677246 0.009567085653543472
v -0.017677670344710343 0.08089999854564667 0.01767767034471035
v -0.023096987977623933 0.07109999656677246 0.009567085653543472
v -0.023096987977623933 0.08089999854564667 0.009567085653543472
v -0.023096987977623933 0.08089999854564667 0.009567085653543472
v -0.023096987977623933 0.07109999656677246 0.009567085653543472
v -0.025000000372529023 0.07109999656677246 7.452554270759141e-16
v -0.023096987977623933 0.08089999854564667 0.009567085653543472
v -0.025000000372529023 0.07109999656677246 7.452554270759141e-16
v -0.025000000372529023 0.08089999854564667 8.479050206130578e-16
v -0.025000000372529023 0.08089999854564667 8.479050206130578e-16
v -0.025000000372529023 0.07109999656677246 7.452554270759141e-16
v -0.023096987977623933 0.07109999656677246 -0.009567085653543472
v -0.025000000372529023 0.08089999854564667 8.479050206130578e-16
v -0.023096987977623933 0.07109999656677246 -0.009567085653543472
v -0.023096987977623933 0.08089999854564667 -0.009567085653543472
v -0.023096987977623933 0.08089999854564667 -0.009567085653543472
v -0.023096987977623933 0.07109999656677246 -0.009567085653543472
v -0.017677670344710343 0.07109999656677246 -0.01767767034471035
v -0.023096987977623933 0.08089999854564667 -0.009567085653543472
v -0.017677670344710343 0.07109999656677246 -0.01767767034471035
v -0.017677670344710343 0.08089999854564667 -0.01767767034471035
v -0.017677670344710343 0.08089999854564667 -0.01767767034471035
v -0.017677670344710343 0.07109999656677246 -0.01767767034471035
v -0.009567085653543469 0.07109999656677246 -0.02309698797762394
v -0.017677670344710343 0.08089999854564667 -0.01767767034471035
v -0.009567085653543469 0.07109999656677246 -0.02309698797762394
v -0.009567085653543469 0.08089999854564667 -0.02309698797762394
v -0.009567085653543469 0.08089999854564667 -0.02309698797762394
v -0.009567085653543469 0.07109999656677246 -0.02309698797762394
v 4.905066153595981e-16 0.07109999656677246 -0.02500000037252903
v -0.009567085653543469 0.08089999854564667 -0.02309698797762394
v 4.905066153595981e-16 0.07109999656677246 -0.02500000037252903
v 5.598955543986704e-16 0.08089999854564667 -0.02500000037252903
v 5.598955543986704e-16 0.08089999854564667 -0.02500000037252903
v 4.905066153595981e-16 0.07109999656677246 -0.02500000037252903
v 0.009567085653543469 0.07109999656677246 -0.02309698797762394
v 5.598955543986704e-16 0.08089999854564667 -0.02500000037252903
v 0.009567085653543469 0.07109999656677246 -0.02309698797762394
v 0.009567085653543469 0.08089999854564667 -0.02309698797762394
v 0.009567085653543469 0.08089999854564667 -0.02309698797762394
v 0.009567085653543469 0.07109999656677246 -0.02309698797762394
v 0.017677670344710343 0.07109999656677246 -0.01767767034471035
v 0.009567085653543469 0.08089999854564667 -0.02309698797762394
v 0.017677670344710343 0.07109999656677246 -0.01767767034471035
v 0.017677670344710343 0.08089999854564667 -0.01767767034471035
v 0.017677670344710343 0.08089999854564667 -0.01767767034471035
v 0.017677670344710343 0.07109999656677246 -0.01767767034471035
v 0.023096987977623933 0.07109999656677246 -0.009567085653543472
v 0.017677670344710343 0.08089999854564667 -0.01767767034471035
v 0.023096987977623933 0.07109999656677246 -0.009567085653543472
v 0.023096987977623933 0.08089999854564667 -0.009567085653543472
v 0.023096987977623933 0.08089999854564667 -0.009567085653543472
v 0.023096987977623933 0.07109999656677246 -0.009567085653543472
v 0.025000000372529023 0.07109999656677246 7.360706253123621e-16
v -0.03800000250339507 0.046310242265462875 -0.04396131634712219
v -0.03800000250339507 0.0461106114089489 -0.044081587344408035
v -0.04946886748075484 0.03936886414885521 -0.0336509644985199
v -0.05078514292836188 0.04656539484858513 -0.025704434141516685
v -0.04705494642257689 0.048782940953969955 -0.03106357902288437
v -0.04946886748075484 0.03936886414885521 -0.0336509644985199
v -0.06323710083961484 0.016946978867053986 -0.001700255204923451
v -0.06255845725536344 0.021721817553043365 -0.008677688427269459
v -0.06448965519666669 0.012850428931415081 -0.01032665092498064
v -0.06179327890276907 -0.01875583454966545 -0.025783929973840714
v -0.0631587207317352 -0.019484743475914 -0.01993895322084427
v -0.06345897912979123 -0.01198587380349636 -0.024501780048012733
v -0.05254886299371717 -0.039207275956869125 -0.029864784330129623
v -0.05191917717456816 -0.036585915833711624 -0.03473063185811043
v -0.04922004416584967 -0.04274093732237816 -0.032514963299036026
v -0.06425189971923825 -0.01921156607568264 -0.014631319791078568
v -0.0643726587295532 -0.018827421590685844 -0.01433520670980215
v -0.0646942853927612 -0.011511039920151234 -0.019398808479309082
v -0.0645729526877403 -0.01819024048745632 -0.013844042085111141
v -0.06538727879524228 -0.014445571228861809 -0.010945445857942104
v -0.06562688201665876 -0.009786954149603844 -0.014527986757457256
v -0.06610305607318875 -0.006990661844611168 -0.005144818220287561
v -0.06598124653100965 -0.005647916812449694 -0.004091702867299318
v -0.06612114608287809 -0.002626701956614852 -0.007056270260363817
v -0.06398843973875043 0.006136316806077957 0.005181371234357357
v -0.06262899190187451 0.010295678861439228 0.008476195856928825
v -0.06305150687694547 0.012266169302165508 0.005377131514251232
v -0.04759718850255011 0.08089999854564667 0.020888492465019226
v -0.04816739261150359 0.08089999854564667 0.019323861226439476
v -0.048891805112361894 0.06569153070449829 0.02165023423731327
v -0.05114660412073134 0.08089999854564667 -0.009265289641916752
v -0.051082406193017946 0.08089999854564667 -0.009552107192575932
v -0.051900252699851976 0.06830624490976334 -0.008884024806320667
v -0.050216335803270326 0.08089999854564667 -0.013421611860394478
v -0.04835662618279456 0.08089999854564667 -0.018936319276690483
v -0.04888397455215453 0.06890086084604263 -0.01911265216767788
v -0.045196998864412294 0.08089999854564667 -0.02567199245095253
v -0.0439540036022663 0.08089999854564667 -0.027665413916110992
v -0.04416739568114279 0.06975515186786652 -0.028469249606132507
v -0.050440475344657884 0.00985772255808115 -0.06069999933242798
v -0.05048464611172675 0.009517153725028038 -0.06069999933242798
v -0.05123144015669821 0.00834928173571825 -0.05844702571630478
v -0.03799999877810477 -0.034603144973516464 -0.06069999933242798
v -0.03800069913268088 -0.035761088132858276 -0.058039430528879166
v -0.04096296429634093 -0.03354071453213692 -0.056363701820373535
v -0.04382037743926047 -0.029432930052280426 -0.05659721419215202
v -0.04213225096464156 -0.029431896284222603 -0.06069999933242798
v -0.04096296429634093 -0.03354071453213692 -0.056363701820373535
v -0.04096296429634093 -0.03354071453213692 -0.056363701820373535
v -0.04213225096464156 -0.029431896284222603 -0.06069999933242798
v -0.04069561883807181 -0.031229747459292412 -0.06069999933242798
v -0.04096296429634093 -0.03354071453213692 -0.056363701820373535
v -0.04069561883807181 -0.031229747459292412 -0.06069999933242798
v -0.03799999877810477 -0.034603144973516464 -0.06069999933242798
v -0.0477599687874317 -0.01879432424902916 -0.06069999933242798
v -0.04731246083974837 -0.02007242664694786 -0.06069999933242798
v -0.04829084500670432 -0.0205940343439579 -0.057115036994218826
v -0.04829084500670432 -0.0205940343439579 -0.057115036994218826
v -0.04731246083974837 -0.02007242664694786 -0.06069999933242798
v -0.045542936772108064 -0.023815995082259178 -0.06069999933242798
v -0.04829084500670432 -0.0205940343439579 -0.057115036994218826
v -0.045542936772108064 -0.023815995082259178 -0.06069999933242798
v -0.04382037743926047 -0.029432930052280426 -0.05659721419215202
v -0.04382037743926047 -0.029432930052280426 -0.05659721419215202
v -0.045542936772108064 -0.023815995082259178 -0.06069999933242798
v -0.043420244008302675 -0.027311138808727264 -0.06069999933242798
v -0.04382037743926047 -0.029432930052280426 -0.05659721419215202
v -0.043420244008302675 -0.027311138808727264 -0.06069999933242798
v -0.04213225096464156 -0.029431896284222603 -0.06069999933242798
v -0.0477599687874317 -0.01879432424902916 -0.06069999933242798
v -0.04829084500670432 -0.0205940343439579 -0.057115036994218826
v -0.04949957504868506 -0.01382592786103487 -0.06069999933242798
v -0.04949957504868506 -0.01382592786103487 -0.06069999933242798
v -0.04829084500670432 -0.0205940343439579 -0.057115036994218826
v -0.05105410516262053 -0.011145264841616154 -0.05760508030653
v -0.04949957504868506 -0.01382592786103487 -0.06069999933242798
v -0.05105410516262053 -0.011145264841616154 -0.05760508030653
v -0.050395831465721116 -0.009588063694536686 -0.06069999933242798
v -0.05204375088214873 -0.0013960932847112417 -0.05804245546460152
v -0.05128775909543036 -5.120766945765354e-05 -0.06069999933242798
v -0.05128967761993407 -0.0032780326437205076 -0.06069999933242798
v -0.05204375088214873 -0.0013960932847112417 -0.05804245546460152
v -0.05128967761993407 -0.0032780326437205076 -0.06069999933242798
v -0.05105410516262053 -0.011145264841616154 -0.05760508030653
v -0.05105410516262053 -0.011145264841616154 -0.05760508030653
v -0.05128967761993407 -0.0032780326437205076 -0.06069999933242798
v -0.05085932463407515 -0.007396474946290255 -0.06069999933242798
v -0.05105410516262053 -0.011145264841616154 -0.05760508030653
v -0.05085932463407515 -0.007396474946290255 -0.06069999933242798
v -0.050395831465721116 -0.009588063694536686 -0.06069999933242798
v -0.05123144015669821 0.00834928173571825 -0.05844702571630478
v -0.05048464611172675 0.009517153725028038 -0.06069999933242798
v -0.05204375088214873 -0.0013960932847112417 -0.05804245546460152
v -0.05204375088214873 -0.0013960932847112417 -0.05804245546460152
v -0.05048464611172675 0.009517153725028038 -0.06069999933242798
v -0.05128574371337889 0.0033407635055482388 -0.06069999933242798
v -0.05204375088214873 -0.0013960932847112417 -0.05804245546460152
v -0.05128574371337889 0.0033407635055482388 -0.06069999933242798
v -0.05128775909543036 -5.120766945765354e-05 -0.06069999933242798
v -0.049483940005302415 0.013883471488952637 -0.06069999933242798
v -0.04968876019120215 0.013021456077694893 -0.06069999933242798
v -0.047886565327644334 0.018715450540184975 -0.0605909489095211
v -0.04414733126759528 0.026816420257091522 -0.059316691011190414
v -0.04729026556015013 0.02012629434466362 -0.06069999933242798
v -0.047886565327644334 0.018715450540184975 -0.0605909489095211
v -0.047886565327644334 0.018715450540184975 -0.0605909489095211
v -0.04729026556015013 0.02012629434466362 -0.06069999933242798
v -0.04777980595827101 0.018733149394392967 -0.06069999933242798
v -0.047886565327644334 0.018715450540184975 -0.0605909489095211
v -0.04777980595827101 0.018733149394392967 -0.06069999933242798
v -0.049483940005302415 0.013883471488952637 -0.06069999933242798
v -0.04209967330098151 0.029478928074240685 -0.06069999933242798
v -0.043531630188226686 0.027248084545135498 -0.06069999933242798
v -0.04414733126759528 0.026816420257091522 -0.059316691011190414
v -0.04414733126759528 0.026816420257091522 -0.059316691011190414
v -0.043531630188226686 0.027248084545135498 -0.06069999933242798
v -0.04433680325746535 0.02599370665848255 -0.06069999933242798
v -0.04414733126759528 0.026816420257091522 -0.059316691011190414
v -0.04433680325746535 0.02599370665848255 -0.06069999933242798
v -0.04729026556015013 0.02012629434466362 -0.06069999933242798
v -0.0439540036022663 0.08089999854564667 -0.027665413916110992
v -0.04294258728623389 0.08089999854564667 -0.029287446290254593
v -0.03799999132752417 0.08001678436994553 -0.03553361818194389
v -0.03799999132752417 0.08001678436994553 -0.03553361818194389
v -0.04294258728623389 0.08089999854564667 -0.029287446290254593
v -0.03887097910046576 0.08089999854564667 -0.03450893983244896
v -0.03799999132752417 0.08001678436994553 -0.03553361818194389
v -0.03887097910046576 0.08089999854564667 -0.03450893983244896
v -0.03799999132752417 0.08089999854564667 -0.035465776920318604
v -0.045196998864412294 0.08089999854564667 -0.02567199245095253
v -0.04416739568114279 0.06975515186786652 -0.028469249606132507
v -0.04808910191059111 0.08089999854564667 -0.019729632884263992
v -0.05182828009128569 0.08089999854564667 0.0039562382735311985
v -0.051873903721570955 0.08089999854564667 0.00018651880964171141
v -0.052946459501981714 0.06764563173055649 0.0016243302961811423
v -0.052946459501981714 0.06764563173055649 0.0016243302961811423
v -0.051873903721570955 0.08089999854564667 0.00018651880964171141
v -0.05190884321928023 0.08089999854564667 -0.0027004980947822332
v -0.05182828009128569 0.08089999854564667 0.0039562382735311985
v -0.052946459501981714 0.06764563173055649 0.0016243302961811423
v -0.05133024230599402 0.08089999854564667 0.008187109604477882
v -0.05133024230599402 0.08089999854564667 0.008187109604477882
v -0.052946459501981714 0.06764563173055649 0.0016243302961811423
v -0.05191959813237189 0.06674744933843613 0.01191962230950594
v -0.05133024230599402 0.08089999854564667 0.008187109604477882
v -0.05191959813237189 0.06674744933843613 0.01191962230950594
v -0.05093906074762343 0.08089999854564667 0.009921926073729992
v -0.048891805112361894 0.06569153070449829 0.02165023423731327
v -0.04816739261150359 0.08089999854564667 0.019323861226439476
v -0.05191959813237189 0.06674744933843613 0.01191962230950594
v -0.05191959813237189 0.06674744933843613 0.01191962230950594
v -0.04816739261150359 0.08089999854564667 0.019323861226439476
v -0.04987655952572821 0.08089999854564667 0.014633926562964916
v -0.05191959813237189 0.06674744933843613 0.01191962230950594
v -0.04987655952572821 0.08089999854564667 0.014633926562964916
v -0.05093906074762343 0.08089999854564667 0.009921926073729992
v -0.038175676017999635 0.06586203724145889 0.03760945796966553
v -0.03815525397658347 0.06663300096988678 0.037425197660923004
v -0.0440627448260784 0.0645919218659401 0.03055484965443611
v -0.0440627448260784 0.0645919218659401 0.03055484965443611
v -0.03815525397658347 0.06663300096988678 0.037425197660923004
v -0.0380420573055744 0.07356835156679153 0.03625599294900894
v -0.0440627448260784 0.0645919218659401 0.03055484965443611
v -0.0380420573055744 0.07356835156679153 0.03625599294900894
v -0.03799999877810477 0.08089999854564667 0.03546576946973801
v -0.03799999877810477 0.08089999854564667 0.03546576946973801
v -0.04222122579813002 0.08089999854564667 0.03031812608242035
v -0.0440627448260784 0.0645919218659401 0.03055484965443611
v -0.0440627448260784 0.0645919218659401 0.03055484965443611
v -0.04222122579813002 0.08089999854564667 0.03031812608242035
v -0.04365688189864157 0.08089999854564667 0.028023840859532356
v -0.0440627448260784 0.0645919218659401 0.03055484965443611
v -0.04365688189864157 0.08089999854564667 0.028023840859532356
v -0.048891805112361894 0.06569153070449829 0.02165023423731327
v -0.048891805112361894 0.06569153070449829 0.02165023423731327
v -0.04365688189864157 0.08089999854564667 0.028023840859532356
v -0.04572702571749686 0.08089999854564667 0.024715598672628403
v -0.048891805112361894 0.06569153070449829 0.02165023423731327
v -0.04572702571749686 0.08089999854564667 0.024715598672628403
v -0.04759718850255011 0.08089999854564667 0.020888492465019226
v -0.044801987707614885 0.044452425092458725 0.035754770040512085
v -0.044467162340879426 0.04487580433487892 0.03609667718410492
v -0.0440627448260784 0.0645919218659401 0.03055484965443611
v -0.038175676017999635 0.06586203724145889 0.03760945796966553
v -0.0440627448260784 0.0645919218659401 0.03055484965443611
v -0.038240801542997346 0.06340304762125015 0.03819715231657028
v -0.038240801542997346 0.06340304762125015 0.03819715231657028
v -0.0440627448260784 0.0645919218659401 0.03055484965443611
v -0.044467162340879426 0.04487580433487892 0.03609667718410492
v -0.038240801542997346 0.06340304762125015 0.03819715231657028
v -0.044467162340879426 0.04487580433487892 0.03609667718410492
v -0.03856711462140082 0.051082294434309006 0.041141804307699203
v -0.045343335717916475 0.04376789182424545 0.035201966762542725
v -0.04531634226441382 0.04463696479797363 0.03503868356347084
v -0.0493643321096897 0.038683369755744934 0.031095881015062332
v -0.0493643321096897 0.038683369755744934 0.031095881015062332
v -0.04531634226441382 0.04463696479797363 0.03503868356347084
v -0.05071087926626204 0.04713485389947891 0.02508658729493618
v -0.0493643321096897 0.038683369755744934 0.031095881015062332
v -0.05071087926626204 0.04713485389947891 0.02508658729493618
v -0.05204994603991507 0.034394118934869766 0.027655508369207382
v -0.05204994603991507 0.034394118934869766 0.027655508369207382
v -0.05071087926626204 0.04713485389947891 0.02508658729493618
v -0.05347454547882078 0.03211886063218117 0.02583054080605507
v -0.05347454547882078 0.03211886063218117 0.02583054080605507
v -0.05071087926626204 0.04713485389947891 0.02508658729493618
v -0.054053716361522654 0.04970146715641022 0.014321583323180676
v -0.05347454547882078 0.03211886063218117 0.02583054080605507
v -0.054053716361522654 0.04970146715641022 0.014321583323180676
v -0.05603849887847898 0.026907192543148994 0.0216735377907753
v -0.06262899190187451 0.010295678861439228 0.008476195856928825
v -0.0610259026288986 0.015200478956103325 0.012361517176032066
v -0.060990359634160975 0.023197408765554428 0.005450677592307329
v -0.060990359634160975 0.023197408765554428 0.005450677592307329
v -0.0610259026288986 0.015200478956103325 0.012361517176032066
v -0.05974630266427992 0.018388252705335617 0.014894600957632065
v -0.060990359634160975 0.023197408765554428 0.005450677592307329
v -0.05974630266427992 0.018388252705335617 0.014894600957632065
v -0.05805736035108564 0.022595781832933426 0.0182380061596632
v -0.06508837640285489 0.00693758437409997 -0.0032501392997801304
v -0.06481202691793439 0.0024440442211925983 0.0022692836355417967
v -0.0641428008675575 0.005444290582090616 0.004635571502149105
v -0.06481202691793439 0.0024440442211925983 0.0022692836355417967
v -0.06508837640285489 0.00693758437409997 -0.0032501392997801304
v -0.06554543226957318 -0.0008439237717539072 -0.000323929765727371
v -0.06554543226957318 -0.0008439237717539072 -0.000323929765727371
v -0.06508837640285489 0.00693758437409997 -0.0032501392997801304
v -0.06574669480323789 0.0020279947202652693 -0.004775116220116615
v -0.06554543226957318 -0.0008439237717539072 -0.000323929765727371
v -0.06574669480323789 0.0020279947202652693 -0.004775116220116615
v -0.06560651957988736 -0.0015172745333984494 -0.0008520389092154801
v -0.06610305607318875 -0.006990661844611168 -0.005144818220287561
v -0.06612114608287809 -0.002626701956614852 -0.007056270260363817
v -0.06593089550733564 -0.0099842743948102 -0.007477963343262672
v -0.06263933330774304 -0.02322186715900898 -0.01771092414855957
v -0.0631587207317352 -0.019484743475914 -0.01993895322084427
v -0.061931606382131556 -0.02496948465704918 -0.019052794203162193
v -0.061931606382131556 -0.02496948465704918 -0.019052794203162193
v -0.0631587207317352 -0.019484743475914 -0.01993895322084427
v -0.06179327890276907 -0.01875583454966545 -0.025783929973840714
v -0.061931606382131556 -0.02496948465704918 -0.019052794203162193
v -0.06179327890276907 -0.01875583454966545 -0.025783929973840714
v -0.060499269515275934 -0.02761615440249443 -0.021073002368211746
v -0.060499269515275934 -0.02761615440249443 -0.021073002368211746
v -0.06179327890276907 -0.01875583454966545 -0.025783929973840714
v -0.05887172743678091 -0.030623530969023705 -0.023368539288640022
v -0.05887172743678091 -0.030623530969023705 -0.023368539288640022
v -0.06179327890276907 -0.01875583454966545 -0.025783929973840714
v -0.05953897163271902 -0.024105597287416458 -0.02835419774055481
v -0.05887172743678091 -0.030623530969023705 -0.023368539288640022
v -0.05953897163271902 -0.024105597287416458 -0.02835419774055481
v -0.058405958116054514 -0.0313086174428463 -0.02388830855488777
v -0.05780419707298277 -0.032193731516599655 -0.024559838697314262
v -0.058214738965034464 -0.03096291422843933 -0.025067094713449478
v -0.055067576467990854 -0.03621894121170044 -0.027613740414381027
v -0.055067576467990854 -0.03621894121170044 -0.027613740414381027
v -0.058214738965034464 -0.03096291422843933 -0.025067094713449478
v -0.05690252408385275 -0.0280433539301157 -0.032085176557302475
v -0.055067576467990854 -0.03621894121170044 -0.027613740414381027
v -0.05690252408385275 -0.0280433539301157 -0.032085176557302475
v -0.05434636026620863 -0.03712144494056702 -0.028294887393712997
v -0.05434636026620863 -0.03712144494056702 -0.028294887393712997
v -0.05690252408385275 -0.0280433539301157 -0.032085176557302475
v -0.05341011658310888 -0.0382930226624012 -0.029179111123085022
v -0.05191917717456816 -0.036585915833711624 -0.03473063185811043
v -0.05254886299371717 -0.039207275956869125 -0.029864784330129623
v -0.05552211031317709 -0.02447952888906002 -0.03887764737010002
v -0.048983182758092866 -0.04299236834049225 -0.03270353376865387
v -0.05075973272323607 -0.031648505479097366 -0.04249364882707596
v -0.04586806148290633 -0.04561333358287811 -0.03464774042367935
v -0.04586806148290633 -0.04561333358287811 -0.03464774042367935
v -0.05075973272323607 -0.031648505479097366 -0.04249364882707596
v -0.04549549147486685 -0.042488034814596176 -0.0394878014922142
v -0.04586806148290633 -0.04561333358287811 -0.03464774042367935
v -0.04549549147486685 -0.042488034814596176 -0.0394878014922142
v -0.04389826580882071 -0.04727065563201904 -0.03587712347507477
v -0.04389826580882071 -0.04727065563201904 -0.03587712347507477
v -0.04549549147486685 -0.042488034814596176 -0.0394878014922142
v -0.042053274810314165 -0.04854343831539154 -0.036810215562582016
v -0.042053274810314165 -0.04854343831539154 -0.036810215562582016
v -0.04549549147486685 -0.042488034814596176 -0.0394878014922142
v -0.0420163683593273 -0.047697216272354126 -0.03813031688332558
v -0.042053274810314165 -0.04854343831539154 -0.036810215562582016
v -0.0420163683593273 -0.047697216272354126 -0.03813031688332558
v -0.04007570073008536 -0.04990768060088158 -0.03781036287546158
v -0.04007570073008536 -0.04990768060088158 -0.03781036287546158
v -0.0420163683593273 -0.047697216272354126 -0.03813031688332558
v -0.038100130856037126 -0.04936081916093826 -0.04130304977297783
v -0.04007570073008536 -0.04990768060088158 -0.03781036287546158
v -0.038100130856037126 -0.04936081916093826 -0.04130304977297783
v -0.038126002997159944 -0.05125269293785095 -0.03879640996456146
v -0.03800069913268088 -0.035761088132858276 -0.058039430528879166
v -0.038001533597707735 -0.0360129177570343 -0.057717856019735336
v -0.04096296429634093 -0.03354071453213692 -0.056363701820373535
v -0.04096296429634093 -0.03354071453213692 -0.056363701820373535
v -0.038001533597707735 -0.0360129177570343 -0.057717856019735336
v -0.03800522908568381 -0.037123896181583405 -0.05629918724298477
v -0.04096296429634093 -0.03354071453213692 -0.056363701820373535
v -0.03800522908568381 -0.037123896181583405 -0.05629918724298477
v -0.03800869360566138 -0.0381673201918602 -0.05496678873896599
v -0.03800869360566138 -0.0381673201918602 -0.05496678873896599
v -0.03801352903246878 -0.039622023701667786 -0.053109198808670044
v -0.0414857119321823 -0.04077239707112312 -0.04733293503522873
v -0.0414857119321823 -0.04077239707112312 -0.04733293503522873
v -0.03801352903246878 -0.039622023701667786 -0.053109198808670044
v -0.038039728999137865 -0.04256827384233475 -0.04953752085566521
v -0.0414857119321823 -0.04077239707112312 -0.04733293503522873
v -0.038039728999137865 -0.04256827384233475 -0.04953752085566521
v -0.03805942460894583 -0.04478324204683304 -0.04685235396027565
v -0.05311226099729536 0.017630215734243393 -0.04672974348068237
v -0.04715096205472945 0.0247065257281065 -0.053477030247449875
v -0.05073272064328192 0.01864136941730976 -0.05177551135420799
v -0.05073272064328192 0.01864136941730976 -0.05177551135420799
v -0.04715096205472945 0.0247065257281065 -0.053477030247449875
v -0.04519962891936301 0.02593555487692356 -0.05738260596990585
v -0.05073272064328192 0.01864136941730976 -0.05177551135420799
v -0.04519962891936301 0.02593555487692356 -0.05738260596990585
v -0.04802589118480681 0.020907515659928322 -0.05665711686015129
v -0.04802589118480681 0.020907515659928322 -0.05665711686015129
v -0.04519962891936301 0.02593555487692356 -0.05738260596990585
v -0.04414733126759528 0.026816420257091522 -0.059316691011190414
v -0.04802589118480681 0.020907515659928322 -0.05665711686015129
v -0.04414733126759528 0.026816420257091522 -0.059316691011190414
v -0.04860322549939154 0.01783829927444458 -0.05886934697628021
v -0.04860322549939154 0.01783829927444458 -0.05886934697628021
v -0.04414733126759528 0.026816420257091522 -0.059316691011190414
v -0.047886565327644334 0.018715450540184975 -0.0605909489095211
v -0.04860322549939154 0.01783829927444458 -0.05886934697628021
v -0.047886565327644334 0.018715450540184975 -0.0605909489095211
v -0.05123144015669821 0.00834928173571825 -0.05844702571630478
v -0.05123144015669821 0.00834928173571825 -0.05844702571630478
v -0.047886565327644334 0.018715450540184975 -0.0605909489095211
v -0.04968876019120215 0.013021456077694893 -0.06069999933242798
v -0.05123144015669821 0.00834928173571825 -0.05844702571630478
v -0.04968876019120215 0.013021456077694893 -0.06069999933242798
v -0.050440475344657884 0.00985772255808115 -0.06069999933242798
v -0.04881806299090384 0.024384615942835808 -0.04943016171455383
v -0.04367832094430922 0.030765043571591377 -0.051932744681835175
v -0.042836245149373994 0.03048020228743553 -0.055056121200323105
v -0.038000006228685365 0.03669622913002968 -0.054282888770103455
v -0.038000006228685365 0.03657926619052887 -0.05451216548681259
v -0.04367832094430922 0.030765043571591377 -0.051932744681835175
v -0.04367832094430922 0.030765043571591377 -0.051932744681835175
v -0.038000006228685365 0.03657926619052887 -0.05451216548681259
v -0.038000006228685365 0.036302562803030014 -0.055054571479558945
v -0.04367832094430922 0.030765043571591377 -0.051932744681835175
v -0.038000006228685365 0.036302562803030014 -0.055054571479558945
v -0.042836245149373994 0.03048020228743553 -0.055056121200323105
v -0.042836245149373994 0.03048020228743553 -0.055056121200323105
v -0.038000006228685365 0.036302562803030014 -0.055054571479558945
v -0.038000006228685365 0.03587198629975319 -0.05648493021726608
v -0.042836245149373994 0.03048020228743553 -0.055056121200323105
v -0.038000006228685365 0.03587198629975319 -0.05648493021726608
v -0.038000009953975664 0.03521764650940895 -0.05865861475467682
v -0.05311226099729536 0.017630215734243393 -0.04672974348068237
v -0.04881806299090384 0.024384615942835808 -0.04943016171455383
v -0.04715096205472945 0.0247065257281065 -0.053477030247449875
v -0.04715096205472945 0.0247065257281065 -0.053477030247449875
v -0.04881806299090384 0.024384615942835808 -0.04943016171455383
v -0.042836245149373994 0.03048020228743553 -0.055056121200323105
v -0.04715096205472945 0.0247065257281065 -0.053477030247449875
v -0.042836245149373994 0.03048020228743553 -0.055056121200323105
v -0.04519962891936301 0.02593555487692356 -0.05738260596990585
v -0.04519962891936301 0.02593555487692356 -0.05738260596990585
v -0.042836245149373994 0.03048020228743553 -0.055056121200323105
v -0.038000009953975664 0.03521764650940895 -0.05865861475467682
v -0.04519962891936301 0.02593555487692356 -0.05738260596990585
v -0.038000009953975664 0.03521764650940895 -0.05865861475467682
v -0.04414733126759528 0.026816420257091522 -0.059316691011190414
v -0.04414733126759528 0.026816420257091522 -0.059316691011190414
v -0.038000009953975664 0.03521764650940895 -0.05865861475467682
v -0.038000009953975664 0.03460313379764557 -0.06069999933242798
v -0.04414733126759528 0.026816420257091522 -0.059316691011190414
v -0.038000009953975664 0.03460313379764557 -0.06069999933242798
v -0.04209967330098151 0.029478928074240685 -0.06069999933242798
v -0.06538727879524228 -0.014445571228861809 -0.010945445857942104
v -0.06577754020690915 -0.01265094242990017 -0.009556297212839127
v -0.06562688201665876 -0.009786954149603844 -0.014527986757457256
v -0.06562688201665876 -0.009786954149603844 -0.014527986757457256
v -0.06577754020690915 -0.01265094242990017 -0.009556297212839127
v -0.06610958278179166 -0.006716650910675526 -0.010300187394022942
v -0.06562688201665876 -0.009786954149603844 -0.014527986757457256
v -0.06610958278179166 -0.006716650910675526 -0.010300187394022942
v -0.06556849181652066 0.0006719022057950497 -0.016702614724636078
v -0.06556849181652066 0.0006719022057950497 -0.016702614724636078
v -0.06610958278179166 -0.006716650910675526 -0.010300187394022942
v -0.06556803733110425 0.0043482412584125996 -0.01383937243372202
v -0.06556849181652066 0.0006719022057950497 -0.016702614724636078
v -0.06556803733110425 0.0043482412584125996 -0.01383937243372202
v -0.06388006359338758 0.011330576613545418 -0.020420800894498825
v -0.06388006359338758 0.011330576613545418 -0.020420800894498825
v -0.06556803733110425 0.0043482412584125996 -0.01383937243372202
v -0.06348022073507306 0.01496860384941101 -0.018558690324425697
v -0.0643726587295532 -0.018827421590685844 -0.01433520670980215
v -0.0645729526877403 -0.01819024048745632 -0.013844042085111141
v -0.0646942853927612 -0.011511039920151234 -0.019398808479309082
v -0.0646942853927612 -0.011511039920151234 -0.019398808479309082
v -0.0645729526877403 -0.01819024048745632 -0.013844042085111141
v -0.06562688201665876 -0.009786954149603844 -0.014527986757457256
v -0.0646942853927612 -0.011511039920151234 -0.019398808479309082
v -0.06562688201665876 -0.009786954149603844 -0.014527986757457256
v -0.06509801745414731 -0.0021471306681632996 -0.020380351692438126
v -0.06509801745414731 -0.0021471306681632996 -0.020380351692438126
v -0.06562688201665876 -0.009786954149603844 -0.014527986757457256
v -0.06556849181652066 0.0006719022057950497 -0.016702614724636078
v -0.06509801745414731 -0.0021471306681632996 -0.020380351692438126
v -0.06556849181652066 0.0006719022057950497 -0.016702614724636078
v -0.06390386819839475 0.00806762371212244 -0.022919166833162308
v -0.06390386819839475 0.00806762371212244 -0.022919166833162308
v -0.06556849181652066 0.0006719022057950497 -0.016702614724636078
v -0.06388006359338758 0.011330576613545418 -0.020420800894498825
v -0.06390386819839475 0.00806762371212244 -0.022919166833162308
v -0.06388006359338758 0.011330576613545418 -0.020420800894498825
v -0.06090419366955755 0.01816621795296669 -0.026688115671277046
v -0.06090419366955755 0.01816621795296669 -0.026688115671277046
v -0.06388006359338758 0.011330576613545418 -0.020420800894498825
v -0.06348022073507306 0.01496860384941101 -0.018558690324425697
v -0.06090419366955755 0.01816621795296669 -0.026688115671277046
v -0.06348022073507306 0.01496860384941101 -0.018558690324425697
v -0.05988069251179693 0.02453540824353695 -0.02373393438756466
v -0.06398843973875043 0.006136316806077957 0.005181371234357357
v -0.06305150687694547 0.012266169302165508 0.005377131514251232
v -0.0641428008675575 0.005444290582090616 0.004635571502149105
v -0.0641428008675575 0.005444290582090616 0.004635571502149105
v -0.06305150687694547 0.012266169302165508 0.005377131514251232
v -0.06323710083961484 0.016946978867053986 -0.001700255204923451
v -0.0641428008675575 0.005444290582090616 0.004635571502149105
v -0.06323710083961484 0.016946978867053986 -0.001700255204923451
v -0.06508837640285489 0.00693758437409997 -0.0032501392997801304
v -0.06508837640285489 0.00693758437409997 -0.0032501392997801304
v -0.06323710083961484 0.016946978867053986 -0.001700255204923451
v -0.06448965519666669 0.012850428931415081 -0.01032665092498064
v -0.06508837640285489 0.00693758437409997 -0.0032501392997801304
v -0.06448965519666669 0.012850428931415081 -0.01032665092498064
v -0.06574669480323789 0.0020279947202652693 -0.004775116220116615
v -0.053025271743535975 0.0053153918124735355 -0.05448651313781738
v -0.0571727007627487 -0.006042430642992258 -0.044575177133083344
v -0.05662212148308752 0.00010981692321365699 -0.04638322442770004
v -0.05662212148308752 0.00010981692321365699 -0.04638322442770004
v -0.0571727007627487 -0.006042430642992258 -0.044575177133083344
v -0.06049397587776182 -0.010272163897752762 -0.03471207618713379
v -0.05662212148308752 0.00010981692321365699 -0.04638322442770004
v -0.06049397587776182 -0.010272163897752762 -0.03471207618713379
v -0.05997987836599348 -0.0033097697887569666 -0.03780777379870415
v -0.05997987836599348 -0.0033097697887569666 -0.03780777379870415
v -0.06049397587776182 -0.010272163897752762 -0.03471207618713379
v -0.06152997538447378 -0.0042028059251606464 -0.03341253474354744
v -0.05997987836599348 -0.0033097697887569666 -0.03780777379870415
v -0.06152997538447378 -0.0042028059251606464 -0.03341253474354744
v -0.06013451889157293 0.003123457543551922 -0.03712641820311546
v -0.06013451889157293 0.003123457543551922 -0.03712641820311546
v -0.06152997538447378 -0.0042028059251606464 -0.03341253474354744
v -0.06147894263267515 0.003143596462905407 -0.03337537869811058
v -0.06013451889157293 0.003123457543551922 -0.03712641820311546
v -0.06147894263267515 0.003143596462905407 -0.03337537869811058
v -0.058887626975774744 0.010676315054297447 -0.03760935738682747
v -0.058887626975774744 0.010676315054297447 -0.03760935738682747
v -0.06147894263267515 0.003143596462905407 -0.03337537869811058
v -0.05988504737615583 0.011500630527734756 -0.034502044320106506
v -0.058887626975774744 0.010676315054297447 -0.03760935738682747
v -0.05988504737615583 0.011500630527734756 -0.034502044320106506
v -0.05587913095951078 0.01890702173113823 -0.039065394550561905
v -0.05587913095951078 0.01890702173113823 -0.039065394550561905
v -0.05988504737615583 0.011500630527734756 -0.034502044320106506
v -0.056435853242874125 0.02031484991312027 -0.03660529479384422
v -0.05587913095951078 0.01890702173113823 -0.039065394550561905
v -0.056435853242874125 0.02031484991312027 -0.03660529479384422
v -0.051064629107713685 0.02715054526925087 -0.041299037635326385
v -0.044778540730476366 0.03345036134123802 -0.04565086215734482
v -0.04435005411505698 0.03169706091284752 -0.04876226186752319
v -0.050699822604656206 0.025934334844350815 -0.043281055986881256
v -0.050699822604656206 0.025934334844350815 -0.043281055986881256
v -0.04435005411505698 0.03169706091284752 -0.04876226186752319
v -0.050176352262496934 0.025105847045779228 -0.045323748141527176
v -0.050699822604656206 0.025934334844350815 -0.043281055986881256
v -0.050176352262496934 0.025105847045779228 -0.045323748141527176
v -0.0550987049937248 0.018048621714115143 -0.041611816734075546
v -0.0550987049937248 0.018048621714115143 -0.041611816734075546
v -0.050176352262496934 0.025105847045779228 -0.045323748141527176
v -0.05416312441229818 0.017645614221692085 -0.04417318105697632
v -0.0550987049937248 0.018048621714115143 -0.041611816734075546
v -0.05416312441229818 0.017645614221692085 -0.04417318105697632
v -0.05770760029554365 0.010436827316880226 -0.040735483169555664
v -0.05770760029554365 0.010436827316880226 -0.040735483169555664
v -0.05416312441229818 0.017645614221692085 -0.04417318105697632
v -0.05639759078621862 0.010684716515243053 -0.043853096663951874
v -0.05770760029554365 0.010436827316880226 -0.040735483169555664
v -0.05639759078621862 0.010684716515243053 -0.043853096663951874
v -0.05865718796849249 0.0036821351386606693 -0.04086108133196831
v -0.05865718796849249 0.0036821351386606693 -0.04086108133196831
v -0.05639759078621862 0.010684716515243053 -0.043853096663951874
v -0.053485434502363184 0.012463000603020191 -0.04999504238367081
v -0.05865718796849249 0.0036821351386606693 -0.04086108133196831
v -0.053485434502363184 0.012463000603020191 -0.04999504238367081
v -0.055422689765691736 0.006275447551161051 -0.04818776622414589
v -0.055422689765691736 0.006275447551161051 -0.04818776622414589
v -0.053485434502363184 0.012463000603020191 -0.04999504238367081
v -0.05026045069098471 0.01575780287384987 -0.055917080491781235
v -0.055422689765691736 0.006275447551161051 -0.04818776622414589
v -0.05026045069098471 0.01575780287384987 -0.055917080491781235
v -0.05191460996866225 0.010553067550063133 -0.055190470069646835
v -0.05385315790772436 0.044157713651657104 -0.020019887015223503
v -0.05427227169275282 0.035455573350191116 -0.02801407501101494
v -0.05812142789363859 0.0311270859092474 -0.02193797565996647
v -0.05812142789363859 0.0311270859092474 -0.02193797565996647
v -0.05427227169275282 0.035455573350191116 -0.02801407501101494
v -0.05572919175028799 0.029957056045532227 -0.02983802556991577
v -0.05812142789363859 0.0311270859092474 -0.02193797565996647
v -0.05572919175028799 0.029957056045532227 -0.02983802556991577
v -0.05988069251179693 0.02453540824353695 -0.02373393438756466
v -0.05988069251179693 0.02453540824353695 -0.02373393438756466
v -0.05572919175028799 0.029957056045532227 -0.02983802556991577
v -0.05660768598318098 0.024663781747221947 -0.03253213316202164
v -0.05988069251179693 0.02453540824353695 -0.02373393438756466
v -0.05660768598318098 0.024663781747221947 -0.03253213316202164
v -0.06090419366955755 0.01816621795296669 -0.026688115671277046
v -0.06090419366955755 0.01816621795296669 -0.026688115671277046
v -0.05660768598318098 0.024663781747221947 -0.03253213316202164
v -0.060956671833991984 0.015331742353737354 -0.02884776145219803
v -0.06090419366955755 0.01816621795296669 -0.026688115671277046
v -0.060956671833991984 0.015331742353737354 -0.02884776145219803
v -0.06390386819839475 0.00806762371212244 -0.022919166833162308
v -0.06390386819839475 0.00806762371212244 -0.022919166833162308
v -0.060956671833991984 0.015331742353737354 -0.02884776145219803
v -0.06347994506359098 0.005502451676875353 -0.02607106789946556
v -0.06390386819839475 0.00806762371212244 -0.022919166833162308
v -0.06347994506359098 0.005502451676875353 -0.02607106789946556
v -0.06509801745414731 -0.0021471306681632996 -0.020380351692438126
v -0.06509801745414731 -0.0021471306681632996 -0.020380351692438126
v -0.06347994506359098 0.005502451676875353 -0.02607106789946556
v -0.06417858600616452 -0.0038254838436841965 -0.024588437750935555
v -0.06509801745414731 -0.0021471306681632996 -0.020380351692438126
v -0.06417858600616452 -0.0038254838436841965 -0.024588437750935555
v -0.0646942853927612 -0.011511039920151234 -0.019398808479309082
v -0.0646942853927612 -0.011511039920151234 -0.019398808479309082
v -0.06417858600616452 -0.0038254838436841965 -0.024588437750935555
v -0.06345897912979123 -0.01198587380349636 -0.024501780048012733
v -0.0646942853927612 -0.011511039920151234 -0.019398808479309082
v -0.06345897912979123 -0.01198587380349636 -0.024501780048012733
v -0.06425189971923825 -0.01921156607568264 -0.014631319791078568
v -0.06425189971923825 -0.01921156607568264 -0.014631319791078568
v -0.06345897912979123 -0.01198587380349636 -0.024501780048012733
v -0.0631587207317352 -0.019484743475914 -0.01993895322084427
v -0.06425189971923825 -0.01921156607568264 -0.014631319791078568
v -0.0631587207317352 -0.019484743475914 -0.01993895322084427
v -0.06421211361885068 -0.019338136538863182 -0.014728885143995285
v -0.06421211361885068 -0.019338136538863182 -0.014728885143995285
v -0.0631587207317352 -0.019484743475914 -0.01993895322084427
v -0.06263933330774304 -0.02322186715900898 -0.01771092414855957
v -0.03800000250339507 0.043431270867586136 -0.045876748859882355
v -0.038000006228685365 0.041138581931591034 -0.047810472548007965
v -0.04445620253682135 0.03932663053274155 -0.04070930555462837
v -0.04445620253682135 0.03932663053274155 -0.04070930555462837
v -0.038000006228685365 0.041138581931591034 -0.047810472548007965
v -0.04479207098484038 0.03611323982477188 -0.04290507733821869
v -0.038000006228685365 0.041138581931591034 -0.047810472548007965
v -0.038000006228685365 0.04082835465669632 -0.048072125762701035
v -0.04479207098484038 0.03611323982477188 -0.04290507733821869
v -0.04479207098484038 0.03611323982477188 -0.04290507733821869
v -0.038000006228685365 0.04082835465669632 -0.048072125762701035
v -0.038000006228685365 0.04055001959204674 -0.04841695725917816
v -0.04479207098484038 0.03611323982477188 -0.04290507733821869
v -0.038000006228685365 0.04055001959204674 -0.04841695725917816
v -0.044778540730476366 0.03345036134123802 -0.04565086215734482
v -0.044778540730476366 0.03345036134123802 -0.04565086215734482
v -0.038000006228685365 0.04055001959204674 -0.04841695725917816
v -0.038000006228685365 0.03932638093829155 -0.04993294179439545
v -0.044778540730476366 0.03345036134123802 -0.04565086215734482
v -0.038000006228685365 0.03932638093829155 -0.04993294179439545
v -0.04435005411505698 0.03169706091284752 -0.04876226186752319
v -0.04435005411505698 0.03169706091284752 -0.04876226186752319
v -0.038000006228685365 0.03932638093829155 -0.04993294179439545
v -0.038000006228685365 0.038209252059459686 -0.05131696164608002
v -0.04435005411505698 0.03169706091284752 -0.04876226186752319
v -0.038000006228685365 0.038209252059459686 -0.05131696164608002
v -0.038000006228685365 0.03782493993639946 -0.052070315927267075
v -0.038000006228685365 0.03782493993639946 -0.052070315927267075
v -0.038000006228685365 0.03669622913002968 -0.054282888770103455
v -0.04435005411505698 0.03169706091284752 -0.04876226186752319
v -0.04435005411505698 0.03169706091284752 -0.04876226186752319
v -0.038000006228685365 0.03669622913002968 -0.054282888770103455
v -0.04367832094430922 0.030765043571591377 -0.051932744681835175
v -0.04435005411505698 0.03169706091284752 -0.04876226186752319
v -0.04367832094430922 0.030765043571591377 -0.051932744681835175
v -0.050176352262496934 0.025105847045779228 -0.045323748141527176
v -0.050176352262496934 0.025105847045779228 -0.045323748141527176
v -0.04367832094430922 0.030765043571591377 -0.051932744681835175
v -0.04881806299090384 0.024384615942835808 -0.04943016171455383
v -0.050176352262496934 0.025105847045779228 -0.045323748141527176
v -0.04881806299090384 0.024384615942835808 -0.04943016171455383
v -0.05416312441229818 0.017645614221692085 -0.04417318105697632
v -0.05416312441229818 0.017645614221692085 -0.04417318105697632
v -0.04881806299090384 0.024384615942835808 -0.04943016171455383
v -0.05311226099729536 0.017630215734243393 -0.04672974348068237
v -0.05416312441229818 0.017645614221692085 -0.04417318105697632
v -0.05311226099729536 0.017630215734243393 -0.04672974348068237
v -0.05639759078621862 0.010684716515243053 -0.043853096663951874
v -0.05639759078621862 0.010684716515243053 -0.043853096663951874
v -0.05311226099729536 0.017630215734243393 -0.04672974348068237
v -0.05073272064328192 0.01864136941730976 -0.05177551135420799
v -0.05639759078621862 0.010684716515243053 -0.043853096663951874
v -0.05073272064328192 0.01864136941730976 -0.05177551135420799
v -0.053485434502363184 0.012463000603020191 -0.04999504238367081
v -0.053485434502363184 0.012463000603020191 -0.04999504238367081
v -0.05073272064328192 0.01864136941730976 -0.05177551135420799
v -0.04802589118480681 0.020907515659928322 -0.05665711686015129
v -0.053485434502363184 0.012463000603020191 -0.04999504238367081
v -0.04802589118480681 0.020907515659928322 -0.05665711686015129
v -0.05026045069098471 0.01575780287384987 -0.055917080491781235
v -0.05026045069098471 0.01575780287384987 -0.055917080491781235
v -0.04802589118480681 0.020907515659928322 -0.05665711686015129
v -0.04860322549939154 0.01783829927444458 -0.05886934697628021
v -0.05026045069098471 0.01575780287384987 -0.055917080491781235
v -0.04860322549939154 0.01783829927444458 -0.05886934697628021
v -0.05191460996866225 0.010553067550063133 -0.055190470069646835
v -0.05191460996866225 0.010553067550063133 -0.055190470069646835
v -0.04860322549939154 0.01783829927444458 -0.05886934697628021
v -0.05123144015669821 0.00834928173571825 -0.05844702571630478
v -0.06262899190187451 0.010295678861439228 0.008476195856928825
v -0.060990359634160975 0.023197408765554428 0.005450677592307329
v -0.06305150687694547 0.012266169302165508 0.005377131514251232
v -0.06305150687694547 0.012266169302165508 0.005377131514251232
v -0.060990359634160975 0.023197408765554428 0.005450677592307329
v -0.06099972128868101 0.026813587173819542 -0.0013221473200246692
v -0.06305150687694547 0.012266169302165508 0.005377131514251232
v -0.06099972128868101 0.026813587173819542 -0.0013221473200246692
v -0.06323710083961484 0.016946978867053986 -0.001700255204923451
v -0.06323710083961484 0.016946978867053986 -0.001700255204923451
v -0.06099972128868101 0.026813587173819542 -0.0013221473200246692
v -0.0602234825491905 0.03048883192241192 -0.008009472861886024
v -0.06323710083961484 0.016946978867053986 -0.001700255204923451
v -0.0602234825491905 0.03048883192241192 -0.008009472861886024
v -0.06255845725536344 0.021721817553043365 -0.008677688427269459
v -0.05760435014963148 0.023724328726530075 0.019134778529405594
v -0.057210952043533304 0.028481582179665565 0.017577016726136208
v -0.05805736035108564 0.022595781832933426 0.0182380061596632
v -0.05805736035108564 0.022595781832933426 0.0182380061596632
v -0.057210952043533304 0.028481582179665565 0.017577016726136208
v -0.05883035436272619 0.03363173082470894 0.004836950916796923
v -0.05805736035108564 0.022595781832933426 0.0182380061596632
v -0.05883035436272619 0.03363173082470894 0.004836950916796923
v -0.060990359634160975 0.023197408765554428 0.005450677592307329
v -0.060990359634160975 0.023197408765554428 0.005450677592307329
v -0.05883035436272619 0.03363173082470894 0.004836950916796923
v -0.058664456009864786 0.03628752753138542 -0.0015547128859907389
v -0.060990359634160975 0.023197408765554428 0.005450677592307329
v -0.058664456009864786 0.03628752753138542 -0.0015547128859907389
v -0.06099972128868101 0.026813587173819542 -0.0013221473200246692
v -0.06099972128868101 0.026813587173819542 -0.0013221473200246692
v -0.058664456009864786 0.03628752753138542 -0.0015547128859907389
v -0.05779701843857763 0.03895926475524902 -0.007875809445977211
v -0.06099972128868101 0.026813587173819542 -0.0013221473200246692
v -0.05779701843857763 0.03895926475524902 -0.007875809445977211
v -0.0602234825491905 0.03048883192241192 -0.008009472861886024
v -0.05508686974644659 0.05220774933695793 0.0030652757268399
v -0.051900252699851976 0.06830624490976334 -0.008884024806320667
v -0.053785156458616236 0.054527126252651215 -0.008268817327916622
v -0.053785156458616236 0.054527126252651215 -0.008268817327916622
v -0.051900252699851976 0.06830624490976334 -0.008884024806320667
v -0.05231739580631254 0.05561746656894684 -0.013826457783579826
v -0.053785156458616236 0.054527126252651215 -0.008268817327916622
v -0.05231739580631254 0.05561746656894684 -0.013826457783579826
v -0.05619738623499868 0.04160207509994507 -0.014055168256163597
v -0.06577754020690915 -0.01265094242990017 -0.009556297212839127
v -0.06593089550733564 -0.0099842743948102 -0.007477963343262672
v -0.06610958278179166 -0.006716650910675526 -0.010300187394022942
v -0.06610958278179166 -0.006716650910675526 -0.010300187394022942
v -0.06593089550733564 -0.0099842743948102 -0.007477963343262672
v -0.06612114608287809 -0.002626701956614852 -0.007056270260363817
v -0.06610958278179166 -0.006716650910675526 -0.010300187394022942
v -0.06612114608287809 -0.002626701956614852 -0.007056270260363817
v -0.06556803733110425 0.0043482412584125996 -0.01383937243372202
v -0.06556803733110425 0.0043482412584125996 -0.01383937243372202
v -0.06612114608287809 -0.002626701956614852 -0.007056270260363817
v -0.06517541408538816 0.008494382724165916 -0.011771345511078835
v -0.06556803733110425 0.0043482412584125996 -0.01383937243372202
v -0.06517541408538816 0.008494382724165916 -0.011771345511078835
v -0.06348022073507306 0.01496860384941101 -0.018558690324425697
v -0.06348022073507306 0.01496860384941101 -0.018558690324425697
v -0.06517541408538816 0.008494382724165916 -0.011771345511078835
v -0.06279674917459485 0.01877015456557274 -0.017194213345646858
v -0.06348022073507306 0.01496860384941101 -0.018558690324425697
v -0.06279674917459485 0.01877015456557274 -0.017194213345646858
v -0.05988069251179693 0.02453540824353695 -0.02373393438756466
v -0.05988069251179693 0.02453540824353695 -0.02373393438756466
v -0.06279674917459485 0.01877015456557274 -0.017194213345646858
v -0.06088435277342794 0.026495812460780144 -0.015460263006389141
v -0.05988069251179693 0.02453540824353695 -0.02373393438756466
v -0.06088435277342794 0.026495812460780144 -0.015460263006389141
v -0.05812142789363859 0.0311270859092474 -0.02193797565996647
v -0.05812142789363859 0.0311270859092474 -0.02193797565996647
v -0.06088435277342794 0.026495812460780144 -0.015460263006389141
v -0.05619738623499868 0.04160207509994507 -0.014055168256163597
v -0.05812142789363859 0.0311270859092474 -0.02193797565996647
v -0.05619738623499868 0.04160207509994507 -0.014055168256163597
v -0.05385315790772436 0.044157713651657104 -0.020019887015223503
v -0.05385315790772436 0.044157713651657104 -0.020019887015223503
v -0.05619738623499868 0.04160207509994507 -0.014055168256163597
v -0.05231739580631254 0.05561746656894684 -0.013826457783579826
v -0.04705494642257689 0.048782940953969955 -0.03106357902288437
v -0.05078514292836188 0.04656539484858513 -0.025704434141516685
v -0.04506631568074225 0.05887880548834801 -0.029398348182439804
v -0.04835662618279456 0.08089999854564667 -0.018936319276690483
v -0.04808910191059111 0.08089999854564667 -0.019729632884263992
v -0.04888397455215453 0.06890086084604263 -0.01911265216767788
v -0.04888397455215453 0.06890086084604263 -0.01911265216767788
v -0.04808910191059111 0.08089999854564667 -0.019729632884263992
v -0.04416739568114279 0.06975515186786652 -0.028469249606132507
v -0.04888397455215453 0.06890086084604263 -0.01911265216767788
v -0.04416739568114279 0.06975515186786652 -0.028469249606132507
v -0.050356209278106676 0.05669095739722252 -0.019238095730543137
v -0.0439540036022663 0.08089999854564667 -0.027665413916110992
v -0.03799999132752417 0.08001678436994553 -0.03553361818194389
v -0.04416739568114279 0.06975515186786652 -0.028469249606132507
v -0.04416739568114279 0.06975515186786652 -0.028469249606132507
v -0.03799999132752417 0.08001678436994553 -0.03553361818194389
v -0.03799999505281447 0.07079459726810455 -0.03649906814098358
v -0.04416739568114279 0.06975515186786652 -0.028469249606132507
v -0.03799999505281447 0.07079459726810455 -0.03649906814098358
v -0.03799999505281447 0.06876122951507568 -0.03671193867921829
v -0.03799999505281447 0.06876122951507568 -0.03671193867921829
v -0.03799999505281447 0.06701339781284332 -0.03705080598592758
v -0.04416739568114279 0.06975515186786652 -0.028469249606132507
v -0.04416739568114279 0.06975515186786652 -0.028469249606132507
v -0.03799999505281447 0.06701339781284332 -0.03705080598592758
v -0.04506631568074225 0.05887880548834801 -0.029398348182439804
v -0.04416739568114279 0.06975515186786652 -0.028469249606132507
v -0.04506631568074225 0.05887880548834801 -0.029398348182439804
v -0.050356209278106676 0.05669095739722252 -0.019238095730543137
v -0.050356209278106676 0.05669095739722252 -0.019238095730543137
v -0.04506631568074225 0.05887880548834801 -0.029398348182439804
v -0.05078514292836188 0.04656539484858513 -0.025704434141516685
v -0.03799999877810477 0.054441798478364944 -0.04013961926102638
v -0.04705494642257689 0.048782940953969955 -0.03106357902288437
v -0.03799999877810477 0.059850648045539856 -0.03854838013648987
v -0.03799999877810477 0.059850648045539856 -0.03854838013648987
v -0.04705494642257689 0.048782940953969955 -0.03106357902288437
v -0.04506631568074225 0.05887880548834801 -0.029398348182439804
v -0.03799999877810477 0.059850648045539856 -0.03854838013648987
v -0.04506631568074225 0.05887880548834801 -0.029398348182439804
v -0.03799999877810477 0.06093597039580345 -0.0382290855050087
v -0.03799999877810477 0.06093597039580345 -0.0382290855050087
v -0.04506631568074225 0.05887880548834801 -0.029398348182439804
v -0.03799999505281447 0.06701339781284332 -0.03705080598592758
v -0.03799999877810477 0.054441798478364944 -0.04013961926102638
v -0.03800000250339507 0.0528937503695488 -0.040798503905534744
v -0.04705494642257689 0.048782940953969955 -0.03106357902288437
v -0.04705494642257689 0.048782940953969955 -0.03106357902288437
v -0.03800000250339507 0.0528937503695488 -0.040798503905534744
v -0.03800000250339507 0.05269860103726387 -0.04088156297802925
v -0.04705494642257689 0.048782940953969955 -0.03106357902288437
v -0.03800000250339507 0.05269860103726387 -0.04088156297802925
v -0.04946886748075484 0.03936886414885521 -0.0336509644985199
v -0.04946886748075484 0.03936886414885521 -0.0336509644985199
v -0.03800000250339507 0.05269860103726387 -0.04088156297802925
v -0.03800000250339507 0.048350006341934204 -0.042732417583465576
v -0.04946886748075484 0.03936886414885521 -0.0336509644985199
v -0.03800000250339507 0.048350006341934204 -0.042732417583465576
v -0.03800000250339507 0.046310242265462875 -0.04396131634712219
v -0.045343335717916475 0.04376789182424545 0.035201966762542725
v -0.044801987707614885 0.044452425092458725 0.035754770040512085
v -0.04531634226441382 0.04463696479797363 0.03503868356347084
v -0.04531634226441382 0.04463696479797363 0.03503868356347084
v -0.044801987707614885 0.044452425092458725 0.035754770040512085
v -0.0440627448260784 0.0645919218659401 0.03055484965443611
v -0.04531634226441382 0.04463696479797363 0.03503868356347084
v -0.0440627448260784 0.0645919218659401 0.03055484965443611
v -0.05071087926626204 0.04713485389947891 0.02508658729493618
v -0.05071087926626204 0.04713485389947891 0.02508658729493618
v -0.0440627448260784 0.0645919218659401 0.03055484965443611
v -0.048891805112361894 0.06569153070449829 0.02165023423731327
v -0.05071087926626204 0.04713485389947891 0.02508658729493618
v -0.048891805112361894 0.06569153070449829 0.02165023423731327
v -0.054053716361522654 0.04970146715641022 0.014321583323180676
v -0.054053716361522654 0.04970146715641022 0.014321583323180676
v -0.048891805112361894 0.06569153070449829 0.02165023423731327
v -0.05191959813237189 0.06674744933843613 0.01191962230950594
v -0.054053716361522654 0.04970146715641022 0.014321583323180676
v -0.05191959813237189 0.06674744933843613 0.01191962230950594
v -0.05508686974644659 0.05220774933695793 0.0030652757268399
v -0.05508686974644659 0.05220774933695793 0.0030652757268399
v -0.05191959813237189 0.06674744933843613 0.01191962230950594
v -0.052946459501981714 0.06764563173055649 0.0016243302961811423
v -0.05508686974644659 0.05220774933695793 0.0030652757268399
v -0.052946459501981714 0.06764563173055649 0.0016243302961811423
v -0.051900252699851976 0.06830624490976334 -0.008884024806320667
v -0.051900252699851976 0.06830624490976334 -0.008884024806320667
v -0.052946459501981714 0.06764563173055649 0.0016243302961811423
v -0.05190884321928023 0.08089999854564667 -0.0027004980947822332
v -0.051900252699851976 0.06830624490976334 -0.008884024806320667
v -0.05190884321928023 0.08089999854564667 -0.0027004980947822332
v -0.05114660412073134 0.08089999854564667 -0.009265289641916752
v -0.06598124653100965 -0.005647916812449694 -0.004091702867299318
v -0.06560651957988736 -0.0015172745333984494 -0.0008520389092154801
v -0.06612114608287809 -0.002626701956614852 -0.007056270260363817
v -0.06612114608287809 -0.002626701956614852 -0.007056270260363817
v -0.06560651957988736 -0.0015172745333984494 -0.0008520389092154801
v -0.06574669480323789 0.0020279947202652693 -0.004775116220116615
v -0.06612114608287809 -0.002626701956614852 -0.007056270260363817
v -0.06574669480323789 0.0020279947202652693 -0.004775116220116615
v -0.06517541408538816 0.008494382724165916 -0.011771345511078835
v -0.06517541408538816 0.008494382724165916 -0.011771345511078835
v -0.06574669480323789 0.0020279947202652693 -0.004775116220116615
v -0.06448965519666669 0.012850428931415081 -0.01032665092498064
v -0.06517541408538816 0.008494382724165916 -0.011771345511078835
v -0.06448965519666669 0.012850428931415081 -0.01032665092498064
v -0.06279674917459485 0.01877015456557274 -0.017194213345646858
v -0.06279674917459485 0.01877015456557274 -0.017194213345646858
v -0.06448965519666669 0.012850428931415081 -0.01032665092498064
v -0.06255845725536344 0.021721817553043365 -0.008677688427269459
v -0.06279674917459485 0.01877015456557274 -0.017194213345646858
v -0.06255845725536344 0.021721817553043365 -0.008677688427269459
v -0.06088435277342794 0.026495812460780144 -0.015460263006389141
v -0.06088435277342794 0.026495812460780144 -0.015460263006389141
v -0.06255845725536344 0.021721817553043365 -0.008677688427269459
v -0.0602234825491905 0.03048883192241192 -0.008009472861886024
v -0.06088435277342794 0.026495812460780144 -0.015460263006389141
v -0.0602234825491905 0.03048883192241192 -0.008009472861886024
v -0.05619738623499868 0.04160207509994507 -0.014055168256163597
v -0.05619738623499868 0.04160207509994507 -0.014055168256163597
v -0.0602234825491905 0.03048883192241192 -0.008009472861886024
v -0.05779701843857763 0.03895926475524902 -0.007875809445977211
v -0.05619738623499868 0.04160207509994507 -0.014055168256163597
v -0.05779701843857763 0.03895926475524902 -0.007875809445977211
v -0.053785156458616236 0.054527126252651215 -0.008268817327916622
v -0.053785156458616236 0.054527126252651215 -0.008268817327916622
v -0.05779701843857763 0.03895926475524902 -0.007875809445977211
v -0.058664456009864786 0.03628752753138542 -0.0015547128859907389
v -0.053785156458616236 0.054527126252651215 -0.008268817327916622
v -0.058664456009864786 0.03628752753138542 -0.0015547128859907389
v -0.05508686974644659 0.05220774933695793 0.0030652757268399
v -0.05508686974644659 0.05220774933695793 0.0030652757268399
v -0.058664456009864786 0.03628752753138542 -0.0015547128859907389
v -0.05883035436272619 0.03363173082470894 0.004836950916796923
v -0.05508686974644659 0.05220774933695793 0.0030652757268399
v -0.05883035436272619 0.03363173082470894 0.004836950916796923
v -0.054053716361522654 0.04970146715641022 0.014321583323180676
v -0.054053716361522654 0.04970146715641022 0.014321583323180676
v -0.05883035436272619 0.03363173082470894 0.004836950916796923
v -0.057210952043533304 0.028481582179665565 0.017577016726136208
v -0.054053716361522654 0.04970146715641022 0.014321583323180676
v -0.057210952043533304 0.028481582179665565 0.017577016726136208
v -0.05603849887847898 0.026907192543148994 0.0216735377907753
v -0.05603849887847898 0.026907192543148994 0.0216735377907753
v -0.057210952043533304 0.028481582179665565 0.017577016726136208
v -0.05760435014963148 0.023724328726530075 0.019134778529405594
v -0.053025271743535975 0.0053153918124735355 -0.05448651313781738
v -0.053627457469701746 4.688603075919673e-05 -0.05379308760166168
v -0.0571727007627487 -0.006042430642992258 -0.044575177133083344
v -0.0571727007627487 -0.006042430642992258 -0.044575177133083344
v -0.053627457469701746 4.688603075919673e-05 -0.05379308760166168
v -0.05374525114893911 -0.0052476669661700726 -0.05308864265680313
v -0.0571727007627487 -0.006042430642992258 -0.044575177133083344
v -0.05374525114893911 -0.0052476669661700726 -0.05308864265680313
v -0.05546549707651136 -0.008918752893805504 -0.04802968353033066
v -0.05546549707651136 -0.008918752893805504 -0.04802968353033066
v -0.05374525114893911 -0.0052476669661700726 -0.05308864265680313
v -0.052568331360816935 -0.015837745741009712 -0.0515778623521328
v -0.05546549707651136 -0.008918752893805504 -0.04802968353033066
v -0.052568331360816935 -0.015837745741009712 -0.0515778623521328
v -0.05407360941171644 -0.020373063161969185 -0.045385412871837616
v -0.05407360941171644 -0.020373063161969185 -0.045385412871837616
v -0.052568331360816935 -0.015837745741009712 -0.0515778623521328
v -0.04953852668404578 -0.026211239397525787 -0.04989641159772873
v -0.05407360941171644 -0.020373063161969185 -0.045385412871837616
v -0.04953852668404578 -0.026211239397525787 -0.04989641159772873
v -0.05075973272323607 -0.031648505479097366 -0.04249364882707596
v -0.05075973272323607 -0.031648505479097366 -0.04249364882707596
v -0.04953852668404578 -0.026211239397525787 -0.04989641159772873
v -0.04466508701443671 -0.036084238439798355 -0.04812869802117348
v -0.05075973272323607 -0.031648505479097366 -0.04249364882707596
v -0.04466508701443671 -0.036084238439798355 -0.04812869802117348
v -0.04549549147486685 -0.042488034814596176 -0.0394878014922142
v -0.04549549147486685 -0.042488034814596176 -0.0394878014922142
v -0.04466508701443671 -0.036084238439798355 -0.04812869802117348
v -0.0414857119321823 -0.04077239707112312 -0.04733293503522873
v -0.04549549147486685 -0.042488034814596176 -0.0394878014922142
v -0.0414857119321823 -0.04077239707112312 -0.04733293503522873
v -0.0420163683593273 -0.047697216272354126 -0.03813031688332558
v -0.0420163683593273 -0.047697216272354126 -0.03813031688332558
v -0.0414857119321823 -0.04077239707112312 -0.04733293503522873
v -0.03805942460894583 -0.04478324204683304 -0.04685235396027565
v -0.0420163683593273 -0.047697216272354126 -0.03813031688332558
v -0.03805942460894583 -0.04478324204683304 -0.04685235396027565
v -0.038100130856037126 -0.04936081916093826 -0.04130304977297783
v -0.05953897163271902 -0.024105597287416458 -0.02835419774055481
v -0.056586746126413325 -0.01834522932767868 -0.04084349051117897
v -0.05552211031317709 -0.02447952888906002 -0.03887764737010002
v -0.05780419707298277 -0.032193731516599655 -0.024559838697314262
v -0.058405958116054514 -0.0313086174428463 -0.02388830855488777
v -0.058214738965034464 -0.03096291422843933 -0.025067094713449478
v -0.058214738965034464 -0.03096291422843933 -0.025067094713449478
v -0.058405958116054514 -0.0313086174428463 -0.02388830855488777
v -0.05953897163271902 -0.024105597287416458 -0.02835419774055481
v -0.058214738965034464 -0.03096291422843933 -0.025067094713449478
v -0.05953897163271902 -0.024105597287416458 -0.02835419774055481
v -0.05690252408385275 -0.0280433539301157 -0.032085176557302475
v -0.05690252408385275 -0.0280433539301157 -0.032085176557302475
v -0.05953897163271902 -0.024105597287416458 -0.02835419774055481
v -0.05552211031317709 -0.02447952888906002 -0.03887764737010002
v -0.05690252408385275 -0.0280433539301157 -0.032085176557302475
v -0.05552211031317709 -0.02447952888906002 -0.03887764737010002
v -0.05341011658310888 -0.0382930226624012 -0.029179111123085022
v -0.05341011658310888 -0.0382930226624012 -0.029179111123085022
v -0.05552211031317709 -0.02447952888906002 -0.03887764737010002
v -0.05254886299371717 -0.039207275956869125 -0.029864784330129623
v -0.05427227169275282 0.035455573350191116 -0.02801407501101494
v -0.050493251532316194 0.034893374890089035 -0.03546815365552902
v -0.05572919175028799 0.029957056045532227 -0.02983802556991577
v -0.05572919175028799 0.029957056045532227 -0.02983802556991577
v -0.050493251532316194 0.034893374890089035 -0.03546815365552902
v -0.0511362887918949 0.03066316805779934 -0.03790968284010887
v -0.05572919175028799 0.029957056045532227 -0.02983802556991577
v -0.0511362887918949 0.03066316805779934 -0.03790968284010887
v -0.05660768598318098 0.024663781747221947 -0.03253213316202164
v -0.05660768598318098 0.024663781747221947 -0.03253213316202164
v -0.0511362887918949 0.03066316805779934 -0.03790968284010887
v -0.056681856513023356 0.02228381671011448 -0.03438328579068184
v -0.05660768598318098 0.024663781747221947 -0.03253213316202164
v -0.056681856513023356 0.02228381671011448 -0.03438328579068184
v -0.060956671833991984 0.015331742353737354 -0.02884776145219803
v -0.060956671833991984 0.015331742353737354 -0.02884776145219803
v -0.056681856513023356 0.02228381671011448 -0.03438328579068184
v -0.060611769556999186 0.01304414588958025 -0.03151214122772217
v -0.060956671833991984 0.015331742353737354 -0.02884776145219803
v -0.060611769556999186 0.01304414588958025 -0.03151214122772217
v -0.06347994506359098 0.005502451676875353 -0.02607106789946556
v -0.06347994506359098 0.005502451676875353 -0.02607106789946556
v -0.060611769556999186 0.01304414588958025 -0.03151214122772217
v -0.06262840330600736 0.003876041155308485 -0.029646657407283783
v -0.06347994506359098 0.005502451676875353 -0.02607106789946556
v -0.06262840330600736 0.003876041155308485 -0.029646657407283783
v -0.06417858600616452 -0.0038254838436841965 -0.024588437750935555
v -0.06417858600616452 -0.0038254838436841965 -0.024588437750935555
v -0.06262840330600736 0.003876041155308485 -0.029646657407283783
v -0.0629519000649452 -0.004432709887623787 -0.02898832969367504
v -0.06417858600616452 -0.0038254838436841965 -0.024588437750935555
v -0.0629519000649452 -0.004432709887623787 -0.02898832969367504
v -0.06345897912979123 -0.01198587380349636 -0.024501780048012733
v -0.06345897912979123 -0.01198587380349636 -0.024501780048012733
v -0.0629519000649452 -0.004432709887623787 -0.02898832969367504
v -0.062036290764808634 -0.011500652879476547 -0.029629496857523918
v -0.06345897912979123 -0.01198587380349636 -0.024501780048012733
v -0.062036290764808634 -0.011500652879476547 -0.029629496857523918
v -0.06179327890276907 -0.01875583454966545 -0.025783929973840714
v -0.06179327890276907 -0.01875583454966545 -0.025783929973840714
v -0.062036290764808634 -0.011500652879476547 -0.029629496857523918
v -0.060317955911159495 -0.017204850912094116 -0.03156602010130882
v -0.06179327890276907 -0.01875583454966545 -0.025783929973840714
v -0.060317955911159495 -0.017204850912094116 -0.03156602010130882
v -0.05953897163271902 -0.024105597287416458 -0.02835419774055481
v -0.05953897163271902 -0.024105597287416458 -0.02835419774055481
v -0.060317955911159495 -0.017204850912094116 -0.03156602010130882
v -0.05714583396911619 -0.012194196693599224 -0.04273740574717522
v -0.05953897163271902 -0.024105597287416458 -0.02835419774055481
v -0.05714583396911619 -0.012194196693599224 -0.04273740574717522
v -0.056586746126413325 -0.01834522932767868 -0.04084349051117897
v -0.0511362887918949 0.03066316805779934 -0.03790968284010887
v -0.051064629107713685 0.02715054526925087 -0.041299037635326385
v -0.056681856513023356 0.02228381671011448 -0.03438328579068184
v -0.056681856513023356 0.02228381671011448 -0.03438328579068184
v -0.051064629107713685 0.02715054526925087 -0.041299037635326385
v -0.056435853242874125 0.02031484991312027 -0.03660529479384422
v -0.056681856513023356 0.02228381671011448 -0.03438328579068184
v -0.056435853242874125 0.02031484991312027 -0.03660529479384422
v -0.060611769556999186 0.01304414588958025 -0.03151214122772217
v -0.060611769556999186 0.01304414588958025 -0.03151214122772217
v -0.056435853242874125 0.02031484991312027 -0.03660529479384422
v -0.05988504737615583 0.011500630527734756 -0.034502044320106506
v -0.060611769556999186 0.01304414588958025 -0.03151214122772217
v -0.05988504737615583 0.011500630527734756 -0.034502044320106506
v -0.06262840330600736 0.003876041155308485 -0.029646657407283783
v -0.06262840330600736 0.003876041155308485 -0.029646657407283783
v -0.05988504737615583 0.011500630527734756 -0.034502044320106506
v -0.06147894263267515 0.003143596462905407 -0.03337537869811058
v -0.06262840330600736 0.003876041155308485 -0.029646657407283783
v -0.06147894263267515 0.003143596462905407 -0.03337537869811058
v -0.0629519000649452 -0.004432709887623787 -0.02898832969367504
v -0.0629519000649452 -0.004432709887623787 -0.02898832969367504
v -0.06147894263267515 0.003143596462905407 -0.03337537869811058
v -0.06152997538447378 -0.0042028059251606464 -0.03341253474354744
v -0.0629519000649452 -0.004432709887623787 -0.02898832969367504
v -0.06152997538447378 -0.0042028059251606464 -0.03341253474354744
v -0.062036290764808634 -0.011500652879476547 -0.029629496857523918
v -0.062036290764808634 -0.011500652879476547 -0.029629496857523918
v -0.06152997538447378 -0.0042028059251606464 -0.03341253474354744
v -0.06049397587776182 -0.010272163897752762 -0.03471207618713379
v -0.062036290764808634 -0.011500652879476547 -0.029629496857523918
v -0.06049397587776182 -0.010272163897752762 -0.03471207618713379
v -0.060317955911159495 -0.017204850912094116 -0.03156602010130882
v -0.060317955911159495 -0.017204850912094116 -0.03156602010130882
v -0.06049397587776182 -0.010272163897752762 -0.03471207618713379
v -0.0571727007627487 -0.006042430642992258 -0.044575177133083344
v -0.060317955911159495 -0.017204850912094116 -0.03156602010130882
v -0.0571727007627487 -0.006042430642992258 -0.044575177133083344
v -0.05714583396911619 -0.012194196693599224 -0.04273740574717522
v -0.05714583396911619 -0.012194196693599224 -0.04273740574717522
v -0.0571727007627487 -0.006042430642992258 -0.044575177133083344
v -0.05546549707651136 -0.008918752893805504 -0.04802968353033066
v -0.05714583396911619 -0.012194196693599224 -0.04273740574717522
v -0.05546549707651136 -0.008918752893805504 -0.04802968353033066
v -0.056586746126413325 -0.01834522932767868 -0.04084349051117897
v -0.056586746126413325 -0.01834522932767868 -0.04084349051117897
v -0.05546549707651136 -0.008918752893805504 -0.04802968353033066
v -0.05407360941171644 -0.020373063161969185 -0.045385412871837616
v -0.056586746126413325 -0.01834522932767868 -0.04084349051117897
v -0.05407360941171644 -0.020373063161969185 -0.045385412871837616
v -0.05552211031317709 -0.02447952888906002 -0.03887764737010002
v -0.05552211031317709 -0.02447952888906002 -0.03887764737010002
v -0.05407360941171644 -0.020373063161969185 -0.045385412871837616
v -0.05075973272323607 -0.031648505479097366 -0.04249364882707596
v -0.05552211031317709 -0.02447952888906002 -0.03887764737010002
v -0.05075973272323607 -0.031648505479097366 -0.04249364882707596
v -0.05191917717456816 -0.036585915833711624 -0.03473063185811043
v -0.05191917717456816 -0.036585915833711624 -0.03473063185811043
v -0.05075973272323607 -0.031648505479097366 -0.04249364882707596
v -0.048983182758092866 -0.04299236834049225 -0.03270353376865387
v -0.05191917717456816 -0.036585915833711624 -0.03473063185811043
v -0.048983182758092866 -0.04299236834049225 -0.03270353376865387
v -0.04922004416584967 -0.04274093732237816 -0.032514963299036026
v -0.051082406193017946 0.08089999854564667 -0.009552107192575932
v -0.050216335803270326 0.08089999854564667 -0.013421611860394478
v -0.051900252699851976 0.06830624490976334 -0.008884024806320667
v -0.051900252699851976 0.06830624490976334 -0.008884024806320667
v -0.050216335803270326 0.08089999854564667 -0.013421611860394478
v -0.04888397455215453 0.06890086084604263 -0.01911265216767788
v -0.051900252699851976 0.06830624490976334 -0.008884024806320667
v -0.04888397455215453 0.06890086084604263 -0.01911265216767788
v -0.05231739580631254 0.05561746656894684 -0.013826457783579826
v -0.05231739580631254 0.05561746656894684 -0.013826457783579826
v -0.04888397455215453 0.06890086084604263 -0.01911265216767788
v -0.050356209278106676 0.05669095739722252 -0.019238095730543137
v -0.05231739580631254 0.05561746656894684 -0.013826457783579826
v -0.050356209278106676 0.05669095739722252 -0.019238095730543137
v -0.05385315790772436 0.044157713651657104 -0.020019887015223503
v -0.05385315790772436 0.044157713651657104 -0.020019887015223503
v -0.050356209278106676 0.05669095739722252 -0.019238095730543137
v -0.05078514292836188 0.04656539484858513 -0.025704434141516685
v -0.05385315790772436 0.044157713651657104 -0.020019887015223503
v -0.05078514292836188 0.04656539484858513 -0.025704434141516685
v -0.05427227169275282 0.035455573350191116 -0.02801407501101494
v -0.05427227169275282 0.035455573350191116 -0.02801407501101494
v -0.05078514292836188 0.04656539484858513 -0.025704434141516685
v -0.04946886748075484 0.03936886414885521 -0.0336509644985199
v -0.05427227169275282 0.035455573350191116 -0.02801407501101494
v -0.04946886748075484 0.03936886414885521 -0.0336509644985199
v -0.050493251532316194 0.034893374890089035 -0.03546815365552902
v -0.050493251532316194 0.034893374890089035 -0.03546815365552902
v -0.04946886748075484 0.03936886414885521 -0.0336509644985199
v -0.03800000250339507 0.0461106114089489 -0.044081587344408035
v -0.050493251532316194 0.034893374890089035 -0.03546815365552902
v -0.03800000250339507 0.0461106114089489 -0.044081587344408035
v -0.03800000250339507 0.04418215900659561 -0.04524342715740204
v -0.03800869360566138 -0.0381673201918602 -0.05496678873896599
v -0.0414857119321823 -0.04077239707112312 -0.04733293503522873
v -0.04096296429634093 -0.03354071453213692 -0.056363701820373535
v -0.04096296429634093 -0.03354071453213692 -0.056363701820373535
v -0.0414857119321823 -0.04077239707112312 -0.04733293503522873
v -0.04466508701443671 -0.036084238439798355 -0.04812869802117348
v -0.04096296429634093 -0.03354071453213692 -0.056363701820373535
v -0.04466508701443671 -0.036084238439798355 -0.04812869802117348
v -0.04382037743926047 -0.029432930052280426 -0.05659721419215202
v -0.04382037743926047 -0.029432930052280426 -0.05659721419215202
v -0.04466508701443671 -0.036084238439798355 -0.04812869802117348
v -0.04953852668404578 -0.026211239397525787 -0.04989641159772873
v -0.04382037743926047 -0.029432930052280426 -0.05659721419215202
v -0.04953852668404578 -0.026211239397525787 -0.04989641159772873
v -0.04829084500670432 -0.0205940343439579 -0.057115036994218826
v -0.04829084500670432 -0.0205940343439579 -0.057115036994218826
v -0.04953852668404578 -0.026211239397525787 -0.04989641159772873
v -0.052568331360816935 -0.015837745741009712 -0.0515778623521328
v -0.04829084500670432 -0.0205940343439579 -0.057115036994218826
v -0.052568331360816935 -0.015837745741009712 -0.0515778623521328
v -0.05105410516262053 -0.011145264841616154 -0.05760508030653
v -0.05105410516262053 -0.011145264841616154 -0.05760508030653
v -0.052568331360816935 -0.015837745741009712 -0.0515778623521328
v -0.05374525114893911 -0.0052476669661700726 -0.05308864265680313
v -0.05105410516262053 -0.011145264841616154 -0.05760508030653
v -0.05374525114893911 -0.0052476669661700726 -0.05308864265680313
v -0.05204375088214873 -0.0013960932847112417 -0.05804245546460152
v -0.05204375088214873 -0.0013960932847112417 -0.05804245546460152
v -0.05374525114893911 -0.0052476669661700726 -0.05308864265680313
v -0.053627457469701746 4.688603075919673e-05 -0.05379308760166168
v -0.05204375088214873 -0.0013960932847112417 -0.05804245546460152
v -0.053627457469701746 4.688603075919673e-05 -0.05379308760166168
v -0.05123144015669821 0.00834928173571825 -0.05844702571630478
v -0.05123144015669821 0.00834928173571825 -0.05844702571630478
v -0.053627457469701746 4.688603075919673e-05 -0.05379308760166168
v -0.053025271743535975 0.0053153918124735355 -0.05448651313781738
v -0.05123144015669821 0.00834928173571825 -0.05844702571630478
v -0.053025271743535975 0.0053153918124735355 -0.05448651313781738
v -0.05191460996866225 0.010553067550063133 -0.055190470069646835
v -0.05191460996866225 0.010553067550063133 -0.055190470069646835
v -0.053025271743535975 0.0053153918124735355 -0.05448651313781738
v -0.05662212148308752 0.00010981692321365699 -0.04638322442770004
v -0.05191460996866225 0.010553067550063133 -0.055190470069646835
v -0.05662212148308752 0.00010981692321365699 -0.04638322442770004
v -0.055422689765691736 0.006275447551161051 -0.04818776622414589
v -0.055422689765691736 0.006275447551161051 -0.04818776622414589
v -0.05662212148308752 0.00010981692321365699 -0.04638322442770004
v -0.05997987836599348 -0.0033097697887569666 -0.03780777379870415
v -0.055422689765691736 0.006275447551161051 -0.04818776622414589
v -0.05997987836599348 -0.0033097697887569666 -0.03780777379870415
v -0.05865718796849249 0.0036821351386606693 -0.04086108133196831
v -0.05865718796849249 0.0036821351386606693 -0.04086108133196831
v -0.05997987836599348 -0.0033097697887569666 -0.03780777379870415
v -0.06013451889157293 0.003123457543551922 -0.03712641820311546
v -0.05865718796849249 0.0036821351386606693 -0.04086108133196831
v -0.06013451889157293 0.003123457543551922 -0.03712641820311546
v -0.05770760029554365 0.010436827316880226 -0.040735483169555664
v -0.05770760029554365 0.010436827316880226 -0.040735483169555664
v -0.06013451889157293 0.003123457543551922 -0.03712641820311546
v -0.058887626975774744 0.010676315054297447 -0.03760935738682747
v -0.05770760029554365 0.010436827316880226 -0.040735483169555664
v -0.058887626975774744 0.010676315054297447 -0.03760935738682747
v -0.0550987049937248 0.018048621714115143 -0.041611816734075546
v -0.0550987049937248 0.018048621714115143 -0.041611816734075546
v -0.058887626975774744 0.010676315054297447 -0.03760935738682747
v -0.05587913095951078 0.01890702173113823 -0.039065394550561905
v -0.0550987049937248 0.018048621714115143 -0.041611816734075546
v -0.05587913095951078 0.01890702173113823 -0.039065394550561905
v -0.050699822604656206 0.025934334844350815 -0.043281055986881256
v -0.050699822604656206 0.025934334844350815 -0.043281055986881256
v -0.05587913095951078 0.01890702173113823 -0.039065394550561905
v -0.051064629107713685 0.02715054526925087 -0.041299037635326385
v -0.050699822604656206 0.025934334844350815 -0.043281055986881256
v -0.051064629107713685 0.02715054526925087 -0.041299037635326385
v -0.044778540730476366 0.03345036134123802 -0.04565086215734482
v -0.044778540730476366 0.03345036134123802 -0.04565086215734482
v -0.051064629107713685 0.02715054526925087 -0.041299037635326385
v -0.0511362887918949 0.03066316805779934 -0.03790968284010887
v -0.044778540730476366 0.03345036134123802 -0.04565086215734482
v -0.0511362887918949 0.03066316805779934 -0.03790968284010887
v -0.04479207098484038 0.03611323982477188 -0.04290507733821869
v -0.04479207098484038 0.03611323982477188 -0.04290507733821869
v -0.0511362887918949 0.03066316805779934 -0.03790968284010887
v -0.050493251532316194 0.034893374890089035 -0.03546815365552902
v -0.04479207098484038 0.03611323982477188 -0.04290507733821869
v -0.050493251532316194 0.034893374890089035 -0.03546815365552902
v -0.04445620253682135 0.03932663053274155 -0.04070930555462837
v -0.04445620253682135 0.03932663053274155 -0.04070930555462837
v -0.050493251532316194 0.034893374890089035 -0.03546815365552902
v -0.03800000250339507 0.04418215900659561 -0.04524342715740204
v -0.04445620253682135 0.03932663053274155 -0.04070930555462837
v -0.03800000250339507 0.04418215900659561 -0.04524342715740204
v -0.03800000250339507 0.043431270867586136 -0.045876748859882355
v -0.009567085653543469 -0.02309698797762394 -0.06069999933242798
v -1.745740727642625e-16 -0.02500000037252903 -0.07069999724626541
v -1.6845083188389175e-16 -0.02500000037252903 -0.06069999933242798
v -1.6845083188389175e-16 -0.02500000037252903 -0.06069999933242798
v -1.745740727642625e-16 -0.02500000037252903 -0.07069999724626541
v 0.009567085653543469 -0.02309698797762394 -0.07069999724626541
v -1.6845083188389175e-16 -0.02500000037252903 -0.06069999933242798
v 0.009567085653543469 -0.02309698797762394 -0.07069999724626541
v 0.009567085653543469 -0.02309698797762394 -0.06069999933242798
v 0.009567085653543469 -0.02309698797762394 -0.06069999933242798
v 0.009567085653543469 -0.02309698797762394 -0.07069999724626541
v 0.017677670344710343 -0.01767767034471035 -0.07069999724626541
v 0.009567085653543469 -0.02309698797762394 -0.06069999933242798
v 0.017677670344710343 -0.01767767034471035 -0.07069999724626541
v 0.017677670344710343 -0.01767767034471035 -0.06069999933242798
v 0.017677670344710343 -0.01767767034471035 -0.06069999933242798
v 0.017677670344710343 -0.01767767034471035 -0.07069999724626541
v 0.023096987977623933 -0.009567085653543472 -0.07069999724626541
v 0.017677670344710343 -0.01767767034471035 -0.06069999933242798
v 0.023096987977623933 -0.009567085653543472 -0.07069999724626541
v 0.023096987977623933 -0.009567085653543472 -0.06069999933242798
v 0.023096987977623933 -0.009567085653543472 -0.06069999933242798
v 0.023096987977623933 -0.009567085653543472 -0.07069999724626541
v 0.025000000372529023 -6.589823023665361e-17 -0.07069999724626541
v 0.023096987977623933 -0.009567085653543472 -0.06069999933242798
v 0.025000000372529023 -6.589823023665361e-17 -0.07069999724626541
v 0.025000000372529023 -1.6998164541270693e-16 -0.06069999933242798
v 0.025000000372529023 -1.6998164541270693e-16 -0.06069999933242798
v 0.025000000372529023 -6.589823023665361e-17 -0.07069999724626541
v 0.023096987977623933 0.009567085653543472 -0.07069999724626541
v 0.025000000372529023 -1.6998164541270693e-16 -0.06069999933242798
v 0.023096987977623933 0.009567085653543472 -0.07069999724626541
v 0.023096987977623933 0.009567085653543472 -0.06069999933242798
v 0.023096987977623933 0.009567085653543472 -0.06069999933242798
v 0.023096987977623933 0.009567085653543472 -0.07069999724626541
v 0.017677670344710343 0.01767767034471035 -0.07069999724626541
v 0.023096987977623933 0.009567085653543472 -0.06069999933242798
v 0.017677670344710343 0.01767767034471035 -0.07069999724626541
v 0.017677670344710343 0.01767767034471035 -0.06069999933242798
v 0.017677670344710343 0.01767767034471035 -0.06069999933242798
v 0.017677670344710343 0.01767767034471035 -0.07069999724626541
v 0.009567085653543469 0.02309698797762394 -0.07069999724626541
v 0.017677670344710343 0.01767767034471035 -0.06069999933242798
v 0.009567085653543469 0.02309698797762394 -0.07069999724626541
v 0.009567085653543469 0.02309698797762394 -0.06069999933242798
v 0.009567085653543469 0.02309698797762394 -0.06069999933242798
v 0.009567085653543469 0.02309698797762394 -0.07069999724626541
v 1.7151244570663222e-16 0.02500000037252903 -0.07069999724626541
v 0.009567085653543469 0.02309698797762394 -0.06069999933242798
v 1.7151244570663222e-16 0.02500000037252903 -0.07069999724626541
v 1.7151244570663222e-16 0.02500000037252903 -0.06069999933242798
v 1.7151244570663222e-16 0.02500000037252903 -0.06069999933242798
v 1.7151244570663222e-16 0.02500000037252903 -0.07069999724626541
v -0.009567085653543469 0.02309698797762394 -0.07069999724626541
v 1.7151244570663222e-16 0.02500000037252903 -0.06069999933242798
v -0.009567085653543469 0.02309698797762394 -0.07069999724626541
v -0.009567085653543469 0.02309698797762394 -0.06069999933242798
v -0.009567085653543469 0.02309698797762394 -0.06069999933242798
v -0.009567085653543469 0.02309698797762394 -0.07069999724626541
v -0.017677670344710343 0.01767767034471035 -0.07069999724626541
v -0.009567085653543469 0.02309698797762394 -0.06069999933242798
v -0.017677670344710343 0.01767767034471035 -0.07069999724626541
v -0.017677670344710343 0.01767767034471035 -0.06069999933242798
v -0.017677670344710343 0.01767767034471035 -0.06069999933242798
v -0.017677670344710343 0.01767767034471035 -0.07069999724626541
v -0.023096987977623933 0.009567085653543472 -0.07069999724626541
v -0.017677670344710343 0.01767767034471035 -0.06069999933242798
v -0.023096987977623933 0.009567085653543472 -0.07069999724626541
v -0.023096987977623933 0.009567085653543472 -0.06069999933242798
v -0.023096987977623933 0.009567085653543472 -0.06069999933242798
v -0.023096987977623933 0.009567085653543472 -0.07069999724626541
v -0.025000000372529023 2.7157554472999616e-16 -0.07069999724626541
v -0.023096987977623933 0.009567085653543472 -0.06069999933242798
v -0.025000000372529023 2.7157554472999616e-16 -0.07069999724626541
v -0.025000000372529023 1.6749214940627754e-16 -0.06069999933242798
v -0.025000000372529023 1.6749214940627754e-16 -0.06069999933242798
v -0.025000000372529023 2.7157554472999616e-16 -0.07069999724626541
v -0.023096987977623933 -0.009567085653543472 -0.07069999724626541
v -0.025000000372529023 1.6749214940627754e-16 -0.06069999933242798
v -0.023096987977623933 -0.009567085653543472 -0.07069999724626541
v -0.023096987977623933 -0.009567085653543472 -0.06069999933242798
v -0.023096987977623933 -0.009567085653543472 -0.06069999933242798
v -0.023096987977623933 -0.009567085653543472 -0.07069999724626541
v -0.017677670344710343 -0.01767767034471035 -0.07069999724626541
v -0.023096987977623933 -0.009567085653543472 -0.06069999933242798
v -0.017677670344710343 -0.01767767034471035 -0.07069999724626541
v -0.017677670344710343 -0.01767767034471035 -0.06069999933242798
v -0.017677670344710343 -0.01767767034471035 -0.06069999933242798
v -0.017677670344710343 -0.01767767034471035 -0.07069999724626541
v -0.009567085653543469 -0.02309698797762394 -0.07069999724626541
v -0.017677670344710343 -0.01767767034471035 -0.06069999933242798
v -0.009567085653543469 -0.02309698797762394 -0.07069999724626541
v -0.009567085653543469 -0.02309698797762394 -0.06069999933242798
v -0.009567085653543469 -0.02309698797762394 -0.06069999933242798
v -0.009567085653543469 -0.02309698797762394 -0.07069999724626541
v -1.745740727642625e-16 -0.02500000037252903 -0.07069999724626541
v -0.03805942460894583 -0.04478324204683304 -0.04685235396027565
v -0.038039728999137865 -0.04256827384233475 -0.04953752085566521
v -0.030343001708388318 -0.04854351282119751 -0.04879681020975113
v 0.03800217807292937 -0.036208488047122955 -0.05746658146381378
v 0.03800851479172705 -0.03816111385822296 -0.054961759597063065
v 0.030333220958709706 -0.04448045790195465 -0.0545685701072216
v 0.03801256418228148 -0.03940949961543083 -0.05336032807826996
v 0.03804042190313338 -0.042565908282995224 -0.04953568056225777
v 0.030343055725097646 -0.04854351282119751 -0.04879683628678322
v 0.030343055725097646 -0.04854351282119751 -0.04879683628678322
v 0.03804042190313338 -0.042565908282995224 -0.04953568056225777
v 0.03805202245712279 -0.04388035833835602 -0.04794295132160187
v 0.030351504683494557 -0.054194264113903046 -0.04083627462387085
v 0.03810039535164832 -0.04936133697628975 -0.041301604360342026
v 0.03611725568771361 -0.05211155489087105 -0.03940068185329437
v 0.03611725568771361 -0.05211155489087105 -0.03940068185329437
v 0.03810039535164832 -0.04936133697628975 -0.041301604360342026
v 0.038126021623611436 -0.05125272646546364 -0.03879643604159355
v 0.030333707109093656 -0.04264955595135689 -0.057575348764657974
v 0.030275780707597722 -0.04139762744307518 -0.06069999933242798
v 0.033214729279279695 -0.03921574726700783 -0.06069999933242798
v 0.03800154477357863 -0.036012765020132065 -0.05771765485405922
v 0.030333707109093656 -0.04264955595135689 -0.057575348764657974
v 0.03800072520971297 -0.03576039895415306 -0.05804138630628586
v 0.03800072520971297 -0.03576039895415306 -0.05804138630628586
v 0.030333707109093656 -0.04264955595135689 -0.057575348764657974
v 0.033214729279279695 -0.03921574726700783 -0.06069999933242798
v 0.03800072520971297 -0.03576039895415306 -0.05804138630628586
v 0.033214729279279695 -0.03921574726700783 -0.06069999933242798
v 0.03799999877810477 -0.034603144973516464 -0.06069999933242798
v 0.020994447171688073 -0.04951807111501694 -0.05428887531161308
v 0.01073433272540569 -0.05263613164424896 -0.05411272868514061
v 0.010716338641941544 -0.05018872022628784 -0.06069999933242798
v 0.01565879397094249 -0.048948563635349274 -0.06069999933242798
v 0.020978702232241624 -0.046859562397003174 -0.06069999933242798
v 0.020994616672396653 -0.047909125685691833 -0.057476550340652466
v 0.020994616672396653 -0.047909125685691833 -0.057476550340652466
v 0.020978702232241624 -0.046859562397003174 -0.06069999933242798
v 0.021819293498992913 -0.046529483050107956 -0.06069999933242798
v 0.020994616672396653 -0.047909125685691833 -0.057476550340652466
v 0.021819293498992913 -0.046529483050107956 -0.06069999933242798
v 0.030333707109093656 -0.04264955595135689 -0.057575348764657974
v 0.030333707109093656 -0.04264955595135689 -0.057575348764657974
v 0.021819293498992913 -0.046529483050107956 -0.06069999933242798
v 0.027936255559325208 -0.04313449561595917 -0.06069999933242798
v 0.030333707109093656 -0.04264955595135689 -0.057575348764657974
v 0.027936255559325208 -0.04313449561595917 -0.06069999933242798
v 0.030275780707597722 -0.04139762744307518 -0.06069999933242798
v -0.001456140424124896 -0.051373496651649475 -0.06069999933242798
v -2.6133227493119185e-06 -0.05132095888257027 -0.06069999933242798
v 3.318864472134918e-08 -0.053691618144512177 -0.05405232310295105
v 3.318864472134918e-08 -0.053691618144512177 -0.05405232310295105
v -2.6133227493119185e-06 -0.05132095888257027 -0.06069999933242798
v 0.005155258346348999 -0.05113451927900314 -0.06069999933242798
v 3.318864472134918e-08 -0.053691618144512177 -0.05405232310295105
v 0.005155258346348999 -0.05113451927900314 -0.06069999933242798
v 0.01073433272540569 -0.05263613164424896 -0.05411272868514061
v 0.01073433272540569 -0.05263613164424896 -0.05411272868514061
v 0.005155258346348999 -0.05113451927900314 -0.06069999933242798
v 0.00928643066436052 -0.050547510385513306 -0.06069999933242798
v 0.01073433272540569 -0.05263613164424896 -0.05411272868514061
v 0.00928643066436052 -0.050547510385513306 -0.06069999933242798
v 0.010716338641941544 -0.05018872022628784 -0.06069999933242798
v -0.001456140424124896 -0.051373496651649475 -0.06069999933242798
v 3.318864472134918e-08 -0.053691618144512177 -0.05405232310295105
v -0.007995849475264546 -0.05076773464679718 -0.06069999933242798
v -0.007995849475264546 -0.05076773464679718 -0.06069999933242798
v 3.318864472134918e-08 -0.053691618144512177 -0.05405232310295105
v -0.010734268464148041 -0.05263613909482956 -0.05411272495985031
v -0.007995849475264546 -0.05076773464679718 -0.06069999933242798
v -0.010734268464148041 -0.05263613909482956 -0.05411272495985031
v -0.010726912878453728 -0.0502237044274807 -0.06069999933242798
v -0.02099455520510673 -0.04790915921330452 -0.05747655779123306
v -0.020954020321369164 -0.04681257903575897 -0.06069999933242798
v -0.018378619104623788 -0.04799320548772812 -0.06069999933242798
v -0.03320120647549628 -0.0392271913588047 -0.06069999933242798
v -0.030275125056505193 -0.041396744549274445 -0.06069999933242798
v -0.030333653092384328 -0.04264960438013077 -0.05757535621523857
v -0.030333653092384328 -0.04264960438013077 -0.05757535621523857
v -0.030275125056505193 -0.041396744549274445 -0.06069999933242798
v -0.02789831720292567 -0.043159037828445435 -0.06069999933242798
v -0.030333653092384328 -0.04264960438013077 -0.05757535621523857
v -0.02789831720292567 -0.043159037828445435 -0.06069999933242798
v -0.02099455520510673 -0.04790915921330452 -0.05747655779123306
v -0.02099455520510673 -0.04790915921330452 -0.05747655779123306
v -0.02789831720292567 -0.043159037828445435 -0.06069999933242798
v -0.02435231022536754 -0.04525471851229668 -0.06069999933242798
v -0.02099455520510673 -0.04790915921330452 -0.05747655779123306
v -0.02435231022536754 -0.04525471851229668 -0.06069999933242798
v -0.020954020321369164 -0.04681257903575897 -0.06069999933242798
v -0.03799999877810477 -0.034603144973516464 -0.06069999933242798
v -0.03320120647549628 -0.0392271913588047 -0.06069999933242798
v -0.03800069913268088 -0.035761088132858276 -0.058039430528879166
v -0.03800069913268088 -0.035761088132858276 -0.058039430528879166
v -0.03320120647549628 -0.0392271913588047 -0.06069999933242798
v -0.030333653092384328 -0.04264960438013077 -0.05757535621523857
v -0.03800069913268088 -0.035761088132858276 -0.058039430528879166
v -0.030333653092384328 -0.04264960438013077 -0.05757535621523857
v -0.038001533597707735 -0.0360129177570343 -0.057717856019735336
v -0.038001533597707735 -0.0360129177570343 -0.057717856019735336
v -0.030333653092384328 -0.04264960438013077 -0.05757535621523857
v -0.03800522908568381 -0.037123896181583405 -0.05629918724298477
v -0.03801352903246878 -0.039622023701667786 -0.053109198808670044
v -0.03800869360566138 -0.0381673201918602 -0.05496678873896599
v -0.030333168804645528 -0.04448048397898674 -0.054568562656641006
v -0.030333168804645528 -0.04448048397898674 -0.054568562656641006
v -0.03800869360566138 -0.0381673201918602 -0.05496678873896599
v -0.03800522908568381 -0.037123896181583405 -0.05629918724298477
v -0.038126002997159944 -0.05125269293785095 -0.03879640996456146
v -0.038100130856037126 -0.04936081916093826 -0.04130304977297783
v -0.030788011848926534 -0.054100409150123596 -0.040777452290058136
v -0.030788011848926534 -0.054100409150123596 -0.040777452290058136
v -0.038100130856037126 -0.04936081916093826 -0.04130304977297783
v -0.030369002372026433 -0.05422257259488106 -0.04085897281765938
v -0.038100130856037126 -0.04936081916093826 -0.04130304977297783
v -0.03805942460894583 -0.04478324204683304 -0.04685235396027565
v -0.030369002372026433 -0.05422257259488106 -0.04085897281765938
v -0.030369002372026433 -0.05422257259488106 -0.04085897281765938
v -0.03805942460894583 -0.04478324204683304 -0.04685235396027565
v -0.030343001708388318 -0.04854351282119751 -0.04879681020975113
v -0.030369002372026433 -0.05422257259488106 -0.04085897281765938
v -0.030343001708388318 -0.04854351282119751 -0.04879681020975113
v -0.02297012880444526 -0.056379735469818115 -0.042298465967178345
v -0.02297012880444526 -0.056379735469818115 -0.042298465967178345
v -0.030343001708388318 -0.04854351282119751 -0.04879681020975113
v -0.021001216024160378 -0.05323109030723572 -0.04817219078540802
v -0.010733926668763157 -0.05855662003159523 -0.04359262064099312
v -0.013116280548274512 -0.058309100568294525 -0.043478403240442276
v -0.010739121586084362 -0.05613626167178154 -0.047780055552721024
v -0.010739121586084362 -0.05613626167178154 -0.047780055552721024
v -0.013116280548274512 -0.058309100568294525 -0.043478403240442276
v -0.014916650950908656 -0.058031514286994934 -0.04332135617733002
v -0.010739121586084362 -0.05613626167178154 -0.047780055552721024
v -0.014916650950908656 -0.058031514286994934 -0.04332135617733002
v -0.021001216024160378 -0.05323109030723572 -0.04817219078540802
v -0.021001216024160378 -0.05323109030723572 -0.04817219078540802
v -0.014916650950908656 -0.058031514286994934 -0.04332135617733002
v -0.020996499806642525 -0.056784529238939285 -0.04254914075136185
v -0.021001216024160378 -0.05323109030723572 -0.04817219078540802
v -0.020996499806642525 -0.056784529238939285 -0.04254914075136185
v -0.02297012880444526 -0.056379735469818115 -0.042298465967178345
v -0.010733926668763157 -0.05855662003159523 -0.04359262064099312
v -0.010739121586084362 -0.05613626167178154 -0.047780055552721024
v -0.0049785887822508795 -0.059154585003852844 -0.043868549168109894
v -0.0049785887822508795 -0.059154585003852844 -0.043868549168109894
v -0.010739121586084362 -0.05613626167178154 -0.047780055552721024
v 3.320561248187913e-08 -0.05712030082941055 -0.04764582961797714
v -0.0049785887822508795 -0.059154585003852844 -0.043868549168109894
v 3.320561248187913e-08 -0.05712030082941055 -0.04764582961797714
v -4.101271856018849e-16 -0.059345174580812454 -0.04385201260447502
v 0.010739186778664585 -0.05613626167178154 -0.04778006672859192
v 0.008287871256470677 -0.058891166001558304 -0.04377271234989166
v 3.320561248187913e-08 -0.05712030082941055 -0.04764582961797714
v 3.320561248187913e-08 -0.05712030082941055 -0.04764582961797714
v 0.008287871256470677 -0.058891166001558304 -0.04377271234989166
v 3.3102644181326455e-08 -0.059345170855522156 -0.04385201260447502
v 3.320561248187913e-08 -0.05712030082941055 -0.04764582961797714
v 3.3102644181326455e-08 -0.059345170855522156 -0.04385201260447502
v -4.101271856018849e-16 -0.059345174580812454 -0.04385201260447502
v 0.024480013176798814 -0.05599333345890045 -0.04204675182700157
v 0.020988779142498963 -0.056765347719192505 -0.04253389686346054
v 0.021001277491450303 -0.05323109030723572 -0.04817220941185951
v 0.021001277491450303 -0.05323109030723572 -0.04817220941185951
v 0.020988779142498963 -0.056765347719192505 -0.04253389686346054
v 0.01645009219646453 -0.057768985629081726 -0.04316720366477966
v 0.021001277491450303 -0.05323109030723572 -0.04817220941185951
v 0.01645009219646453 -0.057768985629081726 -0.04316720366477966
v 0.010739186778664585 -0.05613626167178154 -0.04778006672859192
v 0.010739186778664585 -0.05613626167178154 -0.04778006672859192
v 0.01645009219646453 -0.057768985629081726 -0.04316720366477966
v 0.010730465874075886 -0.058555345982313156 -0.04359151050448418
v 0.010739186778664585 -0.05613626167178154 -0.04778006672859192
v 0.010730465874075886 -0.058555345982313156 -0.04359151050448418
v 0.008287871256470677 -0.058891166001558304 -0.04377271234989166
v 0.024480013176798814 -0.05599333345890045 -0.04204675182700157
v 0.021001277491450303 -0.05323109030723572 -0.04817220941185951
v 0.028956100344657888 -0.054698310792446136 -0.0411837100982666
v 0.028956100344657888 -0.054698310792446136 -0.0411837100982666
v 0.021001277491450303 -0.05323109030723572 -0.04817220941185951
v 0.030343055725097646 -0.04854351282119751 -0.04879683628678322
v 0.028956100344657888 -0.054698310792446136 -0.0411837100982666
v 0.030343055725097646 -0.04854351282119751 -0.04879683628678322
v 0.030351504683494557 -0.054194264113903046 -0.04083627462387085
v 0.030351504683494557 -0.054194264113903046 -0.04083627462387085
v 0.030343055725097646 -0.04854351282119751 -0.04879683628678322
v 0.03805202245712279 -0.04388035833835602 -0.04794295132160187
v 0.030351504683494557 -0.054194264113903046 -0.04083627462387085
v 0.03805202245712279 -0.04388035833835602 -0.04794295132160187
v 0.03810039535164832 -0.04936133697628975 -0.041301604360342026
v 0.010716338641941544 -0.05018872022628784 -0.06069999933242798
v 0.01565879397094249 -0.048948563635349274 -0.06069999933242798
v 0.020994447171688073 -0.04951807111501694 -0.05428887531161308
v 0.020994447171688073 -0.04951807111501694 -0.05428887531161308
v 0.01565879397094249 -0.048948563635349274 -0.06069999933242798
v 0.020994616672396653 -0.047909125685691833 -0.057476550340652466
v 0.020994447171688073 -0.04951807111501694 -0.05428887531161308
v 0.020994616672396653 -0.047909125685691833 -0.057476550340652466
v 0.030333220958709706 -0.04448045790195465 -0.0545685701072216
v 0.030333220958709706 -0.04448045790195465 -0.0545685701072216
v 0.020994616672396653 -0.047909125685691833 -0.057476550340652466
v 0.030333707109093656 -0.04264955595135689 -0.057575348764657974
v 0.030333220958709706 -0.04448045790195465 -0.0545685701072216
v 0.030333707109093656 -0.04264955595135689 -0.057575348764657974
v 0.03800217807292937 -0.036208488047122955 -0.05746658146381378
v 0.03800217807292937 -0.036208488047122955 -0.05746658146381378
v 0.030333707109093656 -0.04264955595135689 -0.057575348764657974
v 0.03800154477357863 -0.036012765020132065 -0.05771765485405922
v -0.03800522908568381 -0.037123896181583405 -0.05629918724298477
v -0.030333653092384328 -0.04264960438013077 -0.05757535621523857
v -0.030333168804645528 -0.04448048397898674 -0.054568562656641006
v -0.030333168804645528 -0.04448048397898674 -0.054568562656641006
v -0.030333653092384328 -0.04264960438013077 -0.05757535621523857
v -0.02099455520510673 -0.04790915921330452 -0.05747655779123306
v -0.030333168804645528 -0.04448048397898674 -0.054568562656641006
v -0.02099455520510673 -0.04790915921330452 -0.05747655779123306
v -0.02099438570439815 -0.04951808974146843 -0.054288871586322784
v -0.02099438570439815 -0.04951808974146843 -0.054288871586322784
v -0.02099455520510673 -0.04790915921330452 -0.05747655779123306
v -0.018378619104623788 -0.04799320548772812 -0.06069999933242798
v -0.02099438570439815 -0.04951808974146843 -0.054288871586322784
v -0.018378619104623788 -0.04799320548772812 -0.06069999933242798
v -0.010734268464148041 -0.05263613909482956 -0.05411272495985031
v -0.010734268464148041 -0.05263613909482956 -0.05411272495985031
v -0.018378619104623788 -0.04799320548772812 -0.06069999933242798
v -0.012056202627718445 -0.049958907067775726 -0.06069999933242798
v -0.010734268464148041 -0.05263613909482956 -0.05411272495985031
v -0.012056202627718445 -0.049958907067775726 -0.06069999933242798
v -0.010726912878453728 -0.0502237044274807 -0.06069999933242798
v 0.03800851479172705 -0.03816111385822296 -0.054961759597063065
v 0.03801256418228148 -0.03940949961543083 -0.05336032807826996
v 0.030333220958709706 -0.04448045790195465 -0.0545685701072216
v 0.030333220958709706 -0.04448045790195465 -0.0545685701072216
v 0.03801256418228148 -0.03940949961543083 -0.05336032807826996
v 0.030343055725097646 -0.04854351282119751 -0.04879683628678322
v 0.030333220958709706 -0.04448045790195465 -0.0545685701072216
v 0.030343055725097646 -0.04854351282119751 -0.04879683628678322
v 0.020994447171688073 -0.04951807111501694 -0.05428887531161308
v 0.020994447171688073 -0.04951807111501694 -0.05428887531161308
v 0.030343055725097646 -0.04854351282119751 -0.04879683628678322
v 0.021001277491450303 -0.05323109030723572 -0.04817220941185951
v 0.020994447171688073 -0.04951807111501694 -0.05428887531161308
v 0.021001277491450303 -0.05323109030723572 -0.04817220941185951
v 0.01073433272540569 -0.05263613164424896 -0.05411272868514061
v 0.01073433272540569 -0.05263613164424896 -0.05411272868514061
v 0.021001277491450303 -0.05323109030723572 -0.04817220941185951
v 0.010739186778664585 -0.05613626167178154 -0.04778006672859192
v 0.01073433272540569 -0.05263613164424896 -0.05411272868514061
v 0.010739186778664585 -0.05613626167178154 -0.04778006672859192
v 3.318864472134918e-08 -0.053691618144512177 -0.05405232310295105
v 3.318864472134918e-08 -0.053691618144512177 -0.05405232310295105
v 0.010739186778664585 -0.05613626167178154 -0.04778006672859192
v 3.320561248187913e-08 -0.05712030082941055 -0.04764582961797714
v 3.318864472134918e-08 -0.053691618144512177 -0.05405232310295105
v 3.320561248187913e-08 -0.05712030082941055 -0.04764582961797714
v -0.010734268464148041 -0.05263613909482956 -0.05411272495985031
v -0.010734268464148041 -0.05263613909482956 -0.05411272495985031
v 3.320561248187913e-08 -0.05712030082941055 -0.04764582961797714
v -0.010739121586084362 -0.05613626167178154 -0.047780055552721024
v -0.010734268464148041 -0.05263613909482956 -0.05411272495985031
v -0.010739121586084362 -0.05613626167178154 -0.047780055552721024
v -0.02099438570439815 -0.04951808974146843 -0.054288871586322784
v -0.02099438570439815 -0.04951808974146843 -0.054288871586322784
v -0.010739121586084362 -0.05613626167178154 -0.047780055552721024
v -0.021001216024160378 -0.05323109030723572 -0.04817219078540802
v -0.02099438570439815 -0.04951808974146843 -0.054288871586322784
v -0.021001216024160378 -0.05323109030723572 -0.04817219078540802
v -0.030333168804645528 -0.04448048397898674 -0.054568562656641006
v -0.030333168804645528 -0.04448048397898674 -0.054568562656641006
v -0.021001216024160378 -0.05323109030723572 -0.04817219078540802
v -0.030343001708388318 -0.04854351282119751 -0.04879681020975113
v -0.030333168804645528 -0.04448048397898674 -0.054568562656641006
v -0.030343001708388318 -0.04854351282119751 -0.04879681020975113
v -0.03801352903246878 -0.039622023701667786 -0.053109198808670044
v -0.03801352903246878 -0.039622023701667786 -0.053109198808670044
v -0.030343001708388318 -0.04854351282119751 -0.04879681020975113
v -0.038039728999137865 -0.04256827384233475 -0.04953752085566521
v 0.01629353687167167 -0.055892083793878555 -0.04169560596346855
v 0.01338969729840755 -0.05645972490310669 -0.04204259812831879
v 0.01645009219646453 -0.057768985629081726 -0.04316720366477966
v 0.01645009219646453 -0.057768985629081726 -0.04316720366477966
v 0.01338969729840755 -0.05645972490310669 -0.04204259812831879
v 0.010730465874075886 -0.058555345982313156 -0.04359151050448418
v 4.451735179016663e-16 0.06570328772068024 0.05384654924273491
v -4.4073720401624565e-15 0.06404237449169159 0.05256116762757301
v 0.0038097135256975876 0.06569181382656097 0.05371098965406418
v 0.0038097135256975876 0.06569181382656097 0.05371098965406418
v -4.4073720401624565e-15 0.06404237449169159 0.05256116762757301
v 0.006021988578140734 0.06389398872852325 0.052232857793569565
v 0.010730465874075886 -0.058555345982313156 -0.04359151050448418
v 0.01338969729840755 -0.05645972490310669 -0.04204259812831879
v 0.008287871256470677 -0.058891166001558304 -0.04377271234989166
v 0.008287871256470677 -0.058891166001558304 -0.04377271234989166
v 0.01338969729840755 -0.05645972490310669 -0.04204259812831879
v 0.004850679542869328 -0.057372935116291046 -0.042472321540117264
v 0.008287871256470677 -0.058891166001558304 -0.04377271234989166
v 0.004850679542869328 -0.057372935116291046 -0.042472321540117264
v 3.3102644181326455e-08 -0.059345170855522156 -0.04385201260447502
v 3.3102644181326455e-08 -0.059345170855522156 -0.04385201260447502
v 0.004850679542869328 -0.057372935116291046 -0.042472321540117264
v -2.630099100748433e-13 -0.05755778029561043 -0.04245613515377045
v 3.3102644181326455e-08 -0.059345170855522156 -0.04385201260447502
v -2.630099100748433e-13 -0.05755778029561043 -0.04245613515377045
v -4.101271856018849e-16 -0.059345174580812454 -0.04385201260447502
v 0.012339811772108075 0.06460839509963989 0.052581071853637695
v 0.011968607082962986 0.06300266087055206 0.05133887007832527
v 0.01796742714941501 0.06306564062833786 0.05118872970342636
v 0.01796742714941501 0.06306564062833786 0.05118872970342636
v 0.011968607082962986 0.06300266087055206 0.05133887007832527
v 0.017770417034626 0.06141040846705437 0.04990207031369209
v 0.06259282678365705 -0.01706818863749504 -0.01290159858763218
v 0.06479422748088834 -0.017420129850506783 -0.013249718584120274
v 0.06284389644861219 -0.015763189643621445 -0.01189036387950182
v 0.06284389644861219 -0.015763189643621445 -0.01189036387950182
v 0.06479422748088834 -0.017420129850506783 -0.013249718584120274
v 0.06529924273490903 -0.014804475009441376 -0.011222926899790764
v 0.06284389644861219 -0.015763189643621445 -0.01189036387950182
v 0.06529924273490903 -0.014804475009441376 -0.011222926899790764
v 0.06365194916725156 -0.011562997475266457 -0.008635667152702808
v 0.02959248051047324 -0.05258858576416969 -0.039556559175252914
v 0.030351504683494557 -0.054194264113903046 -0.04083627462387085
v 0.03261368349194525 -0.05142732709646225 -0.03874962031841278
v 0.03261368349194525 -0.05142732709646225 -0.03874962031841278
v 0.030351504683494557 -0.054194264113903046 -0.04083627462387085
v 0.03611725568771361 -0.05211155489087105 -0.03940068185329437
v 0.03261368349194525 -0.05142732709646225 -0.03874962031841278
v 0.03611725568771361 -0.05211155489087105 -0.03940068185329437
v 0.03315436840057372 -0.051219500601291656 -0.038605205714702606
v 0.03315436840057372 -0.051219500601291656 -0.038605205714702606
v 0.03611725568771361 -0.05211155489087105 -0.03940068185329437
v 0.03687289729714392 -0.049790214747190475 -0.03761201724410057
v 0.012339811772108075 0.06460839509963989 0.052581071853637695
v 0.01074580196291208 0.06490420550107956 0.052865155041217804
v 0.011968607082962986 0.06300266087055206 0.05133887007832527
v 0.011968607082962986 0.06300266087055206 0.05133887007832527
v 0.01074580196291208 0.06490420550107956 0.052865155041217804
v 0.009552553296089169 0.06512564420700073 0.0530778132379055
v 0.011968607082962986 0.06300266087055206 0.05133887007832527
v 0.009552553296089169 0.06512564420700073 0.0530778132379055
v 0.006021988578140734 0.06389398872852325 0.052232857793569565
v 0.006021988578140734 0.06389398872852325 0.052232857793569565
v 0.009552553296089169 0.06512564420700073 0.0530778132379055
v 0.008116708137094971 0.06526719778776169 0.05323612317442894
v 0.006021988578140734 0.06389398872852325 0.052232857793569565
v 0.008116708137094971 0.06526719778776169 0.05323612317442894
v 0.0038097135256975876 0.06569181382656097 0.05371098965406418
v 0.01629353687167167 -0.055892083793878555 -0.04169560596346855
v 0.01645009219646453 -0.057768985629081726 -0.04316720366477966
v 0.021775787696242326 -0.05482041835784912 -0.04104050621390343
v 0.021775787696242326 -0.05482041835784912 -0.04104050621390343
v 0.01645009219646453 -0.057768985629081726 -0.04316720366477966
v 0.020988779142498963 -0.056765347719192505 -0.04253389686346054
v 0.021775787696242326 -0.05482041835784912 -0.04104050621390343
v 0.020988779142498963 -0.056765347719192505 -0.04253389686346054
v 0.0244534071534872 -0.05405590310692787 -0.040532179176807404
v 0.0244534071534872 -0.05405590310692787 -0.040532179176807404
v 0.020988779142498963 -0.056765347719192505 -0.04253389686346054
v 0.024480013176798814 -0.05599333345890045 -0.04204675182700157
v 0.0244534071534872 -0.05405590310692787 -0.040532179176807404
v 0.024480013176798814 -0.05599333345890045 -0.04204675182700157
v 0.02959248051047324 -0.05258858576416969 -0.039556559175252914
v 0.02959248051047324 -0.05258858576416969 -0.039556559175252914
v 0.024480013176798814 -0.05599333345890045 -0.04204675182700157
v 0.028956100344657888 -0.054698310792446136 -0.0411837100982666
v 0.02959248051047324 -0.05258858576416969 -0.039556559175252914
v 0.028956100344657888 -0.054698310792446136 -0.0411837100982666
v 0.030351504683494557 -0.054194264113903046 -0.04083627462387085
v 0.06536387652158734 0.00022034358698874712 0.0005136001855134964
v 0.06312078982591626 -2.537589898565784e-05 0.000396161776734516
v 0.06559427082538602 -0.0017826799303293228 -0.0010589895537123084
v 0.06559427082538602 -0.0017826799303293228 -0.0010589895537123084
v 0.06312078982591626 -2.537589898565784e-05 0.000396161776734516
v 0.06331937015056607 -0.0017603326123207808 -0.0009659339557401836
v 0.06559427082538602 -0.0017826799303293228 -0.0010589895537123084
v 0.06331937015056607 -0.0017603326123207808 -0.0009659339557401836
v 0.06607095152139661 -0.005926776677370071 -0.004312552977353334
v 0.06607095152139661 -0.005926776677370071 -0.004312552977353334
v 0.06331937015056607 -0.0017603326123207808 -0.0009659339557401836
v 0.06380677968263623 -0.006018649321049452 -0.004309092648327351
v 0.06607095152139661 -0.005926776677370071 -0.004312552977353334
v 0.06380677968263623 -0.006018649321049452 -0.004309092648327351
v 0.06593320518732068 -0.010298563167452812 -0.007723589427769184
v 0.06593320518732068 -0.010298563167452812 -0.007723589427769184
v 0.06380677968263623 -0.006018649321049452 -0.004309092648327351
v 0.06365194916725156 -0.011562997475266457 -0.008635667152702808
v 0.06593320518732068 -0.010298563167452812 -0.007723589427769184
v 0.06365194916725156 -0.011562997475266457 -0.008635667152702808
v 0.06588717550039289 -0.011759352870285511 -0.008863354101777077
v 0.06588717550039289 -0.011759352870285511 -0.008863354101777077
v 0.06365194916725156 -0.011562997475266457 -0.008635667152702808
v 0.06529924273490903 -0.014804475009441376 -0.011222926899790764
v 0.04207719117403029 -0.048525795340538025 -0.03679722920060158
v 0.03939214721322058 -0.04811395704746246 -0.036386243999004364
v 0.038583591580390916 -0.05093693360686302 -0.03856491297483444
v 0.038583591580390916 -0.05093693360686302 -0.03856491297483444
v 0.03939214721322058 -0.04811395704746246 -0.036386243999004364
v 0.03687289729714392 -0.049790214747190475 -0.03761201724410057
v 0.038583591580390916 -0.05093693360686302 -0.03856491297483444
v 0.03687289729714392 -0.049790214747190475 -0.03761201724410057
v 0.038126021623611436 -0.05125272646546364 -0.03879643604159355
v 0.038126021623611436 -0.05125272646546364 -0.03879643604159355
v 0.03687289729714392 -0.049790214747190475 -0.03761201724410057
v 0.03611725568771361 -0.05211155489087105 -0.03940068185329437
v 0.03343503177165984 0.055089179426431656 0.04444283992052078
v 0.030527733266353597 0.05694488063454628 0.04598928615450859
v 0.029002005234360684 0.0561220645904541 0.04539712890982628
v 0.029002005234360684 0.0561220645904541 0.04539712890982628
v 0.030527733266353597 0.05694488063454628 0.04598928615450859
v 0.02800915017724036 0.058552470058202744 0.04732896387577057
v 0.029002005234360684 0.0561220645904541 0.04539712890982628
v 0.02800915017724036 0.058552470058202744 0.04732896387577057
v 0.023351326584815972 0.059160783886909485 0.047959014773368835
v 0.023351326584815972 0.059160783886909485 0.047959014773368835
v 0.02800915017724036 0.058552470058202744 0.04732896387577057
v 0.023403748869895928 0.06091446802020073 0.04932739958167076
v 0.023351326584815972 0.059160783886909485 0.047959014773368835
v 0.023403748869895928 0.06091446802020073 0.04932739958167076
v 0.017770417034626 0.06141040846705437 0.04990207031369209
v 0.017770417034626 0.06141040846705437 0.04990207031369209
v 0.023403748869895928 0.06091446802020073 0.04932739958167076
v 0.021043321117758744 0.06184849515557289 0.05013557896018028
v 0.017770417034626 0.06141040846705437 0.04990207031369209
v 0.021043321117758744 0.06184849515557289 0.05013557896018028
v 0.01796742714941501 0.06306564062833786 0.05118872970342636
v 0.029002005234360684 0.0561220645904541 0.04539712890982628
v 0.033224198967218385 0.05330333486199379 0.043066851794719696
v 0.03343503177165984 0.055089179426431656 0.04444283992052078
v 0.03343503177165984 0.055089179426431656 0.04444283992052078
v 0.033224198967218385 0.05330333486199379 0.043066851794719696
v 0.03344756364822386 0.053079649806022644 0.04288390278816223
v 0.03343503177165984 0.055089179426431656 0.04444283992052078
v 0.03344756364822386 0.053079649806022644 0.04288390278816223
v 0.03355472534894942 0.05297084152698517 0.042795151472091675
v 0.04475605487823485 0.044414713978767395 0.03572683408856392
v 0.04075565561652182 0.04886028543114662 0.039333026856184006
v 0.040223624557256685 0.04619945213198662 0.03727183863520622
v 0.05175804719328879 -0.03693092241883278 -0.028060022741556168
v 0.049479097127914415 -0.03965439274907112 -0.030112100765109062
v 0.05262333899736402 -0.03912516310811043 -0.02980310469865799
v 0.05262333899736402 -0.03912516310811043 -0.02980310469865799
v 0.049479097127914415 -0.03965439274907112 -0.030112100765109062
v 0.04901131987571715 -0.04296577721834183 -0.03268369287252426
v 0.04901131987571715 -0.04296577721834183 -0.03268369287252426
v 0.049479097127914415 -0.03965439274907112 -0.030112100765109062
v 0.04893722757697104 -0.04016515240073204 -0.03049314394593239
v 0.04901131987571715 -0.04296577721834183 -0.03268369287252426
v 0.04893722757697104 -0.04016515240073204 -0.03049314394593239
v 0.04849302768707274 -0.04340238869190216 -0.03300758823752403
v 0.04849302768707274 -0.04340238869190216 -0.03300758823752403
v 0.04893722757697104 -0.04016515240073204 -0.03049314394593239
v 0.045911058783531175 -0.045577436685562134 -0.03462112322449684
v 0.045911058783531175 -0.045577436685562134 -0.03462112322449684
v 0.04893722757697104 -0.04016515240073204 -0.03049314394593239
v 0.044833932071924196 -0.04403288662433624 -0.03337859362363815
v 0.045911058783531175 -0.045577436685562134 -0.03462112322449684
v 0.044833932071924196 -0.04403288662433624 -0.03337859362363815
v 0.04392486438155173 -0.04725060611963272 -0.03586234524846077
v 0.04392486438155173 -0.04725060611963272 -0.03586234524846077
v 0.044833932071924196 -0.04403288662433624 -0.03337859362363815
v 0.044827323406934724 -0.044037844985723495 -0.033382248133420944
v 0.04392486438155173 -0.04725060611963272 -0.03586234524846077
v 0.044827323406934724 -0.044037844985723495 -0.033382248133420944
v 0.04207719117403029 -0.048525795340538025 -0.03679722920060158
v 0.04207719117403029 -0.048525795340538025 -0.03679722920060158
v 0.044827323406934724 -0.044037844985723495 -0.033382248133420944
v 0.04077481478452681 -0.04707702621817589 -0.03562205284833908
v 0.04207719117403029 -0.048525795340538025 -0.03679722920060158
v 0.04077481478452681 -0.04707702621817589 -0.03562205284833908
v 0.03939214721322058 -0.04811395704746246 -0.036386243999004364
v 0.040223624557256685 0.04619945213198662 0.03727183863520622
v 0.040821481496095643 0.04551701620221138 0.03671879321336746
v 0.04475605487823485 0.044414713978767395 0.03572683408856392
v 0.04475605487823485 0.044414713978767395 0.03572683408856392
v 0.040821481496095643 0.04551701620221138 0.03671879321336746
v 0.042676754295825944 0.04339928179979324 0.035002585500478745
v 0.04475605487823485 0.044414713978767395 0.03572683408856392
v 0.042676754295825944 0.04339928179979324 0.035002585500478745
v 0.045387730002403245 0.04371274635195732 0.03515740483999252
v 0.045387730002403245 0.04371274635195732 0.03515740483999252
v 0.042676754295825944 0.04339928179979324 0.035002585500478745
v 0.04489860683679579 0.04086310416460037 0.032947275787591934
v 0.045387730002403245 0.04371274635195732 0.03515740483999252
v 0.04489860683679579 0.04086310416460037 0.032947275787591934
v 0.04644161835312842 0.04254157841205597 0.03420736640691757
v 0.06536387652158734 0.00022034358698874712 0.0005136001855134964
v 0.0649423152208328 0.0022276360541582108 0.0020958774257451296
v 0.06312078982591626 -2.537589898565784e-05 0.000396161776734516
v 0.06312078982591626 -2.537589898565784e-05 0.000396161776734516
v 0.0649423152208328 0.0022276360541582108 0.0020958774257451296
v 0.06470441818237302 0.0033604148775339127 0.0029888066928833723
v 0.06312078982591626 -2.537589898565784e-05 0.000396161776734516
v 0.06470441818237302 0.0033604148775339127 0.0029888066928833723
v 0.06147802621126173 0.006816019769757986 0.005795835517346859
v 0.06147802621126173 0.006816019769757986 0.005795835517346859
v 0.06470441818237302 0.0033604148775339127 0.0029888066928833723
v 0.06431484967470166 0.004685638938099146 0.00403713108971715
v 0.06147802621126173 0.006816019769757986 0.005795835517346859
v 0.06431484967470166 0.004685638938099146 0.00403713108971715
v 0.0596322640776634 0.012176929041743279 0.010045572184026241
v 0.06054711341857908 -0.022796010598540306 -0.017308684065937996
v 0.06252241879701612 -0.02357303909957409 -0.017981406301259995
v 0.06259282678365705 -0.01706818863749504 -0.01290159858763218
v 0.06259282678365705 -0.01706818863749504 -0.01290159858763218
v 0.06252241879701612 -0.02357303909957409 -0.017981406301259995
v 0.06423100084066388 -0.019199788570404053 -0.014621423557400703
v 0.06423100084066388 -0.019199788570404053 -0.014621423557400703
v 0.06438022851943967 -0.01881781592965126 -0.014327953569591045
v 0.06259282678365705 -0.01706818863749504 -0.01290159858763218
v 0.06259282678365705 -0.01706818863749504 -0.01290159858763218
v 0.06438022851943967 -0.01881781592965126 -0.014327953569591045
v 0.06440058350563047 -0.018749110400676727 -0.01427495013922453
v 0.06259282678365705 -0.01706818863749504 -0.01290159858763218
v 0.06440058350563047 -0.018749110400676727 -0.01427495013922453
v 0.06479422748088834 -0.017420129850506783 -0.013249718584120274
v 0.05262333899736402 -0.03912516310811043 -0.02980310469865799
v 0.05344386026263235 -0.03825271129608154 -0.029148736968636513
v 0.05175804719328879 -0.03693092241883278 -0.028060022741556168
v 0.05175804719328879 -0.03693092241883278 -0.028060022741556168
v 0.05344386026263235 -0.03825271129608154 -0.029148736968636513
v 0.05390704795718191 -0.0376640185713768 -0.028704192489385605
v 0.05175804719328879 -0.03693092241883278 -0.028060022741556168
v 0.05390704795718191 -0.0376640185713768 -0.028704192489385605
v 0.053640563040971735 -0.03468121588230133 -0.026364915072917938
v 0.053640563040971735 -0.03468121588230133 -0.026364915072917938
v 0.05390704795718191 -0.0376640185713768 -0.028704192489385605
v 0.05556814000010488 -0.03555285558104515 -0.027109969407320023
v 0.053640563040971735 -0.03468121588230133 -0.026364915072917938
v 0.05556814000010488 -0.03555285558104515 -0.027109969407320023
v 0.05680424720048902 -0.029853731393814087 -0.022698402404785156
v 0.03788958117365836 0.04856936261057854 0.03920493647456169
v 0.03878197073936461 0.047663260251283646 0.038465842604637146
v 0.04075565561652182 0.04886028543114662 0.039333026856184006
v 0.04075565561652182 0.04886028543114662 0.039333026856184006
v 0.03878197073936461 0.047663260251283646 0.038465842604637146
v 0.03958422690629958 0.04684867337346077 0.03780139610171318
v 0.04075565561652182 0.04886028543114662 0.039333026856184006
v 0.03958422690629958 0.04684867337346077 0.03780139610171318
v 0.040223624557256685 0.04619945213198662 0.03727183863520622
v 0.05556814000010488 -0.03555285558104515 -0.027109969407320023
v 0.05747057870030401 -0.03267921879887581 -0.024928057566285133
v 0.05680424720048902 -0.029853731393814087 -0.022698402404785156
v 0.05680424720048902 -0.029853731393814087 -0.022698402404785156
v 0.05747057870030401 -0.03267921879887581 -0.024928057566285133
v 0.05850275605916975 -0.03112011030316353 -0.02374424785375595
v 0.05680424720048902 -0.029853731393814087 -0.022698402404785156
v 0.05850275605916975 -0.03112011030316353 -0.02374424785375595
v 0.05710162594914434 -0.029399961233139038 -0.02235376089811325
v 0.05710162594914434 -0.029399961233139038 -0.02235376089811325
v 0.05850275605916975 -0.03112011030316353 -0.02374424785375595
v 0.05925206094980238 -0.029988287016749382 -0.022884869948029518
v 0.05710162594914434 -0.029399961233139038 -0.02235376089811325
v 0.05925206094980238 -0.029988287016749382 -0.022884869948029518
v 0.057497043162584284 -0.028796592727303505 -0.021895498037338257
v 0.057497043162584284 -0.028796592727303505 -0.021895498037338257
v 0.05925206094980238 -0.029988287016749382 -0.022884869948029518
v 0.060289274901151636 -0.028020812198519707 -0.021382177248597145
v 0.057497043162584284 -0.028796592727303505 -0.021895498037338257
v 0.060289274901151636 -0.028020812198519707 -0.021382177248597145
v 0.06054711341857908 -0.022796010598540306 -0.017308684065937996
v 0.06054711341857908 -0.022796010598540306 -0.017308684065937996
v 0.060289274901151636 -0.028020812198519707 -0.021382177248597145
v 0.06220288947224615 -0.02439091168344021 -0.018609778955578804
v 0.06054711341857908 -0.022796010598540306 -0.017308684065937996
v 0.06220288947224615 -0.02439091168344021 -0.018609778955578804
v 0.06252241879701612 -0.02357303909957409 -0.017981406301259995
v 0.034192211925983415 0.05232355743646622 0.042267169803380966
v 0.03450028598308562 0.05201074853539467 0.04201201722025871
v 0.03856711834669112 0.051082294434309006 0.041141804307699203
v 0.03450028598308562 0.05201074853539467 0.04201201722025871
v 0.03470218554139136 0.05180574581027031 0.04184480011463165
v 0.03856711834669112 0.051082294434309006 0.041141804307699203
v 0.03856711834669112 0.051082294434309006 0.041141804307699203
v 0.03470218554139136 0.05180574581027031 0.04184480011463165
v 0.03534761071205138 0.051150400191545486 0.04131024703383446
v 0.03856711834669112 0.051082294434309006 0.041141804307699203
v 0.03534761071205138 0.051150400191545486 0.04131024703383446
v 0.035722132772207246 0.050770122557878494 0.041000060737133026
v 0.03355472534894942 0.05297084152698517 0.042795151472091675
v 0.03365296497941016 0.052871089428663254 0.04271378368139267
v 0.03343503177165984 0.055089179426431656 0.04444283992052078
v 0.03343503177165984 0.055089179426431656 0.04444283992052078
v 0.03365296497941016 0.052871089428663254 0.04271378368139267
v 0.03368223831057547 0.052841365337371826 0.04268953949213028
v 0.03343503177165984 0.055089179426431656 0.04444283992052078
v 0.03368223831057547 0.052841365337371826 0.04268953949213028
v 0.03856711834669112 0.051082294434309006 0.041141804307699203
v 0.03856711834669112 0.051082294434309006 0.041141804307699203
v 0.03368223831057547 0.052841365337371826 0.04268953949213028
v 0.03407662361860274 0.05244092270731926 0.04236290231347084
v 0.03856711834669112 0.051082294434309006 0.041141804307699203
v 0.03407662361860274 0.05244092270731926 0.04236290231347084
v 0.034192211925983415 0.05232355743646622 0.042267169803380966
v 0.06431484967470166 0.004685638938099146 0.00403713108971715
v 0.0627239793539047 0.010097385384142399 0.008318115957081318
v 0.0596322640776634 0.012176929041743279 0.010045572184026241
v 0.0596322640776634 0.012176929041743279 0.010045572184026241
v 0.0627239793539047 0.010097385384142399 0.008318115957081318
v 0.06218610703945158 0.011927113868296146 0.00976553000509739
v 0.0596322640776634 0.012176929041743279 0.010045572184026241
v 0.06218610703945158 0.011927113868296146 0.00976553000509739
v 0.0579797104001045 0.01697666570544243 0.01385045237839222
v 0.0579797104001045 0.01697666570544243 0.01385045237839222
v 0.06218610703945158 0.011927113868296146 0.00976553000509739
v 0.059837762266397455 0.018217869102954865 0.014758443459868431
v 0.0579797104001045 0.01697666570544243 0.01385045237839222
v 0.059837762266397455 0.018217869102954865 0.014758443459868431
v 0.05712599679827688 0.01895895227789879 0.015427553094923496
v 0.05712599679827688 0.01895895227789879 0.015427553094923496
v 0.059837762266397455 0.018217869102954865 0.014758443459868431
v 0.05915830284357069 0.02003801427781582 0.016203073784708977
v 0.05712599679827688 0.01895895227789879 0.015427553094923496
v 0.05915830284357069 0.02003801427781582 0.016203073784708977
v 0.057050637900829294 0.019133934751152992 0.015566769056022167
v 0.057050637900829294 0.019133934751152992 0.015566769056022167
v 0.05915830284357069 0.02003801427781582 0.016203073784708977
v 0.05815610662102697 0.02230829931795597 0.01801011897623539
v 0.057050637900829294 0.019133934751152992 0.015566769056022167
v 0.05815610662102697 0.02230829931795597 0.01801011897623539
v 0.054057251662015894 0.026084458455443382 0.02109658531844616
v 0.054057251662015894 0.026084458455443382 0.02109658531844616
v 0.05815610662102697 0.02230829931795597 0.01801011897623539
v 0.05619000270962713 0.026762131601572037 0.02155516855418682
v 0.054057251662015894 0.026084458455443382 0.02109658531844616
v 0.05619000270962713 0.026762131601572037 0.02155516855418682
v 0.053823594003915766 0.026627004146575928 0.021528232842683792
v 0.053823594003915766 0.026627004146575928 0.021528232842683792
v 0.05619000270962713 0.026762131601572037 0.02155516855418682
v 0.055836282670497873 0.027563409879803658 0.022192951291799545
v 0.053823594003915766 0.026627004146575928 0.021528232842683792
v 0.055836282670497873 0.027563409879803658 0.022192951291799545
v 0.05035282671451567 0.03302376717329025 0.02664126642048359
v 0.05035282671451567 0.03302376717329025 0.02664126642048359
v 0.055836282670497873 0.027563409879803658 0.022192951291799545
v 0.05217057839035986 0.034360483288764954 0.027625219896435738
v 0.05035282671451567 0.03302376717329025 0.02664126642048359
v 0.05217057839035986 0.034360483288764954 0.027625219896435738
v 0.05007308349013327 0.03353934362530708 0.02705337479710579
v 0.05007308349013327 0.03353934362530708 0.02705337479710579
v 0.05217057839035986 0.034360483288764954 0.027625219896435738
v 0.05210471153259275 0.034482620656490326 0.027722833678126335
v 0.05007308349013327 0.03353934362530708 0.02705337479710579
v 0.05210471153259275 0.034482620656490326 0.027722833678126335
v 0.04897519946098326 0.03512321412563324 0.02832731232047081
v 0.04897519946098326 0.03512321412563324 0.02832731232047081
v 0.05210471153259275 0.034482620656490326 0.027722833678126335
v 0.05099809169769286 0.03625769168138504 0.02914644218981266
v 0.04897519946098326 0.03512321412563324 0.02832731232047081
v 0.05099809169769286 0.03625769168138504 0.02914644218981266
v 0.045631483197212205 0.03994704782962799 0.032207220792770386
v 0.045631483197212205 0.03994704782962799 0.032207220792770386
v 0.05099809169769286 0.03625769168138504 0.02914644218981266
v 0.04644161835312842 0.04254157841205597 0.03420736640691757
v 0.045631483197212205 0.03994704782962799 0.032207220792770386
v 0.04644161835312842 0.04254157841205597 0.03420736640691757
v 0.045367527753114686 0.04032784700393677 0.03251350298523903
v 0.045367527753114686 0.04032784700393677 0.03251350298523903
v 0.04644161835312842 0.04254157841205597 0.03420736640691757
v 0.04489860683679579 0.04086310416460037 0.032947275787591934
v 0.035722132772207246 0.050770122557878494 0.041000060737133026
v 0.036194939166307435 0.050290051847696304 0.040608473122119904
v 0.03856711834669112 0.051082294434309006 0.041141804307699203
v 0.03856711834669112 0.051082294434309006 0.041141804307699203
v 0.036194939166307435 0.050290051847696304 0.040608473122119904
v 0.03674208372831343 0.04973449930548668 0.0401553176343441
v 0.03856711834669112 0.051082294434309006 0.041141804307699203
v 0.03674208372831343 0.04973449930548668 0.0401553176343441
v 0.04075565561652182 0.04886028543114662 0.039333026856184006
v 0.04075565561652182 0.04886028543114662 0.039333026856184006
v 0.03674208372831343 0.04973449930548668 0.0401553176343441
v 0.03776202350854872 0.04869888350367546 0.03931058198213577
v 0.04075565561652182 0.04886028543114662 0.039333026856184006
v 0.03776202350854872 0.04869888350367546 0.03931058198213577
v 0.03788958117365836 0.04856936261057854 0.03920493647456169
v -0.033864218741655336 0.05478214472532272 0.04418869689106941
v -0.030522501096129407 0.05693430081009865 0.04598119109869003
v -0.030410977080464353 0.06560582667589188 0.04426546022295952
v -0.01162213925272226 0.06475698947906494 0.052721016108989716
v -0.010743387974798676 0.06488033384084702 0.05284658074378967
v -0.01074694003909826 0.06528303772211075 0.05281725898385048
v -0.01074694003909826 0.06528303772211075 0.05281725898385048
v -0.010743387974798676 0.06488033384084702 0.05284658074378967
v -0.00798657443374395 0.06526727229356766 0.05324050411581993
v 0.011706721037626263 0.08089999854564667 0.050643548369407654
v 0.01069769915193319 0.08089999854564667 0.05083354189991951
v 0.010746942833065983 0.06528303772211075 0.05281725898385048
v -0.03673291578888892 0.08089999854564667 0.036776430904865265
v -0.03799999877810477 0.08089999854564667 0.03546576946973801
v -0.0380420573055744 0.07356835156679153 0.03625599294900894
v -0.0380420573055744 0.07356835156679153 0.03625599294900894
v -0.03815525397658347 0.06663300096988678 0.037425197660923004
v -0.03673291578888892 0.08089999854564667 0.036776430904865265
v -0.03673291578888892 0.08089999854564667 0.036776430904865265
v -0.03815525397658347 0.06663300096988678 0.037425197660923004
v -0.038175676017999635 0.06586203724145889 0.03760945796966553
v -0.03673291578888892 0.08089999854564667 0.036776430904865265
v -0.038175676017999635 0.06586203724145889 0.03760945796966553
v -0.031765606254339204 0.08089999854564667 0.04114311560988426
v -0.02102783136069774 0.06540694087743759 0.049545761197805405
v -0.020918954163789742 0.08089999854564667 0.04749603569507599
v -0.022491594776511185 0.08089999854564667 0.04686085134744644
v -0.02102783136069774 0.06540694087743759 0.049545761197805405
v -0.022491594776511185 0.08089999854564667 0.04686085134744644
v -0.030410977080464353 0.06560582667589188 0.04426546022295952
v -0.030410977080464353 0.06560582667589188 0.04426546022295952
v -0.022491594776511185 0.08089999854564667 0.04686085134744644
v -0.026259345933794965 0.08089999854564667 0.04485803470015526
v -0.030410977080464353 0.06560582667589188 0.04426546022295952
v -0.026259345933794965 0.08089999854564667 0.04485803470015526
v -0.0302497949451208 0.08089999854564667 0.042165789753198624
v 0.007516729179769752 0.08089999854564667 0.051432497799396515
v 0.0008809557766653594 0.08089999854564667 0.051971547305583954
v 4.451735179016663e-16 0.06570328772068024 0.05384654924273491
v 4.451735179016663e-16 0.06570328772068024 0.05384654924273491
v 0.0008809557766653594 0.08089999854564667 0.051971547305583954
v 2.2692152015224556e-06 0.08089999854564667 0.0519304983317852
v 4.451735179016663e-16 0.06570328772068024 0.05384654924273491
v 2.2692152015224556e-06 0.08089999854564667 0.0519304983317852
v -0.005857808049768208 0.06556607037782669 0.05354468524456024
v -0.005857808049768208 0.06556607037782669 0.05354468524456024
v 2.2692152015224556e-06 0.08089999854564667 0.0519304983317852
v -0.005719339475035666 0.08089999854564667 0.05166318267583847
v -0.005857808049768208 0.06556607037782669 0.05354468524456024
v -0.005719339475035666 0.08089999854564667 0.05166318267583847
v -0.00798657443374395 0.06526727229356766 0.05324050411581993
v -0.00798657443374395 0.06526727229356766 0.05324050411581993
v -0.005719339475035666 0.08089999854564667 0.05166318267583847
v -0.009925452992320057 0.08089999854564667 0.05102258175611496
v -0.00798657443374395 0.06526727229356766 0.05324050411581993
v -0.009925452992320057 0.08089999854564667 0.05102258175611496
v -0.01074694003909826 0.06528303772211075 0.05281725898385048
v -0.01074694003909826 0.06528303772211075 0.05281725898385048
v -0.009925452992320057 0.08089999854564667 0.05102258175611496
v -0.010692267678678032 0.08089999854564667 0.05082168057560921
v -0.01074694003909826 0.06528303772211075 0.05281725898385048
v -0.010692267678678032 0.08089999854564667 0.05082168057560921
v -0.02102783136069774 0.06540694087743759 0.049545761197805405
v -0.02102783136069774 0.06540694087743759 0.049545761197805405
v -0.010692267678678032 0.08089999854564667 0.05082168057560921
v -0.016364324837923043 0.08089999854564667 0.04933563619852066
v -0.02102783136069774 0.06540694087743759 0.049545761197805405
v -0.016364324837923043 0.08089999854564667 0.04933563619852066
v -0.020918954163789742 0.08089999854564667 0.04749603569507599
v 4.451735179016663e-16 0.06570328772068024 0.05384654924273491
v 0.0038097135256975876 0.06569181382656097 0.05371098965406418
v 0.007516729179769752 0.08089999854564667 0.051432497799396515
v 0.007516729179769752 0.08089999854564667 0.051432497799396515
v 0.0038097135256975876 0.06569181382656097 0.05371098965406418
v 0.008116708137094971 0.06526719778776169 0.05323612317442894
v 0.007516729179769752 0.08089999854564667 0.051432497799396515
v 0.008116708137094971 0.06526719778776169 0.05323612317442894
v 0.01069769915193319 0.08089999854564667 0.05083354189991951
v 0.011706721037626263 0.08089999854564667 0.050643548369407654
v 0.010746942833065983 0.06528303772211075 0.05281725898385048
v 0.0180363543331623 0.08089999854564667 0.04874930530786514
v 0.03315550461411475 0.08089999854564667 0.040031373500823975
v 0.030235951766371717 0.08089999854564667 0.04215172305703163
v 0.03041098080575465 0.06560582667589188 0.04426546022295952
v 0.03041098080575465 0.06560582667589188 0.04426546022295952
v 0.030235951766371717 0.08089999854564667 0.04215172305703163
v 0.027809124439954747 0.08089999854564667 0.043914224952459335
v 0.03041098080575465 0.06560582667589188 0.04426546022295952
v 0.027809124439954747 0.08089999854564667 0.043914224952459335
v 0.02102783322334289 0.06540694087743759 0.049545761197805405
v 0.02102783322334289 0.06540694087743759 0.049545761197805405
v 0.027809124439954747 0.08089999854564667 0.043914224952459335
v 0.024117989465594285 0.08089999854564667 0.04604478180408478
v 0.02102783322334289 0.06540694087743759 0.049545761197805405
v 0.024117989465594285 0.08089999854564667 0.04604478180408478
v 0.020905788987874978 0.08089999854564667 0.047473255544900894
v 0.03041098080575465 0.06560582667589188 0.04426546022295952
v 0.03818101435899733 0.06586476415395737 0.037637531757354736
v 0.03806451335549353 0.07291016727685928 0.036437440663576126
v 0.03041098080575465 0.06560582667589188 0.04426546022295952
v 0.03806451335549353 0.07291016727685928 0.036437440663576126
v 0.03315550461411475 0.08089999854564667 0.040031373500823975
v 0.03315550461411475 0.08089999854564667 0.040031373500823975
v 0.03806451335549353 0.07291016727685928 0.036437440663576126
v 0.038023162633180604 0.0754108875989914 0.0360114723443985
v 0.03315550461411475 0.08089999854564667 0.040031373500823975
v 0.038023162633180604 0.0754108875989914 0.0360114723443985
v 0.03799999877810477 0.08089999854564667 0.03546576946973801
v 0.03343503177165984 0.055089179426431656 0.04444283992052078
v 0.03856711834669112 0.051082294434309006 0.041141804307699203
v 0.03822888061404227 0.06343342363834381 0.038105010986328125
v 0.03822888061404227 0.06343342363834381 0.038105010986328125
v 0.03820954263210295 0.0641394630074501 0.0379314161837101
v 0.03343503177165984 0.055089179426431656 0.04444283992052078
v 0.03343503177165984 0.055089179426431656 0.04444283992052078
v 0.03820954263210295 0.0641394630074501 0.0379314161837101
v 0.03818101435899733 0.06586476415395737 0.037637531757354736
v 0.03343503177165984 0.055089179426431656 0.04444283992052078
v 0.03818101435899733 0.06586476415395737 0.037637531757354736
v 0.030527733266353597 0.05694488063454628 0.04598928615450859
v 0.030527733266353597 0.05694488063454628 0.04598928615450859
v 0.03818101435899733 0.06586476415395737 0.037637531757354736
v 0.03041098080575465 0.06560582667589188 0.04426546022295952
v 0.030527733266353597 0.05694488063454628 0.04598928615450859
v 0.03041098080575465 0.06560582667589188 0.04426546022295952
v 0.02800915017724036 0.058552470058202744 0.04732896387577057
v 0.012339811772108075 0.06460839509963989 0.052581071853637695
v 0.01796742714941501 0.06306564062833786 0.05118872970342636
v 0.02102783322334289 0.06540694087743759 0.049545761197805405
v 0.02102783322334289 0.06540694087743759 0.049545761197805405
v 0.01796742714941501 0.06306564062833786 0.05118872970342636
v 0.021043321117758744 0.06184849515557289 0.05013557896018028
v 0.02102783322334289 0.06540694087743759 0.049545761197805405
v 0.021043321117758744 0.06184849515557289 0.05013557896018028
v 0.03041098080575465 0.06560582667589188 0.04426546022295952
v 0.03041098080575465 0.06560582667589188 0.04426546022295952
v 0.021043321117758744 0.06184849515557289 0.05013557896018028
v 0.023403748869895928 0.06091446802020073 0.04932739958167076
v 0.03041098080575465 0.06560582667589188 0.04426546022295952
v 0.023403748869895928 0.06091446802020073 0.04932739958167076
v 0.02800915017724036 0.058552470058202744 0.04732896387577057
v 0.020905788987874978 0.08089999854564667 0.047473255544900894
v 0.0180363543331623 0.08089999854564667 0.04874930530786514
v 0.02102783322334289 0.06540694087743759 0.049545761197805405
v 0.02102783322334289 0.06540694087743759 0.049545761197805405
v 0.0180363543331623 0.08089999854564667 0.04874930530786514
v 0.010746942833065983 0.06528303772211075 0.05281725898385048
v 0.02102783322334289 0.06540694087743759 0.049545761197805405
v 0.010746942833065983 0.06528303772211075 0.05281725898385048
v 0.012339811772108075 0.06460839509963989 0.052581071853637695
v 0.012339811772108075 0.06460839509963989 0.052581071853637695
v 0.010746942833065983 0.06528303772211075 0.05281725898385048
v 0.01074580196291208 0.06490420550107956 0.052865155041217804
v 0.01069769915193319 0.08089999854564667 0.05083354189991951
v 0.008116708137094971 0.06526719778776169 0.05323612317442894
v 0.010746942833065983 0.06528303772211075 0.05281725898385048
v 0.010746942833065983 0.06528303772211075 0.05281725898385048
v 0.008116708137094971 0.06526719778776169 0.05323612317442894
v 0.009552553296089169 0.06512564420700073 0.0530778132379055
v 0.010746942833065983 0.06528303772211075 0.05281725898385048
v 0.009552553296089169 0.06512564420700073 0.0530778132379055
v 0.01074580196291208 0.06490420550107956 0.052865155041217804
v -0.01162213925272226 0.06475698947906494 0.052721016108989716
v -0.01074694003909826 0.06528303772211075 0.05281725898385048
v -0.014867427758872504 0.06399901956319809 0.052020978182554245
v -0.014867427758872504 0.06399901956319809 0.052020978182554245
v -0.01074694003909826 0.06528303772211075 0.05281725898385048
v -0.02102783136069774 0.06540694087743759 0.049545761197805405
v -0.014867427758872504 0.06399901956319809 0.052020978182554245
v -0.02102783136069774 0.06540694087743759 0.049545761197805405
v -0.020753402262926095 0.06204698979854584 0.050300292670726776
v -0.030522501096129407 0.05693430081009865 0.04598119109869003
v -0.0280157160013914 0.058548733592033386 0.047325827181339264
v -0.030410977080464353 0.06560582667589188 0.04426546022295952
v -0.030410977080464353 0.06560582667589188 0.04426546022295952
v -0.0280157160013914 0.058548733592033386 0.047325827181339264
v -0.02647583745419978 0.05939575284719467 0.04803876206278801
v -0.030410977080464353 0.06560582667589188 0.04426546022295952
v -0.02647583745419978 0.05939575284719467 0.04803876206278801
v -0.02102783136069774 0.06540694087743759 0.049545761197805405
v -0.02102783136069774 0.06540694087743759 0.049545761197805405
v -0.02647583745419978 0.05939575284719467 0.04803876206278801
v -0.021059496328234666 0.06190517544746399 0.05017932504415512
v -0.02102783136069774 0.06540694087743759 0.049545761197805405
v -0.021059496328234666 0.06190517544746399 0.05017932504415512
v -0.020753402262926095 0.06204698979854584 0.050300292670726776
v -0.0302497949451208 0.08089999854564667 0.042165789753198624
v -0.031765606254339204 0.08089999854564667 0.04114311560988426
v -0.030410977080464353 0.06560582667589188 0.04426546022295952
v -0.030410977080464353 0.06560582667589188 0.04426546022295952
v -0.031765606254339204 0.08089999854564667 0.04114311560988426
v -0.038175676017999635 0.06586203724145889 0.03760945796966553
v -0.030410977080464353 0.06560582667589188 0.04426546022295952
v -0.038175676017999635 0.06586203724145889 0.03760945796966553
v -0.033864218741655336 0.05478214472532272 0.04418869689106941
v -0.033864218741655336 0.05478214472532272 0.04418869689106941
v -0.038175676017999635 0.06586203724145889 0.03760945796966553
v -0.038240801542997346 0.06340304762125015 0.03819715231657028
v -0.033864218741655336 0.05478214472532272 0.04418869689106941
v -0.038240801542997346 0.06340304762125015 0.03819715231657028
v -0.03856711462140082 0.051082294434309006 0.041141804307699203
v -0.005719339475035666 0.08089999854564667 0.05166318267583847
v 2.2692152015224556e-06 0.08089999854564667 0.0519304983317852
v 5.660188085139309e-16 0.08089999854564667 0.02500000037252903
v -0.045196998864412294 0.08089999854564667 -0.02567199245095253
v -0.04808910191059111 0.08089999854564667 -0.019729632884263992
v -0.023096987977623933 0.08089999854564667 -0.009567085653543472
v 0.0057178018614649755 0.08089999854564667 -0.0516633614897728
v -0.0002573474484961479 0.08089999854564667 -0.051942333579063416
v 5.598955543986704e-16 0.08089999854564667 -0.02500000037252903
v -0.009567085653543469 0.08089999854564667 0.02309698797762394
v -0.020918954163789742 0.08089999854564667 0.04749603569507599
v -0.016364324837923043 0.08089999854564667 0.04933563619852066
v -0.005719339475035666 0.08089999854564667 0.05166318267583847
v 5.660188085139309e-16 0.08089999854564667 0.02500000037252903
v -0.009925452992320057 0.08089999854564667 0.05102258175611496
v -0.017677670344710343 0.08089999854564667 0.01767767034471035
v -0.03673291578888892 0.08089999854564667 0.036776430904865265
v -0.031765606254339204 0.08089999854564667 0.04114311560988426
v 0.009567085653543469 0.08089999854564667 -0.02309698797762394
v 0.02056403271853923 0.08089999854564667 -0.047639425843954086
v 0.016362912952899926 0.08089999854564667 -0.04933610558509827
v 0.0057178018614649755 0.08089999854564667 -0.0516633614897728
v 5.598955543986704e-16 0.08089999854564667 -0.02500000037252903
v 0.009923974983394142 0.08089999854564667 -0.05102287232875824
v 0.03799999877810477 0.08089999854564667 -0.03546576946973801
v 0.03673163056373595 0.08089999854564667 -0.036777716130018234
v 0.017677670344710343 0.08089999854564667 -0.01767767034471035
v 0.017677670344710343 0.08089999854564667 -0.01767767034471035
v 0.03673163056373595 0.08089999854564667 -0.036777716130018234
v 0.03176426142454146 0.08089999854564667 -0.041144151240587234
v 0.023096987977623933 0.08089999854564667 -0.009567085653543472
v 0.04808908700942992 0.08089999854564667 -0.019729668274521828
v 0.0451969802379608 0.08089999854564667 -0.025672025978565216
v -0.009567085653543469 0.08089999854564667 0.02309698797762394
v -0.016364324837923043 0.08089999854564667 0.04933563619852066
v 5.660188085139309e-16 0.08089999854564667 0.02500000037252903
v 5.660188085139309e-16 0.08089999854564667 0.02500000037252903
v -0.016364324837923043 0.08089999854564667 0.04933563619852066
v -0.010692267678678032 0.08089999854564667 0.05082168057560921
v 5.660188085139309e-16 0.08089999854564667 0.02500000037252903
v -0.010692267678678032 0.08089999854564667 0.05082168057560921
v -0.009925452992320057 0.08089999854564667 0.05102258175611496
v -0.031765606254339204 0.08089999854564667 0.04114311560988426
v -0.0302497949451208 0.08089999854564667 0.042165789753198624
v -0.017677670344710343 0.08089999854564667 0.01767767034471035
v -0.017677670344710343 0.08089999854564667 0.01767767034471035
v -0.0302497949451208 0.08089999854564667 0.042165789753198624
v -0.026259345933794965 0.08089999854564667 0.04485803470015526
v -0.017677670344710343 0.08089999854564667 0.01767767034471035
v -0.026259345933794965 0.08089999854564667 0.04485803470015526
v -0.009567085653543469 0.08089999854564667 0.02309698797762394
v -0.009567085653543469 0.08089999854564667 0.02309698797762394
v -0.026259345933794965 0.08089999854564667 0.04485803470015526
v -0.022491594776511185 0.08089999854564667 0.04686085134744644
v -0.009567085653543469 0.08089999854564667 0.02309698797762394
v -0.022491594776511185 0.08089999854564667 0.04686085134744644
v -0.020918954163789742 0.08089999854564667 0.04749603569507599
v -0.04759718850255011 0.08089999854564667 0.020888492465019226
v -0.04572702571749686 0.08089999854564667 0.024715598672628403
v -0.023096987977623933 0.08089999854564667 0.009567085653543472
v -0.03799999132752417 0.08089999854564667 -0.035465776920318604
v -0.017677670344710343 0.08089999854564667 -0.01767767034471035
v -0.033155560493469224 0.08089999854564667 -0.04003132879734039
v -0.033155560493469224 0.08089999854564667 -0.04003132879734039
v -0.017677670344710343 0.08089999854564667 -0.01767767034471035
v -0.030288778245449056 0.08089999854564667 -0.04211335629224777
v 0.009567085653543469 0.08089999854564667 -0.02309698797762394
v 0.016362912952899926 0.08089999854564667 -0.04933610558509827
v 5.598955543986704e-16 0.08089999854564667 -0.02500000037252903
v 5.598955543986704e-16 0.08089999854564667 -0.02500000037252903
v 0.016362912952899926 0.08089999854564667 -0.04933610558509827
v 0.010383359156548973 0.08089999854564667 -0.050902530550956726
v 5.598955543986704e-16 0.08089999854564667 -0.02500000037252903
v 0.010383359156548973 0.08089999854564667 -0.050902530550956726
v 0.009923974983394142 0.08089999854564667 -0.05102287232875824
v 0.03176426142454146 0.08089999854564667 -0.041144151240587234
v 0.02988007105886935 0.08089999854564667 -0.04241527244448662
v 0.017677670344710343 0.08089999854564667 -0.01767767034471035
v 0.017677670344710343 0.08089999854564667 -0.01767767034471035
v 0.02988007105886935 0.08089999854564667 -0.04241527244448662
v 0.0262579284608364 0.08089999854564667 -0.04485886171460152
v 0.017677670344710343 0.08089999854564667 -0.01767767034471035
v 0.0262579284608364 0.08089999854564667 -0.04485886171460152
v 0.009567085653543469 0.08089999854564667 -0.02309698797762394
v 0.009567085653543469 0.08089999854564667 -0.02309698797762394
v 0.0262579284608364 0.08089999854564667 -0.04485886171460152
v 0.0224902257323265 0.08089999854564667 -0.04686150699853897
v 0.009567085653543469 0.08089999854564667 -0.02309698797762394
v 0.0224902257323265 0.08089999854564667 -0.04686150699853897
v 0.02056403271853923 0.08089999854564667 -0.047639425843954086
v -0.04572702571749686 0.08089999854564667 0.024715598672628403
v -0.04365688189864157 0.08089999854564667 0.028023840859532356
v -0.023096987977623933 0.08089999854564667 0.009567085653543472
v -0.023096987977623933 0.08089999854564667 0.009567085653543472
v -0.04365688189864157 0.08089999854564667 0.028023840859532356
v -0.04222122579813002 0.08089999854564667 0.03031812608242035
v -0.023096987977623933 0.08089999854564667 0.009567085653543472
v -0.04222122579813002 0.08089999854564667 0.03031812608242035
v -0.017677670344710343 0.08089999854564667 0.01767767034471035
v -0.017677670344710343 0.08089999854564667 0.01767767034471035
v -0.04222122579813002 0.08089999854564667 0.03031812608242035
v -0.03799999877810477 0.08089999854564667 0.03546576946973801
v -0.017677670344710343 0.08089999854564667 0.01767767034471035
v -0.03799999877810477 0.08089999854564667 0.03546576946973801
v -0.03673291578888892 0.08089999854564667 0.036776430904865265
v -0.05182828009128569 0.08089999854564667 0.0039562382735311985
v -0.05133024230599402 0.08089999854564667 0.008187109604477882
v -0.025000000372529023 0.08089999854564667 8.465450562766819e-16
v -0.05133024230599402 0.08089999854564667 0.008187109604477882
v -0.05093906074762343 0.08089999854564667 0.009921926073729992
v -0.025000000372529023 0.08089999854564667 8.465450562766819e-16
v -0.025000000372529023 0.08089999854564667 8.465450562766819e-16
v -0.05093906074762343 0.08089999854564667 0.009921926073729992
v -0.04987655952572821 0.08089999854564667 0.014633926562964916
v -0.025000000372529023 0.08089999854564667 8.465450562766819e-16
v -0.04987655952572821 0.08089999854564667 0.014633926562964916
v -0.023096987977623933 0.08089999854564667 0.009567085653543472
v -0.023096987977623933 0.08089999854564667 0.009567085653543472
v -0.04987655952572821 0.08089999854564667 0.014633926562964916
v -0.04816739261150359 0.08089999854564667 0.019323861226439476
v -0.023096987977623933 0.08089999854564667 0.009567085653543472
v -0.04816739261150359 0.08089999854564667 0.019323861226439476
v -0.04759718850255011 0.08089999854564667 0.020888492465019226
v -0.030288778245449056 0.08089999854564667 -0.04211335629224777
v -0.017677670344710343 0.08089999854564667 -0.01767767034471035
v -0.02780918776988982 0.08089999854564667 -0.04391418397426605
v -0.02780918776988982 0.08089999854564667 -0.04391418397426605
v -0.017677670344710343 0.08089999854564667 -0.01767767034471035
v -0.009567085653543469 0.08089999854564667 -0.02309698797762394
v -0.02780918776988982 0.08089999854564667 -0.04391418397426605
v -0.009567085653543469 0.08089999854564667 -0.02309698797762394
v -0.024121023714542382 0.08089999854564667 -0.046043187379837036
v -0.0002573474484961479 0.08089999854564667 -0.051942333579063416
v -0.0008825327386148271 0.08089999854564667 -0.051971521228551865
v 5.598955543986704e-16 0.08089999854564667 -0.02500000037252903
v 5.598955543986704e-16 0.08089999854564667 -0.02500000037252903
v -0.0008825327386148271 0.08089999854564667 -0.051971521228551865
v -0.007518270984292028 0.08089999854564667 -0.051432278007268906
v 5.598955543986704e-16 0.08089999854564667 -0.02500000037252903
v -0.007518270984292028 0.08089999854564667 -0.051432278007268906
v -0.009567085653543469 0.08089999854564667 -0.02309698797762394
v -0.009567085653543469 0.08089999854564667 -0.02309698797762394
v -0.007518270984292028 0.08089999854564667 -0.051432278007268906
v -0.010885947383940216 0.08089999854564667 -0.050797995179891586
v -0.009567085653543469 0.08089999854564667 -0.02309698797762394
v -0.010885947383940216 0.08089999854564667 -0.050797995179891586
v -0.011710003018379208 0.08089999854564667 -0.05064278841018677
v -0.011710003018379208 0.08089999854564667 -0.05064278841018677
v -0.018039545044302933 0.08089999854564667 -0.04874812811613083
v -0.009567085653543469 0.08089999854564667 -0.02309698797762394
v -0.009567085653543469 0.08089999854564667 -0.02309698797762394
v -0.018039545044302933 0.08089999854564667 -0.04874812811613083
v -0.02102320455014705 0.08089999854564667 -0.04742104560136795
v -0.009567085653543469 0.08089999854564667 -0.02309698797762394
v -0.02102320455014705 0.08089999854564667 -0.04742104560136795
v -0.024121023714542382 0.08089999854564667 -0.046043187379837036
v 0.05190884321928023 0.08089999854564667 -0.002700536046177149
v 0.05114659667015074 0.08089999854564667 -0.009265326894819736
v 0.025000000372529023 0.08089999854564667 8.465450562766819e-16
v 0.017677670344710343 0.08089999854564667 0.01767767034471035
v 0.030235951766371717 0.08089999854564667 0.04215172305703163
v 0.03315550461411475 0.08089999854564667 0.040031373500823975
v 0.0451969802379608 0.08089999854564667 -0.025672025978565216
v 0.04373719543218611 0.08089999854564667 -0.028013115748763084
v 0.023096987977623933 0.08089999854564667 -0.009567085653543472
v 0.023096987977623933 0.08089999854564667 -0.009567085653543472
v 0.04373719543218611 0.08089999854564667 -0.028013115748763084
v 0.0429425649344921 0.08089999854564667 -0.02928747795522213
v 0.023096987977623933 0.08089999854564667 -0.009567085653543472
v 0.0429425649344921 0.08089999854564667 -0.02928747795522213
v 0.017677670344710343 0.08089999854564667 -0.01767767034471035
v 0.017677670344710343 0.08089999854564667 -0.01767767034471035
v 0.0429425649344921 0.08089999854564667 -0.02928747795522213
v 0.03887095302343367 0.08089999854564667 -0.03450896963477135
v 0.017677670344710343 0.08089999854564667 -0.01767767034471035
v 0.03887095302343367 0.08089999854564667 -0.03450896963477135
v 0.03799999877810477 0.08089999854564667 -0.03546576946973801
v 0.05114659667015074 0.08089999854564667 -0.009265326894819736
v 0.05101867392659186 0.08089999854564667 -0.009836863726377487
v 0.025000000372529023 0.08089999854564667 8.465450562766819e-16
v 0.025000000372529023 0.08089999854564667 8.465450562766819e-16
v 0.05101867392659186 0.08089999854564667 -0.009836863726377487
v 0.05021632462739943 0.08089999854564667 -0.013421648181974888
v 0.025000000372529023 0.08089999854564667 8.465450562766819e-16
v 0.05021632462739943 0.08089999854564667 -0.013421648181974888
v 0.023096987977623933 0.08089999854564667 -0.009567085653543472
v 0.023096987977623933 0.08089999854564667 -0.009567085653543472
v 0.05021632462739943 0.08089999854564667 -0.013421648181974888
v 0.04824479296803473 0.08089999854564667 -0.019267940893769264
v 0.023096987977623933 0.08089999854564667 -0.009567085653543472
v 0.04824479296803473 0.08089999854564667 -0.019267940893769264
v 0.04808908700942992 0.08089999854564667 -0.019729668274521828
v 0.030235951766371717 0.08089999854564667 0.04215172305703163
v 0.017677670344710343 0.08089999854564667 0.01767767034471035
v 0.027809124439954747 0.08089999854564667 0.043914224952459335
v 0.027809124439954747 0.08089999854564667 0.043914224952459335
v 0.017677670344710343 0.08089999854564667 0.01767767034471035
v 0.009567085653543469 0.08089999854564667 0.02309698797762394
v 0.027809124439954747 0.08089999854564667 0.043914224952459335
v 0.009567085653543469 0.08089999854564667 0.02309698797762394
v 0.024117989465594285 0.08089999854564667 0.04604478180408478
v 2.2692152015224556e-06 0.08089999854564667 0.0519304983317852
v 0.0008809557766653594 0.08089999854564667 0.051971547305583954
v 5.660188085139309e-16 0.08089999854564667 0.02500000037252903
v 5.660188085139309e-16 0.08089999854564667 0.02500000037252903
v 0.0008809557766653594 0.08089999854564667 0.051971547305583954
v 0.007516729179769752 0.08089999854564667 0.051432497799396515
v 5.660188085139309e-16 0.08089999854564667 0.02500000037252903
v 0.007516729179769752 0.08089999854564667 0.051432497799396515
v 0.009567085653543469 0.08089999854564667 0.02309698797762394
v 0.009567085653543469 0.08089999854564667 0.02309698797762394
v 0.007516729179769752 0.08089999854564667 0.051432497799396515
v 0.01069769915193319 0.08089999854564667 0.05083354189991951
v 0.009567085653543469 0.08089999854564667 0.02309698797762394
v 0.01069769915193319 0.08089999854564667 0.05083354189991951
v 0.011706721037626263 0.08089999854564667 0.050643548369407654
v 0.011706721037626263 0.08089999854564667 0.050643548369407654
v 0.0180363543331623 0.08089999854564667 0.04874930530786514
v 0.009567085653543469 0.08089999854564667 0.02309698797762394
v 0.009567085653543469 0.08089999854564667 0.02309698797762394
v 0.0180363543331623 0.08089999854564667 0.04874930530786514
v 0.020905788987874978 0.08089999854564667 0.047473255544900894
v 0.009567085653543469 0.08089999854564667 0.02309698797762394
v 0.020905788987874978 0.08089999854564667 0.047473255544900894
v 0.024117989465594285 0.08089999854564667 0.04604478180408478
v -0.03799999132752417 0.08089999854564667 -0.035465776920318604
v -0.03887097910046576 0.08089999854564667 -0.03450893983244896
v -0.017677670344710343 0.08089999854564667 -0.01767767034471035
v -0.017677670344710343 0.08089999854564667 -0.01767767034471035
v -0.03887097910046576 0.08089999854564667 -0.03450893983244896
v -0.04294258728623389 0.08089999854564667 -0.029287446290254593
v -0.017677670344710343 0.08089999854564667 -0.01767767034471035
v -0.04294258728623389 0.08089999854564667 -0.029287446290254593
v -0.023096987977623933 0.08089999854564667 -0.009567085653543472
v -0.023096987977623933 0.08089999854564667 -0.009567085653543472
v -0.04294258728623389 0.08089999854564667 -0.029287446290254593
v -0.0439540036022663 0.08089999854564667 -0.027665413916110992
v -0.023096987977623933 0.08089999854564667 -0.009567085653543472
v -0.0439540036022663 0.08089999854564667 -0.027665413916110992
v -0.045196998864412294 0.08089999854564667 -0.02567199245095253
v 0.023096987977623933 0.08089999854564667 0.009567085653543472
v 0.04987656697630881 0.08089999854564667 0.014633907936513424
v 0.025000000372529023 0.08089999854564667 8.465450562766819e-16
v 0.025000000372529023 0.08089999854564667 8.465450562766819e-16
v 0.04987656697630881 0.08089999854564667 0.014633907936513424
v 0.05097769573330878 0.08089999854564667 0.009750575758516788
v 0.025000000372529023 0.08089999854564667 8.465450562766819e-16
v 0.05097769573330878 0.08089999854564667 0.009750575758516788
v 0.05133024603128432 0.08089999854564667 0.00818709097802639
v 0.05133024603128432 0.08089999854564667 0.00818709097802639
v 0.05182828381657599 0.08089999854564667 0.003956200554966927
v 0.025000000372529023 0.08089999854564667 8.465450562766819e-16
v 0.025000000372529023 0.08089999854564667 8.465450562766819e-16
v 0.05182828381657599 0.08089999854564667 0.003956200554966927
v 0.051876734942197786 0.08089999854564667 -4.737280323752202e-05
v 0.025000000372529023 0.08089999854564667 8.465450562766819e-16
v 0.051876734942197786 0.08089999854564667 -4.737280323752202e-05
v 0.05190884321928023 0.08089999854564667 -0.002700536046177149
v 0.03315550461411475 0.08089999854564667 0.040031373500823975
v 0.03799999877810477 0.08089999854564667 0.03546576946973801
v 0.017677670344710343 0.08089999854564667 0.01767767034471035
v 0.017677670344710343 0.08089999854564667 0.01767767034471035
v 0.03799999877810477 0.08089999854564667 0.03546576946973801
v 0.04222122579813002 0.08089999854564667 0.03031812608242035
v 0.017677670344710343 0.08089999854564667 0.01767767034471035
v 0.04222122579813002 0.08089999854564667 0.03031812608242035
v 0.023096987977623933 0.08089999854564667 0.009567085653543472
v 0.023096987977623933 0.08089999854564667 0.009567085653543472
v 0.04222122579813002 0.08089999854564667 0.03031812608242035
v 0.04368799179792403 0.08089999854564667 0.027974124997854233
v 0.023096987977623933 0.08089999854564667 0.009567085653543472
v 0.04368799179792403 0.08089999854564667 0.027974124997854233
v 0.04572702571749686 0.08089999854564667 0.024715598672628403
v 0.04572702571749686 0.08089999854564667 0.024715598672628403
v 0.04759719595313071 0.08089999854564667 0.020888475701212883
v 0.023096987977623933 0.08089999854564667 0.009567085653543472
v 0.023096987977623933 0.08089999854564667 0.009567085653543472
v 0.04759719595313071 0.08089999854564667 0.020888475701212883
v 0.04820752516388892 0.08089999854564667 0.019213737919926643
v 0.023096987977623933 0.08089999854564667 0.009567085653543472
v 0.04820752516388892 0.08089999854564667 0.019213737919926643
v 0.04987656697630881 0.08089999854564667 0.014633907936513424
v -0.04808910191059111 0.08089999854564667 -0.019729632884263992
v -0.04835662618279456 0.08089999854564667 -0.018936319276690483
v -0.023096987977623933 0.08089999854564667 -0.009567085653543472
v -0.023096987977623933 0.08089999854564667 -0.009567085653543472
v -0.04835662618279456 0.08089999854564667 -0.018936319276690483
v -0.050216335803270326 0.08089999854564667 -0.013421611860394478
v -0.023096987977623933 0.08089999854564667 -0.009567085653543472
v -0.050216335803270326 0.08089999854564667 -0.013421611860394478
v -0.025000000372529023 0.08089999854564667 8.465450562766819e-16
v -0.025000000372529023 0.08089999854564667 8.465450562766819e-16
v -0.050216335803270326 0.08089999854564667 -0.013421611860394478
v -0.051082406193017946 0.08089999854564667 -0.009552107192575932
v -0.025000000372529023 0.08089999854564667 8.465450562766819e-16
v -0.051082406193017946 0.08089999854564667 -0.009552107192575932
v -0.05114660412073134 0.08089999854564667 -0.009265289641916752
v -0.05114660412073134 0.08089999854564667 -0.009265289641916752
v -0.05190884321928023 0.08089999854564667 -0.0027004980947822332
v -0.025000000372529023 0.08089999854564667 8.465450562766819e-16
v -0.025000000372529023 0.08089999854564667 8.465450562766819e-16
v -0.05190884321928023 0.08089999854564667 -0.0027004980947822332
v -0.051873903721570955 0.08089999854564667 0.00018651880964171141
v -0.025000000372529023 0.08089999854564667 8.465450562766819e-16
v -0.051873903721570955 0.08089999854564667 0.00018651880964171141
v -0.05182828009128569 0.08089999854564667 0.0039562382735311985
v 0.029875926673412313 0.0635765939950943 -0.04452989622950554
v 0.029869351536035527 0.057798340916633606 -0.04599109664559364
v 0.020575312897562974 0.06149645894765854 -0.04990168660879135
v 0.00509749725461006 0.05114055424928665 -0.06069999933242798
v -0.00025870889658108343 0.0513303242623806 -0.06069999933242798
v -0.00025640928652137507 0.05185671150684357 -0.058892134577035904
v -0.033155560493469224 0.08089999854564667 -0.04003132879734039
v -0.030288778245449056 0.08089999854564667 -0.04211335629224777
v -0.030307475477457036 0.0693645253777504 -0.04326027259230614
v -0.0008825327386148271 0.08089999854564667 -0.051971521228551865
v -0.0002573474484961479 0.08089999854564667 -0.051942333579063416
v -0.00025585031835362304 0.07281306385993958 -0.052390243858098984
v 0.009923974983394142 0.08089999854564667 -0.05102287232875824
v 0.010383359156548973 0.08089999854564667 -0.050902530550956726
v 0.01039332244545221 0.07244051992893219 -0.051406484097242355
v 0.03799999877810477 0.08089999854564667 -0.03546576946973801
v 0.03799999877810477 0.07083036750555038 -0.03657614812254906
v 0.03673163056373595 0.08089999854564667 -0.036777716130018234
v 0.03673163056373595 0.08089999854564667 -0.036777716130018234
v 0.03799999877810477 0.07083036750555038 -0.03657614812254906
v 0.03799999877810477 0.06700258702039719 -0.036998238414525986
v 0.03673163056373595 0.08089999854564667 -0.036777716130018234
v 0.03799999877810477 0.06700258702039719 -0.036998238414525986
v 0.03176426142454146 0.08089999854564667 -0.041144151240587234
v 0.03176426142454146 0.08089999854564667 -0.041144151240587234
v 0.03799999877810477 0.06700258702039719 -0.036998238414525986
v 0.029891042038798322 0.06946854293346405 -0.043536268174648285
v 0.03176426142454146 0.08089999854564667 -0.041144151240587234
v 0.029891042038798322 0.06946854293346405 -0.043536268174648285
v 0.02988007105886935 0.08089999854564667 -0.04241527244448662
v 0.02058052830398082 0.0713065043091774 -0.04840756952762604
v 0.02056403271853923 0.08089999854564667 -0.047639425843954086
v 0.0224902257323265 0.08089999854564667 -0.04686150699853897
v 0.02058052830398082 0.0713065043091774 -0.04840756952762604
v 0.0224902257323265 0.08089999854564667 -0.04686150699853897
v 0.029891042038798322 0.06946854293346405 -0.043536268174648285
v 0.029891042038798322 0.06946854293346405 -0.043536268174648285
v 0.0224902257323265 0.08089999854564667 -0.04686150699853897
v 0.0262579284608364 0.08089999854564667 -0.04485886171460152
v 0.029891042038798322 0.06946854293346405 -0.043536268174648285
v 0.0262579284608364 0.08089999854564667 -0.04485886171460152
v 0.02988007105886935 0.08089999854564667 -0.04241527244448662
v 0.01039332244545221 0.07244051992893219 -0.051406484097242355
v 0.010383359156548973 0.08089999854564667 -0.050902530550956726
v 0.02058052830398082 0.0713065043091774 -0.04840756952762604
v 0.02058052830398082 0.0713065043091774 -0.04840756952762604
v 0.010383359156548973 0.08089999854564667 -0.050902530550956726
v 0.016362912952899926 0.08089999854564667 -0.04933610558509827
v 0.02058052830398082 0.0713065043091774 -0.04840756952762604
v 0.016362912952899926 0.08089999854564667 -0.04933610558509827
v 0.02056403271853923 0.08089999854564667 -0.047639425843954086
v -0.00025585031835362304 0.07281306385993958 -0.052390243858098984
v -0.0002573474484961479 0.08089999854564667 -0.051942333579063416
v 0.01039332244545221 0.07244051992893219 -0.051406484097242355
v 0.01039332244545221 0.07244051992893219 -0.051406484097242355
v -0.0002573474484961479 0.08089999854564667 -0.051942333579063416
v 0.0057178018614649755 0.08089999854564667 -0.0516633614897728
v 0.01039332244545221 0.07244051992893219 -0.051406484097242355
v 0.0057178018614649755 0.08089999854564667 -0.0516633614897728
v 0.009923974983394142 0.08089999854564667 -0.05102287232875824
v -0.0008825327386148271 0.08089999854564667 -0.051971521228551865
v -0.00025585031835362304 0.07281306385993958 -0.052390243858098984
v -0.007518270984292028 0.08089999854564667 -0.051432278007268906
v -0.007518270984292028 0.08089999854564667 -0.051432278007268906
v -0.00025585031835362304 0.07281306385993958 -0.052390243858098984
v -0.01089348271489143 0.07240337878465652 -0.05130835250020027
v -0.007518270984292028 0.08089999854564667 -0.051432278007268906
v -0.01089348271489143 0.07240337878465652 -0.05130835250020027
v -0.010885947383940216 0.08089999854564667 -0.050797995179891586
v -0.021047629415988915 0.07123424857854843 -0.04821624606847763
v -0.018039545044302933 0.08089999854564667 -0.04874812811613083
v -0.01089348271489143 0.07240337878465652 -0.05130835250020027
v -0.01089348271489143 0.07240337878465652 -0.05130835250020027
v -0.018039545044302933 0.08089999854564667 -0.04874812811613083
v -0.011710003018379208 0.08089999854564667 -0.05064278841018677
v -0.01089348271489143 0.07240337878465652 -0.05130835250020027
v -0.011710003018379208 0.08089999854564667 -0.05064278841018677
v -0.010885947383940216 0.08089999854564667 -0.050797995179891586
v -0.02780918776988982 0.08089999854564667 -0.04391418397426605
v -0.024121023714542382 0.08089999854564667 -0.046043187379837036
v -0.021047629415988915 0.07123424857854843 -0.04821624606847763
v -0.021047629415988915 0.07123424857854843 -0.04821624606847763
v -0.024121023714542382 0.08089999854564667 -0.046043187379837036
v -0.02102320455014705 0.08089999854564667 -0.04742104560136795
v -0.021047629415988915 0.07123424857854843 -0.04821624606847763
v -0.02102320455014705 0.08089999854564667 -0.04742104560136795
v -0.018039545044302933 0.08089999854564667 -0.04874812811613083
v -0.030307475477457036 0.0693645253777504 -0.04326027259230614
v -0.03799999505281447 0.06701339781284332 -0.03705080598592758
v -0.03799999505281447 0.06876122951507568 -0.03671193867921829
v -0.03799999132752417 0.08089999854564667 -0.035465776920318604
v -0.033155560493469224 0.08089999854564667 -0.04003132879734039
v -0.03799999132752417 0.08001678436994553 -0.03553361818194389
v -0.03799999132752417 0.08001678436994553 -0.03553361818194389
v -0.033155560493469224 0.08089999854564667 -0.04003132879734039
v -0.030307475477457036 0.0693645253777504 -0.04326027259230614
v -0.03799999132752417 0.08001678436994553 -0.03553361818194389
v -0.030307475477457036 0.0693645253777504 -0.04326027259230614
v -0.03799999505281447 0.07079459726810455 -0.03649906814098358
v -0.03799999505281447 0.07079459726810455 -0.03649906814098358
v -0.030307475477457036 0.0693645253777504 -0.04326027259230614
v -0.03799999505281447 0.06876122951507568 -0.03671193867921829
v -0.03799999877810477 0.054441798478364944 -0.04013961926102638
v -0.03799999877810477 0.059850648045539856 -0.03854838013648987
v -0.03029220737516879 0.06341862678527832 -0.04427601397037506
v -0.03029220737516879 0.06341862678527832 -0.04427601397037506
v -0.03799999877810477 0.059850648045539856 -0.03854838013648987
v -0.03799999877810477 0.06093597039580345 -0.0382290855050087
v -0.03028547391295432 0.057589638978242874 -0.04576936736702919
v -0.03800000250339507 0.0528937503695488 -0.040798503905534744
v -0.03799999877810477 0.054441798478364944 -0.04013961926102638
v -0.030290132388472547 0.05200687050819397 -0.047929007560014725
v -0.03800000250339507 0.048350006341934204 -0.042732417583465576
v -0.03028547391295432 0.057589638978242874 -0.04576936736702919
v -0.03028547391295432 0.057589638978242874 -0.04576936736702919
v -0.03800000250339507 0.048350006341934204 -0.042732417583465576
v -0.03800000250339507 0.05269860103726387 -0.04088156297802925
v -0.03028547391295432 0.057589638978242874 -0.04576936736702919
v -0.03800000250339507 0.05269860103726387 -0.04088156297802925
v -0.03800000250339507 0.0528937503695488 -0.040798503905534744
v -0.038000006228685365 0.041138581931591034 -0.047810472548007965
v -0.03800000250339507 0.043431270867586136 -0.045876748859882355
v -0.03030903637409209 0.04698430001735687 -0.0510791577398777
v -0.038000006228685365 0.041138581931591034 -0.047810472548007965
v -0.03030903637409209 0.04698430001735687 -0.0510791577398777
v -0.038000006228685365 0.04082835465669632 -0.048072125762701035
v -0.03800000250339507 0.043431270867586136 -0.045876748859882355
v -0.03800000250339507 0.04418215900659561 -0.04524342715740204
v -0.03030903637409209 0.04698430001735687 -0.0510791577398777
v -0.03030903637409209 0.04698430001735687 -0.0510791577398777
v -0.03800000250339507 0.04418215900659561 -0.04524342715740204
v -0.03800000250339507 0.0461106114089489 -0.044081587344408035
v -0.03030903637409209 0.04698430001735687 -0.0510791577398777
v -0.03800000250339507 0.0461106114089489 -0.044081587344408035
v -0.030290132388472547 0.05200687050819397 -0.047929007560014725
v -0.030290132388472547 0.05200687050819397 -0.047929007560014725
v -0.03800000250339507 0.0461106114089489 -0.044081587344408035
v -0.03800000250339507 0.046310242265462875 -0.04396131634712219
v -0.030290132388472547 0.05200687050819397 -0.047929007560014725
v -0.03800000250339507 0.046310242265462875 -0.04396131634712219
v -0.03800000250339507 0.048350006341934204 -0.042732417583465576
v -0.038000006228685365 0.03782493993639946 -0.052070315927267075
v -0.030345037579536428 0.04321448504924774 -0.05558419227600098
v -0.038000006228685365 0.03669622913002968 -0.054282888770103455
v -0.038000006228685365 0.03669622913002968 -0.054282888770103455
v -0.030345037579536428 0.04321448504924774 -0.05558419227600098
v -0.038000006228685365 0.03657926619052887 -0.05451216548681259
v -0.038000006228685365 0.03782493993639946 -0.052070315927267075
v -0.038000006228685365 0.038209252059459686 -0.05131696164608002
v -0.030345037579536428 0.04321448504924774 -0.05558419227600098
v -0.030345037579536428 0.04321448504924774 -0.05558419227600098
v -0.038000006228685365 0.038209252059459686 -0.05131696164608002
v -0.038000006228685365 0.03932638093829155 -0.04993294179439545
v -0.030345037579536428 0.04321448504924774 -0.05558419227600098
v -0.038000006228685365 0.03932638093829155 -0.04993294179439545
v -0.03030903637409209 0.04698430001735687 -0.0510791577398777
v -0.03030903637409209 0.04698430001735687 -0.0510791577398777
v -0.038000006228685365 0.03932638093829155 -0.04993294179439545
v -0.038000006228685365 0.04055001959204674 -0.04841695725917816
v -0.03030903637409209 0.04698430001735687 -0.0510791577398777
v -0.038000006228685365 0.04055001959204674 -0.04841695725917816
v -0.038000006228685365 0.04082835465669632 -0.048072125762701035
v -0.038000006228685365 0.03587198629975319 -0.05648493021726608
v -0.033237516880035387 0.03919970616698265 -0.06069999933242798
v -0.038000009953975664 0.03521764650940895 -0.05865861475467682
v -0.038000009953975664 0.03521764650940895 -0.05865861475467682
v -0.033237516880035387 0.03919970616698265 -0.06069999933242798
v -0.038000009953975664 0.03460313379764557 -0.06069999933242798
v -0.021102050319313996 0.04737519845366478 -0.058635782450437546
v -0.02107406593859195 0.04675910249352455 -0.06069999933242798
v -0.030345037579536428 0.04321448504924774 -0.05558419227600098
v -0.030345037579536428 0.04321448504924774 -0.05558419227600098
v -0.02107406593859195 0.04675910249352455 -0.06069999933242798
v -0.024408562108874314 0.045227937400341034 -0.06069999933242798
v -0.038000006228685365 0.03587198629975319 -0.05648493021726608
v -0.038000006228685365 0.036302562803030014 -0.055054571479558945
v -0.033237516880035387 0.03919970616698265 -0.06069999933242798
v -0.033237516880035387 0.03919970616698265 -0.06069999933242798
v -0.038000006228685365 0.036302562803030014 -0.055054571479558945
v -0.038000006228685365 0.03657926619052887 -0.05451216548681259
v -0.033237516880035387 0.03919970616698265 -0.06069999933242798
v -0.038000006228685365 0.03657926619052887 -0.05451216548681259
v -0.0303326267749071 0.04135945811867714 -0.06069999933242798
v -0.0303326267749071 0.04135945811867714 -0.06069999933242798
v -0.038000006228685365 0.03657926619052887 -0.05451216548681259
v -0.030345037579536428 0.04321448504924774 -0.05558419227600098
v -0.0303326267749071 0.04135945811867714 -0.06069999933242798
v -0.030345037579536428 0.04321448504924774 -0.05558419227600098
v -0.027964796870946874 0.04311990737915039 -0.06069999933242798
v -0.027964796870946874 0.04311990737915039 -0.06069999933242798
v -0.030345037579536428 0.04321448504924774 -0.05558419227600098
v -0.024408562108874314 0.045227937400341034 -0.06069999933242798
v -0.010919101536273953 0.050695810467004776 -0.05882573127746582
v -0.01212219055742025 0.04994407668709755 -0.06069999933242798
v -0.021102050319313996 0.04737519845366478 -0.058635782450437546
v -0.021102050319313996 0.04737519845366478 -0.058635782450437546
v -0.01212219055742025 0.04994407668709755 -0.06069999933242798
v -0.018394339829683297 0.04798959940671921 -0.06069999933242798
v -0.021102050319313996 0.04737519845366478 -0.058635782450437546
v -0.018394339829683297 0.04798959940671921 -0.06069999933242798
v -0.02107406593859195 0.04675910249352455 -0.06069999933242798
v -0.0014681770699098702 0.05137317627668381 -0.06069999933242798
v -0.00805987603962421 0.050758153200149536 -0.06069999933242798
v -0.010919101536273953 0.050695810467004776 -0.05882573127746582
v -0.010919101536273953 0.050695810467004776 -0.05882573127746582
v -0.00805987603962421 0.050758153200149536 -0.06069999933242798
v -0.010916401632130143 0.05018571391701698 -0.06069999933242798
v -0.010919101536273953 0.050695810467004776 -0.05882573127746582
v -0.010916401632130143 0.05018571391701698 -0.06069999933242798
v -0.01212219055742025 0.04994407668709755 -0.06069999933242798
v 0.015611687675118441 0.0489654578268528 -0.06069999933242798
v 0.010405515320599076 0.05026291310787201 -0.06069999933242798
v 0.01041760481894016 0.05080100893974304 -0.05883176997303963
v 0.01041760481894016 0.05080100893974304 -0.05883176997303963
v 0.010405515320599076 0.05026291310787201 -0.06069999933242798
v 0.00919008161872625 0.05056581646203995 -0.06069999933242798
v 0.01041760481894016 0.05080100893974304 -0.05883176997303963
v 0.00919008161872625 0.05056581646203995 -0.06069999933242798
v 0.00509749725461006 0.05114055424928665 -0.06069999933242798
v 0.020633703097701066 0.047580476850271225 -0.058647558093070984
v 0.020626397803425782 0.04700550436973572 -0.06069999933242798
v 0.015611687675118441 0.0489654578268528 -0.06069999933242798
v 0.030939919874072064 0.041037652641534805 -0.06069999933242798
v 0.029944637790322293 0.04169202968478203 -0.06069999933242798
v 0.02992936223745345 0.04350949078798294 -0.05563240870833397
v 0.02992936223745345 0.04350949078798294 -0.05563240870833397
v 0.029944637790322293 0.04169202968478203 -0.06069999933242798
v 0.02541546151041984 0.04466985911130905 -0.06069999933242798
v 0.02992936223745345 0.04350949078798294 -0.05563240870833397
v 0.02541546151041984 0.04466985911130905 -0.06069999933242798
v 0.020633703097701066 0.047580476850271225 -0.058647558093070984
v 0.020633703097701066 0.047580476850271225 -0.058647558093070984
v 0.02541546151041984 0.04466985911130905 -0.06069999933242798
v 0.02173239737749099 0.04657323658466339 -0.06069999933242798
v 0.020633703097701066 0.047580476850271225 -0.058647558093070984
v 0.02173239737749099 0.04657323658466339 -0.06069999933242798
v 0.020626397803425782 0.04700550436973572 -0.06069999933242798
v 0.03799999877810477 0.034603144973516464 -0.06069999933242798
v 0.035924885421991334 0.03675271198153496 -0.06069999933242798
v 0.03799999877810477 0.035273514688014984 -0.05882016569375992
v 0.03799999877810477 0.035273514688014984 -0.05882016569375992
v 0.035924885421991334 0.03675271198153496 -0.06069999933242798
v 0.03799999877810477 0.036037009209394455 -0.05667921155691147
v 0.030939919874072064 0.041037652641534805 -0.06069999933242798
v 0.02992936223745345 0.04350949078798294 -0.05563240870833397
v 0.035924885421991334 0.03675271198153496 -0.06069999933242798
v 0.035924885421991334 0.03675271198153496 -0.06069999933242798
v 0.02992936223745345 0.04350949078798294 -0.05563240870833397
v 0.03799999877810477 0.036786019802093506 -0.054578863084316254
v 0.035924885421991334 0.03675271198153496 -0.06069999933242798
v 0.03799999877810477 0.036786019802093506 -0.054578863084316254
v 0.03799999877810477 0.036037009209394455 -0.05667921155691147
v -0.00025640928652137507 0.05185671150684357 -0.058892134577035904
v -0.00025635582278482605 0.053006142377853394 -0.057178519666194916
v 0.01041371654719114 0.05194815620779991 -0.05700704827904701
v 0.01041371654719114 0.05194815620779991 -0.05700704827904701
v -0.00025635582278482605 0.053006142377853394 -0.057178519666194916
v -0.00025625081616453816 0.05648380145430565 -0.054969701915979385
v 0.01041371654719114 0.05194815620779991 -0.05700704827904701
v -0.00025625081616453816 0.05648380145430565 -0.054969701915979385
v 0.010407182388007637 0.05545378476381302 -0.05455196276307106
v 0.010407182388007637 0.05545378476381302 -0.05455196276307106
v -0.00025625081616453816 0.05648380145430565 -0.054969701915979385
v -0.00025614810874685634 0.06045478209853172 -0.05378327518701553
v 0.010407182388007637 0.05545378476381302 -0.05455196276307106
v -0.00025614810874685634 0.06045478209853172 -0.05378327518701553
v 0.010402110405266281 0.05953711271286011 -0.05315408110618591
v 0.00509749725461006 0.05114055424928665 -0.06069999933242798
v -0.00025640928652137507 0.05185671150684357 -0.058892134577035904
v 0.01041760481894016 0.05080100893974304 -0.05883176997303963
v 0.01041760481894016 0.05080100893974304 -0.05883176997303963
v -0.00025640928652137507 0.05185671150684357 -0.058892134577035904
v 0.01041371654719114 0.05194815620779991 -0.05700704827904701
v 0.01041760481894016 0.05080100893974304 -0.05883176997303963
v 0.01041371654719114 0.05194815620779991 -0.05700704827904701
v 0.02061821334064006 0.048727069050073624 -0.05648354813456535
v 0.02061821334064006 0.048727069050073624 -0.05648354813456535
v 0.01041371654719114 0.05194815620779991 -0.05700704827904701
v 0.010407182388007637 0.05545378476381302 -0.05455196276307106
v 0.02061821334064006 0.048727069050073624 -0.05648354813456535
v 0.010407182388007637 0.05545378476381302 -0.05455196276307106
v 0.02059513702988624 0.052324362099170685 -0.053275998681783676
v 0.02059513702988624 0.052324362099170685 -0.053275998681783676
v 0.010407182388007637 0.05545378476381302 -0.05455196276307106
v 0.010402110405266281 0.05953711271286011 -0.05315408110618591
v 0.02059513702988624 0.052324362099170685 -0.053275998681783676
v 0.010402110405266281 0.05953711271286011 -0.05315408110618591
v 0.020581340417265885 0.056752003729343414 -0.05123350769281387
v 0.015611687675118441 0.0489654578268528 -0.06069999933242798
v 0.01041760481894016 0.05080100893974304 -0.05883176997303963
v 0.020633703097701066 0.047580476850271225 -0.058647558093070984
v 0.020633703097701066 0.047580476850271225 -0.058647558093070984
v 0.01041760481894016 0.05080100893974304 -0.05883176997303963
v 0.02061821334064006 0.048727069050073624 -0.05648354813456535
v 0.020633703097701066 0.047580476850271225 -0.058647558093070984
v 0.02061821334064006 0.048727069050073624 -0.05648354813456535
v 0.02992936223745345 0.04350949078798294 -0.05563240870833397
v 0.02992936223745345 0.04350949078798294 -0.05563240870833397
v 0.02061821334064006 0.048727069050073624 -0.05648354813456535
v 0.02059513702988624 0.052324362099170685 -0.053275998681783676
v 0.02992936223745345 0.04350949078798294 -0.05563240870833397
v 0.02059513702988624 0.052324362099170685 -0.053275998681783676
v 0.029893221333622922 0.04726973548531532 -0.05119714140892029
v 0.029893221333622922 0.04726973548531532 -0.05119714140892029
v 0.02059513702988624 0.052324362099170685 -0.053275998681783676
v 0.020581340417265885 0.056752003729343414 -0.05123350769281387
v 0.029893221333622922 0.04726973548531532 -0.05119714140892029
v 0.020581340417265885 0.056752003729343414 -0.05123350769281387
v 0.02987416833639144 0.052260372787714005 -0.04810645803809166
v 0.03799999877810477 0.04885009303689003 -0.042479753494262695
v 0.03799999877810477 0.04638991877436638 -0.0440785251557827
v 0.02987416833639144 0.052260372787714005 -0.04810645803809166
v 0.02987416833639144 0.052260372787714005 -0.04810645803809166
v 0.03799999877810477 0.04638991877436638 -0.0440785251557827
v 0.03799999877810477 0.04612645134329796 -0.04424974322319031
v 0.02987416833639144 0.052260372787714005 -0.04810645803809166
v 0.03799999877810477 0.04612645134329796 -0.04424974322319031
v 0.029893221333622922 0.04726973548531532 -0.05119714140892029
v 0.029893221333622922 0.04726973548531532 -0.05119714140892029
v 0.03799999877810477 0.04612645134329796 -0.04424974322319031
v 0.03799999877810477 0.04340589791536331 -0.04601772874593735
v 0.029893221333622922 0.04726973548531532 -0.05119714140892029
v 0.03799999877810477 0.04340589791536331 -0.04601772874593735
v 0.03799999877810477 0.04215575009584427 -0.04683015123009682
v 0.03799999877810477 0.04215575009584427 -0.04683015123009682
v 0.03799999877810477 0.04120229184627533 -0.04798220843076706
v 0.029893221333622922 0.04726973548531532 -0.05119714140892029
v 0.029893221333622922 0.04726973548531532 -0.05119714140892029
v 0.03799999877810477 0.04120229184627533 -0.04798220843076706
v 0.03799999877810477 0.040723275393247604 -0.04856099933385849
v 0.029893221333622922 0.04726973548531532 -0.05119714140892029
v 0.03799999877810477 0.040723275393247604 -0.04856099933385849
v 0.02992936223745345 0.04350949078798294 -0.05563240870833397
v 0.02992936223745345 0.04350949078798294 -0.05563240870833397
v 0.03799999877810477 0.040723275393247604 -0.04856099933385849
v 0.03799999877810477 0.03941371291875839 -0.05014333128929138
v 0.02992936223745345 0.04350949078798294 -0.05563240870833397
v 0.03799999877810477 0.03941371291875839 -0.05014333128929138
v 0.03799999877810477 0.03774150460958481 -0.05216384679079056
v 0.03799999877810477 0.03774150460958481 -0.05216384679079056
v 0.03799999877810477 0.03757587447762489 -0.05236397311091423
v 0.02992936223745345 0.04350949078798294 -0.05563240870833397
v 0.02992936223745345 0.04350949078798294 -0.05563240870833397
v 0.03799999877810477 0.03757587447762489 -0.05236397311091423
v 0.03799999877810477 0.03683309257030487 -0.054446861147880554
v 0.02992936223745345 0.04350949078798294 -0.05563240870833397
v 0.03799999877810477 0.03683309257030487 -0.054446861147880554
v 0.03799999877810477 0.036786019802093506 -0.054578863084316254
v 0.03799999877810477 0.06687719374895096 -0.037012066692113876
v 0.03799999877810477 0.0610508993268013 -0.038482893258333206
v 0.029875926673412313 0.0635765939950943 -0.04452989622950554
v 0.03799999877810477 0.06700258702039719 -0.036998238414525986
v 0.03799999877810477 0.06687719374895096 -0.037012066692113876
v 0.029891042038798322 0.06946854293346405 -0.043536268174648285
v 0.029891042038798322 0.06946854293346405 -0.043536268174648285
v 0.03799999877810477 0.06687719374895096 -0.037012066692113876
v 0.029875926673412313 0.0635765939950943 -0.04452989622950554
v 0.029891042038798322 0.06946854293346405 -0.043536268174648285
v 0.029875926673412313 0.0635765939950943 -0.04452989622950554
v 0.02058052830398082 0.0713065043091774 -0.04840756952762604
v 0.02058052830398082 0.0713065043091774 -0.04840756952762604
v 0.029875926673412313 0.0635765939950943 -0.04452989622950554
v 0.020575312897562974 0.06149645894765854 -0.04990168660879135
v 0.02058052830398082 0.0713065043091774 -0.04840756952762604
v 0.020575312897562974 0.06149645894765854 -0.04990168660879135
v 0.01039332244545221 0.07244051992893219 -0.051406484097242355
v 0.01039332244545221 0.07244051992893219 -0.051406484097242355
v 0.020575312897562974 0.06149645894765854 -0.04990168660879135
v 0.010398265905678269 0.06378986686468124 -0.05230669304728508
v 0.01039332244545221 0.07244051992893219 -0.051406484097242355
v 0.010398265905678269 0.06378986686468124 -0.05230669304728508
v -0.00025585031835362304 0.07281306385993958 -0.052390243858098984
v -0.00025585031835362304 0.07281306385993958 -0.052390243858098984
v 0.010398265905678269 0.06378986686468124 -0.05230669304728508
v -0.00025604735128581513 0.0645456314086914 -0.05309528112411499
v -0.00025585031835362304 0.07281306385993958 -0.052390243858098984
v -0.00025604735128581513 0.0645456314086914 -0.05309528112411499
v -0.01089348271489143 0.07240337878465652 -0.05130835250020027
v -0.01091484352946281 0.05184265598654747 -0.05698993057012558
v -0.021085873246192925 0.04852177947759628 -0.05645013228058815
v -0.010907754302024838 0.05535115301609039 -0.054510269314050674
v -0.010907754302024838 0.05535115301609039 -0.054510269314050674
v -0.021085873246192925 0.04852177947759628 -0.05645013228058815
v -0.021061852574348443 0.052125245332717896 -0.05319449305534363
v -0.010907754302024838 0.05535115301609039 -0.054510269314050674
v -0.021061852574348443 0.052125245332717896 -0.05319449305534363
v -0.010902343317866322 0.05944570153951645 -0.053091295063495636
v -0.010902343317866322 0.05944570153951645 -0.053091295063495636
v -0.021061852574348443 0.052125245332717896 -0.05319449305534363
v -0.021047610789537423 0.05657491832971573 -0.05111087113618851
v -0.010902343317866322 0.05944570153951645 -0.053091295063495636
v -0.021047610789537423 0.05657491832971573 -0.05111087113618851
v -0.010898340493440625 0.06371459364891052 -0.05222802981734276
v -0.010898340493440625 0.06371459364891052 -0.05222802981734276
v -0.021047610789537423 0.05657491832971573 -0.05111087113618851
v -0.021041553467512124 0.061350662261247635 -0.04974822700023651
v -0.010898340493440625 0.06371459364891052 -0.05222802981734276
v -0.021041553467512124 0.061350662261247635 -0.04974822700023651
v -0.02104209177196025 0.06626210361719131 -0.04883330687880516
v -0.02104209177196025 0.06626210361719131 -0.04883330687880516
v -0.021041553467512124 0.061350662261247635 -0.04974822700023651
v -0.03029220737516879 0.06341862678527832 -0.04427601397037506
v -0.02104209177196025 0.06626210361719131 -0.04883330687880516
v -0.03029220737516879 0.06341862678527832 -0.04427601397037506
v -0.030307475477457036 0.0693645253777504 -0.04326027259230614
v -0.030307475477457036 0.0693645253777504 -0.04326027259230614
v -0.03029220737516879 0.06341862678527832 -0.04427601397037506
v -0.03799999877810477 0.06093597039580345 -0.0382290855050087
v -0.030307475477457036 0.0693645253777504 -0.04326027259230614
v -0.03799999877810477 0.06093597039580345 -0.0382290855050087
v -0.03799999505281447 0.06701339781284332 -0.03705080598592758
v -0.03799999877810477 0.054441798478364944 -0.04013961926102638
v -0.03029220737516879 0.06341862678527832 -0.04427601397037506
v -0.03028547391295432 0.057589638978242874 -0.04576936736702919
v -0.03028547391295432 0.057589638978242874 -0.04576936736702919
v -0.03029220737516879 0.06341862678527832 -0.04427601397037506
v -0.021041553467512124 0.061350662261247635 -0.04974822700023651
v -0.03028547391295432 0.057589638978242874 -0.04576936736702919
v -0.021041553467512124 0.061350662261247635 -0.04974822700023651
v -0.030290132388472547 0.05200687050819397 -0.047929007560014725
v -0.030290132388472547 0.05200687050819397 -0.047929007560014725
v -0.021041553467512124 0.061350662261247635 -0.04974822700023651
v -0.021047610789537423 0.05657491832971573 -0.05111087113618851
v -0.030290132388472547 0.05200687050819397 -0.047929007560014725
v -0.021047610789537423 0.05657491832971573 -0.05111087113618851
v -0.03030903637409209 0.04698430001735687 -0.0510791577398777
v -0.03030903637409209 0.04698430001735687 -0.0510791577398777
v -0.021047610789537423 0.05657491832971573 -0.05111087113618851
v -0.021061852574348443 0.052125245332717896 -0.05319449305534363
v -0.03030903637409209 0.04698430001735687 -0.0510791577398777
v -0.021061852574348443 0.052125245332717896 -0.05319449305534363
v -0.030345037579536428 0.04321448504924774 -0.05558419227600098
v -0.030345037579536428 0.04321448504924774 -0.05558419227600098
v -0.021061852574348443 0.052125245332717896 -0.05319449305534363
v -0.021085873246192925 0.04852177947759628 -0.05645013228058815
v -0.030345037579536428 0.04321448504924774 -0.05558419227600098
v -0.021085873246192925 0.04852177947759628 -0.05645013228058815
v -0.021102050319313996 0.04737519845366478 -0.058635782450437546
v -0.021102050319313996 0.04737519845366478 -0.058635782450437546
v -0.021085873246192925 0.04852177947759628 -0.05645013228058815
v -0.01091484352946281 0.05184265598654747 -0.05698993057012558
v -0.021102050319313996 0.04737519845366478 -0.058635782450437546
v -0.01091484352946281 0.05184265598654747 -0.05698993057012558
v -0.010919101536273953 0.050695810467004776 -0.05882573127746582
v 0.03799999877810477 0.0610508993268013 -0.038482893258333206
v 0.03799999877810477 0.05990533158183098 -0.038772087544202805
v 0.029875926673412313 0.0635765939950943 -0.04452989622950554
v 0.029875926673412313 0.0635765939950943 -0.04452989622950554
v 0.03799999877810477 0.05990533158183098 -0.038772087544202805
v 0.03799999877810477 0.054325688630342484 -0.04018064960837364
v 0.029875926673412313 0.0635765939950943 -0.04452989622950554
v 0.03799999877810477 0.054325688630342484 -0.04018064960837364
v 0.029869351536035527 0.057798340916633606 -0.04599109664559364
v 0.029869351536035527 0.057798340916633606 -0.04599109664559364
v 0.03799999877810477 0.054325688630342484 -0.04018064960837364
v 0.03799999877810477 0.0528874434530735 -0.04078454524278641
v 0.029869351536035527 0.057798340916633606 -0.04599109664559364
v 0.03799999877810477 0.0528874434530735 -0.04078454524278641
v 0.03799999877810477 0.05263882875442505 -0.04088893160223961
v 0.03799999877810477 0.05263882875442505 -0.04088893160223961
v 0.03799999877810477 0.04885009303689003 -0.042479753494262695
v 0.029869351536035527 0.057798340916633606 -0.04599109664559364
v 0.029869351536035527 0.057798340916633606 -0.04599109664559364
v 0.03799999877810477 0.04885009303689003 -0.042479753494262695
v 0.02987416833639144 0.052260372787714005 -0.04810645803809166
v 0.029869351536035527 0.057798340916633606 -0.04599109664559364
v 0.02987416833639144 0.052260372787714005 -0.04810645803809166
v 0.020575312897562974 0.06149645894765854 -0.04990168660879135
v 0.020575312897562974 0.06149645894765854 -0.04990168660879135
v 0.02987416833639144 0.052260372787714005 -0.04810645803809166
v 0.020581340417265885 0.056752003729343414 -0.05123350769281387
v 0.020575312897562974 0.06149645894765854 -0.04990168660879135
v 0.020581340417265885 0.056752003729343414 -0.05123350769281387
v 0.010398265905678269 0.06378986686468124 -0.05230669304728508
v 0.010398265905678269 0.06378986686468124 -0.05230669304728508
v 0.020581340417265885 0.056752003729343414 -0.05123350769281387
v 0.010402110405266281 0.05953711271286011 -0.05315408110618591
v 0.010398265905678269 0.06378986686468124 -0.05230669304728508
v 0.010402110405266281 0.05953711271286011 -0.05315408110618591
v -0.00025604735128581513 0.0645456314086914 -0.05309528112411499
v -0.00025604735128581513 0.0645456314086914 -0.05309528112411499
v 0.010402110405266281 0.05953711271286011 -0.05315408110618591
v -0.00025614810874685634 0.06045478209853172 -0.05378327518701553
v -0.00025870889658108343 0.0513303242623806 -0.06069999933242798
v -0.0014681770699098702 0.05137317627668381 -0.06069999933242798
v -0.00025640928652137507 0.05185671150684357 -0.058892134577035904
v -0.00025640928652137507 0.05185671150684357 -0.058892134577035904
v -0.0014681770699098702 0.05137317627668381 -0.06069999933242798
v -0.010919101536273953 0.050695810467004776 -0.05882573127746582
v -0.00025640928652137507 0.05185671150684357 -0.058892134577035904
v -0.010919101536273953 0.050695810467004776 -0.05882573127746582
v -0.00025635582278482605 0.053006142377853394 -0.057178519666194916
v -0.00025635582278482605 0.053006142377853394 -0.057178519666194916
v -0.010919101536273953 0.050695810467004776 -0.05882573127746582
v -0.01091484352946281 0.05184265598654747 -0.05698993057012558
v -0.00025635582278482605 0.053006142377853394 -0.057178519666194916
v -0.01091484352946281 0.05184265598654747 -0.05698993057012558
v -0.00025625081616453816 0.05648380145430565 -0.054969701915979385
v -0.00025625081616453816 0.05648380145430565 -0.054969701915979385
v -0.01091484352946281 0.05184265598654747 -0.05698993057012558
v -0.010907754302024838 0.05535115301609039 -0.054510269314050674
v -0.00025625081616453816 0.05648380145430565 -0.054969701915979385
v -0.010907754302024838 0.05535115301609039 -0.054510269314050674
v -0.00025614810874685634 0.06045478209853172 -0.05378327518701553
v -0.00025614810874685634 0.06045478209853172 -0.05378327518701553
v -0.010907754302024838 0.05535115301609039 -0.054510269314050674
v -0.010902343317866322 0.05944570153951645 -0.053091295063495636
v -0.00025614810874685634 0.06045478209853172 -0.05378327518701553
v -0.010902343317866322 0.05944570153951645 -0.053091295063495636
v -0.00025604735128581513 0.0645456314086914 -0.05309528112411499
v -0.00025604735128581513 0.0645456314086914 -0.05309528112411499
v -0.010902343317866322 0.05944570153951645 -0.053091295063495636
v -0.010898340493440625 0.06371459364891052 -0.05222802981734276
v -0.00025604735128581513 0.0645456314086914 -0.05309528112411499
v -0.010898340493440625 0.06371459364891052 -0.05222802981734276
v -0.01089348271489143 0.07240337878465652 -0.05130835250020027
v -0.01089348271489143 0.07240337878465652 -0.05130835250020027
v -0.010898340493440625 0.06371459364891052 -0.05222802981734276
v -0.02104209177196025 0.06626210361719131 -0.04883330687880516
v -0.01089348271489143 0.07240337878465652 -0.05130835250020027
v -0.02104209177196025 0.06626210361719131 -0.04883330687880516
v -0.021047629415988915 0.07123424857854843 -0.04821624606847763
v -0.021047629415988915 0.07123424857854843 -0.04821624606847763
v -0.02104209177196025 0.06626210361719131 -0.04883330687880516
v -0.030307475477457036 0.0693645253777504 -0.04326027259230614
v -0.021047629415988915 0.07123424857854843 -0.04821624606847763
v -0.030307475477457036 0.0693645253777504 -0.04326027259230614
v -0.02780918776988982 0.08089999854564667 -0.04391418397426605
v -0.02780918776988982 0.08089999854564667 -0.04391418397426605
v -0.030307475477457036 0.0693645253777504 -0.04326027259230614
v -0.030288778245449056 0.08089999854564667 -0.04211335629224777
v -0.03320120647549628 -0.0392271913588047 -0.06069999933242798
v -0.03799999877810477 -0.034603144973516464 -0.06069999933242798
v -0.017677670344710343 -0.01767767034471035 -0.06069999933242798
v -0.01212219055742025 0.04994407668709755 -0.06069999933242798
v -0.010916401632130143 0.05018571391701698 -0.06069999933242798
v -0.009567085653543469 0.02309698797762394 -0.06069999933242798
v 0.030939919874072064 0.041037652641534805 -0.06069999933242798
v 0.035924885421991334 0.03675271198153496 -0.06069999933242798
v 0.017677670344710343 0.01767767034471035 -0.06069999933242798
v 0.017677670344710343 0.01767767034471035 -0.06069999933242798
v 0.035924885421991334 0.03675271198153496 -0.06069999933242798
v 0.03799999877810477 0.034603144973516464 -0.06069999933242798
v -0.0014681770699098702 0.05137317627668381 -0.06069999933242798
v -0.00025870889658108343 0.0513303242623806 -0.06069999933242798
v 1.7151244570663222e-16 0.02500000037252903 -0.06069999933242798
v 1.7151244570663222e-16 0.02500000037252903 -0.06069999933242798
v -0.00025870889658108343 0.0513303242623806 -0.06069999933242798
v 0.00509749725461006 0.05114055424928665 -0.06069999933242798
v 0.020626397803425782 0.04700550436973572 -0.06069999933242798
v 0.009567085653543469 0.02309698797762394 -0.06069999933242798
v 0.015611687675118441 0.0489654578268528 -0.06069999933242798
v 0.015611687675118441 0.0489654578268528 -0.06069999933242798
v 0.009567085653543469 0.02309698797762394 -0.06069999933242798
v 1.7151244570663222e-16 0.02500000037252903 -0.06069999933242798
v -0.009567085653543469 0.02309698797762394 -0.06069999933242798
v -0.010916401632130143 0.05018571391701698 -0.06069999933242798
v 1.7151244570663222e-16 0.02500000037252903 -0.06069999933242798
v 1.7151244570663222e-16 0.02500000037252903 -0.06069999933242798
v -0.010916401632130143 0.05018571391701698 -0.06069999933242798
v -0.00805987603962421 0.050758153200149536 -0.06069999933242798
v 1.7151244570663222e-16 0.02500000037252903 -0.06069999933242798
v -0.00805987603962421 0.050758153200149536 -0.06069999933242798
v -0.0014681770699098702 0.05137317627668381 -0.06069999933242798
v -0.024408562108874314 0.045227937400341034 -0.06069999933242798
v -0.02107406593859195 0.04675910249352455 -0.06069999933242798
v -0.009567085653543469 0.02309698797762394 -0.06069999933242798
v -0.009567085653543469 0.02309698797762394 -0.06069999933242798
v -0.02107406593859195 0.04675910249352455 -0.06069999933242798
v -0.018394339829683297 0.04798959940671921 -0.06069999933242798
v -0.009567085653543469 0.02309698797762394 -0.06069999933242798
v -0.018394339829683297 0.04798959940671921 -0.06069999933242798
v -0.01212219055742025 0.04994407668709755 -0.06069999933242798
v -0.010726912878453728 -0.0502237044274807 -0.06069999933242798
v -0.009567085653543469 -0.02309698797762394 -0.06069999933242798
v -0.007995849475264546 -0.05076773464679718 -0.06069999933242798
v -0.007995849475264546 -0.05076773464679718 -0.06069999933242798
v -0.009567085653543469 -0.02309698797762394 -0.06069999933242798
v -1.6845083188389175e-16 -0.02500000037252903 -0.06069999933242798
v -0.007995849475264546 -0.05076773464679718 -0.06069999933242798
v -1.6845083188389175e-16 -0.02500000037252903 -0.06069999933242798
v -0.001456140424124896 -0.051373496651649475 -0.06069999933242798
v 0.03898356109857558 -0.0334910973906517 -0.06069999933242798
v 0.03799999877810477 -0.034603144973516464 -0.06069999933242798
v 0.017677670344710343 -0.01767767034471035 -0.06069999933242798
v 0.05040177702903746 0.009790778160095215 -0.06069999933242798
v 0.025000000372529023 -1.676351788603553e-16 -0.06069999933242798
v 0.04907055944204329 0.015280582010746002 -0.06069999933242798
v 0.04907055944204329 0.015280582010746002 -0.06069999933242798
v 0.025000000372529023 -1.676351788603553e-16 -0.06069999933242798
v 0.023096987977623933 0.009567085653543472 -0.06069999933242798
v 0.04907055944204329 0.015280582010746002 -0.06069999933242798
v 0.023096987977623933 0.009567085653543472 -0.06069999933242798
v 0.04762754589319228 0.01904231868684292 -0.06069999933242798
v 0.04762754589319228 0.01904231868684292 -0.06069999933242798
v 0.023096987977623933 0.009567085653543472 -0.06069999933242798
v 0.046700254082679735 0.021459639072418213 -0.06069999933242798
v 0.05040177702903746 0.009790778160095215 -0.06069999933242798
v 0.05061930418014525 0.008893722668290138 -0.06069999933242798
v 0.025000000372529023 -1.676351788603553e-16 -0.06069999933242798
v 0.025000000372529023 -1.676351788603553e-16 -0.06069999933242798
v 0.05061930418014525 0.008893722668290138 -0.06069999933242798
v 0.05117195472121237 0.00477693323045969 -0.06069999933242798
v 0.025000000372529023 -1.676351788603553e-16 -0.06069999933242798
v 0.05117195472121237 0.00477693323045969 -0.06069999933242798
v 0.051303777843713746 0.00017573413788340986 -0.06069999933242798
v 0.03799999877810477 0.034603144973516464 -0.06069999933242798
v 0.04212716221809386 0.029439643025398254 -0.06069999933242798
v 0.017677670344710343 0.01767767034471035 -0.06069999933242798
v 0.017677670344710343 0.01767767034471035 -0.06069999933242798
v 0.04212716221809386 0.029439643025398254 -0.06069999933242798
v 0.04327111318707465 0.0275570098310709 -0.06069999933242798
v 0.017677670344710343 0.01767767034471035 -0.06069999933242798
v 0.04327111318707465 0.0275570098310709 -0.06069999933242798
v 0.023096987977623933 0.009567085653543472 -0.06069999933242798
v 0.023096987977623933 0.009567085653543472 -0.06069999933242798
v 0.04327111318707465 0.0275570098310709 -0.06069999933242798
v 0.04553955793380736 0.023823754861950874 -0.06069999933242798
v 0.023096987977623933 0.009567085653543472 -0.06069999933242798
v 0.04553955793380736 0.023823754861950874 -0.06069999933242798
v 0.046700254082679735 0.021459639072418213 -0.06069999933242798
v 0.00509749725461006 0.05114055424928665 -0.06069999933242798
v 0.00919008161872625 0.05056581646203995 -0.06069999933242798
v 1.7151244570663222e-16 0.02500000037252903 -0.06069999933242798
v 1.7151244570663222e-16 0.02500000037252903 -0.06069999933242798
v 0.00919008161872625 0.05056581646203995 -0.06069999933242798
v 0.010405515320599076 0.05026291310787201 -0.06069999933242798
v 1.7151244570663222e-16 0.02500000037252903 -0.06069999933242798
v 0.010405515320599076 0.05026291310787201 -0.06069999933242798
v 0.015611687675118441 0.0489654578268528 -0.06069999933242798
v -0.023096987977623933 0.009567085653543472 -0.06069999933242798
v -0.04729026556015013 0.02012629434466362 -0.06069999933242798
v -0.04433680325746535 0.02599370665848255 -0.06069999933242798
v -0.038000009953975664 0.03460313379764557 -0.06069999933242798
v -0.017677670344710343 0.01767767034471035 -0.06069999933242798
v -0.04209967330098151 0.029478928074240685 -0.06069999933242798
v -0.04209967330098151 0.029478928074240685 -0.06069999933242798
v -0.017677670344710343 0.01767767034471035 -0.06069999933242798
v -0.023096987977623933 0.009567085653543472 -0.06069999933242798
v -0.04209967330098151 0.029478928074240685 -0.06069999933242798
v -0.023096987977623933 0.009567085653543472 -0.06069999933242798
v -0.043531630188226686 0.027248084545135498 -0.06069999933242798
v -0.043531630188226686 0.027248084545135498 -0.06069999933242798
v -0.023096987977623933 0.009567085653543472 -0.06069999933242798
v -0.04433680325746535 0.02599370665848255 -0.06069999933242798
v -0.045542936772108064 -0.023815995082259178 -0.06069999933242798
v -0.04731246083974837 -0.02007242664694786 -0.06069999933242798
v -0.023096987977623933 -0.009567085653543472 -0.06069999933242798
v 0.021819293498992913 -0.046529483050107956 -0.06069999933242798
v 0.020978702232241624 -0.046859562397003174 -0.06069999933242798
v 0.009567085653543469 -0.02309698797762394 -0.06069999933242798
v 0.009567085653543469 -0.02309698797762394 -0.06069999933242798
v 0.020978702232241624 -0.046859562397003174 -0.06069999933242798
v 0.01565879397094249 -0.048948563635349274 -0.06069999933242798
v 0.009567085653543469 -0.02309698797762394 -0.06069999933242798
v 0.01565879397094249 -0.048948563635349274 -0.06069999933242798
v -1.6845083188389175e-16 -0.02500000037252903 -0.06069999933242798
v -1.6845083188389175e-16 -0.02500000037252903 -0.06069999933242798
v 0.01565879397094249 -0.048948563635349274 -0.06069999933242798
v 0.010716338641941544 -0.05018872022628784 -0.06069999933242798
v -1.6845083188389175e-16 -0.02500000037252903 -0.06069999933242798
v 0.010716338641941544 -0.05018872022628784 -0.06069999933242798
v 0.00928643066436052 -0.050547510385513306 -0.06069999933242798
v 0.00928643066436052 -0.050547510385513306 -0.06069999933242798
v 0.005155258346348999 -0.05113451927900314 -0.06069999933242798
v -1.6845083188389175e-16 -0.02500000037252903 -0.06069999933242798
v -1.6845083188389175e-16 -0.02500000037252903 -0.06069999933242798
v 0.005155258346348999 -0.05113451927900314 -0.06069999933242798
v -2.6133227493119185e-06 -0.05132095888257027 -0.06069999933242798
v -1.6845083188389175e-16 -0.02500000037252903 -0.06069999933242798
v -2.6133227493119185e-06 -0.05132095888257027 -0.06069999933242798
v -0.001456140424124896 -0.051373496651649475 -0.06069999933242798
v 0.020626397803425782 0.04700550436973572 -0.06069999933242798
v 0.02173239737749099 0.04657323658466339 -0.06069999933242798
v 0.009567085653543469 0.02309698797762394 -0.06069999933242798
v 0.009567085653543469 0.02309698797762394 -0.06069999933242798
v 0.02173239737749099 0.04657323658466339 -0.06069999933242798
v 0.02541546151041984 0.04466985911130905 -0.06069999933242798
v 0.009567085653543469 0.02309698797762394 -0.06069999933242798
v 0.02541546151041984 0.04466985911130905 -0.06069999933242798
v 0.017677670344710343 0.01767767034471035 -0.06069999933242798
v 0.017677670344710343 0.01767767034471035 -0.06069999933242798
v 0.02541546151041984 0.04466985911130905 -0.06069999933242798
v 0.029944637790322293 0.04169202968478203 -0.06069999933242798
v 0.017677670344710343 0.01767767034471035 -0.06069999933242798
v 0.029944637790322293 0.04169202968478203 -0.06069999933242798
v 0.030939919874072064 0.041037652641534805 -0.06069999933242798
v -0.038000009953975664 0.03460313379764557 -0.06069999933242798
v -0.033237516880035387 0.03919970616698265 -0.06069999933242798
v -0.017677670344710343 0.01767767034471035 -0.06069999933242798
v -0.017677670344710343 0.01767767034471035 -0.06069999933242798
v -0.033237516880035387 0.03919970616698265 -0.06069999933242798
v -0.0303326267749071 0.04135945811867714 -0.06069999933242798
v -0.017677670344710343 0.01767767034471035 -0.06069999933242798
v -0.0303326267749071 0.04135945811867714 -0.06069999933242798
v -0.009567085653543469 0.02309698797762394 -0.06069999933242798
v -0.009567085653543469 0.02309698797762394 -0.06069999933242798
v -0.0303326267749071 0.04135945811867714 -0.06069999933242798
v -0.027964796870946874 0.04311990737915039 -0.06069999933242798
v -0.009567085653543469 0.02309698797762394 -0.06069999933242798
v -0.027964796870946874 0.04311990737915039 -0.06069999933242798
v -0.024408562108874314 0.045227937400341034 -0.06069999933242798
v -0.050440475344657884 0.00985772255808115 -0.06069999933242798
v -0.04968876019120215 0.013021456077694893 -0.06069999933242798
v -0.023096987977623933 0.009567085653543472 -0.06069999933242798
v 0.03799999877810477 -0.034603144973516464 -0.06069999933242798
v 0.033214729279279695 -0.03921574726700783 -0.06069999933242798
v 0.017677670344710343 -0.01767767034471035 -0.06069999933242798
v 0.017677670344710343 -0.01767767034471035 -0.06069999933242798
v 0.033214729279279695 -0.03921574726700783 -0.06069999933242798
v 0.030275780707597722 -0.04139762744307518 -0.06069999933242798
v 0.017677670344710343 -0.01767767034471035 -0.06069999933242798
v 0.030275780707597722 -0.04139762744307518 -0.06069999933242798
v 0.009567085653543469 -0.02309698797762394 -0.06069999933242798
v 0.009567085653543469 -0.02309698797762394 -0.06069999933242798
v 0.030275780707597722 -0.04139762744307518 -0.06069999933242798
v 0.027936255559325208 -0.04313449561595917 -0.06069999933242798
v 0.009567085653543469 -0.02309698797762394 -0.06069999933242798
v 0.027936255559325208 -0.04313449561595917 -0.06069999933242798
v 0.021819293498992913 -0.046529483050107956 -0.06069999933242798
v 0.023096987977623933 -0.009567085653543472 -0.06069999933242798
v 0.04785870388150214 -0.018732914701104164 -0.06069999933242798
v 0.045077543705701814 -0.024685611948370934 -0.06069999933242798
v 0.04785870388150214 -0.018732914701104164 -0.06069999933242798
v 0.023096987977623933 -0.009567085653543472 -0.06069999933242798
v 0.049869138747453676 -0.012427285313606262 -0.06069999933242798
v 0.049869138747453676 -0.012427285313606262 -0.06069999933242798
v 0.023096987977623933 -0.009567085653543472 -0.06069999933242798
v 0.025000000372529023 -1.676351788603553e-16 -0.06069999933242798
v 0.049869138747453676 -0.012427285313606262 -0.06069999933242798
v 0.025000000372529023 -1.676351788603553e-16 -0.06069999933242798
v 0.05048872902989386 -0.009432446211576462 -0.06069999933242798
v -0.010726912878453728 -0.0502237044274807 -0.06069999933242798
v -0.012056202627718445 -0.049958907067775726 -0.06069999933242798
v -0.009567085653543469 -0.02309698797762394 -0.06069999933242798
v -0.009567085653543469 -0.02309698797762394 -0.06069999933242798
v -0.012056202627718445 -0.049958907067775726 -0.06069999933242798
v -0.018378619104623788 -0.04799320548772812 -0.06069999933242798
v -0.009567085653543469 -0.02309698797762394 -0.06069999933242798
v -0.018378619104623788 -0.04799320548772812 -0.06069999933242798
v -0.020954020321369164 -0.04681257903575897 -0.06069999933242798
v 0.051303777843713746 0.00017573413788340986 -0.06069999933242798
v 0.051361497491598115 -0.0018389677861705422 -0.06069999933242798
v 0.025000000372529023 -1.676351788603553e-16 -0.06069999933242798
v 0.025000000372529023 -1.676351788603553e-16 -0.06069999933242798
v 0.051361497491598115 -0.0018389677861705422 -0.06069999933242798
v 0.050707090646028505 -0.008376962505280972 -0.06069999933242798
v 0.025000000372529023 -1.676351788603553e-16 -0.06069999933242798
v 0.050707090646028505 -0.008376962505280972 -0.06069999933242798
v 0.05048872902989386 -0.009432446211576462 -0.06069999933242798
v -0.04968876019120215 0.013021456077694893 -0.06069999933242798
v -0.049483940005302415 0.013883471488952637 -0.06069999933242798
v -0.023096987977623933 0.009567085653543472 -0.06069999933242798
v -0.023096987977623933 0.009567085653543472 -0.06069999933242798
v -0.049483940005302415 0.013883471488952637 -0.06069999933242798
v -0.04777980595827101 0.018733149394392967 -0.06069999933242798
v -0.023096987977623933 0.009567085653543472 -0.06069999933242798
v -0.04777980595827101 0.018733149394392967 -0.06069999933242798
v -0.04729026556015013 0.02012629434466362 -0.06069999933242798
v 0.045077543705701814 -0.024685611948370934 -0.06069999933242798
v 0.04350730031728743 -0.027297619730234146 -0.06069999933242798
v 0.023096987977623933 -0.009567085653543472 -0.06069999933242798
v 0.023096987977623933 -0.009567085653543472 -0.06069999933242798
v 0.04350730031728743 -0.027297619730234146 -0.06069999933242798
v 0.042945407330989824 -0.028232291340827942 -0.06069999933242798
v 0.023096987977623933 -0.009567085653543472 -0.06069999933242798
v 0.042945407330989824 -0.028232291340827942 -0.06069999933242798
v 0.017677670344710343 -0.01767767034471035 -0.06069999933242798
v 0.017677670344710343 -0.01767767034471035 -0.06069999933242798
v 0.042945407330989824 -0.028232291340827942 -0.06069999933242798
v 0.04070569574832915 -0.031205199658870697 -0.06069999933242798
v 0.017677670344710343 -0.01767767034471035 -0.06069999933242798
v 0.04070569574832915 -0.031205199658870697 -0.06069999933242798
v 0.03898356109857558 -0.0334910973906517 -0.06069999933242798
v -0.025000000372529023 1.676351788603553e-16 -0.06069999933242798
v -0.05128574371337889 0.0033407635055482388 -0.06069999933242798
v -0.023096987977623933 0.009567085653543472 -0.06069999933242798
v -0.023096987977623933 0.009567085653543472 -0.06069999933242798
v -0.05128574371337889 0.0033407635055482388 -0.06069999933242798
v -0.05048464611172675 0.009517153725028038 -0.06069999933242798
v -0.023096987977623933 0.009567085653543472 -0.06069999933242798
v -0.05048464611172675 0.009517153725028038 -0.06069999933242798
v -0.050440475344657884 0.00985772255808115 -0.06069999933242798
v -0.04731246083974837 -0.02007242664694786 -0.06069999933242798
v -0.0477599687874317 -0.01879432424902916 -0.06069999933242798
v -0.023096987977623933 -0.009567085653543472 -0.06069999933242798
v -0.023096987977623933 -0.009567085653543472 -0.06069999933242798
v -0.0477599687874317 -0.01879432424902916 -0.06069999933242798
v -0.04949957504868506 -0.01382592786103487 -0.06069999933242798
v -0.023096987977623933 -0.009567085653543472 -0.06069999933242798
v -0.04949957504868506 -0.01382592786103487 -0.06069999933242798
v -0.025000000372529023 1.676351788603553e-16 -0.06069999933242798
v -0.025000000372529023 1.676351788603553e-16 -0.06069999933242798
v -0.04949957504868506 -0.01382592786103487 -0.06069999933242798
v -0.050395831465721116 -0.009588063694536686 -0.06069999933242798
v -0.025000000372529023 1.676351788603553e-16 -0.06069999933242798
v -0.050395831465721116 -0.009588063694536686 -0.06069999933242798
v -0.05085932463407515 -0.007396474946290255 -0.06069999933242798
v -0.05085932463407515 -0.007396474946290255 -0.06069999933242798
v -0.05128967761993407 -0.0032780326437205076 -0.06069999933242798
v -0.025000000372529023 1.676351788603553e-16 -0.06069999933242798
v -0.025000000372529023 1.676351788603553e-16 -0.06069999933242798
v -0.05128967761993407 -0.0032780326437205076 -0.06069999933242798
v -0.05128775909543036 -5.120766945765354e-05 -0.06069999933242798
v -0.025000000372529023 1.676351788603553e-16 -0.06069999933242798
v -0.05128775909543036 -5.120766945765354e-05 -0.06069999933242798
v -0.05128574371337889 0.0033407635055482388 -0.06069999933242798
v -0.03799999877810477 -0.034603144973516464 -0.06069999933242798
v -0.04069561883807181 -0.031229747459292412 -0.06069999933242798
v -0.017677670344710343 -0.01767767034471035 -0.06069999933242798
v -0.017677670344710343 -0.01767767034471035 -0.06069999933242798
v -0.04069561883807181 -0.031229747459292412 -0.06069999933242798
v -0.04213225096464156 -0.029431896284222603 -0.06069999933242798
v -0.017677670344710343 -0.01767767034471035 -0.06069999933242798
v -0.04213225096464156 -0.029431896284222603 -0.06069999933242798
v -0.023096987977623933 -0.009567085653543472 -0.06069999933242798
v -0.023096987977623933 -0.009567085653543472 -0.06069999933242798
v -0.04213225096464156 -0.029431896284222603 -0.06069999933242798
v -0.043420244008302675 -0.027311138808727264 -0.06069999933242798
v -0.023096987977623933 -0.009567085653543472 -0.06069999933242798
v -0.043420244008302675 -0.027311138808727264 -0.06069999933242798
v -0.045542936772108064 -0.023815995082259178 -0.06069999933242798
v -0.020954020321369164 -0.04681257903575897 -0.06069999933242798
v -0.02435231022536754 -0.04525471851229668 -0.06069999933242798
v -0.009567085653543469 -0.02309698797762394 -0.06069999933242798
v -0.009567085653543469 -0.02309698797762394 -0.06069999933242798
v -0.02435231022536754 -0.04525471851229668 -0.06069999933242798
v -0.02789831720292567 -0.043159037828445435 -0.06069999933242798
v -0.009567085653543469 -0.02309698797762394 -0.06069999933242798
v -0.02789831720292567 -0.043159037828445435 -0.06069999933242798
v -0.017677670344710343 -0.01767767034471035 -0.06069999933242798
v -0.017677670344710343 -0.01767767034471035 -0.06069999933242798
v -0.02789831720292567 -0.043159037828445435 -0.06069999933242798
v -0.030275125056505193 -0.041396744549274445 -0.06069999933242798
v -0.017677670344710343 -0.01767767034471035 -0.06069999933242798
v -0.030275125056505193 -0.041396744549274445 -0.06069999933242798
v -0.03320120647549628 -0.0392271913588047 -0.06069999933242798
v 0.03799999877810477 0.036786019802093506 -0.054578863084316254
v 0.03799999877810477 0.03683309257030487 -0.054446861147880554
v 0.04315339401364325 0.03128201514482498 -0.05229691043496132
v 0.05021632462739943 0.08089999854564667 -0.013421648181974888
v 0.05101867392659186 0.08089999854564667 -0.009836863726377487
v 0.05183496698737143 0.06835737824440002 -0.00919769611209631
v 0.04380761831998824 0.07346070557832718 0.028995009139180183
v 0.044094122946262346 0.06464526057243347 0.03049578331410885
v 0.04893570393323897 0.065747931599617 0.021531397476792336
v 0.05915830284357069 0.02003801427781582 0.016203073784708977
v 0.059837762266397455 0.018217869102954865 0.014758443459868431
v 0.06104893237352369 0.023162025958299637 0.005133036524057388
v 0.06218610703945158 0.011927113868296146 0.00976553000509739
v 0.0627239793539047 0.010097385384142399 0.008318115957081318
v 0.06312488764524457 0.012219657190144062 0.005023034755140543
v 0.06312488764524457 0.012219657190144062 0.005023034755140543
v 0.0627239793539047 0.010097385384142399 0.008318115957081318
v 0.06431484967470166 0.004685638938099146 0.00403713108971715
v 0.06536387652158734 0.00022034358698874712 0.0005136001855134964
v 0.06559427082538602 -0.0017826799303293228 -0.0010589895537123084
v 0.06577465683221814 0.0020717638544738293 -0.005272829905152321
v 0.06479422748088834 -0.017420129850506783 -0.013249718584120274
v 0.06440058350563047 -0.018749110400676727 -0.01427495013922453
v 0.06429351121187207 -0.018848421052098274 -0.014844287186861038
v 0.05747057870030401 -0.03267921879887581 -0.024928057566285133
v 0.058146070688962916 -0.03046744130551815 -0.025873811915516853
v 0.05850275605916975 -0.03112011030316353 -0.02374424785375595
v 0.04392486438155173 -0.04725060611963272 -0.03586234524846077
v 0.04207719117403029 -0.048525795340538025 -0.03679722920060158
v 0.04197995364665984 -0.04692346975207329 -0.03918549418449402
v 0.04197995364665984 -0.04692346975207329 -0.03918549418449402
v 0.04207719117403029 -0.048525795340538025 -0.03679722920060158
v 0.038583591580390916 -0.05093693360686302 -0.03856491297483444
v 0.042945407330989824 -0.028232291340827942 -0.06069999933242798
v 0.04350730031728743 -0.027297619730234146 -0.06069999933242798
v 0.04375281929969786 -0.02863880805671215 -0.05768293887376785
v 0.049869138747453676 -0.012427285313606262 -0.06069999933242798
v 0.05048872902989386 -0.009432446211576462 -0.06069999933242798
v 0.05091263726353644 -0.010447848588228226 -0.05838092789053917
v 0.03799999877810477 0.034603144973516464 -0.06069999933242798
v 0.03799999877810477 0.035273514688014984 -0.05882016569375992
v 0.04212716221809386 0.029439643025398254 -0.06069999933242798
v 0.04212716221809386 0.029439643025398254 -0.06069999933242798
v 0.03799999877810477 0.035273514688014984 -0.05882016569375992
v 0.04380073025822638 0.02727700211107731 -0.059575505554676056
v 0.04212716221809386 0.029439643025398254 -0.06069999933242798
v 0.04380073025822638 0.02727700211107731 -0.059575505554676056
v 0.04327111318707465 0.0275570098310709 -0.06069999933242798
v 0.04327111318707465 0.0275570098310709 -0.06069999933242798
v 0.04380073025822638 0.02727700211107731 -0.059575505554676056
v 0.04553955793380736 0.023823754861950874 -0.06069999933242798
v 0.05040177702903746 0.009790778160095215 -0.06069999933242798
v 0.04907055944204329 0.015280582010746002 -0.06069999933242798
v 0.04828260838985442 0.01841748133301735 -0.05926203355193138
v 0.04828260838985442 0.01841748133301735 -0.05926203355193138
v 0.04907055944204329 0.015280582010746002 -0.06069999933242798
v 0.04762754589319228 0.01904231868684292 -0.06069999933242798
v 0.04828260838985442 0.01841748133301735 -0.05926203355193138
v 0.04762754589319228 0.01904231868684292 -0.06069999933242798
v 0.046700254082679735 0.021459639072418213 -0.06069999933242798
v 0.050707090646028505 -0.008376962505280972 -0.06069999933242798
v 0.051361497491598115 -0.0018389677861705422 -0.06069999933242798
v 0.051850672811269746 -0.000726151920389384 -0.058684252202510834
v 0.051850672811269746 -0.000726151920389384 -0.058684252202510834
v 0.051361497491598115 -0.0018389677861705422 -0.06069999933242798
v 0.051303777843713746 0.00017573413788340986 -0.06069999933242798
v 0.051850672811269746 -0.000726151920389384 -0.058684252202510834
v 0.051303777843713746 0.00017573413788340986 -0.06069999933242798
v 0.05097362771630286 0.008989282883703709 -0.05896611511707306
v 0.05097362771630286 0.008989282883703709 -0.05896611511707306
v 0.051303777843713746 0.00017573413788340986 -0.06069999933242798
v 0.05117195472121237 0.00477693323045969 -0.06069999933242798
v 0.05097362771630286 0.008989282883703709 -0.05896611511707306
v 0.05117195472121237 0.00477693323045969 -0.06069999933242798
v 0.05061930418014525 0.008893722668290138 -0.06069999933242798
v 0.049869138747453676 -0.012427285313606262 -0.06069999933242798
v 0.05091263726353644 -0.010447848588228226 -0.05838092789053917
v 0.04785870388150214 -0.018732914701104164 -0.06069999933242798
v 0.042945407330989824 -0.028232291340827942 -0.06069999933242798
v 0.04375281929969786 -0.02863880805671215 -0.05768293887376785
v 0.04070569574832915 -0.031205199658870697 -0.06069999933242798
v 0.040920853614807115 -0.032704900950193405 -0.057520728558301926
v 0.03800217807292937 -0.036208488047122955 -0.05746658146381378
v 0.03800154477357863 -0.036012765020132065 -0.05771765485405922
v 0.03800154477357863 -0.036012765020132065 -0.05771765485405922
v 0.03800072520971297 -0.03576039895415306 -0.05804138630628586
v 0.040920853614807115 -0.032704900950193405 -0.057520728558301926
v 0.040920853614807115 -0.032704900950193405 -0.057520728558301926
v 0.03800072520971297 -0.03576039895415306 -0.05804138630628586
v 0.03799999877810477 -0.034603144973516464 -0.06069999933242798
v 0.040920853614807115 -0.032704900950193405 -0.057520728558301926
v 0.03799999877810477 -0.034603144973516464 -0.06069999933242798
v 0.03898356109857558 -0.0334910973906517 -0.06069999933242798
v 0.03804042190313338 -0.042565908282995224 -0.04953568056225777
v 0.03801256418228148 -0.03940949961543083 -0.05336032807826996
v 0.04144407808780669 -0.039902400225400925 -0.04838833957910538
v 0.04144407808780669 -0.039902400225400925 -0.04838833957910538
v 0.03801256418228148 -0.03940949961543083 -0.05336032807826996
v 0.040920853614807115 -0.032704900950193405 -0.057520728558301926
v 0.040920853614807115 -0.032704900950193405 -0.057520728558301926
v 0.03801256418228148 -0.03940949961543083 -0.05336032807826996
v 0.03800851479172705 -0.03816111385822296 -0.054961759597063065
v 0.040920853614807115 -0.032704900950193405 -0.057520728558301926
v 0.03800851479172705 -0.03816111385822296 -0.054961759597063065
v 0.03800217807292937 -0.036208488047122955 -0.05746658146381378
v 0.038583591580390916 -0.05093693360686302 -0.03856491297483444
v 0.038126021623611436 -0.05125272646546364 -0.03879643604159355
v 0.04197995364665984 -0.04692346975207329 -0.03918549418449402
v 0.04197995364665984 -0.04692346975207329 -0.03918549418449402
v 0.038126021623611436 -0.05125272646546364 -0.03879643604159355
v 0.03810039535164832 -0.04936133697628975 -0.041301604360342026
v 0.04197995364665984 -0.04692346975207329 -0.03918549418449402
v 0.03810039535164832 -0.04936133697628975 -0.041301604360342026
v 0.04144407808780669 -0.039902400225400925 -0.04838833957910538
v 0.04144407808780669 -0.039902400225400925 -0.04838833957910538
v 0.03810039535164832 -0.04936133697628975 -0.041301604360342026
v 0.03805202245712279 -0.04388035833835602 -0.04794295132160187
v 0.04144407808780669 -0.039902400225400925 -0.04838833957910538
v 0.03805202245712279 -0.04388035833835602 -0.04794295132160187
v 0.03804042190313338 -0.042565908282995224 -0.04953568056225777
v 0.04901131987571715 -0.04296577721834183 -0.03268369287252426
v 0.04849302768707274 -0.04340238869190216 -0.03300758823752403
v 0.051852490752935396 -0.03594460338354111 -0.03562678396701813
v 0.051852490752935396 -0.03594460338354111 -0.03562678396701813
v 0.04849302768707274 -0.04340238869190216 -0.03300758823752403
v 0.045911058783531175 -0.045577436685562134 -0.03462112322449684
v 0.051852490752935396 -0.03594460338354111 -0.03562678396701813
v 0.045911058783531175 -0.045577436685562134 -0.03462112322449684
v 0.04544168710708617 -0.04173674434423447 -0.04048934578895569
v 0.058146070688962916 -0.03046744130551815 -0.025873811915516853
v 0.05747057870030401 -0.03267921879887581 -0.024928057566285133
v 0.05681580677628515 -0.027476180344820023 -0.03288224712014198
v 0.05747057870030401 -0.03267921879887581 -0.024928057566285133
v 0.05556814000010488 -0.03555285558104515 -0.027109969407320023
v 0.05681580677628515 -0.027476180344820023 -0.03288224712014198
v 0.05681580677628515 -0.027476180344820023 -0.03288224712014198
v 0.05556814000010488 -0.03555285558104515 -0.027109969407320023
v 0.05390704795718191 -0.0376640185713768 -0.028704192489385605
v 0.05681580677628515 -0.027476180344820023 -0.03288224712014198
v 0.05390704795718191 -0.0376640185713768 -0.028704192489385605
v 0.05541646108031271 -0.023847214877605438 -0.03965745493769646
v 0.05541646108031271 -0.023847214877605438 -0.03965745493769646
v 0.05390704795718191 -0.0376640185713768 -0.028704192489385605
v 0.05344386026263235 -0.03825271129608154 -0.029148736968636513
v 0.05541646108031271 -0.023847214877605438 -0.03965745493769646
v 0.05344386026263235 -0.03825271129608154 -0.029148736968636513
v 0.051852490752935396 -0.03594460338354111 -0.03562678396701813
v 0.051852490752935396 -0.03594460338354111 -0.03562678396701813
v 0.05344386026263235 -0.03825271129608154 -0.029148736968636513
v 0.05262333899736402 -0.03912516310811043 -0.02980310469865799
v 0.051852490752935396 -0.03594460338354111 -0.03562678396701813
v 0.05262333899736402 -0.03912516310811043 -0.02980310469865799
v 0.04901131987571715 -0.04296577721834183 -0.03268369287252426
v 0.060289274901151636 -0.028020812198519707 -0.021382177248597145
v 0.05925206094980238 -0.029988287016749382 -0.022884869948029518
v 0.05944513902068136 -0.02359844744205475 -0.029110455885529518
v 0.06220288947224615 -0.02439091168344021 -0.018609778955578804
v 0.061687421053647974 -0.018300408497452736 -0.026502830907702446
v 0.06252241879701612 -0.02357303909957409 -0.017981406301259995
v 0.06252241879701612 -0.02357303909957409 -0.017981406301259995
v 0.061687421053647974 -0.018300408497452736 -0.026502830907702446
v 0.06307548284530637 -0.01910397596657276 -0.020667068660259247
v 0.06252241879701612 -0.02357303909957409 -0.017981406301259995
v 0.06307548284530637 -0.01910397596657276 -0.020667068660259247
v 0.06429351121187207 -0.018848421052098274 -0.014844287186861038
v 0.06440058350563047 -0.018749110400676727 -0.01427495013922453
v 0.06438022851943967 -0.01881781592965126 -0.014327953569591045
v 0.06429351121187207 -0.018848421052098274 -0.014844287186861038
v 0.06429351121187207 -0.018848421052098274 -0.014844287186861038
v 0.06438022851943967 -0.01881781592965126 -0.014327953569591045
v 0.06423100084066388 -0.019199788570404053 -0.014621423557400703
v 0.06429351121187207 -0.018848421052098274 -0.014844287186861038
v 0.06423100084066388 -0.019199788570404053 -0.014621423557400703
v 0.06252241879701612 -0.02357303909957409 -0.017981406301259995
v 0.06593320518732068 -0.010298563167452812 -0.007723589427769184
v 0.06588717550039289 -0.011759352870285511 -0.008863354101777077
v 0.06556527316570279 -0.0095612071454525 -0.015203788876533508
v 0.06556527316570279 -0.0095612071454525 -0.015203788876533508
v 0.06588717550039289 -0.011759352870285511 -0.008863354101777077
v 0.06529924273490903 -0.014804475009441376 -0.011222926899790764
v 0.06556527316570279 -0.0095612071454525 -0.015203788876533508
v 0.06529924273490903 -0.014804475009441376 -0.011222926899790764
v 0.06459738314151761 -0.011182750575244427 -0.020093414932489395
v 0.06556527316570279 -0.0095612071454525 -0.015203788876533508
v 0.06608738005161283 -0.0065841106697916985 -0.010921750217676163
v 0.06593320518732068 -0.010298563167452812 -0.007723589427769184
v 0.06593320518732068 -0.010298563167452812 -0.007723589427769184
v 0.06608738005161283 -0.0065841106697916985 -0.010921750217676163
v 0.06612963974475858 -0.0025524436496198177 -0.007610603701323271
v 0.06593320518732068 -0.010298563167452812 -0.007723589427769184
v 0.06612963974475858 -0.0025524436496198177 -0.007610603701323271
v 0.06607095152139661 -0.005926776677370071 -0.004312552977353334
v 0.059837762266397455 0.018217869102954865 0.014758443459868431
v 0.06218610703945158 0.011927113868296146 0.00976553000509739
v 0.06104893237352369 0.023162025958299637 0.005133036524057388
v 0.06104893237352369 0.023162025958299637 0.005133036524057388
v 0.06218610703945158 0.011927113868296146 0.00976553000509739
v 0.06312488764524457 0.012219657190144062 0.005023034755140543
v 0.06104893237352369 0.023162025958299637 0.005133036524057388
v 0.06312488764524457 0.012219657190144062 0.005023034755140543
v 0.06327458471059796 0.01696157269179821 -0.0020989645272493362
v 0.06327458471059796 0.01696157269179821 -0.0020989645272493362
v 0.06312488764524457 0.012219657190144062 0.005023034755140543
v 0.06431484967470166 0.004685638938099146 0.00403713108971715
v 0.06327458471059796 0.01696157269179821 -0.0020989645272493362
v 0.06431484967470166 0.004685638938099146 0.00403713108971715
v 0.06512571871280667 0.006965857930481434 -0.00370522728189826
v 0.06512571871280667 0.006965857930481434 -0.00370522728189826
v 0.06431484967470166 0.004685638938099146 0.00403713108971715
v 0.06470441818237302 0.0033604148775339127 0.0029888066928833723
v 0.06512571871280667 0.006965857930481434 -0.00370522728189826
v 0.06470441818237302 0.0033604148775339127 0.0029888066928833723
v 0.0649423152208328 0.0022276360541582108 0.0020958774257451296
v 0.055836282670497873 0.027563409879803658 0.022192951291799545
v 0.05619000270962713 0.026762131601572037 0.02155516855418682
v 0.05728636309504507 0.028402740135788918 0.017374584451317787
v 0.05728636309504507 0.028402740135788918 0.017374584451317787
v 0.05619000270962713 0.026762131601572037 0.02155516855418682
v 0.05815610662102697 0.02230829931795597 0.01801011897623539
v 0.05728636309504507 0.028402740135788918 0.017374584451317787
v 0.05815610662102697 0.02230829931795597 0.01801011897623539
v 0.05886871740221975 0.033612657338380814 0.004542674403637648
v 0.04075565561652182 0.04886028543114662 0.039333026856184006
v 0.04475605487823485 0.044414713978767395 0.03572683408856392
v 0.04535753279924391 0.04460017383098602 0.034995079040527344
v 0.04535753279924391 0.04460017383098602 0.034995079040527344
v 0.04475605487823485 0.044414713978767395 0.03572683408856392
v 0.045387730002403245 0.04371274635195732 0.03515740483999252
v 0.04535753279924391 0.04460017383098602 0.034995079040527344
v 0.045387730002403245 0.04371274635195732 0.03515740483999252
v 0.050768829882144914 0.04711747542023659 0.024972176179289818
v 0.050768829882144914 0.04711747542023659 0.024972176179289818
v 0.045387730002403245 0.04371274635195732 0.03515740483999252
v 0.04644161835312842 0.04254157841205597 0.03420736640691757
v 0.050768829882144914 0.04711747542023659 0.024972176179289818
v 0.04644161835312842 0.04254157841205597 0.03420736640691757
v 0.05099809169769286 0.03625769168138504 0.02914644218981266
v 0.05099809169769286 0.03625769168138504 0.02914644218981266
v 0.05210471153259275 0.034482620656490326 0.027722833678126335
v 0.050768829882144914 0.04711747542023659 0.024972176179289818
v 0.050768829882144914 0.04711747542023659 0.024972176179289818
v 0.05210471153259275 0.034482620656490326 0.027722833678126335
v 0.05217057839035986 0.034360483288764954 0.027625219896435738
v 0.050768829882144914 0.04711747542023659 0.024972176179289818
v 0.05217057839035986 0.034360483288764954 0.027625219896435738
v 0.05409921705722807 0.04970373958349228 0.014129969291388988
v 0.03820954263210295 0.0641394630074501 0.0379314161837101
v 0.03822888061404227 0.06343342363834381 0.038105010986328125
v 0.044094122946262346 0.06464526057243347 0.03049578331410885
v 0.044094122946262346 0.06464526057243347 0.03049578331410885
v 0.03822888061404227 0.06343342363834381 0.038105010986328125
v 0.03856711834669112 0.051082294434309006 0.041141804307699203
v 0.03820954263210295 0.0641394630074501 0.0379314161837101
v 0.044094122946262346 0.06464526057243347 0.03049578331410885
v 0.03818101435899733 0.06586476415395737 0.037637531757354736
v 0.03818101435899733 0.06586476415395737 0.037637531757354736
v 0.044094122946262346 0.06464526057243347 0.03049578331410885
v 0.04380761831998824 0.07346070557832718 0.028995009139180183
v 0.03818101435899733 0.06586476415395737 0.037637531757354736
v 0.04380761831998824 0.07346070557832718 0.028995009139180183
v 0.03806451335549353 0.07291016727685928 0.036437440663576126
v 0.03806451335549353 0.07291016727685928 0.036437440663576126
v 0.04380761831998824 0.07346070557832718 0.028995009139180183
v 0.038023162633180604 0.0754108875989914 0.0360114723443985
v 0.038023162633180604 0.0754108875989914 0.0360114723443985
v 0.04380761831998824 0.07346070557832718 0.028995009139180183
v 0.04222122579813002 0.08089999854564667 0.03031812608242035
v 0.038023162633180604 0.0754108875989914 0.0360114723443985
v 0.04222122579813002 0.08089999854564667 0.03031812608242035
v 0.03799999877810477 0.08089999854564667 0.03546576946973801
v 0.04820752516388892 0.08089999854564667 0.019213737919926643
v 0.04759719595313071 0.08089999854564667 0.020888475701212883
v 0.04893570393323897 0.065747931599617 0.021531397476792336
v 0.04893570393323897 0.065747931599617 0.021531397476792336
v 0.04759719595313071 0.08089999854564667 0.020888475701212883
v 0.04572702571749686 0.08089999854564667 0.024715598672628403
v 0.04893570393323897 0.065747931599617 0.021531397476792336
v 0.04572702571749686 0.08089999854564667 0.024715598672628403
v 0.04380761831998824 0.07346070557832718 0.028995009139180183
v 0.04380761831998824 0.07346070557832718 0.028995009139180183
v 0.04572702571749686 0.08089999854564667 0.024715598672628403
v 0.04368799179792403 0.08089999854564667 0.027974124997854233
v 0.04380761831998824 0.07346070557832718 0.028995009139180183
v 0.04368799179792403 0.08089999854564667 0.027974124997854233
v 0.04222122579813002 0.08089999854564667 0.03031812608242035
v 0.04820752516388892 0.08089999854564667 0.019213737919926643
v 0.04893570393323897 0.065747931599617 0.021531397476792336
v 0.04987656697630881 0.08089999854564667 0.014633907936513424
v 0.04987656697630881 0.08089999854564667 0.014633907936513424
v 0.04893570393323897 0.065747931599617 0.021531397476792336
v 0.05195199698209761 0.06680542230606079 0.011734122410416603
v 0.04987656697630881 0.08089999854564667 0.014633907936513424
v 0.05195199698209761 0.06680542230606079 0.011734122410416603
v 0.05097769573330878 0.08089999854564667 0.009750575758516788
v 0.05294194072484968 0.0677010640501976 0.0013709518825635314
v 0.05182828381657599 0.08089999854564667 0.003956200554966927
v 0.05195199698209761 0.06680542230606079 0.011734122410416603
v 0.05195199698209761 0.06680542230606079 0.011734122410416603
v 0.05182828381657599 0.08089999854564667 0.003956200554966927
v 0.05133024603128432 0.08089999854564667 0.00818709097802639
v 0.05195199698209761 0.06680542230606079 0.011734122410416603
v 0.05133024603128432 0.08089999854564667 0.00818709097802639
v 0.05097769573330878 0.08089999854564667 0.009750575758516788
v 0.05114659667015074 0.08089999854564667 -0.009265326894819736
v 0.05190884321928023 0.08089999854564667 -0.002700536046177149
v 0.05294194072484968 0.0677010640501976 0.0013709518825635314
v 0.05294194072484968 0.0677010640501976 0.0013709518825635314
v 0.05190884321928023 0.08089999854564667 -0.002700536046177149
v 0.051876734942197786 0.08089999854564667 -4.737280323752202e-05
v 0.05294194072484968 0.0677010640501976 0.0013709518825635314
v 0.051876734942197786 0.08089999854564667 -4.737280323752202e-05
v 0.05182828381657599 0.08089999854564667 0.003956200554966927
v 0.05021632462739943 0.08089999854564667 -0.013421648181974888
v 0.05183496698737143 0.06835737824440002 -0.00919769611209631
v 0.04824479296803473 0.08089999854564667 -0.019267940893769264
v 0.04808908700942992 0.08089999854564667 -0.019729668274521828
v 0.04874087870121001 0.0689571350812912 -0.019465981051325798
v 0.0451969802379608 0.08089999854564667 -0.025672025978565216
v 0.0451969802379608 0.08089999854564667 -0.025672025978565216
v 0.04874087870121001 0.0689571350812912 -0.019465981051325798
v 0.04393650963902472 0.06982641667127609 -0.02883094921708107
v 0.03887095302343367 0.08089999854564667 -0.03450896963477135
v 0.0429425649344921 0.08089999854564667 -0.02928747795522213
v 0.04393650963902472 0.06982641667127609 -0.02883094921708107
v 0.04393650963902472 0.06982641667127609 -0.02883094921708107
v 0.0429425649344921 0.08089999854564667 -0.02928747795522213
v 0.04373719543218611 0.08089999854564667 -0.028013115748763084
v 0.04393650963902472 0.06982641667127609 -0.02883094921708107
v 0.04373719543218611 0.08089999854564667 -0.028013115748763084
v 0.0451969802379608 0.08089999854564667 -0.025672025978565216
v 0.03799999877810477 0.0610508993268013 -0.038482893258333206
v 0.03799999877810477 0.06687719374895096 -0.037012066692113876
v 0.04393650963902472 0.06982641667127609 -0.02883094921708107
v 0.03799999877810477 0.08089999854564667 -0.03546576946973801
v 0.03887095302343367 0.08089999854564667 -0.03450896963477135
v 0.03799999877810477 0.07083036750555038 -0.03657614812254906
v 0.03799999877810477 0.07083036750555038 -0.03657614812254906
v 0.03887095302343367 0.08089999854564667 -0.03450896963477135
v 0.04393650963902472 0.06982641667127609 -0.02883094921708107
v 0.03799999877810477 0.07083036750555038 -0.03657614812254906
v 0.04393650963902472 0.06982641667127609 -0.02883094921708107
v 0.03799999877810477 0.06700258702039719 -0.036998238414525986
v 0.03799999877810477 0.06700258702039719 -0.036998238414525986
v 0.04393650963902472 0.06982641667127609 -0.02883094921708107
v 0.03799999877810477 0.06687719374895096 -0.037012066692113876
v 0.03799999877810477 0.04885009303689003 -0.042479753494262695
v 0.03799999877810477 0.05263882875442505 -0.04088893160223961
v 0.04673266410827635 0.04888986051082611 -0.03151082992553711
v 0.04673266410827635 0.04888986051082611 -0.03151082992553711
v 0.03799999877810477 0.05263882875442505 -0.04088893160223961
v 0.03799999877810477 0.0528874434530735 -0.04078454524278641
v 0.04673266410827635 0.04888986051082611 -0.03151082992553711
v 0.03799999877810477 0.0528874434530735 -0.04078454524278641
v 0.03799999877810477 0.054325688630342484 -0.04018064960837364
v 0.04905775561928748 0.039567649364471436 -0.03414168953895569
v 0.03799999877810477 0.04612645134329796 -0.04424974322319031
v 0.03799999877810477 0.04638991877436638 -0.0440785251557827
v 0.03799999877810477 0.04340589791536331 -0.04601772874593735
v 0.05003964528441428 0.03515724465250969 -0.03597869351506233
v 0.03799999877810477 0.04215575009584427 -0.04683015123009682
v 0.03799999877810477 0.04215575009584427 -0.04683015123009682
v 0.05003964528441428 0.03515724465250969 -0.03597869351506233
v 0.04420101642608641 0.03647748380899429 -0.04342286288738251
v 0.03799999877810477 0.03757587447762489 -0.05236397311091423
v 0.03799999877810477 0.03774150460958481 -0.05216384679079056
v 0.04377381876111029 0.0322042778134346 -0.049194347113370895
v 0.04377381876111029 0.0322042778134346 -0.049194347113370895
v 0.03799999877810477 0.03774150460958481 -0.05216384679079056
v 0.03799999877810477 0.03941371291875839 -0.05014333128929138
v 0.04377381876111029 0.0322042778134346 -0.049194347113370895
v 0.03799999877810477 0.03941371291875839 -0.05014333128929138
v 0.04417595267295836 0.033903226256370544 -0.04614293947815895
v 0.04417595267295836 0.033903226256370544 -0.04614293947815895
v 0.03799999877810477 0.03941371291875839 -0.05014333128929138
v 0.03799999877810477 0.040723275393247604 -0.04856099933385849
v 0.04417595267295836 0.033903226256370544 -0.04614293947815895
v 0.03799999877810477 0.040723275393247604 -0.04856099933385849
v 0.04420101642608641 0.03647748380899429 -0.04342286288738251
v 0.04420101642608641 0.03647748380899429 -0.04342286288738251
v 0.03799999877810477 0.040723275393247604 -0.04856099933385849
v 0.03799999877810477 0.04120229184627533 -0.04798220843076706
v 0.04420101642608641 0.03647748380899429 -0.04342286288738251
v 0.03799999877810477 0.04120229184627533 -0.04798220843076706
v 0.03799999877810477 0.04215575009584427 -0.04683015123009682
v 0.03799999877810477 0.036786019802093506 -0.054578863084316254
v 0.04237592220306395 0.03097270429134369 -0.055349934846162796
v 0.03799999877810477 0.036037009209394455 -0.05667921155691147
v 0.03799999877810477 0.036037009209394455 -0.05667921155691147
v 0.04237592220306395 0.03097270429134369 -0.055349934846162796
v 0.044820562005043016 0.02643674425780773 -0.05766076594591141
v 0.056972816586494425 -0.005431285127997398 -0.045180533081293106
v 0.05698189139366148 -0.011574389412999153 -0.04339990392327309
v 0.05528340861201284 -0.008254572749137878 -0.04866418614983559
v 0.046700254082679735 0.021459639072418213 -0.06069999933242798
v 0.04553955793380736 0.023823754861950874 -0.06069999933242798
v 0.04828260838985442 0.01841748133301735 -0.05926203355193138
v 0.04828260838985442 0.01841748133301735 -0.05926203355193138
v 0.04553955793380736 0.023823754861950874 -0.06069999933242798
v 0.04380073025822638 0.02727700211107731 -0.059575505554676056
v 0.04828260838985442 0.01841748133301735 -0.05926203355193138
v 0.04380073025822638 0.02727700211107731 -0.059575505554676056
v 0.044820562005043016 0.02643674425780773 -0.05766076594591141
v 0.044820562005043016 0.02643674425780773 -0.05766076594591141
v 0.04380073025822638 0.02727700211107731 -0.059575505554676056
v 0.03799999877810477 0.035273514688014984 -0.05882016569375992
v 0.044820562005043016 0.02643674425780773 -0.05766076594591141
v 0.03799999877810477 0.035273514688014984 -0.05882016569375992
v 0.03799999877810477 0.036037009209394455 -0.05667921155691147
v 0.05276087298989294 0.005972857121378183 -0.05498286709189415
v 0.05161485821008681 0.011184826493263245 -0.05563292279839516
v 0.05513789132237432 0.006866443436592817 -0.04868597164750099
v 0.05513789132237432 0.006866443436592817 -0.04868597164750099
v 0.05161485821008681 0.011184826493263245 -0.05563292279839516
v 0.05315221846103666 0.013042380101978779 -0.05044258385896683
v 0.05513789132237432 0.006866443436592817 -0.04868597164750099
v 0.05315221846103666 0.013042380101978779 -0.05044258385896683
v 0.056065790355205515 0.0112307108938694 -0.044361453503370285
v 0.056065790355205515 0.0112307108938694 -0.044361453503370285
v 0.05315221846103666 0.013042380101978779 -0.05044258385896683
v 0.05270932614803312 0.018178660422563553 -0.047189779579639435
v 0.056065790355205515 0.0112307108938694 -0.044361453503370285
v 0.05270932614803312 0.018178660422563553 -0.047189779579639435
v 0.05737677216529844 0.010959446430206299 -0.04127248749136925
v 0.05737677216529844 0.010959446430206299 -0.04127248749136925
v 0.05270932614803312 0.018178660422563553 -0.047189779579639435
v 0.05375116318464277 0.018177898600697517 -0.04466302692890167
v 0.05737677216529844 0.010959446430206299 -0.04127248749136925
v 0.05375116318464277 0.018177898600697517 -0.04466302692890167
v 0.058560945093631724 0.011167673394083977 -0.03817390277981758
v 0.058560945093631724 0.011167673394083977 -0.03817390277981758
v 0.05375116318464277 0.018177898600697517 -0.04466302692890167
v 0.05468112602829931 0.018556585535407066 -0.04213052615523338
v 0.058560945093631724 0.011167673394083977 -0.03817390277981758
v 0.05468112602829931 0.018556585535407066 -0.04213052615523338
v 0.05956776440143583 0.011946394108235836 -0.035090021789073944
v 0.03799999877810477 0.036786019802093506 -0.054578863084316254
v 0.04315339401364325 0.03128201514482498 -0.05229691043496132
v 0.04237592220306395 0.03097270429134369 -0.055349934846162796
v 0.04237592220306395 0.03097270429134369 -0.055349934846162796
v 0.04315339401364325 0.03128201514482498 -0.05229691043496132
v 0.04672273993492125 0.02524271421134472 -0.05382275953888893
v 0.04237592220306395 0.03097270429134369 -0.055349934846162796
v 0.04672273993492125 0.02524271421134472 -0.05382275953888893
v 0.044820562005043016 0.02643674425780773 -0.05766076594591141
v 0.044820562005043016 0.02643674425780773 -0.05766076594591141
v 0.04672273993492125 0.02524271421134472 -0.05382275953888893
v 0.04766490310430525 0.021464085206389427 -0.05699044093489647
v 0.044820562005043016 0.02643674425780773 -0.05766076594591141
v 0.04766490310430525 0.021464085206389427 -0.05699044093489647
v 0.04828260838985442 0.01841748133301735 -0.05926203355193138
v 0.05061930418014525 0.008893722668290138 -0.06069999933242798
v 0.05040177702903746 0.009790778160095215 -0.06069999933242798
v 0.05097362771630286 0.008989282883703709 -0.05896611511707306
v 0.05097362771630286 0.008989282883703709 -0.05896611511707306
v 0.05040177702903746 0.009790778160095215 -0.06069999933242798
v 0.04828260838985442 0.01841748133301735 -0.05926203355193138
v 0.05097362771630286 0.008989282883703709 -0.05896611511707306
v 0.04828260838985442 0.01841748133301735 -0.05926203355193138
v 0.049927316606044755 0.016357004642486572 -0.0563054122030735
v 0.049927316606044755 0.016357004642486572 -0.0563054122030735
v 0.04828260838985442 0.01841748133301735 -0.05926203355193138
v 0.04766490310430525 0.021464085206389427 -0.05699044093489647
v 0.049927316606044755 0.016357004642486572 -0.0563054122030735
v 0.04766490310430525 0.021464085206389427 -0.05699044093489647
v 0.05034977197647093 0.019204579293727875 -0.05217236652970314
v 0.05034977197647093 0.019204579293727875 -0.05217236652970314
v 0.04766490310430525 0.021464085206389427 -0.05699044093489647
v 0.04672273993492125 0.02524271421134472 -0.05382275953888893
v 0.05034977197647093 0.019204579293727875 -0.05217236652970314
v 0.04672273993492125 0.02524271421134472 -0.05382275953888893
v 0.04834661632776259 0.02492532506585121 -0.04984152689576149
v 0.04834661632776259 0.02492532506585121 -0.04984152689576149
v 0.04672273993492125 0.02524271421134472 -0.05382275953888893
v 0.04315339401364325 0.03128201514482498 -0.05229691043496132
v 0.04834661632776259 0.02492532506585121 -0.04984152689576149
v 0.04315339401364325 0.03128201514482498 -0.05229691043496132
v 0.04377381876111029 0.0322042778134346 -0.049194347113370895
v 0.04377381876111029 0.0322042778134346 -0.049194347113370895
v 0.04315339401364325 0.03128201514482498 -0.05229691043496132
v 0.03799999877810477 0.03683309257030487 -0.054446861147880554
v 0.04377381876111029 0.0322042778134346 -0.049194347113370895
v 0.03799999877810477 0.03683309257030487 -0.054446861147880554
v 0.03799999877810477 0.03757587447762489 -0.05236397311091423
v 0.06529924273490903 -0.014804475009441376 -0.011222926899790764
v 0.06479422748088834 -0.017420129850506783 -0.013249718584120274
v 0.06459738314151761 -0.011182750575244427 -0.020093414932489395
v 0.06459738314151761 -0.011182750575244427 -0.020093414932489395
v 0.06479422748088834 -0.017420129850506783 -0.013249718584120274
v 0.06429351121187207 -0.018848421052098274 -0.014844287186861038
v 0.06459738314151761 -0.011182750575244427 -0.020093414932489395
v 0.06429351121187207 -0.018848421052098274 -0.014844287186861038
v 0.06333535909652707 -0.011574529111385345 -0.025190047919750214
v 0.06333535909652707 -0.011574529111385345 -0.025190047919750214
v 0.06429351121187207 -0.018848421052098274 -0.014844287186861038
v 0.06307548284530637 -0.01910397596657276 -0.020667068660259247
v 0.06333535909652707 -0.011574529111385345 -0.025190047919750214
v 0.06307548284530637 -0.01910397596657276 -0.020667068660259247
v 0.06189090386033056 -0.011026814579963684 -0.030302224680781364
v 0.06189090386033056 -0.011026814579963684 -0.030302224680781364
v 0.06307548284530637 -0.01910397596657276 -0.020667068660259247
v 0.061687421053647974 -0.018300408497452736 -0.026502830907702446
v 0.06189090386033056 -0.011026814579963684 -0.030302224680781364
v 0.061687421053647974 -0.018300408497452736 -0.026502830907702446
v 0.060330092906951883 -0.009747037664055824 -0.03536577522754669
v 0.060330092906951883 -0.009747037664055824 -0.03536577522754669
v 0.061687421053647974 -0.018300408497452736 -0.026502830907702446
v 0.060192588716745356 -0.016687871888279915 -0.03227090835571289
v 0.060330092906951883 -0.009747037664055824 -0.03536577522754669
v 0.060192588716745356 -0.016687871888279915 -0.03227090835571289
v 0.05698189139366148 -0.011574389412999153 -0.04339990392327309
v 0.05528340861201284 -0.008254572749137878 -0.04866418614983559
v 0.053397830575704554 0.0007259779958985746 -0.054344408214092255
v 0.056972816586494425 -0.005431285127997398 -0.045180533081293106
v 0.056972816586494425 -0.005431285127997398 -0.045180533081293106
v 0.053397830575704554 0.0007259779958985746 -0.054344408214092255
v 0.05638198181986807 0.0007111566374078393 -0.04693370684981346
v 0.056972816586494425 -0.005431285127997398 -0.045180533081293106
v 0.05638198181986807 0.0007111566374078393 -0.04693370684981346
v 0.05976940318942068 -0.002777396235615015 -0.03841163218021393
v 0.05976940318942068 -0.002777396235615015 -0.03841163218021393
v 0.05638198181986807 0.0007111566374078393 -0.04693370684981346
v 0.05839068070054052 0.004221680574119091 -0.041416849941015244
v 0.05976940318942068 -0.002777396235615015 -0.03841163218021393
v 0.05839068070054052 0.004221680574119091 -0.041416849941015244
v 0.06133479997515676 -0.0037116087041795254 -0.03403971344232559
v 0.06133479997515676 -0.0037116087041795254 -0.03403971344232559
v 0.05839068070054052 0.004221680574119091 -0.041416849941015244
v 0.05987742915749548 0.003631290514022112 -0.03770875558257103
v 0.06133479997515676 -0.0037116087041795254 -0.03403971344232559
v 0.05987742915749548 0.003631290514022112 -0.03770875558257103
v 0.06277529150247571 -0.00399221433326602 -0.029636472463607788
v 0.06277529150247571 -0.00399221433326602 -0.029636472463607788
v 0.05987742915749548 0.003631290514022112 -0.03770875558257103
v 0.0612344443798065 0.0036113765090703964 -0.03398275375366211
v 0.06277529150247571 -0.00399221433326602 -0.029636472463607788
v 0.0612344443798065 0.0036113765090703964 -0.03398275375366211
v 0.0640255734324455 -0.0034537846222519875 -0.02525034174323082
v 0.0640255734324455 -0.0034537846222519875 -0.02525034174323082
v 0.0612344443798065 0.0036113765090703964 -0.03398275375366211
v 0.06240159645676611 0.0042878007516264915 -0.030273569747805595
v 0.0640255734324455 -0.0034537846222519875 -0.02525034174323082
v 0.06240159645676611 0.0042878007516264915 -0.030273569747805595
v 0.06497734785079953 -0.0018620435148477554 -0.02103499323129654
v 0.06497734785079953 -0.0018620435148477554 -0.02103499323129654
v 0.06240159645676611 0.0042878007516264915 -0.030273569747805595
v 0.06327975541353223 0.005841842386871576 -0.026700371876358986
v 0.06497734785079953 -0.0018620435148477554 -0.02103499323129654
v 0.06327975541353223 0.005841842386871576 -0.026700371876358986
v 0.06548497825860974 0.0008763294317759573 -0.01731920801103115
v 0.053397830575704554 0.0007259779958985746 -0.054344408214092255
v 0.05276087298989294 0.005972857121378183 -0.05498286709189415
v 0.05638198181986807 0.0007111566374078393 -0.04693370684981346
v 0.05638198181986807 0.0007111566374078393 -0.04693370684981346
v 0.05276087298989294 0.005972857121378183 -0.05498286709189415
v 0.05513789132237432 0.006866443436592817 -0.04868597164750099
v 0.05638198181986807 0.0007111566374078393 -0.04693370684981346
v 0.05513789132237432 0.006866443436592817 -0.04868597164750099
v 0.05839068070054052 0.004221680574119091 -0.041416849941015244
v 0.05839068070054052 0.004221680574119091 -0.041416849941015244
v 0.05513789132237432 0.006866443436592817 -0.04868597164750099
v 0.056065790355205515 0.0112307108938694 -0.044361453503370285
v 0.05839068070054052 0.004221680574119091 -0.041416849941015244
v 0.056065790355205515 0.0112307108938694 -0.044361453503370285
v 0.05987742915749548 0.003631290514022112 -0.03770875558257103
v 0.05987742915749548 0.003631290514022112 -0.03770875558257103
v 0.056065790355205515 0.0112307108938694 -0.044361453503370285
v 0.05737677216529844 0.010959446430206299 -0.04127248749136925
v 0.05987742915749548 0.003631290514022112 -0.03770875558257103
v 0.05737677216529844 0.010959446430206299 -0.04127248749136925
v 0.0612344443798065 0.0036113765090703964 -0.03398275375366211
v 0.0612344443798065 0.0036113765090703964 -0.03398275375366211
v 0.05737677216529844 0.010959446430206299 -0.04127248749136925
v 0.058560945093631724 0.011167673394083977 -0.03817390277981758
v 0.0612344443798065 0.0036113765090703964 -0.03398275375366211
v 0.058560945093631724 0.011167673394083977 -0.03817390277981758
v 0.06240159645676611 0.0042878007516264915 -0.030273569747805595
v 0.06240159645676611 0.0042878007516264915 -0.030273569747805595
v 0.058560945093631724 0.011167673394083977 -0.03817390277981758
v 0.05956776440143583 0.011946394108235836 -0.035090021789073944
v 0.06240159645676611 0.0042878007516264915 -0.030273569747805595
v 0.05956776440143583 0.011946394108235836 -0.035090021789073944
v 0.06327975541353223 0.005841842386871576 -0.026700371876358986
v 0.05698189139366148 -0.011574389412999153 -0.04339990392327309
v 0.056972816586494425 -0.005431285127997398 -0.045180533081293106
v 0.060330092906951883 -0.009747037664055824 -0.03536577522754669
v 0.060330092906951883 -0.009747037664055824 -0.03536577522754669
v 0.056972816586494425 -0.005431285127997398 -0.045180533081293106
v 0.05976940318942068 -0.002777396235615015 -0.03841163218021393
v 0.060330092906951883 -0.009747037664055824 -0.03536577522754669
v 0.05976940318942068 -0.002777396235615015 -0.03841163218021393
v 0.06189090386033056 -0.011026814579963684 -0.030302224680781364
v 0.06189090386033056 -0.011026814579963684 -0.030302224680781364
v 0.05976940318942068 -0.002777396235615015 -0.03841163218021393
v 0.06133479997515676 -0.0037116087041795254 -0.03403971344232559
v 0.06189090386033056 -0.011026814579963684 -0.030302224680781364
v 0.06133479997515676 -0.0037116087041795254 -0.03403971344232559
v 0.06333535909652707 -0.011574529111385345 -0.025190047919750214
v 0.06333535909652707 -0.011574529111385345 -0.025190047919750214
v 0.06133479997515676 -0.0037116087041795254 -0.03403971344232559
v 0.06277529150247571 -0.00399221433326602 -0.029636472463607788
v 0.06333535909652707 -0.011574529111385345 -0.025190047919750214
v 0.06277529150247571 -0.00399221433326602 -0.029636472463607788
v 0.06459738314151761 -0.011182750575244427 -0.020093414932489395
v 0.06459738314151761 -0.011182750575244427 -0.020093414932489395
v 0.06277529150247571 -0.00399221433326602 -0.029636472463607788
v 0.0640255734324455 -0.0034537846222519875 -0.02525034174323082
v 0.06459738314151761 -0.011182750575244427 -0.020093414932489395
v 0.0640255734324455 -0.0034537846222519875 -0.02525034174323082
v 0.06556527316570279 -0.0095612071454525 -0.015203788876533508
v 0.06556527316570279 -0.0095612071454525 -0.015203788876533508
v 0.0640255734324455 -0.0034537846222519875 -0.02525034174323082
v 0.06497734785079953 -0.0018620435148477554 -0.02103499323129654
v 0.06556527316570279 -0.0095612071454525 -0.015203788876533508
v 0.06497734785079953 -0.0018620435148477554 -0.02103499323129654
v 0.06608738005161283 -0.0065841106697916985 -0.010921750217676163
v 0.06608738005161283 -0.0065841106697916985 -0.010921750217676163
v 0.06497734785079953 -0.0018620435148477554 -0.02103499323129654
v 0.06548497825860974 0.0008763294317759573 -0.01731920801103115
v 0.06608738005161283 -0.0065841106697916985 -0.010921750217676163
v 0.06548497825860974 0.0008763294317759573 -0.01731920801103115
v 0.06612963974475858 -0.0025524436496198177 -0.007610603701323271
v 0.04967069625854491 0.025619719177484512 -0.04579634591937065
v 0.050184875726699815 0.026418065652251244 -0.04378172382712364
v 0.05546147376298902 0.019377458840608597 -0.039609964936971664
v 0.05546147376298902 0.019377458840608597 -0.039609964936971664
v 0.050184875726699815 0.026418065652251244 -0.04378172382712364
v 0.056027449667453745 0.020733512938022614 -0.03716552257537842
v 0.05546147376298902 0.019377458840608597 -0.039609964936971664
v 0.056027449667453745 0.020733512938022614 -0.03716552257537842
v 0.060313012450933436 0.013429162092506886 -0.03211001306772232
v 0.060313012450933436 0.013429162092506886 -0.03211001306772232
v 0.056027449667453745 0.020733512938022614 -0.03716552257537842
v 0.060683581978082636 0.01565561629831791 -0.029433859512209892
v 0.060313012450933436 0.013429162092506886 -0.03211001306772232
v 0.060683581978082636 0.01565561629831791 -0.029433859512209892
v 0.06373611837625501 0.008337348699569702 -0.023524662479758263
v 0.06373611837625501 0.008337348699569702 -0.023524662479758263
v 0.060683581978082636 0.01565561629831791 -0.029433859512209892
v 0.06373987346887586 0.011551162227988243 -0.02098969742655754
v 0.06373611837625501 0.008337348699569702 -0.023524662479758263
v 0.06373987346887586 0.011551162227988243 -0.02098969742655754
v 0.06551449000835416 0.004499473143368959 -0.01440486591309309
v 0.06551449000835416 0.004499473143368959 -0.01440486591309309
v 0.06373987346887586 0.011551162227988243 -0.02098969742655754
v 0.06514204293489453 0.008614378981292248 -0.012292489409446716
v 0.06551449000835416 0.004499473143368959 -0.01440486591309309
v 0.06514204293489453 0.008614378981292248 -0.012292489409446716
v 0.06577465683221814 0.0020717638544738293 -0.005272829905152321
v 0.06577465683221814 0.0020717638544738293 -0.005272829905152321
v 0.06514204293489453 0.008614378981292248 -0.012292489409446716
v 0.06512571871280667 0.006965857930481434 -0.00370522728189826
v 0.06577465683221814 0.0020717638544738293 -0.005272829905152321
v 0.06512571871280667 0.006965857930481434 -0.00370522728189826
v 0.06536387652158734 0.00022034358698874712 0.0005136001855134964
v 0.06536387652158734 0.00022034358698874712 0.0005136001855134964
v 0.06512571871280667 0.006965857930481434 -0.00370522728189826
v 0.0649423152208328 0.0022276360541582108 0.0020958774257451296
v 0.05054971575736998 0.027590567246079445 -0.041820574551820755
v 0.050645861774682985 0.031006187200546265 -0.03843601047992706
v 0.05629124864935873 0.02264733985066414 -0.034941911697387695
v 0.05629124864935873 0.02264733985066414 -0.034941911697387695
v 0.050645861774682985 0.031006187200546265 -0.03843601047992706
v 0.05623636394739149 0.02498064935207367 -0.033077746629714966
v 0.05629124864935873 0.02264733985066414 -0.034941911697387695
v 0.05623636394739149 0.02498064935207367 -0.033077746629714966
v 0.06065487861633299 0.018443159759044647 -0.027250224724411964
v 0.03799999877810477 0.04340589791536331 -0.04601772874593735
v 0.03799999877810477 0.04612645134329796 -0.04424974322319031
v 0.05003964528441428 0.03515724465250969 -0.03597869351506233
v 0.05003964528441428 0.03515724465250969 -0.03597869351506233
v 0.03799999877810477 0.04612645134329796 -0.04424974322319031
v 0.04905775561928748 0.039567649364471436 -0.03414168953895569
v 0.05003964528441428 0.03515724465250969 -0.03597869351506233
v 0.04905775561928748 0.039567649364471436 -0.03414168953895569
v 0.055393945425748804 0.030202647671103477 -0.03035462461411953
v 0.055393945425748804 0.030202647671103477 -0.03035462461411953
v 0.04905775561928748 0.039567649364471436 -0.03414168953895569
v 0.053969960659742335 0.03564295545220375 -0.02850407361984253
v 0.055393945425748804 0.030202647671103477 -0.03035462461411953
v 0.053969960659742335 0.03564295545220375 -0.02850407361984253
v 0.05966601148247717 0.02474908158183098 -0.02425220236182213
v 0.05966601148247717 0.02474908158183098 -0.02425220236182213
v 0.053969960659742335 0.03564295545220375 -0.02850407361984253
v 0.057928599417209604 0.03129127249121666 -0.022421812638640404
v 0.05966601148247717 0.02474908158183098 -0.02425220236182213
v 0.057928599417209604 0.03129127249121666 -0.022421812638640404
v 0.0626895651221275 0.01893422193825245 -0.01770264096558094
v 0.0626895651221275 0.01893422193825245 -0.01770264096558094
v 0.057928599417209604 0.03129127249121666 -0.022421812638640404
v 0.06078905984759329 0.026621056720614433 -0.015926634892821312
v 0.050184875726699815 0.026418065652251244 -0.04378172382712364
v 0.05054971575736998 0.027590567246079445 -0.041820574551820755
v 0.056027449667453745 0.020733512938022614 -0.03716552257537842
v 0.056027449667453745 0.020733512938022614 -0.03716552257537842
v 0.05054971575736998 0.027590567246079445 -0.041820574551820755
v 0.05629124864935873 0.02264733985066414 -0.034941911697387695
v 0.056027449667453745 0.020733512938022614 -0.03716552257537842
v 0.05629124864935873 0.02264733985066414 -0.034941911697387695
v 0.060683581978082636 0.01565561629831791 -0.029433859512209892
v 0.060683581978082636 0.01565561629831791 -0.029433859512209892
v 0.05629124864935873 0.02264733985066414 -0.034941911697387695
v 0.06065487861633299 0.018443159759044647 -0.027250224724411964
v 0.060683581978082636 0.01565561629831791 -0.029433859512209892
v 0.06065487861633299 0.018443159759044647 -0.027250224724411964
v 0.06373987346887586 0.011551162227988243 -0.02098969742655754
v 0.06373987346887586 0.011551162227988243 -0.02098969742655754
v 0.06065487861633299 0.018443159759044647 -0.027250224724411964
v 0.06336021423339841 0.015156750567257404 -0.01909438520669937
v 0.06373987346887586 0.011551162227988243 -0.02098969742655754
v 0.06336021423339841 0.015156750567257404 -0.01909438520669937
v 0.06514204293489453 0.008614378981292248 -0.012292489409446716
v 0.06514204293489453 0.008614378981292248 -0.012292489409446716
v 0.06336021423339841 0.015156750567257404 -0.01909438520669937
v 0.06446722894906995 0.012950638309121132 -0.010813123546540737
v 0.06514204293489453 0.008614378981292248 -0.012292489409446716
v 0.06446722894906995 0.012950638309121132 -0.010813123546540737
v 0.06512571871280667 0.006965857930481434 -0.00370522728189826
v 0.06512571871280667 0.006965857930481434 -0.00370522728189826
v 0.06446722894906995 0.012950638309121132 -0.010813123546540737
v 0.06254059821367261 0.02179531939327717 -0.00911486241966486
v 0.06512571871280667 0.006965857930481434 -0.00370522728189826
v 0.06254059821367261 0.02179531939327717 -0.00911486241966486
v 0.06327458471059796 0.01696157269179821 -0.0020989645272493362
v 0.06327458471059796 0.01696157269179821 -0.0020989645272493362
v 0.06254059821367261 0.02179531939327717 -0.00911486241966486
v 0.06102378666400907 0.026823854073882103 -0.0016845340142026544
v 0.06327458471059796 0.01696157269179821 -0.0020989645272493362
v 0.06102378666400907 0.026823854073882103 -0.0016845340142026544
v 0.06104893237352369 0.023162025958299637 0.005133036524057388
v 0.06104893237352369 0.023162025958299637 0.005133036524057388
v 0.06102378666400907 0.026823854073882103 -0.0016845340142026544
v 0.05886871740221975 0.033612657338380814 0.004542674403637648
v 0.06104893237352369 0.023162025958299637 0.005133036524057388
v 0.05886871740221975 0.033612657338380814 0.004542674403637648
v 0.05915830284357069 0.02003801427781582 0.016203073784708977
v 0.05915830284357069 0.02003801427781582 0.016203073784708977
v 0.05886871740221975 0.033612657338380814 0.004542674403637648
v 0.05815610662102697 0.02230829931795597 0.01801011897623539
v 0.05101867392659186 0.08089999854564667 -0.009836863726377487
v 0.05114659667015074 0.08089999854564667 -0.009265326894819736
v 0.05183496698737143 0.06835737824440002 -0.00919769611209631
v 0.05183496698737143 0.06835737824440002 -0.00919769611209631
v 0.05114659667015074 0.08089999854564667 -0.009265326894819736
v 0.05294194072484968 0.0677010640501976 0.0013709518825635314
v 0.05183496698737143 0.06835737824440002 -0.00919769611209631
v 0.05294194072484968 0.0677010640501976 0.0013709518825635314
v 0.05371898040175436 0.054559752345085144 -0.008602205663919449
v 0.04808908700942992 0.08089999854564667 -0.019729668274521828
v 0.04824479296803473 0.08089999854564667 -0.019267940893769264
v 0.04874087870121001 0.0689571350812912 -0.019465981051325798
v 0.04874087870121001 0.0689571350812912 -0.019465981051325798
v 0.04824479296803473 0.08089999854564667 -0.019267940893769264
v 0.05183496698737143 0.06835737824440002 -0.00919769611209631
v 0.04874087870121001 0.0689571350812912 -0.019465981051325798
v 0.05183496698737143 0.06835737824440002 -0.00919769611209631
v 0.05220983177423475 0.05565738305449486 -0.014186494052410126
v 0.05220983177423475 0.05565738305449486 -0.014186494052410126
v 0.05183496698737143 0.06835737824440002 -0.00919769611209631
v 0.05371898040175436 0.054559752345085144 -0.008602205663919449
v 0.05220983177423475 0.05565738305449486 -0.014186494052410126
v 0.05371898040175436 0.054559752345085144 -0.008602205663919449
v 0.0577566437423229 0.03899994492530823 -0.008248865604400635
v 0.03799999877810477 0.054325688630342484 -0.04018064960837364
v 0.03799999877810477 0.05990533158183098 -0.038772087544202805
v 0.04673266410827635 0.04888986051082611 -0.03151082992553711
v 0.04673266410827635 0.04888986051082611 -0.03151082992553711
v 0.03799999877810477 0.05990533158183098 -0.038772087544202805
v 0.04481011629104613 0.058947186917066574 -0.029800735414028168
v 0.04673266410827635 0.04888986051082611 -0.03151082992553711
v 0.04481011629104613 0.058947186917066574 -0.029800735414028168
v 0.050542753189802156 0.04666514694690704 -0.026144523173570633
v 0.050542753189802156 0.04666514694690704 -0.026144523173570633
v 0.04481011629104613 0.058947186917066574 -0.029800735414028168
v 0.047732036560773836 0.05783438682556152 -0.0248445775359869
v 0.050542753189802156 0.04666514694690704 -0.026144523173570633
v 0.047732036560773836 0.05783438682556152 -0.0248445775359869
v 0.05368719249963758 0.04424438625574112 -0.020445851609110832
v 0.05368719249963758 0.04424438625574112 -0.020445851609110832
v 0.047732036560773836 0.05783438682556152 -0.0248445775359869
v 0.05020353198051451 0.05673976615071297 -0.019619343802332878
v 0.05368719249963758 0.04424438625574112 -0.020445851609110832
v 0.05020353198051451 0.05673976615071297 -0.019619343802332878
v 0.056099768728017786 0.041668616235256195 -0.014458656311035156
v 0.03799999877810477 0.05990533158183098 -0.038772087544202805
v 0.03799999877810477 0.0610508993268013 -0.038482893258333206
v 0.04481011629104613 0.058947186917066574 -0.029800735414028168
v 0.04481011629104613 0.058947186917066574 -0.029800735414028168
v 0.03799999877810477 0.0610508993268013 -0.038482893258333206
v 0.04393650963902472 0.06982641667127609 -0.02883094921708107
v 0.04481011629104613 0.058947186917066574 -0.029800735414028168
v 0.04393650963902472 0.06982641667127609 -0.02883094921708107
v 0.047732036560773836 0.05783438682556152 -0.0248445775359869
v 0.047732036560773836 0.05783438682556152 -0.0248445775359869
v 0.04393650963902472 0.06982641667127609 -0.02883094921708107
v 0.04874087870121001 0.0689571350812912 -0.019465981051325798
v 0.047732036560773836 0.05783438682556152 -0.0248445775359869
v 0.04874087870121001 0.0689571350812912 -0.019465981051325798
v 0.05020353198051451 0.05673976615071297 -0.019619343802332878
v 0.05020353198051451 0.05673976615071297 -0.019619343802332878
v 0.04874087870121001 0.0689571350812912 -0.019465981051325798
v 0.05220983177423475 0.05565738305449486 -0.014186494052410126
v 0.05020353198051451 0.05673976615071297 -0.019619343802332878
v 0.05220983177423475 0.05565738305449486 -0.014186494052410126
v 0.056099768728017786 0.041668616235256195 -0.014458656311035156
v 0.056099768728017786 0.041668616235256195 -0.014458656311035156
v 0.05220983177423475 0.05565738305449486 -0.014186494052410126
v 0.0577566437423229 0.03899994492530823 -0.008248865604400635
v 0.03799999877810477 0.04638991877436638 -0.0440785251557827
v 0.03799999877810477 0.04885009303689003 -0.042479753494262695
v 0.04905775561928748 0.039567649364471436 -0.03414168953895569
v 0.04905775561928748 0.039567649364471436 -0.03414168953895569
v 0.03799999877810477 0.04885009303689003 -0.042479753494262695
v 0.04673266410827635 0.04888986051082611 -0.03151082992553711
v 0.04905775561928748 0.039567649364471436 -0.03414168953895569
v 0.04673266410827635 0.04888986051082611 -0.03151082992553711
v 0.053969960659742335 0.03564295545220375 -0.02850407361984253
v 0.053969960659742335 0.03564295545220375 -0.02850407361984253
v 0.04673266410827635 0.04888986051082611 -0.03151082992553711
v 0.050542753189802156 0.04666514694690704 -0.026144523173570633
v 0.053969960659742335 0.03564295545220375 -0.02850407361984253
v 0.050542753189802156 0.04666514694690704 -0.026144523173570633
v 0.057928599417209604 0.03129127249121666 -0.022421812638640404
v 0.057928599417209604 0.03129127249121666 -0.022421812638640404
v 0.050542753189802156 0.04666514694690704 -0.026144523173570633
v 0.05368719249963758 0.04424438625574112 -0.020445851609110832
v 0.057928599417209604 0.03129127249121666 -0.022421812638640404
v 0.05368719249963758 0.04424438625574112 -0.020445851609110832
v 0.06078905984759329 0.026621056720614433 -0.015926634892821312
v 0.06078905984759329 0.026621056720614433 -0.015926634892821312
v 0.05368719249963758 0.04424438625574112 -0.020445851609110832
v 0.056099768728017786 0.041668616235256195 -0.014458656311035156
v 0.06078905984759329 0.026621056720614433 -0.015926634892821312
v 0.056099768728017786 0.041668616235256195 -0.014458656311035156
v 0.060197316110134104 0.03054305911064148 -0.008411016315221786
v 0.060197316110134104 0.03054305911064148 -0.008411016315221786
v 0.056099768728017786 0.041668616235256195 -0.014458656311035156
v 0.0577566437423229 0.03899994492530823 -0.008248865604400635
v 0.060197316110134104 0.03054305911064148 -0.008411016315221786
v 0.0577566437423229 0.03899994492530823 -0.008248865604400635
v 0.05866922438144682 0.0362989641726017 -0.0018907886696979403
v 0.05866922438144682 0.0362989641726017 -0.0018907886696979403
v 0.0577566437423229 0.03899994492530823 -0.008248865604400635
v 0.05371898040175436 0.054559752345085144 -0.008602205663919449
v 0.05866922438144682 0.0362989641726017 -0.0018907886696979403
v 0.05371898040175436 0.054559752345085144 -0.008602205663919449
v 0.055089492350816706 0.05222681909799576 0.00279775308445096
v 0.055089492350816706 0.05222681909799576 0.00279775308445096
v 0.05371898040175436 0.054559752345085144 -0.008602205663919449
v 0.05294194072484968 0.0677010640501976 0.0013709518825635314
v 0.055089492350816706 0.05222681909799576 0.00279775308445096
v 0.05294194072484968 0.0677010640501976 0.0013709518825635314
v 0.05409921705722807 0.04970373958349228 0.014129969291388988
v 0.05409921705722807 0.04970373958349228 0.014129969291388988
v 0.05294194072484968 0.0677010640501976 0.0013709518825635314
v 0.05195199698209761 0.06680542230606079 0.011734122410416603
v 0.05409921705722807 0.04970373958349228 0.014129969291388988
v 0.05195199698209761 0.06680542230606079 0.011734122410416603
v 0.050768829882144914 0.04711747542023659 0.024972176179289818
v 0.050768829882144914 0.04711747542023659 0.024972176179289818
v 0.05195199698209761 0.06680542230606079 0.011734122410416603
v 0.04893570393323897 0.065747931599617 0.021531397476792336
v 0.050768829882144914 0.04711747542023659 0.024972176179289818
v 0.04893570393323897 0.065747931599617 0.021531397476792336
v 0.04535753279924391 0.04460017383098602 0.034995079040527344
v 0.04535753279924391 0.04460017383098602 0.034995079040527344
v 0.04893570393323897 0.065747931599617 0.021531397476792336
v 0.044094122946262346 0.06464526057243347 0.03049578331410885
v 0.04535753279924391 0.04460017383098602 0.034995079040527344
v 0.044094122946262346 0.06464526057243347 0.03049578331410885
v 0.04075565561652182 0.04886028543114662 0.039333026856184006
v 0.04075565561652182 0.04886028543114662 0.039333026856184006
v 0.044094122946262346 0.06464526057243347 0.03049578331410885
v 0.03856711834669112 0.051082294434309006 0.041141804307699203
v 0.05217057839035986 0.034360483288764954 0.027625219896435738
v 0.055836282670497873 0.027563409879803658 0.022192951291799545
v 0.05409921705722807 0.04970373958349228 0.014129969291388988
v 0.05409921705722807 0.04970373958349228 0.014129969291388988
v 0.055836282670497873 0.027563409879803658 0.022192951291799545
v 0.05728636309504507 0.028402740135788918 0.017374584451317787
v 0.05409921705722807 0.04970373958349228 0.014129969291388988
v 0.05728636309504507 0.028402740135788918 0.017374584451317787
v 0.055089492350816706 0.05222681909799576 0.00279775308445096
v 0.055089492350816706 0.05222681909799576 0.00279775308445096
v 0.05728636309504507 0.028402740135788918 0.017374584451317787
v 0.05886871740221975 0.033612657338380814 0.004542674403637648
v 0.055089492350816706 0.05222681909799576 0.00279775308445096
v 0.05886871740221975 0.033612657338380814 0.004542674403637648
v 0.05866922438144682 0.0362989641726017 -0.0018907886696979403
v 0.05866922438144682 0.0362989641726017 -0.0018907886696979403
v 0.05886871740221975 0.033612657338380814 0.004542674403637648
v 0.06102378666400907 0.026823854073882103 -0.0016845340142026544
v 0.05866922438144682 0.0362989641726017 -0.0018907886696979403
v 0.06102378666400907 0.026823854073882103 -0.0016845340142026544
v 0.060197316110134104 0.03054305911064148 -0.008411016315221786
v 0.060197316110134104 0.03054305911064148 -0.008411016315221786
v 0.06102378666400907 0.026823854073882103 -0.0016845340142026544
v 0.06254059821367261 0.02179531939327717 -0.00911486241966486
v 0.060197316110134104 0.03054305911064148 -0.008411016315221786
v 0.06254059821367261 0.02179531939327717 -0.00911486241966486
v 0.06078905984759329 0.026621056720614433 -0.015926634892821312
v 0.06078905984759329 0.026621056720614433 -0.015926634892821312
v 0.06254059821367261 0.02179531939327717 -0.00911486241966486
v 0.06446722894906995 0.012950638309121132 -0.010813123546540737
v 0.06078905984759329 0.026621056720614433 -0.015926634892821312
v 0.06446722894906995 0.012950638309121132 -0.010813123546540737
v 0.0626895651221275 0.01893422193825245 -0.01770264096558094
v 0.0626895651221275 0.01893422193825245 -0.01770264096558094
v 0.06446722894906995 0.012950638309121132 -0.010813123546540737
v 0.06336021423339841 0.015156750567257404 -0.01909438520669937
v 0.0626895651221275 0.01893422193825245 -0.01770264096558094
v 0.06336021423339841 0.015156750567257404 -0.01909438520669937
v 0.05966601148247717 0.02474908158183098 -0.02425220236182213
v 0.05966601148247717 0.02474908158183098 -0.02425220236182213
v 0.06336021423339841 0.015156750567257404 -0.01909438520669937
v 0.06065487861633299 0.018443159759044647 -0.027250224724411964
v 0.05966601148247717 0.02474908158183098 -0.02425220236182213
v 0.06065487861633299 0.018443159759044647 -0.027250224724411964
v 0.055393945425748804 0.030202647671103477 -0.03035462461411953
v 0.055393945425748804 0.030202647671103477 -0.03035462461411953
v 0.06065487861633299 0.018443159759044647 -0.027250224724411964
v 0.05623636394739149 0.02498064935207367 -0.033077746629714966
v 0.055393945425748804 0.030202647671103477 -0.03035462461411953
v 0.05623636394739149 0.02498064935207367 -0.033077746629714966
v 0.05003964528441428 0.03515724465250969 -0.03597869351506233
v 0.05003964528441428 0.03515724465250969 -0.03597869351506233
v 0.05623636394739149 0.02498064935207367 -0.033077746629714966
v 0.050645861774682985 0.031006187200546265 -0.03843601047992706
v 0.05003964528441428 0.03515724465250969 -0.03597869351506233
v 0.050645861774682985 0.031006187200546265 -0.03843601047992706
v 0.04420101642608641 0.03647748380899429 -0.04342286288738251
v 0.04420101642608641 0.03647748380899429 -0.04342286288738251
v 0.050645861774682985 0.031006187200546265 -0.03843601047992706
v 0.05054971575736998 0.027590567246079445 -0.041820574551820755
v 0.04420101642608641 0.03647748380899429 -0.04342286288738251
v 0.05054971575736998 0.027590567246079445 -0.041820574551820755
v 0.04417595267295836 0.033903226256370544 -0.04614293947815895
v 0.04417595267295836 0.033903226256370544 -0.04614293947815895
v 0.05054971575736998 0.027590567246079445 -0.041820574551820755
v 0.050184875726699815 0.026418065652251244 -0.04378172382712364
v 0.04417595267295836 0.033903226256370544 -0.04614293947815895
v 0.050184875726699815 0.026418065652251244 -0.04378172382712364
v 0.04377381876111029 0.0322042778134346 -0.049194347113370895
v 0.04377381876111029 0.0322042778134346 -0.049194347113370895
v 0.050184875726699815 0.026418065652251244 -0.04378172382712364
v 0.04967069625854491 0.025619719177484512 -0.04579634591937065
v 0.04377381876111029 0.0322042778134346 -0.049194347113370895
v 0.04967069625854491 0.025619719177484512 -0.04579634591937065
v 0.04834661632776259 0.02492532506585121 -0.04984152689576149
v 0.045911058783531175 -0.045577436685562134 -0.03462112322449684
v 0.04392486438155173 -0.04725060611963272 -0.03586234524846077
v 0.04544168710708617 -0.04173674434423447 -0.04048934578895569
v 0.04544168710708617 -0.04173674434423447 -0.04048934578895569
v 0.04392486438155173 -0.04725060611963272 -0.03586234524846077
v 0.04197995364665984 -0.04692346975207329 -0.03918549418449402
v 0.04544168710708617 -0.04173674434423447 -0.04048934578895569
v 0.04197995364665984 -0.04692346975207329 -0.03918549418449402
v 0.044600643217563615 -0.03525068983435631 -0.049124788492918015
v 0.044600643217563615 -0.03525068983435631 -0.049124788492918015
v 0.04197995364665984 -0.04692346975207329 -0.03918549418449402
v 0.04144407808780669 -0.039902400225400925 -0.04838833957910538
v 0.044600643217563615 -0.03525068983435631 -0.049124788492918015
v 0.04144407808780669 -0.039902400225400925 -0.04838833957910538
v 0.04375281929969786 -0.02863880805671215 -0.05768293887376785
v 0.04375281929969786 -0.02863880805671215 -0.05768293887376785
v 0.04144407808780669 -0.039902400225400925 -0.04838833957910538
v 0.040920853614807115 -0.032704900950193405 -0.057520728558301926
v 0.04375281929969786 -0.02863880805671215 -0.05768293887376785
v 0.040920853614807115 -0.032704900950193405 -0.057520728558301926
v 0.04070569574832915 -0.031205199658870697 -0.06069999933242798
v 0.04070569574832915 -0.031205199658870697 -0.06069999933242798
v 0.040920853614807115 -0.032704900950193405 -0.057520728558301926
v 0.03898356109857558 -0.0334910973906517 -0.06069999933242798
v 0.053949177265167216 -0.019682148471474648 -0.04614068195223808
v 0.05067640915513037 -0.03093121573328972 -0.04337340593338013
v 0.05242708325386045 -0.015101812779903412 -0.052308157086372375
v 0.05242708325386045 -0.015101812779903412 -0.052308157086372375
v 0.05067640915513037 -0.03093121573328972 -0.04337340593338013
v 0.04943929240107535 -0.025433136150240898 -0.05075840279459953
v 0.05242708325386045 -0.015101812779903412 -0.052308157086372375
v 0.04943929240107535 -0.025433136150240898 -0.05075840279459953
v 0.05091263726353644 -0.010447848588228226 -0.05838092789053917
v 0.05091263726353644 -0.010447848588228226 -0.05838092789053917
v 0.04943929240107535 -0.025433136150240898 -0.05075840279459953
v 0.048188179731369005 -0.019858183339238167 -0.058041609823703766
v 0.05091263726353644 -0.010447848588228226 -0.05838092789053917
v 0.048188179731369005 -0.019858183339238167 -0.058041609823703766
v 0.04785870388150214 -0.018732914701104164 -0.06069999933242798
v 0.04785870388150214 -0.018732914701104164 -0.06069999933242798
v 0.048188179731369005 -0.019858183339238167 -0.058041609823703766
v 0.045077543705701814 -0.024685611948370934 -0.06069999933242798
v 0.05048872902989386 -0.009432446211576462 -0.06069999933242798
v 0.050707090646028505 -0.008376962505280972 -0.06069999933242798
v 0.05091263726353644 -0.010447848588228226 -0.05838092789053917
v 0.05091263726353644 -0.010447848588228226 -0.05838092789053917
v 0.050707090646028505 -0.008376962505280972 -0.06069999933242798
v 0.051850672811269746 -0.000726151920389384 -0.058684252202510834
v 0.05091263726353644 -0.010447848588228226 -0.05838092789053917
v 0.051850672811269746 -0.000726151920389384 -0.058684252202510834
v 0.05242708325386045 -0.015101812779903412 -0.052308157086372375
v 0.05242708325386045 -0.015101812779903412 -0.052308157086372375
v 0.051850672811269746 -0.000726151920389384 -0.058684252202510834
v 0.05354826897382734 -0.004549147095531225 -0.053696997463703156
v 0.05242708325386045 -0.015101812779903412 -0.052308157086372375
v 0.05354826897382734 -0.004549147095531225 -0.053696997463703156
v 0.053949177265167216 -0.019682148471474648 -0.04614068195223808
v 0.04350730031728743 -0.027297619730234146 -0.06069999933242798
v 0.045077543705701814 -0.024685611948370934 -0.06069999933242798
v 0.04375281929969786 -0.02863880805671215 -0.05768293887376785
v 0.04375281929969786 -0.02863880805671215 -0.05768293887376785
v 0.045077543705701814 -0.024685611948370934 -0.06069999933242798
v 0.048188179731369005 -0.019858183339238167 -0.058041609823703766
v 0.04375281929969786 -0.02863880805671215 -0.05768293887376785
v 0.048188179731369005 -0.019858183339238167 -0.058041609823703766
v 0.044600643217563615 -0.03525068983435631 -0.049124788492918015
v 0.044600643217563615 -0.03525068983435631 -0.049124788492918015
v 0.048188179731369005 -0.019858183339238167 -0.058041609823703766
v 0.04943929240107535 -0.025433136150240898 -0.05075840279459953
v 0.044600643217563615 -0.03525068983435631 -0.049124788492918015
v 0.04943929240107535 -0.025433136150240898 -0.05075840279459953
v 0.04544168710708617 -0.04173674434423447 -0.04048934578895569
v 0.04544168710708617 -0.04173674434423447 -0.04048934578895569
v 0.04943929240107535 -0.025433136150240898 -0.05075840279459953
v 0.05067640915513037 -0.03093121573328972 -0.04337340593338013
v 0.04544168710708617 -0.04173674434423447 -0.04048934578895569
v 0.05067640915513037 -0.03093121573328972 -0.04337340593338013
v 0.051852490752935396 -0.03594460338354111 -0.03562678396701813
v 0.051852490752935396 -0.03594460338354111 -0.03562678396701813
v 0.05067640915513037 -0.03093121573328972 -0.04337340593338013
v 0.053949177265167216 -0.019682148471474648 -0.04614068195223808
v 0.051852490752935396 -0.03594460338354111 -0.03562678396701813
v 0.053949177265167216 -0.019682148471474648 -0.04614068195223808
v 0.05541646108031271 -0.023847214877605438 -0.03965745493769646
v 0.05541646108031271 -0.023847214877605438 -0.03965745493769646
v 0.053949177265167216 -0.019682148471474648 -0.04614068195223808
v 0.056454308331012705 -0.01771838776767254 -0.041564445942640305
v 0.05541646108031271 -0.023847214877605438 -0.03965745493769646
v 0.056454308331012705 -0.01771838776767254 -0.041564445942640305
v 0.05681580677628515 -0.027476180344820023 -0.03288224712014198
v 0.05681580677628515 -0.027476180344820023 -0.03288224712014198
v 0.056454308331012705 -0.01771838776767254 -0.041564445942640305
v 0.05944513902068136 -0.02359844744205475 -0.029110455885529518
v 0.05681580677628515 -0.027476180344820023 -0.03288224712014198
v 0.05944513902068136 -0.02359844744205475 -0.029110455885529518
v 0.058146070688962916 -0.03046744130551815 -0.025873811915516853
v 0.058146070688962916 -0.03046744130551815 -0.025873811915516853
v 0.05944513902068136 -0.02359844744205475 -0.029110455885529518
v 0.05925206094980238 -0.029988287016749382 -0.022884869948029518
v 0.058146070688962916 -0.03046744130551815 -0.025873811915516853
v 0.05925206094980238 -0.029988287016749382 -0.022884869948029518
v 0.05850275605916975 -0.03112011030316353 -0.02374424785375595
v 0.06220288947224615 -0.02439091168344021 -0.018609778955578804
v 0.060289274901151636 -0.028020812198519707 -0.021382177248597145
v 0.061687421053647974 -0.018300408497452736 -0.026502830907702446
v 0.061687421053647974 -0.018300408497452736 -0.026502830907702446
v 0.060289274901151636 -0.028020812198519707 -0.021382177248597145
v 0.05944513902068136 -0.02359844744205475 -0.029110455885529518
v 0.061687421053647974 -0.018300408497452736 -0.026502830907702446
v 0.05944513902068136 -0.02359844744205475 -0.029110455885529518
v 0.060192588716745356 -0.016687871888279915 -0.03227090835571289
v 0.060192588716745356 -0.016687871888279915 -0.03227090835571289
v 0.05944513902068136 -0.02359844744205475 -0.029110455885529518
v 0.056454308331012705 -0.01771838776767254 -0.041564445942640305
v 0.060192588716745356 -0.016687871888279915 -0.03227090835571289
v 0.056454308331012705 -0.01771838776767254 -0.041564445942640305
v 0.05698189139366148 -0.011574389412999153 -0.04339990392327309
v 0.05698189139366148 -0.011574389412999153 -0.04339990392327309
v 0.056454308331012705 -0.01771838776767254 -0.041564445942640305
v 0.053949177265167216 -0.019682148471474648 -0.04614068195223808
v 0.05698189139366148 -0.011574389412999153 -0.04339990392327309
v 0.053949177265167216 -0.019682148471474648 -0.04614068195223808
v 0.05528340861201284 -0.008254572749137878 -0.04866418614983559
v 0.05528340861201284 -0.008254572749137878 -0.04866418614983559
v 0.053949177265167216 -0.019682148471474648 -0.04614068195223808
v 0.05354826897382734 -0.004549147095531225 -0.053696997463703156
v 0.05528340861201284 -0.008254572749137878 -0.04866418614983559
v 0.05354826897382734 -0.004549147095531225 -0.053696997463703156
v 0.053397830575704554 0.0007259779958985746 -0.054344408214092255
v 0.053397830575704554 0.0007259779958985746 -0.054344408214092255
v 0.05354826897382734 -0.004549147095531225 -0.053696997463703156
v 0.051850672811269746 -0.000726151920389384 -0.058684252202510834
v 0.053397830575704554 0.0007259779958985746 -0.054344408214092255
v 0.051850672811269746 -0.000726151920389384 -0.058684252202510834
v 0.05276087298989294 0.005972857121378183 -0.05498286709189415
v 0.05276087298989294 0.005972857121378183 -0.05498286709189415
v 0.051850672811269746 -0.000726151920389384 -0.058684252202510834
v 0.05097362771630286 0.008989282883703709 -0.05896611511707306
v 0.05276087298989294 0.005972857121378183 -0.05498286709189415
v 0.05097362771630286 0.008989282883703709 -0.05896611511707306
v 0.05161485821008681 0.011184826493263245 -0.05563292279839516
v 0.05161485821008681 0.011184826493263245 -0.05563292279839516
v 0.05097362771630286 0.008989282883703709 -0.05896611511707306
v 0.049927316606044755 0.016357004642486572 -0.0563054122030735
v 0.05161485821008681 0.011184826493263245 -0.05563292279839516
v 0.049927316606044755 0.016357004642486572 -0.0563054122030735
v 0.05315221846103666 0.013042380101978779 -0.05044258385896683
v 0.05315221846103666 0.013042380101978779 -0.05044258385896683
v 0.049927316606044755 0.016357004642486572 -0.0563054122030735
v 0.05034977197647093 0.019204579293727875 -0.05217236652970314
v 0.05315221846103666 0.013042380101978779 -0.05044258385896683
v 0.05034977197647093 0.019204579293727875 -0.05217236652970314
v 0.05270932614803312 0.018178660422563553 -0.047189779579639435
v 0.05270932614803312 0.018178660422563553 -0.047189779579639435
v 0.05034977197647093 0.019204579293727875 -0.05217236652970314
v 0.04834661632776259 0.02492532506585121 -0.04984152689576149
v 0.05270932614803312 0.018178660422563553 -0.047189779579639435
v 0.04834661632776259 0.02492532506585121 -0.04984152689576149
v 0.05375116318464277 0.018177898600697517 -0.04466302692890167
v 0.05375116318464277 0.018177898600697517 -0.04466302692890167
v 0.04834661632776259 0.02492532506585121 -0.04984152689576149
v 0.04967069625854491 0.025619719177484512 -0.04579634591937065
v 0.05375116318464277 0.018177898600697517 -0.04466302692890167
v 0.04967069625854491 0.025619719177484512 -0.04579634591937065
v 0.05468112602829931 0.018556585535407066 -0.04213052615523338
v 0.05468112602829931 0.018556585535407066 -0.04213052615523338
v 0.04967069625854491 0.025619719177484512 -0.04579634591937065
v 0.05546147376298902 0.019377458840608597 -0.039609964936971664
v 0.05468112602829931 0.018556585535407066 -0.04213052615523338
v 0.05546147376298902 0.019377458840608597 -0.039609964936971664
v 0.05956776440143583 0.011946394108235836 -0.035090021789073944
v 0.05956776440143583 0.011946394108235836 -0.035090021789073944
v 0.05546147376298902 0.019377458840608597 -0.039609964936971664
v 0.060313012450933436 0.013429162092506886 -0.03211001306772232
v 0.05956776440143583 0.011946394108235836 -0.035090021789073944
v 0.060313012450933436 0.013429162092506886 -0.03211001306772232
v 0.06327975541353223 0.005841842386871576 -0.026700371876358986
v 0.06327975541353223 0.005841842386871576 -0.026700371876358986
v 0.060313012450933436 0.013429162092506886 -0.03211001306772232
v 0.06373611837625501 0.008337348699569702 -0.023524662479758263
v 0.06327975541353223 0.005841842386871576 -0.026700371876358986
v 0.06373611837625501 0.008337348699569702 -0.023524662479758263
v 0.06548497825860974 0.0008763294317759573 -0.01731920801103115
v 0.06548497825860974 0.0008763294317759573 -0.01731920801103115
v 0.06373611837625501 0.008337348699569702 -0.023524662479758263
v 0.06551449000835416 0.004499473143368959 -0.01440486591309309
v 0.06548497825860974 0.0008763294317759573 -0.01731920801103115
v 0.06551449000835416 0.004499473143368959 -0.01440486591309309
v 0.06612963974475858 -0.0025524436496198177 -0.007610603701323271
v 0.06612963974475858 -0.0025524436496198177 -0.007610603701323271
v 0.06551449000835416 0.004499473143368959 -0.01440486591309309
v 0.06577465683221814 0.0020717638544738293 -0.005272829905152321
v 0.06612963974475858 -0.0025524436496198177 -0.007610603701323271
v 0.06577465683221814 0.0020717638544738293 -0.005272829905152321
v 0.06607095152139661 -0.005926776677370071 -0.004312552977353334
v 0.06607095152139661 -0.005926776677370071 -0.004312552977353334
v 0.06577465683221814 0.0020717638544738293 -0.005272829905152321
v 0.06559427082538602 -0.0017826799303293228 -0.0010589895537123084
v -0.043940763920545564 0.01721031591296196 0.04631073400378227
v -0.04789965599775313 0.019393960013985634 0.04046318307518959
v -0.049364533275365816 -0.00256711314432323 0.04460325464606285
v -0.058394376188516596 -0.03733165189623833 -0.015267365612089634
v -0.05593404546380041 -0.04486045241355896 -0.010857450775802135
v -0.05661800503730772 -0.046016842126846313 -0.004796091467142105
v -0.039424061775207506 -0.07278779149055481 0.0355335958302021
v -0.03945186361670493 -0.07233601063489914 0.036824531853199005
v -0.042758252471685396 -0.06951554864645004 0.03478401154279709
v -0.03990658745169638 -0.04374716058373451 0.05729660764336586
v -0.039911013096570955 -0.04250014200806618 0.057476989924907684
v -0.04304948449134825 -0.040661122649908066 0.05495811998844147
v -0.03859532251954077 0.05015885457396507 0.041395917534828186
v -0.038567800074815736 0.05105910450220108 0.041148170828819275
v -0.042159676551818834 0.047245100140571594 0.03804899379611015
v -0.0616667717695236 0.013406031765043736 0.010962762869894505
v -0.06274561583995816 0.009945882484316826 0.008223320357501507
v -0.06304371356964109 0.008231572806835175 0.008409364148974419
v -0.06337220966815946 -0.022798337042331696 -0.0150119848549366
v -0.06289911270141599 -0.022621670737862587 -0.0172263216227293
v -0.062253620475530604 -0.024266626685857773 -0.018490059301257133
v -0.05905257910490034 -0.0303353201597929 -0.023125289008021355
v -0.05670261010527609 -0.033774904906749725 -0.025734275579452515
v -0.058394376188516596 -0.03733165189623833 -0.015267365612089634
v -0.045111715793609605 -0.04634587839245796 -0.03517041727900505
v -0.04250128939747809 -0.04818378761410713 -0.036519601941108704
v -0.043106399476528154 -0.05418611690402031 -0.027208717539906502
v -0.0402734875679016 -0.04975230619311333 -0.037671033293008804
v -0.03812598064541815 -0.051264289766550064 -0.03878096118569374
v -0.03816481307148932 -0.053566571325063705 -0.03544662520289421
v -0.0402734875679016 -0.04975230619311333 -0.037671033293008804
v -0.03816481307148932 -0.053566571325063705 -0.03544662520289421
v -0.04075125232338904 -0.0572081096470356 -0.026305491104722023
v -0.04075125232338904 -0.0572081096470356 -0.026305491104722023
v -0.03816481307148932 -0.053566571325063705 -0.03544662520289421
v -0.03822545334696768 -0.05716211348772049 -0.030239293351769447
v -0.04075125232338904 -0.0572081096470356 -0.026305491104722023
v -0.03822545334696768 -0.05716211348772049 -0.030239293351769447
v -0.038289025425910936 -0.0598021037876606 -0.025760773569345474
v -0.045111715793609605 -0.04634587839245796 -0.03517041727900505
v -0.043106399476528154 -0.05418611690402031 -0.027208717539906502
v -0.0465557351708412 -0.04505489021539688 -0.03420978784561157
v -0.050177171826362596 -0.041817229241132736 -0.03180062770843506
v -0.047049172222614274 -0.048026178032159805 -0.029432661831378937
v -0.05162628367543219 -0.047894496470689774 -0.019362805411219597
v -0.05162628367543219 -0.047894496470689774 -0.019362805411219597
v -0.047049172222614274 -0.048026178032159805 -0.029432661831378937
v -0.048157878220081315 -0.05474696308374405 -0.015981076285243034
v -0.05162628367543219 -0.047894496470689774 -0.019362805411219597
v -0.048157878220081315 -0.05474696308374405 -0.015981076285243034
v -0.04917814582586287 -0.059515051543712616 -0.0020191986113786697
v -0.053570564836263636 -0.03799809515476227 -0.028929535299539566
v -0.05039403215050696 -0.041623350232839584 -0.03165636584162712
v -0.05162628367543219 -0.047894496470689774 -0.019362805411219597
v -0.05162628367543219 -0.047894496470689774 -0.019362805411219597
v -0.05039403215050696 -0.041623350232839584 -0.03165636584162712
v -0.05025556311011313 -0.04174714535474777 -0.03174848109483719
v -0.05162628367543219 -0.047894496470689774 -0.019362805411219597
v -0.05025556311011313 -0.04174714535474777 -0.03174848109483719
v -0.050177171826362596 -0.041817229241132736 -0.03180062770843506
v -0.0544559024274349 -0.04090339317917824 -0.022770313546061516
v -0.056391961872577646 -0.0342295877635479 -0.02607916109263897
v -0.054690539836883524 -0.036719910800457 -0.027968116104602814
v -0.05905257910490034 -0.0303353201597929 -0.023125289008021355
v -0.058394376188516596 -0.03733165189623833 -0.015267365612089634
v -0.05978351458907125 -0.028960103169083595 -0.022075092419981956
v -0.06055787205696104 -0.02750318869948387 -0.02096250280737877
v -0.060268688946962336 -0.029699906706809998 -0.019609516486525536
v -0.062184490263462046 -0.024442795664072037 -0.018625402823090553
v -0.062184490263462046 -0.024442795664072037 -0.018625402823090553
v -0.060268688946962336 -0.029699906706809998 -0.019609516486525536
v -0.06114911660552023 -0.030550293624401093 -0.014631449244916439
v -0.06477347016334531 -0.020903291180729866 -0.006443007383495569
v -0.06455266475677487 -0.01806006208062172 -0.01371719315648079
v -0.064151756465435 -0.022258389741182327 -0.010634229518473148
v -0.064151756465435 -0.022258389741182327 -0.010634229518473148
v -0.06455266475677487 -0.01806006208062172 -0.01371719315648079
v -0.0643508583307266 -0.0189221054315567 -0.014384131878614426
v -0.064151756465435 -0.022258389741182327 -0.010634229518473148
v -0.0643508583307266 -0.0189221054315567 -0.014384131878614426
v -0.06337220966815946 -0.022798337042331696 -0.0150119848549366
v -0.06337220966815946 -0.022798337042331696 -0.0150119848549366
v -0.0643508583307266 -0.0189221054315567 -0.014384131878614426
v -0.0634513199329376 -0.021214446052908897 -0.016145221889019012
v -0.06337220966815946 -0.022798337042331696 -0.0150119848549366
v -0.0634513199329376 -0.021214446052908897 -0.016145221889019012
v -0.06289911270141599 -0.022621670737862587 -0.0172263216227293
v -0.0653421729803085 -0.01569944992661476 0.000565381022170186
v -0.06581768393516538 -0.011663377285003662 -0.008760961703956127
v -0.06517737358808515 -0.018680529668927193 -0.002643174258992076
v -0.06517737358808515 -0.018680529668927193 -0.002643174258992076
v -0.06581768393516538 -0.011663377285003662 -0.008760961703956127
v -0.06571728736162183 -0.013085179962217808 -0.009868265129625797
v -0.06517737358808515 -0.018680529668927193 -0.002643174258992076
v -0.06571728736162183 -0.013085179962217808 -0.009868265129625797
v -0.06477347016334531 -0.020903291180729866 -0.006443007383495569
v -0.06477347016334531 -0.020903291180729866 -0.006443007383495569
v -0.06571728736162183 -0.013085179962217808 -0.009868265129625797
v -0.06529497355222699 -0.014889170415699482 -0.011263962835073471
v -0.06477347016334531 -0.020903291180729866 -0.006443007383495569
v -0.06529497355222699 -0.014889170415699482 -0.011263962835073471
v -0.06455266475677487 -0.01806006208062172 -0.01371719315648079
v -0.06506112217903134 -0.008318041451275349 0.005021777469664812
v -0.0659472048282623 -0.005411501973867416 -0.0038813482969999313
v -0.06529077142477033 -0.012177820317447186 0.0031050103716552258
v -0.06529077142477033 -0.012177820317447186 0.0031050103716552258
v -0.0659472048282623 -0.005411501973867416 -0.0038813482969999313
v -0.06610793620347974 -0.007552798371762037 -0.005559633485972881
v -0.06529077142477033 -0.012177820317447186 0.0031050103716552258
v -0.06610793620347974 -0.007552798371762037 -0.005559633485972881
v -0.0653421729803085 -0.01569944992661476 0.000565381022170186
v -0.0653421729803085 -0.01569944992661476 0.000565381022170186
v -0.06610793620347974 -0.007552798371762037 -0.005559633485972881
v -0.066042885184288 -0.008474012836813927 -0.006277077365666628
v -0.0653421729803085 -0.01569944992661476 0.000565381022170186
v -0.066042885184288 -0.008474012836813927 -0.006277077365666628
v -0.06581768393516538 -0.011663377285003662 -0.008760961703956127
v -0.0642164126038551 -0.00012623773363884538 0.007387286517769098
v -0.06566490978002545 -0.0016506100073456764 -0.0009336712537333369
v -0.06506112217903134 -0.008318041451275349 0.005021777469664812
v -0.06506112217903134 -0.008318041451275349 0.005021777469664812
v -0.06566490978002545 -0.0016506100073456764 -0.0009336712537333369
v -0.06572305411100385 -0.002425265498459339 -0.001540823490358889
v -0.06506112217903134 -0.008318041451275349 0.005021777469664812
v -0.06572305411100385 -0.002425265498459339 -0.001540823490358889
v -0.0659472048282623 -0.005411501973867416 -0.0038813482969999313
v -0.06274561583995816 0.009945882484316826 0.008223320357501507
v -0.06306751072406766 0.008913464844226837 0.007405942305922508
v -0.06304371356964109 0.008231572806835175 0.008409364148974419
v -0.06304371356964109 0.008231572806835175 0.008409364148974419
v -0.06306751072406766 0.008913464844226837 0.007405942305922508
v -0.064306765794754 0.004938848782330751 0.004259190056473017
v -0.06304371356964109 0.008231572806835175 0.008409364148974419
v -0.064306765794754 0.004938848782330751 0.004259190056473017
v -0.0642164126038551 -0.00012623773363884538 0.007387286517769098
v -0.0642164126038551 -0.00012623773363884538 0.007387286517769098
v -0.064306765794754 0.004938848782330751 0.004259190056473017
v -0.06464752554893491 0.0032855423633009195 0.0029562923591583967
v -0.0642164126038551 -0.00012623773363884538 0.007387286517769098
v -0.06464752554893491 0.0032855423633009195 0.0029562923591583967
v -0.06566490978002545 -0.0016506100073456764 -0.0009336712537333369
v -0.059506360441446284 0.018854226917028427 0.015291105024516582
v -0.06047466397285459 0.012317607179284096 0.016050035133957863
v -0.057389117777347544 0.02419355884194374 0.019532959908246994
v -0.057389117777347544 0.02419355884194374 0.019532959908246994
v -0.06047466397285459 0.012317607179284096 0.016050035133957863
v -0.058588769286870936 0.008310872130095959 0.023423144593834877
v -0.057389117777347544 0.02419355884194374 0.019532959908246994
v -0.058588769286870936 0.008310872130095959 0.023423144593834877
v -0.056331217288970926 0.026352012529969215 0.021254755556583405
v -0.0497550033032894 0.038102276623249054 0.03065330907702446
v -0.05311922729015348 0.03261072188615799 0.026251811534166336
v -0.05409634858369825 0.024212202057242393 0.02790829725563526
v -0.05409634858369825 0.024212202057242393 0.02790829725563526
v -0.05311922729015348 0.03261072188615799 0.026251811534166336
v -0.05384172871708868 0.03143135830760002 0.025306545197963715
v -0.03859532251954077 0.05015885457396507 0.041395917534828186
v -0.042159676551818834 0.047245100140571594 0.03804899379611015
v -0.03893461450934409 0.038318611681461334 0.04486189782619476
v -0.039416551589965806 0.021500466391444206 0.049785055220127106
v -0.03935342654585837 0.023703308776021004 0.04914022237062454
v -0.043940763920545564 0.01721031591296196 0.04631073400378227
v -0.046019688248634325 0.04293869808316231 0.034556176513433456
v -0.04789965599775313 0.019393960013985634 0.04046318307518959
v -0.045128140598535524 0.0440930612385273 0.035487715154886246
v -0.045128140598535524 0.0440930612385273 0.035487715154886246
v -0.04789965599775313 0.019393960013985634 0.04046318307518959
v -0.043940763920545564 0.01721031591296196 0.04631073400378227
v -0.045128140598535524 0.0440930612385273 0.035487715154886246
v -0.043940763920545564 0.01721031591296196 0.04631073400378227
v -0.042159676551818834 0.047245100140571594 0.03804899379611015
v -0.042159676551818834 0.047245100140571594 0.03804899379611015
v -0.043940763920545564 0.01721031591296196 0.04631073400378227
v -0.03935342654585837 0.023703308776021004 0.04914022237062454
v -0.042159676551818834 0.047245100140571594 0.03804899379611015
v -0.03935342654585837 0.023703308776021004 0.04914022237062454
v -0.03893461450934409 0.038318611681461334 0.04486189782619476
v -0.03985091671347617 -0.0069429390132427216 0.05651738867163658
v -0.039839345961809144 -0.005894027650356293 0.05630374327301979
v -0.04248372465372084 -0.007150199729949236 0.05419545620679855
v -0.04248372465372084 -0.007150199729949236 0.05419545620679855
v -0.039839345961809144 -0.005894027650356293 0.05630374327301979
v -0.039717931300401674 0.005112707614898682 0.05406185984611511
v -0.04248372465372084 -0.007150199729949236 0.05419545620679855
v -0.039717931300401674 0.005112707614898682 0.05406185984611511
v -0.041722476482391344 0.016200397163629532 0.0490914061665535
v -0.041722476482391344 0.016200397163629532 0.0490914061665535
v -0.039717931300401674 0.005112707614898682 0.05406185984611511
v -0.03964676335453986 0.008982403203845024 0.053051963448524475
v -0.041722476482391344 0.016200397163629532 0.0490914061665535
v -0.03964676335453986 0.008982403203845024 0.053051963448524475
v -0.03952980041503905 0.01534252054989338 0.05139213055372238
v -0.039923340082168565 -0.021439051255583763 0.05823661386966705
v -0.039922181516885744 -0.02099447138607502 0.05821099132299423
v -0.04277268424630164 -0.02008315548300743 0.05573494732379913
v -0.04277268424630164 -0.02008315548300743 0.05573494732379913
v -0.039922181516885744 -0.02099447138607502 0.05821099132299423
v -0.03991419076919554 -0.017931481823325157 0.058034464716911316
v -0.04277268424630164 -0.02008315548300743 0.05573494732379913
v -0.03991419076919554 -0.017931481823325157 0.058034464716911316
v -0.04248372465372084 -0.007150199729949236 0.05419545620679855
v -0.04248372465372084 -0.007150199729949236 0.05419545620679855
v -0.03991419076919554 -0.017931481823325157 0.058034464716911316
v -0.03985856845974921 -0.008271762169897556 0.05670084431767464
v -0.04248372465372084 -0.007150199729949236 0.05419545620679855
v -0.03985856845974921 -0.008271762169897556 0.05670084431767464
v -0.03985091671347617 -0.0069429390132427216 0.05651738867163658
v -0.039932012557983385 -0.036206845194101334 0.05832899361848831
v -0.039932910352945314 -0.03536175936460495 0.058359142392873764
v -0.04298172518610953 -0.03370029106736183 0.05579733848571777
v -0.04298172518610953 -0.03370029106736183 0.05579733848571777
v -0.039932910352945314 -0.03536175936460495 0.058359142392873764
v -0.039940103888511644 -0.028596220538020134 0.058600522577762604
v -0.04298172518610953 -0.03370029106736183 0.05579733848571777
v -0.039940103888511644 -0.028596220538020134 0.058600522577762604
v -0.039940655231475816 -0.028075680136680603 0.058619093149900436
v -0.04304948449134825 -0.040661122649908066 0.05495811998844147
v -0.039911013096570955 -0.04250014200806618 0.057476989924907684
v -0.04298172518610953 -0.03370029106736183 0.05579733848571777
v -0.04298172518610953 -0.03370029106736183 0.05579733848571777
v -0.039911013096570955 -0.04250014200806618 0.057476989924907684
v -0.03993144258856772 -0.03674200177192688 0.058309897780418396
v -0.04298172518610953 -0.03370029106736183 0.05579733848571777
v -0.03993144258856772 -0.03674200177192688 0.058309897780418396
v -0.039932012557983385 -0.036206845194101334 0.05832899361848831
v -0.03980310633778571 -0.057264797389507294 0.0527619831264019
v -0.03980981558561324 -0.056572895497083664 0.053059905767440796
v -0.043083433061838136 -0.0543147474527359 0.050600841641426086
v -0.043083433061838136 -0.0543147474527359 0.050600841641426086
v -0.03980981558561324 -0.056572895497083664 0.053059905767440796
v -0.03986117243766783 -0.05127684399485588 0.05534028261899948
v -0.043083433061838136 -0.0543147474527359 0.050600841641426086
v -0.03986117243766783 -0.05127684399485588 0.05534028261899948
v -0.04308604076504706 -0.047595731914043427 0.05329936370253563
v -0.04308604076504706 -0.047595731914043427 0.05329936370253563
v -0.03986117243766783 -0.05127684399485588 0.05534028261899948
v -0.03987158834934233 -0.04963203892111778 0.055790483951568604
v -0.04308604076504706 -0.047595731914043427 0.05329936370253563
v -0.03987158834934233 -0.04963203892111778 0.055790483951568604
v -0.04304948449134825 -0.040661122649908066 0.05495811998844147
v -0.04304948449134825 -0.040661122649908066 0.05495811998844147
v -0.03987158834934233 -0.04963203892111778 0.055790483951568604
v -0.03990371152758597 -0.044557832181453705 0.057179346680641174
v -0.04304948449134825 -0.040661122649908066 0.05495811998844147
v -0.03990371152758597 -0.044557832181453705 0.057179346680641174
v -0.03990658745169638 -0.04374716058373451 0.05729660764336586
v -0.043031990528106676 -0.06050698459148407 0.0466492585837841
v -0.039719354361295686 -0.0629551112651825 0.048990003764629364
v -0.03973756358027457 -0.06199425458908081 0.049818798899650574
v -0.043031990528106676 -0.06050698459148407 0.0466492585837841
v -0.03973756358027457 -0.06199425458908081 0.049818798899650574
v -0.043083433061838136 -0.0543147474527359 0.050600841641426086
v -0.043083433061838136 -0.0543147474527359 0.050600841641426086
v -0.03973756358027457 -0.06199425458908081 0.049818798899650574
v -0.03979232907295226 -0.05804235115647316 0.05227810516953468
v -0.043083433061838136 -0.0543147474527359 0.050600841641426086
v -0.03979232907295226 -0.05804235115647316 0.05227810516953468
v -0.03980310633778571 -0.057264797389507294 0.0527619831264019
v -0.04292356595396994 -0.06572963297367096 0.04133264347910881
v -0.039662346243858324 -0.06596356630325317 0.04639502614736557
v -0.043031990528106676 -0.06050698459148407 0.0466492585837841
v -0.043031990528106676 -0.06050698459148407 0.0466492585837841
v -0.039662346243858324 -0.06596356630325317 0.04639502614736557
v -0.03969514742493628 -0.06423263996839523 0.04788805544376373
v -0.043031990528106676 -0.06050698459148407 0.0466492585837841
v -0.03969514742493628 -0.06423263996839523 0.04788805544376373
v -0.039719354361295686 -0.0629551112651825 0.048990003764629364
v -0.03945186361670493 -0.07233601063489914 0.036824531853199005
v -0.03946062177419661 -0.07219371944665909 0.03723112866282463
v -0.042758252471685396 -0.06951554864645004 0.03478401154279709
v -0.042758252471685396 -0.06951554864645004 0.03478401154279709
v -0.03946062177419661 -0.07219371944665909 0.03723112866282463
v -0.03957320749759673 -0.06947748363018036 0.04211992397904396
v -0.042758252471685396 -0.06951554864645004 0.03478401154279709
v -0.03957320749759673 -0.06947748363018036 0.04211992397904396
v -0.04292356595396994 -0.06572963297367096 0.04133264347910881
v -0.04292356595396994 -0.06572963297367096 0.04133264347910881
v -0.03957320749759673 -0.06947748363018036 0.04211992397904396
v -0.03960211575031279 -0.06833792477846146 0.043506331741809845
v -0.04292356595396994 -0.06572963297367096 0.04133264347910881
v -0.03960211575031279 -0.06833792477846146 0.043506331741809845
v -0.039662346243858324 -0.06596356630325317 0.04639502614736557
v -0.04254854843020438 -0.07164307683706284 0.027403438463807106
v -0.039288744330406175 -0.07450775057077408 0.029217569157481194
v -0.042758252471685396 -0.06951554864645004 0.03478401154279709
v -0.042758252471685396 -0.06951554864645004 0.03478401154279709
v -0.039288744330406175 -0.07450775057077408 0.029217569157481194
v -0.039354987442493425 -0.07391031086444855 0.03232609108090401
v -0.042758252471685396 -0.06951554864645004 0.03478401154279709
v -0.039354987442493425 -0.07391031086444855 0.03232609108090401
v -0.039424061775207506 -0.07278779149055481 0.0355335958302021
v -0.039106708019971834 -0.0751977488398552 0.020611969754099846
v -0.03912297263741492 -0.07524826377630234 0.021402830258011818
v -0.04231231659650801 -0.07224512100219727 0.01962948776781559
v -0.04231231659650801 -0.07224512100219727 0.01962948776781559
v -0.03912297263741492 -0.07524826377630234 0.021402830258011818
v -0.039244323968887315 -0.07490839809179306 0.027132997289299965
v -0.04231231659650801 -0.07224512100219727 0.01962948776781559
v -0.039244323968887315 -0.07490839809179306 0.027132997289299965
v -0.04254854843020438 -0.07164307683706284 0.027403438463807106
v -0.04254854843020438 -0.07164307683706284 0.027403438463807106
v -0.039244323968887315 -0.07490839809179306 0.027132997289299965
v -0.03926683217287062 -0.07470536977052689 0.028189335018396378
v -0.04254854843020438 -0.07164307683706284 0.027403438463807106
v -0.03926683217287062 -0.07470536977052689 0.028189335018396378
v -0.039288744330406175 -0.07450775057077408 0.029217569157481194
v -0.039106708019971834 -0.0751977488398552 0.020611969754099846
v -0.04231231659650801 -0.07224512100219727 0.01962948776781559
v -0.03897871449589728 -0.0748002827167511 0.014389345422387123
v -0.03897871449589728 -0.0748002827167511 0.014389345422387123
v -0.04231231659650801 -0.07224512100219727 0.01962948776781559
v -0.04206199944019316 -0.07161693274974823 0.011747126467525959
v -0.03897871449589728 -0.0748002827167511 0.014389345422387123
v -0.04206199944019316 -0.07161693274974823 0.011747126467525959
v -0.03895450010895728 -0.07457099109888077 0.01314209308475256
v -0.03879931941628455 -0.0729912742972374 0.0050805117934942245
v -0.038807924836873994 -0.07313138991594315 0.005559997633099556
v -0.04180429875850676 -0.07003199309110641 0.003895458532497287
v -0.04180429875850676 -0.07003199309110641 0.003895458532497287
v -0.038807924836873994 -0.07313138991594315 0.005559997633099556
v -0.03881549835205077 -0.07325468212366104 0.005981889553368092
v -0.04180429875850676 -0.07003199309110641 0.003895458532497287
v -0.03881549835205077 -0.07325468212366104 0.005981889553368092
v -0.04206199944019316 -0.07161693274974823 0.011747126467525959
v -0.04206199944019316 -0.07161693274974823 0.011747126467525959
v -0.03881549835205077 -0.07325468212366104 0.005981889553368092
v -0.03895246237516402 -0.07455167174339294 0.013036994263529778
v -0.04206199944019316 -0.07161693274974823 0.011747126467525959
v -0.03895246237516402 -0.07455167174339294 0.013036994263529778
v -0.03895450010895728 -0.07457099109888077 0.01314209308475256
v -0.041279505938291536 -0.06472038477659225 -0.01149923074990511
v -0.038553781807422624 -0.06830143928527832 -0.008870619349181652
v -0.04180429875850676 -0.07003199309110641 0.003895458532497287
v -0.04180429875850676 -0.07003199309110641 0.003895458532497287
v -0.038553781807422624 -0.06830143928527832 -0.008870619349181652
v -0.03866498917341231 -0.07080413401126862 -0.002403796184808016
v -0.04180429875850676 -0.07003199309110641 0.003895458532497287
v -0.03866498917341231 -0.07080413401126862 -0.002403796184808016
v -0.03879931941628455 -0.0729912742972374 0.0050805117934942245
v -0.038289025425910936 -0.0598021037876606 -0.025760773569345474
v -0.03833433240652083 -0.0616837777197361 -0.02256866917014122
v -0.04075125232338904 -0.0572081096470356 -0.026305491104722023
v -0.04075125232338904 -0.0572081096470356 -0.026305491104722023
v -0.03833433240652083 -0.0616837777197361 -0.02256866917014122
v -0.038356747478246675 -0.0626145750284195 -0.02098965086042881
v -0.04075125232338904 -0.0572081096470356 -0.026305491104722023
v -0.038356747478246675 -0.0626145750284195 -0.02098965086042881
v -0.041279505938291536 -0.06472038477659225 -0.01149923074990511
v -0.041279505938291536 -0.06472038477659225 -0.01149923074990511
v -0.038356747478246675 -0.0626145750284195 -0.02098965086042881
v -0.03851930797100066 -0.06752561032772064 -0.0108753377571702
v -0.041279505938291536 -0.06472038477659225 -0.01149923074990511
v -0.03851930797100066 -0.06752561032772064 -0.0108753377571702
v -0.038553781807422624 -0.06830143928527832 -0.008870619349181652
v -0.06055787205696104 -0.02750318869948387 -0.02096250280737877
v -0.05978351458907125 -0.028960103169083595 -0.022075092419981956
v -0.060268688946962336 -0.029699906706809998 -0.019609516486525536
v -0.060268688946962336 -0.029699906706809998 -0.019609516486525536
v -0.05978351458907125 -0.028960103169083595 -0.022075092419981956
v -0.058394376188516596 -0.03733165189623833 -0.015267365612089634
v -0.060268688946962336 -0.029699906706809998 -0.019609516486525536
v -0.058394376188516596 -0.03733165189623833 -0.015267365612089634
v -0.06114911660552023 -0.030550293624401093 -0.014631449244916439
v -0.06114911660552023 -0.030550293624401093 -0.014631449244916439
v -0.058394376188516596 -0.03733165189623833 -0.015267365612089634
v -0.05661800503730772 -0.046016842126846313 -0.004796091467142105
v -0.06114911660552023 -0.030550293624401093 -0.014631449244916439
v -0.05661800503730772 -0.046016842126846313 -0.004796091467142105
v -0.061960987746715525 -0.03079891949892044 -0.009642474353313446
v -0.061960987746715525 -0.03079891949892044 -0.009642474353313446
v -0.05661800503730772 -0.046016842126846313 -0.004796091467142105
v -0.0572489835321903 -0.04644704610109329 0.001281019183807075
v -0.061960987746715525 -0.03079891949892044 -0.009642474353313446
v -0.0572489835321903 -0.04644704610109329 0.001281019183807075
v -0.0626745596528053 -0.030289988964796066 -0.004716759547591209
v -0.0626745596528053 -0.030289988964796066 -0.004716759547591209
v -0.0572489835321903 -0.04644704610109329 0.001281019183807075
v -0.05780416727066038 -0.04595213755965233 0.007276787888258696
v -0.0626745596528053 -0.030289988964796066 -0.004716759547591209
v -0.05780416727066038 -0.04595213755965233 0.007276787888258696
v -0.06324329227209088 -0.028859935700893402 -7.662376447115093e-06
v -0.06324329227209088 -0.028859935700893402 -7.662376447115093e-06
v -0.05780416727066038 -0.04595213755965233 0.007276787888258696
v -0.05824606865644453 -0.044321127235889435 0.012992242351174355
v -0.06324329227209088 -0.028859935700893402 -7.662376447115093e-06
v -0.05824606865644453 -0.044321127235889435 0.012992242351174355
v -0.06361000239849088 -0.026444120332598686 0.0042465971782803535
v -0.06361000239849088 -0.026444120332598686 0.0042465971782803535
v -0.05824606865644453 -0.044321127235889435 0.012992242351174355
v -0.05852739140391348 -0.04146478697657585 0.018119970336556435
v -0.06361000239849088 -0.026444120332598686 0.0042465971782803535
v -0.05852739140391348 -0.04146478697657585 0.018119970336556435
v -0.06375487148761746 -0.023165900260210037 0.007816179655492306
v -0.06375487148761746 -0.023165900260210037 0.007816179655492306
v -0.05852739140391348 -0.04146478697657585 0.018119970336556435
v -0.0586314797401428 -0.037538014352321625 0.022369666025042534
v -0.06375487148761746 -0.023165900260210037 0.007816179655492306
v -0.0586314797401428 -0.037538014352321625 0.022369666025042534
v -0.06370143592357633 -0.01927533559501171 0.010613176971673965
v -0.06370143592357633 -0.01927533559501171 0.010613176971673965
v -0.0586314797401428 -0.037538014352321625 0.022369666025042534
v -0.058578889816999415 -0.03286200761795044 0.025635166093707085
v -0.06370143592357633 -0.01927533559501171 0.010613176971673965
v -0.058578889816999415 -0.03286200761795044 0.025635166093707085
v -0.06348816305398938 -0.01500567328184843 0.012691018171608448
v -0.058578889816999415 -0.03286200761795044 0.025635166093707085
v -0.05840386450290678 -0.02773834578692913 0.027987997978925705
v -0.06348816305398938 -0.01500567328184843 0.012691018171608448
v -0.06348816305398938 -0.01500567328184843 0.012691018171608448
v -0.05840386450290678 -0.02773834578692913 0.027987997978925705
v -0.05813765898346899 -0.022386036813259125 0.029576444998383522
v -0.06348816305398938 -0.01500567328184843 0.012691018171608448
v -0.05813765898346899 -0.022386036813259125 0.029576444998383522
v -0.06272461265325543 -0.005953304935246706 0.01515356358140707
v -0.06272461265325543 -0.005953304935246706 0.01515356358140707
v -0.05813765898346899 -0.022386036813259125 0.029576444998383522
v -0.05780499801039694 -0.01694423332810402 0.03055543079972267
v -0.06272461265325543 -0.005953304935246706 0.01515356358140707
v -0.05780499801039694 -0.01694423332810402 0.03055543079972267
v -0.061681095510721186 0.003250638721510768 0.016072534024715424
v -0.061681095510721186 0.003250638721510768 0.016072534024715424
v -0.05780499801039694 -0.01694423332810402 0.03055543079972267
v -0.057006023824214914 -0.00608717231079936 0.031192636117339134
v -0.061681095510721186 0.003250638721510768 0.016072534024715424
v -0.057006023824214914 -0.00608717231079936 0.031192636117339134
v -0.05609083920717237 0.0044882046058773994 0.03067305125296116
v -0.059506360441446284 0.018854226917028427 0.015291105024516582
v -0.06117861717939375 0.014637072570621967 0.011940767988562584
v -0.06047466397285459 0.012317607179284096 0.016050035133957863
v -0.06047466397285459 0.012317607179284096 0.016050035133957863
v -0.06117861717939375 0.014637072570621967 0.011940767988562584
v -0.061681095510721186 0.003250638721510768 0.016072534024715424
v -0.06047466397285459 0.012317607179284096 0.016050035133957863
v -0.061681095510721186 0.003250638721510768 0.016072534024715424
v -0.058588769286870936 0.008310872130095959 0.023423144593834877
v -0.058588769286870936 0.008310872130095959 0.023423144593834877
v -0.061681095510721186 0.003250638721510768 0.016072534024715424
v -0.05609083920717237 0.0044882046058773994 0.03067305125296116
v -0.058588769286870936 0.008310872130095959 0.023423144593834877
v -0.05609083920717237 0.0044882046058773994 0.03067305125296116
v -0.056331217288970926 0.026352012529969215 0.021254755556583405
v -0.056331217288970926 0.026352012529969215 0.021254755556583405
v -0.05609083920717237 0.0044882046058773994 0.03067305125296116
v -0.05409634858369825 0.024212202057242393 0.02790829725563526
v -0.056331217288970926 0.026352012529969215 0.021254755556583405
v -0.05409634858369825 0.024212202057242393 0.02790829725563526
v -0.05614407733082769 0.02673383802175522 0.02155933901667595
v -0.05614407733082769 0.02673383802175522 0.02155933901667595
v -0.05409634858369825 0.024212202057242393 0.02790829725563526
v -0.05384172871708868 0.03143135830760002 0.025306545197963715
v -0.06117861717939375 0.014637072570621967 0.011940767988562584
v -0.0616667717695236 0.013406031765043736 0.010962762869894505
v -0.061681095510721186 0.003250638721510768 0.016072534024715424
v -0.061681095510721186 0.003250638721510768 0.016072534024715424
v -0.0616667717695236 0.013406031765043736 0.010962762869894505
v -0.06304371356964109 0.008231572806835175 0.008409364148974419
v -0.061681095510721186 0.003250638721510768 0.016072534024715424
v -0.06304371356964109 0.008231572806835175 0.008409364148974419
v -0.06272461265325543 -0.005953304935246706 0.01515356358140707
v -0.06272461265325543 -0.005953304935246706 0.01515356358140707
v -0.06304371356964109 0.008231572806835175 0.008409364148974419
v -0.0642164126038551 -0.00012623773363884538 0.007387286517769098
v -0.06272461265325543 -0.005953304935246706 0.01515356358140707
v -0.0642164126038551 -0.00012623773363884538 0.007387286517769098
v -0.06348816305398938 -0.01500567328184843 0.012691018171608448
v -0.06348816305398938 -0.01500567328184843 0.012691018171608448
v -0.0642164126038551 -0.00012623773363884538 0.007387286517769098
v -0.06506112217903134 -0.008318041451275349 0.005021777469664812
v -0.06348816305398938 -0.01500567328184843 0.012691018171608448
v -0.06506112217903134 -0.008318041451275349 0.005021777469664812
v -0.06370143592357633 -0.01927533559501171 0.010613176971673965
v -0.06370143592357633 -0.01927533559501171 0.010613176971673965
v -0.06506112217903134 -0.008318041451275349 0.005021777469664812
v -0.06529077142477033 -0.012177820317447186 0.0031050103716552258
v -0.06370143592357633 -0.01927533559501171 0.010613176971673965
v -0.06529077142477033 -0.012177820317447186 0.0031050103716552258
v -0.06375487148761746 -0.023165900260210037 0.007816179655492306
v -0.06375487148761746 -0.023165900260210037 0.007816179655492306
v -0.06529077142477033 -0.012177820317447186 0.0031050103716552258
v -0.0653421729803085 -0.01569944992661476 0.000565381022170186
v -0.06375487148761746 -0.023165900260210037 0.007816179655492306
v -0.0653421729803085 -0.01569944992661476 0.000565381022170186
v -0.06361000239849088 -0.026444120332598686 0.0042465971782803535
v -0.06361000239849088 -0.026444120332598686 0.0042465971782803535
v -0.0653421729803085 -0.01569944992661476 0.000565381022170186
v -0.06517737358808515 -0.018680529668927193 -0.002643174258992076
v -0.06361000239849088 -0.026444120332598686 0.0042465971782803535
v -0.06517737358808515 -0.018680529668927193 -0.002643174258992076
v -0.06324329227209088 -0.028859935700893402 -7.662376447115093e-06
v -0.06324329227209088 -0.028859935700893402 -7.662376447115093e-06
v -0.06517737358808515 -0.018680529668927193 -0.002643174258992076
v -0.06477347016334531 -0.020903291180729866 -0.006443007383495569
v -0.06324329227209088 -0.028859935700893402 -7.662376447115093e-06
v -0.06477347016334531 -0.020903291180729866 -0.006443007383495569
v -0.0626745596528053 -0.030289988964796066 -0.004716759547591209
v -0.0626745596528053 -0.030289988964796066 -0.004716759547591209
v -0.06477347016334531 -0.020903291180729866 -0.006443007383495569
v -0.064151756465435 -0.022258389741182327 -0.010634229518473148
v -0.0626745596528053 -0.030289988964796066 -0.004716759547591209
v -0.064151756465435 -0.022258389741182327 -0.010634229518473148
v -0.061960987746715525 -0.03079891949892044 -0.009642474353313446
v -0.061960987746715525 -0.03079891949892044 -0.009642474353313446
v -0.064151756465435 -0.022258389741182327 -0.010634229518473148
v -0.06337220966815946 -0.022798337042331696 -0.0150119848549366
v -0.061960987746715525 -0.03079891949892044 -0.009642474353313446
v -0.06337220966815946 -0.022798337042331696 -0.0150119848549366
v -0.06114911660552023 -0.030550293624401093 -0.014631449244916439
v -0.06114911660552023 -0.030550293624401093 -0.014631449244916439
v -0.06337220966815946 -0.022798337042331696 -0.0150119848549366
v -0.062253620475530604 -0.024266626685857773 -0.018490059301257133
v -0.06114911660552023 -0.030550293624401093 -0.014631449244916439
v -0.062253620475530604 -0.024266626685857773 -0.018490059301257133
v -0.062184490263462046 -0.024442795664072037 -0.018625402823090553
v -0.04583128169178961 -0.03160235285758972 0.05252647399902344
v -0.04277268424630164 -0.02008315548300743 0.05573494732379913
v -0.04547023773193358 -0.018359171226620674 0.052546706050634384
v -0.04547023773193358 -0.018359171226620674 0.052546706050634384
v -0.04277268424630164 -0.02008315548300743 0.05573494732379913
v -0.04248372465372084 -0.007150199729949236 0.05419545620679855
v -0.04547023773193358 -0.018359171226620674 0.052546706050634384
v -0.04248372465372084 -0.007150199729949236 0.05419545620679855
v -0.04501937702298163 -0.005725583527237177 0.051130764186382294
v -0.04501937702298163 -0.005725583527237177 0.051130764186382294
v -0.04248372465372084 -0.007150199729949236 0.05419545620679855
v -0.041722476482391344 0.016200397163629532 0.0490914061665535
v -0.04250128939747809 -0.04818378761410713 -0.036519601941108704
v -0.0402734875679016 -0.04975230619311333 -0.037671033293008804
v -0.043106399476528154 -0.05418611690402031 -0.027208717539906502
v -0.043106399476528154 -0.05418611690402031 -0.027208717539906502
v -0.0402734875679016 -0.04975230619311333 -0.037671033293008804
v -0.04075125232338904 -0.0572081096470356 -0.026305491104722023
v -0.043106399476528154 -0.05418611690402031 -0.027208717539906502
v -0.04075125232338904 -0.0572081096470356 -0.026305491104722023
v -0.04387319460511206 -0.061443086713552475 -0.012821507640182972
v -0.04387319460511206 -0.061443086713552475 -0.012821507640182972
v -0.04075125232338904 -0.0572081096470356 -0.026305491104722023
v -0.041279505938291536 -0.06472038477659225 -0.01149923074990511
v -0.04387319460511206 -0.061443086713552475 -0.012821507640182972
v -0.041279505938291536 -0.06472038477659225 -0.01149923074990511
v -0.04459811374545096 -0.06658925861120224 0.0021155287977308035
v -0.04459811374545096 -0.06658925861120224 0.0021155287977308035
v -0.041279505938291536 -0.06472038477659225 -0.01149923074990511
v -0.04180429875850676 -0.07003199309110641 0.003895458532497287
v -0.04459811374545096 -0.06658925861120224 0.0021155287977308035
v -0.04180429875850676 -0.07003199309110641 0.003895458532497287
v -0.0449412129819393 -0.06813044100999832 0.009724082425236702
v -0.0449412129819393 -0.06813044100999832 0.009724082425236702
v -0.04180429875850676 -0.07003199309110641 0.003895458532497287
v -0.04206199944019316 -0.07161693274974823 0.011747126467525959
v -0.0449412129819393 -0.06813044100999832 0.009724082425236702
v -0.04206199944019316 -0.07161693274974823 0.011747126467525959
v -0.045265126973390565 -0.06874919682741165 0.017356738448143005
v -0.045265126973390565 -0.06874919682741165 0.017356738448143005
v -0.04206199944019316 -0.07161693274974823 0.011747126467525959
v -0.04231231659650801 -0.07224512100219727 0.01962948776781559
v -0.045265126973390565 -0.06874919682741165 0.017356738448143005
v -0.04231231659650801 -0.07224512100219727 0.01962948776781559
v -0.04556031152606009 -0.06818215548992157 0.02488098107278347
v -0.04556031152606009 -0.06818215548992157 0.02488098107278347
v -0.04231231659650801 -0.07224512100219727 0.01962948776781559
v -0.04254854843020438 -0.07164307683706284 0.027403438463807106
v -0.04556031152606009 -0.06818215548992157 0.02488098107278347
v -0.04254854843020438 -0.07164307683706284 0.027403438463807106
v -0.045809794217348085 -0.06614574790000916 0.032025035470724106
v -0.045809794217348085 -0.06614574790000916 0.032025035470724106
v -0.04254854843020438 -0.07164307683706284 0.027403438463807106
v -0.042758252471685396 -0.06951554864645004 0.03478401154279709
v -0.045809794217348085 -0.06614574790000916 0.032025035470724106
v -0.042758252471685396 -0.06951554864645004 0.03478401154279709
v -0.04599034041166304 -0.06251288205385208 0.03837030380964279
v -0.04599034041166304 -0.06251288205385208 0.03837030380964279
v -0.042758252471685396 -0.06951554864645004 0.03478401154279709
v -0.04292356595396994 -0.06572963297367096 0.04133264347910881
v -0.04599034041166304 -0.06251288205385208 0.03837030380964279
v -0.04292356595396994 -0.06572963297367096 0.04133264347910881
v -0.04608872160315512 -0.057494331151247025 0.04353313148021698
v -0.04608872160315512 -0.057494331151247025 0.04353313148021698
v -0.04292356595396994 -0.06572963297367096 0.04133264347910881
v -0.043031990528106676 -0.06050698459148407 0.0466492585837841
v -0.04608872160315512 -0.057494331151247025 0.04353313148021698
v -0.043031990528106676 -0.06050698459148407 0.0466492585837841
v -0.046108767390251146 -0.05153423547744751 0.04738437384366989
v -0.046108767390251146 -0.05153423547744751 0.04738437384366989
v -0.043031990528106676 -0.06050698459148407 0.0466492585837841
v -0.043083433061838136 -0.0543147474527359 0.050600841641426086
v -0.046108767390251146 -0.05153423547744751 0.04738437384366989
v -0.043083433061838136 -0.0543147474527359 0.050600841641426086
v -0.04606362804770468 -0.04505313187837601 0.050029970705509186
v -0.04606362804770468 -0.04505313187837601 0.050029970705509186
v -0.043083433061838136 -0.0543147474527359 0.050600841641426086
v -0.04308604076504706 -0.047595731914043427 0.05329936370253563
v -0.04606362804770468 -0.04505313187837601 0.050029970705509186
v -0.04308604076504706 -0.047595731914043427 0.05329936370253563
v -0.04596730694174765 -0.038348354399204254 0.051673732697963715
v -0.04596730694174765 -0.038348354399204254 0.051673732697963715
v -0.04308604076504706 -0.047595731914043427 0.05329936370253563
v -0.04304948449134825 -0.040661122649908066 0.05495811998844147
v -0.04596730694174765 -0.038348354399204254 0.051673732697963715
v -0.04304948449134825 -0.040661122649908066 0.05495811998844147
v -0.04583128169178961 -0.03160235285758972 0.05252647399902344
v -0.04583128169178961 -0.03160235285758972 0.05252647399902344
v -0.04304948449134825 -0.040661122649908066 0.05495811998844147
v -0.04298172518610953 -0.03370029106736183 0.05579733848571777
v -0.04583128169178961 -0.03160235285758972 0.05252647399902344
v -0.04298172518610953 -0.03370029106736183 0.05579733848571777
v -0.04277268424630164 -0.02008315548300743 0.05573494732379913
v -0.04277268424630164 -0.02008315548300743 0.05573494732379913
v -0.04298172518610953 -0.03370029106736183 0.05579733848571777
v -0.039940655231475816 -0.028075680136680603 0.058619093149900436
v -0.04277268424630164 -0.02008315548300743 0.05573494732379913
v -0.039940655231475816 -0.028075680136680603 0.058619093149900436
v -0.039923340082168565 -0.021439051255583763 0.05823661386966705
v -0.054690539836883524 -0.036719910800457 -0.027968116104602814
v -0.053570564836263636 -0.03799809515476227 -0.028929535299539566
v -0.0544559024274349 -0.04090339317917824 -0.022770313546061516
v -0.0544559024274349 -0.04090339317917824 -0.022770313546061516
v -0.053570564836263636 -0.03799809515476227 -0.028929535299539566
v -0.05162628367543219 -0.047894496470689774 -0.019362805411219597
v -0.0544559024274349 -0.04090339317917824 -0.022770313546061516
v -0.05162628367543219 -0.047894496470689774 -0.019362805411219597
v -0.052884552627801874 -0.05226247385144234 -0.00641436455771327
v -0.052884552627801874 -0.05226247385144234 -0.00641436455771327
v -0.05162628367543219 -0.047894496470689774 -0.019362805411219597
v -0.04917814582586287 -0.059515051543712616 -0.0020191986113786697
v -0.052884552627801874 -0.05226247385144234 -0.00641436455771327
v -0.04917814582586287 -0.059515051543712616 -0.0020191986113786697
v -0.04965126141905783 -0.060940489172935486 0.00508642103523016
v -0.03952980041503905 0.01534252054989338 0.05139213055372238
v -0.039416551589965806 0.021500466391444206 0.049785055220127106
v -0.041722476482391344 0.016200397163629532 0.0490914061665535
v -0.041722476482391344 0.016200397163629532 0.0490914061665535
v -0.039416551589965806 0.021500466391444206 0.049785055220127106
v -0.043940763920545564 0.01721031591296196 0.04631073400378227
v -0.041722476482391344 0.016200397163629532 0.0490914061665535
v -0.043940763920545564 0.01721031591296196 0.04631073400378227
v -0.04501937702298163 -0.005725583527237177 0.051130764186382294
v -0.04501937702298163 -0.005725583527237177 0.051130764186382294
v -0.043940763920545564 0.01721031591296196 0.04631073400378227
v -0.049364533275365816 -0.00256711314432323 0.04460325464606285
v -0.04501937702298163 -0.005725583527237177 0.051130764186382294
v -0.049364533275365816 -0.00256711314432323 0.04460325464606285
v -0.04547023773193358 -0.018359171226620674 0.052546706050634384
v -0.04547023773193358 -0.018359171226620674 0.052546706050634384
v -0.049364533275365816 -0.00256711314432323 0.04460325464606285
v -0.050015065819025026 -0.01454804465174675 0.04571607708930969
v -0.04547023773193358 -0.018359171226620674 0.052546706050634384
v -0.050015065819025026 -0.01454804465174675 0.04571607708930969
v -0.04583128169178961 -0.03160235285758972 0.05252647399902344
v -0.04583128169178961 -0.03160235285758972 0.05252647399902344
v -0.050015065819025026 -0.01454804465174675 0.04571607708930969
v -0.05056810006499289 -0.027012361213564873 0.045480139553546906
v -0.04583128169178961 -0.03160235285758972 0.05252647399902344
v -0.05056810006499289 -0.027012361213564873 0.045480139553546906
v -0.04596730694174765 -0.038348354399204254 0.051673732697963715
v -0.04596730694174765 -0.038348354399204254 0.051673732697963715
v -0.05056810006499289 -0.027012361213564873 0.045480139553546906
v -0.050792299211025224 -0.033324096351861954 0.044578250497579575
v -0.04596730694174765 -0.038348354399204254 0.051673732697963715
v -0.050792299211025224 -0.033324096351861954 0.044578250497579575
v -0.04606362804770468 -0.04505313187837601 0.050029970705509186
v -0.04606362804770468 -0.04505313187837601 0.050029970705509186
v -0.050792299211025224 -0.033324096351861954 0.044578250497579575
v -0.05096682161092757 -0.03957284241914749 0.042944807559251785
v -0.04606362804770468 -0.04505313187837601 0.050029970705509186
v -0.05096682161092757 -0.03957284241914749 0.042944807559251785
v -0.046108767390251146 -0.05153423547744751 0.04738437384366989
v -0.046108767390251146 -0.05153423547744751 0.04738437384366989
v -0.05096682161092757 -0.03957284241914749 0.042944807559251785
v -0.051074847579002366 -0.04559050500392914 0.04038800671696663
v -0.046108767390251146 -0.05153423547744751 0.04738437384366989
v -0.051074847579002366 -0.04559050500392914 0.04038800671696663
v -0.04608872160315512 -0.057494331151247025 0.04353313148021698
v -0.04608872160315512 -0.057494331151247025 0.04353313148021698
v -0.051074847579002366 -0.04559050500392914 0.04038800671696663
v -0.05109525099396704 -0.0511067770421505 0.03672308847308159
v -0.04608872160315512 -0.057494331151247025 0.04353313148021698
v -0.05109525099396704 -0.0511067770421505 0.03672308847308159
v -0.04599034041166304 -0.06251288205385208 0.03837030380964279
v -0.04599034041166304 -0.06251288205385208 0.03837030380964279
v -0.05109525099396704 -0.0511067770421505 0.03672308847308159
v -0.051005970686674104 -0.05574316903948784 0.031856268644332886
v -0.04599034041166304 -0.06251288205385208 0.03837030380964279
v -0.051005970686674104 -0.05574316903948784 0.031856268644332886
v -0.045809794217348085 -0.06614574790000916 0.032025035470724106
v -0.045809794217348085 -0.06614574790000916 0.032025035470724106
v -0.051005970686674104 -0.05574316903948784 0.031856268644332886
v -0.050796076655387865 -0.059098899364471436 0.025909319519996643
v -0.045809794217348085 -0.06614574790000916 0.032025035470724106
v -0.050796076655387865 -0.059098899364471436 0.025909319519996643
v -0.04556031152606009 -0.06818215548992157 0.02488098107278347
v -0.04556031152606009 -0.06818215548992157 0.02488098107278347
v -0.050796076655387865 -0.059098899364471436 0.025909319519996643
v -0.05047988519072531 -0.06098318472504616 0.019234130159020424
v -0.04556031152606009 -0.06818215548992157 0.02488098107278347
v -0.05047988519072531 -0.06098318472504616 0.019234130159020424
v -0.045265126973390565 -0.06874919682741165 0.017356738448143005
v -0.045265126973390565 -0.06874919682741165 0.017356738448143005
v -0.05047988519072531 -0.06098318472504616 0.019234130159020424
v -0.05008999630808829 -0.06151057779788971 0.012210954912006855
v -0.045265126973390565 -0.06874919682741165 0.017356738448143005
v -0.05008999630808829 -0.06151057779788971 0.012210954912006855
v -0.0449412129819393 -0.06813044100999832 0.009724082425236702
v -0.0449412129819393 -0.06813044100999832 0.009724082425236702
v -0.05008999630808829 -0.06151057779788971 0.012210954912006855
v -0.04965126141905783 -0.060940489172935486 0.00508642103523016
v -0.0449412129819393 -0.06813044100999832 0.009724082425236702
v -0.04965126141905783 -0.060940489172935486 0.00508642103523016
v -0.04459811374545096 -0.06658925861120224 0.0021155287977308035
v -0.04459811374545096 -0.06658925861120224 0.0021155287977308035
v -0.04965126141905783 -0.060940489172935486 0.00508642103523016
v -0.04917814582586287 -0.059515051543712616 -0.0020191986113786697
v -0.04459811374545096 -0.06658925861120224 0.0021155287977308035
v -0.04917814582586287 -0.059515051543712616 -0.0020191986113786697
v -0.04387319460511206 -0.061443086713552475 -0.012821507640182972
v -0.04387319460511206 -0.061443086713552475 -0.012821507640182972
v -0.04917814582586287 -0.059515051543712616 -0.0020191986113786697
v -0.048157878220081315 -0.05474696308374405 -0.015981076285243034
v -0.04387319460511206 -0.061443086713552475 -0.012821507640182972
v -0.048157878220081315 -0.05474696308374405 -0.015981076285243034
v -0.043106399476528154 -0.05418611690402031 -0.027208717539906502
v -0.043106399476528154 -0.05418611690402031 -0.027208717539906502
v -0.048157878220081315 -0.05474696308374405 -0.015981076285243034
v -0.047049172222614274 -0.048026178032159805 -0.029432661831378937
v -0.043106399476528154 -0.05418611690402031 -0.027208717539906502
v -0.047049172222614274 -0.048026178032159805 -0.029432661831378937
v -0.0465557351708412 -0.04505489021539688 -0.03420978784561157
v -0.0465557351708412 -0.04505489021539688 -0.03420978784561157
v -0.047049172222614274 -0.048026178032159805 -0.029432661831378937
v -0.050177171826362596 -0.041817229241132736 -0.03180062770843506
v -0.046019688248634325 0.04293869808316231 0.034556176513433456
v -0.0497550033032894 0.038102276623249054 0.03065330907702446
v -0.04789965599775313 0.019393960013985634 0.04046318307518959
v -0.04789965599775313 0.019393960013985634 0.04046318307518959
v -0.0497550033032894 0.038102276623249054 0.03065330907702446
v -0.05409634858369825 0.024212202057242393 0.02790829725563526
v -0.04789965599775313 0.019393960013985634 0.04046318307518959
v -0.05409634858369825 0.024212202057242393 0.02790829725563526
v -0.049364533275365816 -0.00256711314432323 0.04460325464606285
v -0.049364533275365816 -0.00256711314432323 0.04460325464606285
v -0.05409634858369825 0.024212202057242393 0.02790829725563526
v -0.05609083920717237 0.0044882046058773994 0.03067305125296116
v -0.049364533275365816 -0.00256711314432323 0.04460325464606285
v -0.05609083920717237 0.0044882046058773994 0.03067305125296116
v -0.050015065819025026 -0.01454804465174675 0.04571607708930969
v -0.050015065819025026 -0.01454804465174675 0.04571607708930969
v -0.05609083920717237 0.0044882046058773994 0.03067305125296116
v -0.057006023824214914 -0.00608717231079936 0.031192636117339134
v -0.050015065819025026 -0.01454804465174675 0.04571607708930969
v -0.057006023824214914 -0.00608717231079936 0.031192636117339134
v -0.05056810006499289 -0.027012361213564873 0.045480139553546906
v -0.05056810006499289 -0.027012361213564873 0.045480139553546906
v -0.057006023824214914 -0.00608717231079936 0.031192636117339134
v -0.05780499801039694 -0.01694423332810402 0.03055543079972267
v -0.05056810006499289 -0.027012361213564873 0.045480139553546906
v -0.05780499801039694 -0.01694423332810402 0.03055543079972267
v -0.050792299211025224 -0.033324096351861954 0.044578250497579575
v -0.050792299211025224 -0.033324096351861954 0.044578250497579575
v -0.05780499801039694 -0.01694423332810402 0.03055543079972267
v -0.05813765898346899 -0.022386036813259125 0.029576444998383522
v -0.050792299211025224 -0.033324096351861954 0.044578250497579575
v -0.05813765898346899 -0.022386036813259125 0.029576444998383522
v -0.05096682161092757 -0.03957284241914749 0.042944807559251785
v -0.05096682161092757 -0.03957284241914749 0.042944807559251785
v -0.05813765898346899 -0.022386036813259125 0.029576444998383522
v -0.05840386450290678 -0.02773834578692913 0.027987997978925705
v -0.05096682161092757 -0.03957284241914749 0.042944807559251785
v -0.05840386450290678 -0.02773834578692913 0.027987997978925705
v -0.051074847579002366 -0.04559050500392914 0.04038800671696663
v -0.051074847579002366 -0.04559050500392914 0.04038800671696663
v -0.05840386450290678 -0.02773834578692913 0.027987997978925705
v -0.058578889816999415 -0.03286200761795044 0.025635166093707085
v -0.051074847579002366 -0.04559050500392914 0.04038800671696663
v -0.058578889816999415 -0.03286200761795044 0.025635166093707085
v -0.05109525099396704 -0.0511067770421505 0.03672308847308159
v -0.05109525099396704 -0.0511067770421505 0.03672308847308159
v -0.058578889816999415 -0.03286200761795044 0.025635166093707085
v -0.0586314797401428 -0.037538014352321625 0.022369666025042534
v -0.05109525099396704 -0.0511067770421505 0.03672308847308159
v -0.0586314797401428 -0.037538014352321625 0.022369666025042534
v -0.051005970686674104 -0.05574316903948784 0.031856268644332886
v -0.051005970686674104 -0.05574316903948784 0.031856268644332886
v -0.0586314797401428 -0.037538014352321625 0.022369666025042534
v -0.05852739140391348 -0.04146478697657585 0.018119970336556435
v -0.051005970686674104 -0.05574316903948784 0.031856268644332886
v -0.05852739140391348 -0.04146478697657585 0.018119970336556435
v -0.050796076655387865 -0.059098899364471436 0.025909319519996643
v -0.050796076655387865 -0.059098899364471436 0.025909319519996643
v -0.05852739140391348 -0.04146478697657585 0.018119970336556435
v -0.05824606865644453 -0.044321127235889435 0.012992242351174355
v -0.050796076655387865 -0.059098899364471436 0.025909319519996643
v -0.05824606865644453 -0.044321127235889435 0.012992242351174355
v -0.05047988519072531 -0.06098318472504616 0.019234130159020424
v -0.05047988519072531 -0.06098318472504616 0.019234130159020424
v -0.05824606865644453 -0.044321127235889435 0.012992242351174355
v -0.05780416727066038 -0.04595213755965233 0.007276787888258696
v -0.05047988519072531 -0.06098318472504616 0.019234130159020424
v -0.05780416727066038 -0.04595213755965233 0.007276787888258696
v -0.05008999630808829 -0.06151057779788971 0.012210954912006855
v -0.05008999630808829 -0.06151057779788971 0.012210954912006855
v -0.05780416727066038 -0.04595213755965233 0.007276787888258696
v -0.0572489835321903 -0.04644704610109329 0.001281019183807075
v -0.05008999630808829 -0.06151057779788971 0.012210954912006855
v -0.0572489835321903 -0.04644704610109329 0.001281019183807075
v -0.04965126141905783 -0.060940489172935486 0.00508642103523016
v -0.04965126141905783 -0.060940489172935486 0.00508642103523016
v -0.0572489835321903 -0.04644704610109329 0.001281019183807075
v -0.05661800503730772 -0.046016842126846313 -0.004796091467142105
v -0.04965126141905783 -0.060940489172935486 0.00508642103523016
v -0.05661800503730772 -0.046016842126846313 -0.004796091467142105
v -0.052884552627801874 -0.05226247385144234 -0.00641436455771327
v -0.052884552627801874 -0.05226247385144234 -0.00641436455771327
v -0.05661800503730772 -0.046016842126846313 -0.004796091467142105
v -0.05593404546380041 -0.04486045241355896 -0.010857450775802135
v -0.052884552627801874 -0.05226247385144234 -0.00641436455771327
v -0.05593404546380041 -0.04486045241355896 -0.010857450775802135
v -0.0544559024274349 -0.04090339317917824 -0.022770313546061516
v -0.0544559024274349 -0.04090339317917824 -0.022770313546061516
v -0.05593404546380041 -0.04486045241355896 -0.010857450775802135
v -0.058394376188516596 -0.03733165189623833 -0.015267365612089634
v -0.0544559024274349 -0.04090339317917824 -0.022770313546061516
v -0.058394376188516596 -0.03733165189623833 -0.015267365612089634
v -0.056391961872577646 -0.0342295877635479 -0.02607916109263897
v -0.056391961872577646 -0.0342295877635479 -0.02607916109263897
v -0.058394376188516596 -0.03733165189623833 -0.015267365612089634
v -0.05670261010527609 -0.033774904906749725 -0.025734275579452515
v 5.220540398427293e-16 0.06567753106355667 0.053850945085287094
v -4.4073720401624565e-15 0.06404237449169159 0.05256116762757301
v -2.283113872181274e-06 0.06567755341529846 0.05385088920593262
v -2.283113872181274e-06 0.06567755341529846 0.05385088920593262
v -4.4073720401624565e-15 0.06404237449169159 0.05256116762757301
v -0.003382657421752809 0.06405488401651382 0.05244626849889755
v -0.009454054757952687 0.06346946954727173 0.05178714171051979
v -0.008924105204641816 0.0651940107345581 0.053176626563072205
v -0.003382657421752809 0.06405488401651382 0.05244626849889755
v -0.003382657421752809 0.06405488401651382 0.05244626849889755
v -0.008924105204641816 0.0651940107345581 0.053176626563072205
v -0.0025081567000597707 0.0657019093632698 0.05378665030002594
v -0.003382657421752809 0.06405488401651382 0.05244626849889755
v -0.0025081567000597707 0.0657019093632698 0.05378665030002594
v -2.283113872181274e-06 0.06567755341529846 0.05385088920593262
v -0.021445451304316514 0.06001049652695656 0.04868621379137039
v -0.020961292088031762 0.06193891540169716 0.050233468413352966
v -0.015789361670613282 0.06203757971525192 0.050457898527383804
v -0.015789361670613282 0.06203757971525192 0.050457898527383804
v -0.020961292088031762 0.06193891540169716 0.050233468413352966
v -0.015210160054266448 0.06388106942176819 0.05194195732474327
v -0.015789361670613282 0.06203757971525192 0.050457898527383804
v -0.015210160054266448 0.06388106942176819 0.05194195732474327
v -0.009454054757952687 0.06346946954727173 0.05178714171051979
v -0.009454054757952687 0.06346946954727173 0.05178714171051979
v -0.015210160054266448 0.06388106942176819 0.05194195732474327
v -0.010738646611571308 0.06481501460075378 0.052820224314928055
v -0.009454054757952687 0.06346946954727173 0.05178714171051979
v -0.010738646611571308 0.06481501460075378 0.052820224314928055
v -0.008924105204641816 0.0651940107345581 0.053176626563072205
v -0.027143945917487134 0.05720822885632515 0.04630747810006142
v -0.026673218235373487 0.05926492065191269 0.0479545034468174
v -0.021445451304316514 0.06001049652695656 0.04868621379137039
v -0.021445451304316514 0.06001049652695656 0.04868621379137039
v -0.026673218235373487 0.05926492065191269 0.0479545034468174
v -0.02106864005327224 0.06188866123557091 0.05019063875079155
v -0.021445451304316514 0.06001049652695656 0.04868621379137039
v -0.02106864005327224 0.06188866123557091 0.05019063875079155
v -0.020961292088031762 0.06193891540169716 0.050233468413352966
v -0.033766057342290864 -0.05304862558841705 -0.04003015160560608
v -0.03812598064541815 -0.051264289766550064 -0.03878096118569374
v -0.03593094646930693 -0.05078632012009621 -0.03833433613181114
v -0.066042885184288 -0.008474012836813927 -0.006277077365666628
v -0.0644978806376457 -0.007960326038300991 -0.005824725609272718
v -0.06581768393516538 -0.011663377285003662 -0.008760961703956127
v -0.06581768393516538 -0.011663377285003662 -0.008760961703956127
v -0.0644978806376457 -0.007960326038300991 -0.005824725609272718
v -0.06401710957288739 -0.013659466989338398 -0.010261083021759987
v -0.04081580415368079 -0.04771319404244423 -0.03609597310423851
v -0.037601437419652925 -0.04998548701405525 -0.03776438906788826
v -0.03812598064541815 -0.051264289766550064 -0.03878096118569374
v -0.03812598064541815 -0.051264289766550064 -0.03878096118569374
v -0.037601437419652925 -0.04998548701405525 -0.03776438906788826
v -0.03680394589900969 -0.050413332879543304 -0.03807227313518524
v -0.03812598064541815 -0.051264289766550064 -0.03878096118569374
v -0.03680394589900969 -0.050413332879543304 -0.03807227313518524
v -0.03593094646930693 -0.05078632012009621 -0.03833433613181114
v -0.0626924932003021 -0.01896466501057148 -0.014362012967467308
v -0.06455266475677487 -0.01806006208062172 -0.01371719315648079
v -0.06350138038396833 -0.015724996104836464 -0.011857741512358189
v -0.06350138038396833 -0.015724996104836464 -0.011857741512358189
v -0.06455266475677487 -0.01806006208062172 -0.01371719315648079
v -0.06529497355222699 -0.014889170415699482 -0.011263962835073471
v -0.06350138038396833 -0.015724996104836464 -0.011857741512358189
v -0.06529497355222699 -0.014889170415699482 -0.011263962835073471
v -0.06401710957288739 -0.013659466989338398 -0.010261083021759987
v -0.06401710957288739 -0.013659466989338398 -0.010261083021759987
v -0.06529497355222699 -0.014889170415699482 -0.011263962835073471
v -0.06571728736162183 -0.013085179962217808 -0.009868265129625797
v -0.06401710957288739 -0.013659466989338398 -0.010261083021759987
v -0.06571728736162183 -0.013085179962217808 -0.009868265129625797
v -0.06581768393516538 -0.011663377285003662 -0.008760961703956127
v -0.05712530016899107 -0.030577687546610832 -0.02325015515089035
v -0.05692971497774122 -0.030932290479540825 -0.023520706221461296
v -0.05905257910490034 -0.0303353201597929 -0.023125289008021355
v -0.03812598064541815 -0.051264289766550064 -0.03878096118569374
v -0.0402734875679016 -0.04975230619311333 -0.037671033293008804
v -0.04081580415368079 -0.04771319404244423 -0.03609597310423851
v -0.04081580415368079 -0.04771319404244423 -0.03609597310423851
v -0.0402734875679016 -0.04975230619311333 -0.037671033293008804
v -0.04250128939747809 -0.04818378761410713 -0.036519601941108704
v -0.04081580415368079 -0.04771319404244423 -0.03609597310423851
v -0.04250128939747809 -0.04818378761410713 -0.036519601941108704
v -0.043894454836845384 -0.045536842197179794 -0.03449799865484238
v -0.043894454836845384 -0.045536842197179794 -0.03449799865484238
v -0.04250128939747809 -0.04818378761410713 -0.036519601941108704
v -0.045111715793609605 -0.04634587839245796 -0.03517041727900505
v -0.043894454836845384 -0.045536842197179794 -0.03449799865484238
v -0.045111715793609605 -0.04634587839245796 -0.03517041727900505
v -0.04562606662511824 -0.04400847107172012 -0.03336145728826523
v -0.04562606662511824 -0.04400847107172012 -0.03336145728826523
v -0.045111715793609605 -0.04634587839245796 -0.03517041727900505
v -0.0465557351708412 -0.04505489021539688 -0.03420978784561157
v -0.04562606662511824 -0.04400847107172012 -0.03336145728826523
v -0.0465557351708412 -0.04505489021539688 -0.03420978784561157
v -0.04872745648026465 -0.041271090507507324 -0.031325869262218475
v -0.04872745648026465 -0.041271090507507324 -0.031325869262218475
v -0.0465557351708412 -0.04505489021539688 -0.03420978784561157
v -0.050177171826362596 -0.041817229241132736 -0.03180062770843506
v -0.04872745648026465 -0.041271090507507324 -0.031325869262218475
v -0.050177171826362596 -0.041817229241132736 -0.03180062770843506
v -0.048971466720104204 -0.040997445583343506 -0.031120168045163155
v 6.791399907724036e-12 -0.05808401107788086 -0.042842768132686615
v -3.9390698111799786e-16 -0.05935513973236084 -0.04383528232574463
v -2.5524697775836093e-05 -0.05808311328291893 -0.04284290969371796
v -2.5524697775836093e-05 -0.05808311328291893 -0.04284290969371796
v -3.9390698111799786e-16 -0.05935513973236084 -0.04383528232574463
v -2.276120767419342e-06 -0.05935501307249069 -0.04383525624871254
v -2.5524697775836093e-05 -0.05808311328291893 -0.04284290969371796
v -2.276120767419342e-06 -0.05935501307249069 -0.04383525624871254
v -0.004291156772524117 -0.05793286859989166 -0.04286682605743408
v -0.004291156772524117 -0.05793286859989166 -0.04286682605743408
v -2.276120767419342e-06 -0.05935501307249069 -0.04383525624871254
v -0.008621826767921444 -0.05886859819293022 -0.043741658329963684
v -0.004291156772524117 -0.05793286859989166 -0.04286682605743408
v -0.008621826767921444 -0.05886859819293022 -0.043741658329963684
v -0.012040295638144013 -0.05718506500124931 -0.04254007712006569
v -0.012040295638144013 -0.05718506500124931 -0.04254007712006569
v -0.008621826767921444 -0.05886859819293022 -0.043741658329963684
v -0.010734336450695988 -0.058567654341459274 -0.04357673600316048
v -0.012040295638144013 -0.05718506500124931 -0.04254007712006569
v -0.010734336450695988 -0.058567654341459274 -0.04357673600316048
v -0.01634296588599681 -0.056411005556583405 -0.04207824170589447
v -0.01634296588599681 -0.056411005556583405 -0.04207824170589447
v -0.010734336450695988 -0.058567654341459274 -0.04357673600316048
v -0.017103912308812134 -0.05766025930643082 -0.04307946562767029
v -0.01634296588599681 -0.056411005556583405 -0.04207824170589447
v -0.017103912308812134 -0.05766025930643082 -0.04307946562767029
v -0.020450089126825326 -0.05567212402820587 -0.041637394577264786
v -0.020450089126825326 -0.05567212402820587 -0.041637394577264786
v -0.017103912308812134 -0.05766025930643082 -0.04307946562767029
v -0.020989483222365372 -0.05676531791687012 -0.042509377002716064
v -0.020450089126825326 -0.05567212402820587 -0.041637394577264786
v -0.020989483222365372 -0.05676531791687012 -0.042509377002716064
v -0.024501129984855645 -0.05457720160484314 -0.04091658443212509
v -0.024501129984855645 -0.05457720160484314 -0.04091658443212509
v -0.020989483222365372 -0.05676531791687012 -0.042509377002716064
v -0.02556722424924373 -0.05571094527840614 -0.04183773323893547
v -0.024501129984855645 -0.05457720160484314 -0.04091658443212509
v -0.02556722424924373 -0.05571094527840614 -0.04183773323893547
v -0.028738198801875104 -0.053432002663612366 -0.04016267508268356
v -0.028738198801875104 -0.053432002663612366 -0.04016267508268356
v -0.02556722424924373 -0.05571094527840614 -0.04183773323893547
v -0.030338723212480535 -0.05416154861450195 -0.0407857708632946
v -0.028738198801875104 -0.053432002663612366 -0.04016267508268356
v -0.030338723212480535 -0.05416154861450195 -0.0407857708632946
v -0.032658897340297685 -0.05198986455798149 -0.03916606307029724
v -0.032658897340297685 -0.05198986455798149 -0.03916606307029724
v -0.030338723212480535 -0.05416154861450195 -0.0407857708632946
v -0.033766057342290864 -0.05304862558841705 -0.04003015160560608
v -0.032658897340297685 -0.05198986455798149 -0.03916606307029724
v -0.033766057342290864 -0.05304862558841705 -0.04003015160560608
v -0.03485292196273802 -0.05118284747004509 -0.0386083610355854
v -0.03485292196273802 -0.05118284747004509 -0.0386083610355854
v -0.033766057342290864 -0.05304862558841705 -0.04003015160560608
v -0.03593094646930693 -0.05078632012009621 -0.03833433613181114
v -0.066042885184288 -0.008474012836813927 -0.006277077365666628
v -0.06610793620347974 -0.007552798371762037 -0.005559633485972881
v -0.0644978806376457 -0.007960326038300991 -0.005824725609272718
v -0.0644978806376457 -0.007960326038300991 -0.005824725609272718
v -0.06610793620347974 -0.007552798371762037 -0.005559633485972881
v -0.0659472048282623 -0.005411501973867416 -0.0038813482969999313
v -0.0644978806376457 -0.007960326038300991 -0.005824725609272718
v -0.0659472048282623 -0.005411501973867416 -0.0038813482969999313
v -0.06412828713655469 -0.0022413560654968023 -0.001344209653325379
v -0.06412828713655469 -0.0022413560654968023 -0.001344209653325379
v -0.0659472048282623 -0.005411501973867416 -0.0038813482969999313
v -0.06572305411100385 -0.002425265498459339 -0.001540823490358889
v -0.06412828713655469 -0.0022413560654968023 -0.001344209653325379
v -0.06572305411100385 -0.002425265498459339 -0.001540823490358889
v -0.06402700394392011 -0.001720925560221076 -0.0009342324337922037
v -0.06402700394392011 -0.001720925560221076 -0.0009342324337922037
v -0.06572305411100385 -0.002425265498459339 -0.001540823490358889
v -0.06566490978002545 -0.0016506100073456764 -0.0009336712537333369
v -0.06402700394392011 -0.001720925560221076 -0.0009342324337922037
v -0.06566490978002545 -0.0016506100073456764 -0.0009336712537333369
v -0.06292940676212308 0.003918678965419531 0.003508453257381916
v -0.06037512794136999 -0.024685652926564217 -0.01875472441315651
v -0.062184490263462046 -0.024442795664072037 -0.018625402823090553
v -0.062253620475530604 -0.024266626685857773 -0.018490059301257133
v -0.06037512794136999 -0.024685652926564217 -0.01875472441315651
v -0.062253620475530604 -0.024266626685857773 -0.018490059301257133
v -0.061154693365097025 -0.022761106491088867 -0.017277011647820473
v -0.050177171826362596 -0.041817229241132736 -0.03180062770843506
v -0.05025556311011313 -0.04174714535474777 -0.03174848109483719
v -0.048971466720104204 -0.040997445583343506 -0.031120168045163155
v -0.048971466720104204 -0.040997445583343506 -0.031120168045163155
v -0.05025556311011313 -0.04174714535474777 -0.03174848109483719
v -0.05039403215050696 -0.041623350232839584 -0.03165636584162712
v -0.048971466720104204 -0.040997445583343506 -0.031120168045163155
v -0.05039403215050696 -0.041623350232839584 -0.03165636584162712
v -0.05262861028313635 -0.036896154284477234 -0.02803722955286503
v -0.05262861028313635 -0.036896154284477234 -0.02803722955286503
v -0.05039403215050696 -0.041623350232839584 -0.03165636584162712
v -0.053570564836263636 -0.03799809515476227 -0.028929535299539566
v -0.05262861028313635 -0.036896154284477234 -0.02803722955286503
v -0.053570564836263636 -0.03799809515476227 -0.028929535299539566
v -0.053155988454818705 -0.03630472719669342 -0.027592655271291733
v -0.03346240147948264 0.053064193576574326 0.042873404920101166
v -0.03630337864160536 0.052794333547353745 0.04257912561297417
v -0.03322421014308928 0.053303323686122894 0.0430668443441391
v -0.03322421014308928 0.053303323686122894 0.0430668443441391
v -0.03630337864160536 0.052794333547353745 0.04257912561297417
v -0.03239912539720534 0.055786170065402985 0.045046333223581314
v -0.03322421014308928 0.053303323686122894 0.0430668443441391
v -0.03239912539720534 0.055786170065402985 0.045046333223581314
v -0.027143945917487134 0.05720822885632515 0.04630747810006142
v -0.027143945917487134 0.05720822885632515 0.04630747810006142
v -0.03239912539720534 0.055786170065402985 0.045046333223581314
v -0.030536290258169164 0.05691792815923691 0.04599246382713318
v -0.027143945917487134 0.05720822885632515 0.04630747810006142
v -0.030536290258169164 0.05691792815923691 0.04599246382713318
v -0.026673218235373487 0.05926492065191269 0.0479545034468174
v -0.03439155593514441 0.05233411863446236 0.042274776846170425
v -0.03630337864160536 0.052794333547353745 0.04257912561297417
v -0.034225028008222566 0.05246496573090553 0.04238206520676613
v -0.034225028008222566 0.05246496573090553 0.04238206520676613
v -0.03630337864160536 0.052794333547353745 0.04257912561297417
v -0.034136556088924394 0.05253448337316513 0.042439065873622894
v -0.045128140598535524 0.0440930612385273 0.035487715154886246
v -0.04356231540441512 0.043428659439086914 0.03502070531249046
v -0.046019688248634325 0.04293869808316231 0.034556176513433456
v -0.046019688248634325 0.04293869808316231 0.034556176513433456
v -0.04356231540441512 0.043428659439086914 0.03502070531249046
v -0.046299990266561494 0.03997459635138512 0.03223121166229248
v -0.046019688248634325 0.04293869808316231 0.034556176513433456
v -0.046299990266561494 0.03997459635138512 0.03223121166229248
v -0.0497550033032894 0.038102276623249054 0.03065330907702446
v -0.059506360441446284 0.018854226917028427 0.015291105024516582
v -0.057389117777347544 0.02419355884194374 0.019532959908246994
v -0.05595322698354719 0.023540174588561058 0.01907043717801571
v -0.05595322698354719 0.023540174588561058 0.01907043717801571
v -0.057389117777347544 0.02419355884194374 0.019532959908246994
v -0.056331217288970926 0.026352012529969215 0.021254755556583405
v -0.05595322698354719 0.023540174588561058 0.01907043717801571
v -0.056331217288970926 0.026352012529969215 0.021254755556583405
v -0.054678067564964274 0.02611655369400978 0.02112559974193573
v -0.054678067564964274 0.02611655369400978 0.02112559974193573
v -0.056331217288970926 0.026352012529969215 0.021254755556583405
v -0.05614407733082769 0.02673383802175522 0.02155933901667595
v -0.054678067564964274 0.02611655369400978 0.02112559974193573
v -0.05614407733082769 0.02673383802175522 0.02155933901667595
v -0.05214583873748777 0.031232768669724464 0.02520676888525486
v -0.05214583873748777 0.031232768669724464 0.02520676888525486
v -0.05614407733082769 0.02673383802175522 0.02155933901667595
v -0.05384172871708868 0.03143135830760002 0.025306545197963715
v -0.05214583873748777 0.031232768669724464 0.02520676888525486
v -0.05384172871708868 0.03143135830760002 0.025306545197963715
v -0.05311922729015348 0.03261072188615799 0.026251811534166336
v -0.06566490978002545 -0.0016506100073456764 -0.0009336712537333369
v -0.06464752554893491 0.0032855423633009195 0.0029562923591583967
v -0.06292940676212308 0.003918678965419531 0.003508453257381916
v -0.06292940676212308 0.003918678965419531 0.003508453257381916
v -0.06464752554893491 0.0032855423633009195 0.0029562923591583967
v -0.064306765794754 0.004938848782330751 0.004259190056473017
v -0.06292940676212308 0.003918678965419531 0.003508453257381916
v -0.064306765794754 0.004938848782330751 0.004259190056473017
v -0.06118459999561308 0.009613977745175362 0.0080160116776824
v -0.062253620475530604 -0.024266626685857773 -0.018490059301257133
v -0.06289911270141599 -0.022621670737862587 -0.0172263216227293
v -0.061154693365097025 -0.022761106491088867 -0.017277011647820473
v -0.061154693365097025 -0.022761106491088867 -0.017277011647820473
v -0.06289911270141599 -0.022621670737862587 -0.0172263216227293
v -0.0634513199329376 -0.021214446052908897 -0.016145221889019012
v -0.061154693365097025 -0.022761106491088867 -0.017277011647820473
v -0.0634513199329376 -0.021214446052908897 -0.016145221889019012
v -0.0626924932003021 -0.01896466501057148 -0.014362012967467308
v -0.0626924932003021 -0.01896466501057148 -0.014362012967467308
v -0.0634513199329376 -0.021214446052908897 -0.016145221889019012
v -0.0643508583307266 -0.0189221054315567 -0.014384131878614426
v -0.0626924932003021 -0.01896466501057148 -0.014362012967467308
v -0.0643508583307266 -0.0189221054315567 -0.014384131878614426
v -0.06455266475677487 -0.01806006208062172 -0.01371719315648079
v -0.053570564836263636 -0.03799809515476227 -0.028929535299539566
v -0.054690539836883524 -0.036719910800457 -0.027968116104602814
v -0.053155988454818705 -0.03630472719669342 -0.027592655271291733
v -0.053155988454818705 -0.03630472719669342 -0.027592655271291733
v -0.054690539836883524 -0.036719910800457 -0.027968116104602814
v -0.056391961872577646 -0.0342295877635479 -0.02607916109263897
v -0.053155988454818705 -0.03630472719669342 -0.027592655271291733
v -0.056391961872577646 -0.0342295877635479 -0.02607916109263897
v -0.05692971497774122 -0.030932290479540825 -0.023520706221461296
v -0.05692971497774122 -0.030932290479540825 -0.023520706221461296
v -0.056391961872577646 -0.0342295877635479 -0.02607916109263897
v -0.05670261010527609 -0.033774904906749725 -0.025734275579452515
v -0.05692971497774122 -0.030932290479540825 -0.023520706221461296
v -0.05670261010527609 -0.033774904906749725 -0.025734275579452515
v -0.05905257910490034 -0.0303353201597929 -0.023125289008021355
v -0.037279188632965074 0.05006519332528114 0.04041435942053795
v -0.037620715796947465 0.049750179052352905 0.04015709459781647
v -0.038567800074815736 0.05105910450220108 0.041148170828819275
v -0.038567800074815736 0.05105910450220108 0.041148170828819275
v -0.037620715796947465 0.049750179052352905 0.04015709459781647
v -0.037707015872001634 0.04965991526842117 0.04008370637893677
v -0.038567800074815736 0.05105910450220108 0.041148170828819275
v -0.037707015872001634 0.04965991526842117 0.04008370637893677
v -0.03789926320314406 0.04945884272456169 0.03992021828889847
v -0.046299990266561494 0.03997459635138512 0.03223121166229248
v -0.04817371442914008 0.03761056065559387 0.030322017148137093
v -0.0497550033032894 0.038102276623249054 0.03065330907702446
v -0.0497550033032894 0.038102276623249054 0.03065330907702446
v -0.04817371442914008 0.03761056065559387 0.030322017148137093
v -0.0489324741065502 0.03639226779341698 0.029344895854592323
v -0.0497550033032894 0.038102276623249054 0.03065330907702446
v -0.0489324741065502 0.03639226779341698 0.029344895854592323
v -0.05311922729015348 0.03261072188615799 0.026251811534166336
v -0.05311922729015348 0.03261072188615799 0.026251811534166336
v -0.0489324741065502 0.03639226779341698 0.029344895854592323
v -0.05101143568754195 0.03305421024560928 0.02666763961315155
v -0.05311922729015348 0.03261072188615799 0.026251811534166336
v -0.05101143568754195 0.03305421024560928 0.02666763961315155
v -0.05214583873748777 0.031232768669724464 0.02520676888525486
v -0.05712530016899107 -0.030577687546610832 -0.02325015515089035
v -0.05905257910490034 -0.0303353201597929 -0.023125289008021355
v -0.05754436179995535 -0.029817920178174973 -0.022670477628707886
v -0.05754436179995535 -0.029817920178174973 -0.022670477628707886
v -0.05905257910490034 -0.0303353201597929 -0.023125289008021355
v -0.05978351458907125 -0.028960103169083595 -0.022075092419981956
v -0.05754436179995535 -0.029817920178174973 -0.022670477628707886
v -0.05978351458907125 -0.028960103169083595 -0.022075092419981956
v -0.06037512794136999 -0.024685652926564217 -0.01875472441315651
v -0.06037512794136999 -0.024685652926564217 -0.01875472441315651
v -0.05978351458907125 -0.028960103169083595 -0.022075092419981956
v -0.06055787205696104 -0.02750318869948387 -0.02096250280737877
v -0.06037512794136999 -0.024685652926564217 -0.01875472441315651
v -0.06055787205696104 -0.02750318869948387 -0.02096250280737877
v -0.062184490263462046 -0.024442795664072037 -0.018625402823090553
v -0.03346240147948264 0.053064193576574326 0.042873404920101166
v -0.033473931252956377 0.053055133670568466 0.042865972965955734
v -0.03630337864160536 0.052794333547353745 0.04257912561297417
v -0.03630337864160536 0.052794333547353745 0.04257912561297417
v -0.033473931252956377 0.053055133670568466 0.042865972965955734
v -0.03349903598427771 0.05303540825843811 0.04284980148077011
v -0.03630337864160536 0.052794333547353745 0.04257912561297417
v -0.03349903598427771 0.05303540825843811 0.04284980148077011
v -0.0335421748459339 0.053001511842012405 0.04282200708985329
v -0.03789926320314406 0.04945884272456169 0.03992021828889847
v -0.0387226603925228 0.04859763756394386 0.03922000154852867
v -0.038567800074815736 0.05105910450220108 0.041148170828819275
v -0.038567800074815736 0.05105910450220108 0.041148170828819275
v -0.0387226603925228 0.04859763756394386 0.03922000154852867
v -0.03872742876410483 0.04859265312552452 0.039215948432683945
v -0.038567800074815736 0.05105910450220108 0.041148170828819275
v -0.03872742876410483 0.04859265312552452 0.039215948432683945
v -0.042159676551818834 0.047245100140571594 0.03804899379611015
v -0.042159676551818834 0.047245100140571594 0.03804899379611015
v -0.03872742876410483 0.04859265312552452 0.039215948432683945
v -0.03954606875777243 0.04773642495274544 0.038519781082868576
v -0.042159676551818834 0.047245100140571594 0.03804899379611015
v -0.03954606875777243 0.04773642495274544 0.038519781082868576
v -0.04036948457360266 0.04687520116567612 0.03781954571604729
v -0.0335421748459339 0.053001511842012405 0.04282200708985329
v -0.03361045569181441 0.05294786021113396 0.04277801513671875
v -0.03630337864160536 0.052794333547353745 0.04257912561297417
v -0.03630337864160536 0.052794333547353745 0.04257912561297417
v -0.03361045569181441 0.05294786021113396 0.04277801513671875
v -0.033626519143581377 0.05293523892760277 0.04276766628026962
v -0.03630337864160536 0.052794333547353745 0.04257912561297417
v -0.033626519143581377 0.05293523892760277 0.04276766628026962
v -0.03367875143885611 0.05289419740438461 0.042734015733003616
v -0.03367875143885611 0.05289419740438461 0.042734015733003616
v -0.03375403210520743 0.052835047245025635 0.04268551245331764
v -0.03630337864160536 0.052794333547353745 0.04257912561297417
v -0.03630337864160536 0.052794333547353745 0.04257912561297417
v -0.03375403210520743 0.052835047245025635 0.04268551245331764
v -0.033881541341543184 0.0527348592877388 0.04260336607694626
v -0.03630337864160536 0.052794333547353745 0.04257912561297417
v -0.033881541341543184 0.0527348592877388 0.04260336607694626
v -0.034136556088924394 0.05253448337316513 0.042439065873622894
v -0.03439155593514441 0.05233411863446236 0.042274776846170425
v -0.0344981588423252 0.05225035920739174 0.04220609739422798
v -0.03630337864160536 0.052794333547353745 0.04257912561297417
v -0.03630337864160536 0.052794333547353745 0.04257912561297417
v -0.0344981588423252 0.05225035920739174 0.04220609739422798
v -0.03464657068252562 0.05213374271988869 0.04211047664284706
v -0.03630337864160536 0.052794333547353745 0.04257912561297417
v -0.03464657068252562 0.05213374271988869 0.04211047664284706
v -0.034771293401718126 0.05203574523329735 0.04203012213110924
v -0.05595322698354719 0.023540174588561058 0.01907043717801571
v -0.05709950253367422 0.020638123154640198 0.016764938831329346
v -0.059506360441446284 0.018854226917028427 0.015291105024516582
v -0.059506360441446284 0.018854226917028427 0.015291105024516582
v -0.05709950253367422 0.020638123154640198 0.016764938831329346
v -0.05768016353249548 0.019168054684996605 0.015597060322761536
v -0.059506360441446284 0.018854226917028427 0.015291105024516582
v -0.05768016353249548 0.019168054684996605 0.015597060322761536
v -0.06117861717939375 0.014637072570621967 0.011940767988562584
v -0.06117861717939375 0.014637072570621967 0.011940767988562584
v -0.05768016353249548 0.019168054684996605 0.015597060322761536
v -0.06025369465351103 0.012652585282921791 0.010420924983918667
v -0.06117861717939375 0.014637072570621967 0.011940767988562584
v -0.06025369465351103 0.012652585282921791 0.010420924983918667
v -0.0616667717695236 0.013406031765043736 0.010962762869894505
v -0.0616667717695236 0.013406031765043736 0.010962762869894505
v -0.06025369465351103 0.012652585282921791 0.010420924983918667
v -0.06038780137896536 0.012214843183755875 0.010074472986161709
v -0.0616667717695236 0.013406031765043736 0.010962762869894505
v -0.06038780137896536 0.012214843183755875 0.010074472986161709
v -0.06274561583995816 0.009945882484316826 0.008223320357501507
v -0.06274561583995816 0.009945882484316826 0.008223320357501507
v -0.06038780137896536 0.012214843183755875 0.010074472986161709
v -0.06118459999561308 0.009613977745175362 0.0080160116776824
v -0.06274561583995816 0.009945882484316826 0.008223320357501507
v -0.06118459999561308 0.009613977745175362 0.0080160116776824
v -0.06306751072406766 0.008913464844226837 0.007405942305922508
v -0.06306751072406766 0.008913464844226837 0.007405942305922508
v -0.06118459999561308 0.009613977745175362 0.0080160116776824
v -0.064306765794754 0.004938848782330751 0.004259190056473017
v -0.034771293401718126 0.05203574523329735 0.04203012213110924
v -0.03504443541169165 0.05182112380862236 0.041854143142700195
v -0.03630337864160536 0.052794333547353745 0.04257912561297417
v -0.03630337864160536 0.052794333547353745 0.04257912561297417
v -0.03504443541169165 0.05182112380862236 0.041854143142700195
v -0.03515660390257834 0.05173299089074135 0.04178187623620033
v -0.03630337864160536 0.052794333547353745 0.04257912561297417
v -0.03515660390257834 0.05173299089074135 0.04178187623620033
v -0.035317581146955476 0.05160650610923767 0.04167816415429115
v -0.03641019389033316 0.05074799805879593 0.04097422584891319
v -0.03668677434325217 0.050530675798654556 0.040796034038066864
v -0.038567800074815736 0.05105910450220108 0.041148170828819275
v -0.04036948457360266 0.04687520116567612 0.03781954571604729
v -0.040768288075923906 0.04645808786153793 0.03748040646314621
v -0.042159676551818834 0.047245100140571594 0.03804899379611015
v -0.042159676551818834 0.047245100140571594 0.03804899379611015
v -0.040768288075923906 0.04645808786153793 0.03748040646314621
v -0.042016316205263124 0.045152757316827774 0.036419086158275604
v -0.042159676551818834 0.047245100140571594 0.03804899379611015
v -0.042016316205263124 0.045152757316827774 0.036419086158275604
v -0.045128140598535524 0.0440930612385273 0.035487715154886246
v -0.045128140598535524 0.0440930612385273 0.035487715154886246
v -0.042016316205263124 0.045152757316827774 0.036419086158275604
v -0.04306586831808089 0.04405501112341881 0.03552654758095741
v -0.045128140598535524 0.0440930612385273 0.035487715154886246
v -0.04306586831808089 0.04405501112341881 0.03552654758095741
v -0.04356231540441512 0.043428659439086914 0.03502070531249046
v -0.03668677434325217 0.050530675798654556 0.040796034038066864
v -0.036956522613763795 0.05031872168183327 0.04062224179506302
v -0.038567800074815736 0.05105910450220108 0.041148170828819275
v -0.038567800074815736 0.05105910450220108 0.041148170828819275
v -0.036956522613763795 0.05031872168183327 0.04062224179506302
v -0.037196863442659364 0.050129879266023636 0.04046740010380745
v -0.038567800074815736 0.05105910450220108 0.041148170828819275
v -0.037196863442659364 0.050129879266023636 0.04046740010380745
v -0.037279188632965074 0.05006519332528114 0.04041435942053795
v -0.035317581146955476 0.05160650610923767 0.04167816415429115
v -0.03566665574908255 0.051332224160432816 0.04145326837897301
v -0.03630337864160536 0.052794333547353745 0.04257912561297417
v -0.03630337864160536 0.052794333547353745 0.04257912561297417
v -0.03566665574908255 0.051332224160432816 0.04145326837897301
v -0.03586388006806372 0.0511772558093071 0.04132620245218277
v -0.03630337864160536 0.052794333547353745 0.04257912561297417
v -0.03586388006806372 0.0511772558093071 0.04132620245218277
v -0.038567800074815736 0.05105910450220108 0.041148170828819275
v -0.038567800074815736 0.05105910450220108 0.041148170828819275
v -0.03586388006806372 0.0511772558093071 0.04132620245218277
v -0.03617670759558676 0.050931453704833984 0.041124653071165085
v -0.038567800074815736 0.05105910450220108 0.041148170828819275
v -0.03617670759558676 0.050931453704833984 0.041124653071165085
v -0.03641019389033316 0.05074799805879593 0.04097422584891319
v 0.03816311433911322 -0.053600918501615524 -0.03546950966119766
v 0.0381261110305786 -0.05126425623893738 -0.03878093138337135
v 0.04026995226740836 -0.04975574463605881 -0.037673596292734146
v 0.05951071158051489 0.018834464251995087 0.01527541782706976
v 0.060475215315818766 0.012319149449467659 0.016047358512878418
v 0.06115010753273962 0.014647582545876503 0.01194982510060072
v 0.03856776282191275 0.051059164106845856 0.041148193180561066
v 0.03895018249750136 0.03832246735692024 0.044874753803014755
v 0.04216447845101355 0.047263167798519135 0.0380629263818264
v 0.04216447845101355 0.047263167798519135 0.0380629263818264
v 0.03895018249750136 0.03832246735692024 0.044874753803014755
v 0.043937444686889635 0.017208779230713844 0.04631511867046356
v 0.04216447845101355 0.047263167798519135 0.0380629263818264
v 0.043937444686889635 0.017208779230713844 0.04631511867046356
v 0.044710867106914506 0.04457569494843483 0.035878632217645645
v 0.044710867106914506 0.04457569494843483 0.035878632217645645
v 0.043937444686889635 0.017208779230713844 0.04631511867046356
v 0.046002585440874086 0.04291626065969467 0.03453919664025307
v 0.05312156304717062 0.03261692076921463 0.02625688910484314
v 0.04979475215077399 0.038044556975364685 0.030606942251324654
v 0.047897633165121065 0.019392793998122215 0.040466468781232834
v 0.05409610271453855 0.024212036281824112 0.027908900752663612
v 0.056090567260980585 0.004487927071750164 0.03067372366786003
v 0.05858905240893362 0.008311462588608265 0.02342216670513153
v 0.060475215315818766 0.012319149449467659 0.016047358512878418
v 0.05951071158051489 0.018834464251995087 0.01527541782706976
v 0.05858905240893362 0.008311462588608265 0.02342216670513153
v 0.05951071158051489 0.018834464251995087 0.01527541782706976
v 0.057593513280153254 0.023730842396616936 0.0191645547747612
v 0.05858905240893362 0.008311462588608265 0.02342216670513153
v 0.05858905240893362 0.008311462588608265 0.02342216670513153
v 0.057593513280153254 0.023730842396616936 0.0191645547747612
v 0.05632879212498663 0.02632264792919159 0.02123197726905346
v 0.05858905240893362 0.008311462588608265 0.02342216670513153
v 0.05632879212498663 0.02632264792919159 0.02123197726905346
v 0.05409610271453855 0.024212036281824112 0.027908900752663612
v 0.05409610271453855 0.024212036281824112 0.027908900752663612
v 0.05632879212498663 0.02632264792919159 0.02123197726905346
v 0.05612555146217344 0.026739155873656273 0.021564217284321785
v 0.05409610271453855 0.024212036281824112 0.027908900752663612
v 0.05612555146217344 0.026739155873656273 0.021564217284321785
v 0.05378773435950277 0.031530071049928665 0.025385821238160133
v 0.06274317204952237 0.009952675551176071 0.008228665217757225
v 0.061927106231451014 0.012663185596466064 0.010373641736805439
v 0.061681706458330134 0.0032524610869586468 0.01606978103518486
v 0.06529147922992704 -0.012173543684184551 0.0031006322242319584
v 0.06577483564615247 -0.002468549180775881 -0.0015763373812660575
v 0.06506182253360746 -0.008313998579978943 0.005017295014113188
v 0.06506182253360746 -0.008313998579978943 0.005017295014113188
v 0.06577483564615247 -0.002468549180775881 -0.0015763373812660575
v 0.06468974798917768 0.0032905107364058495 0.002958582481369376
v 0.06506182253360746 -0.008313998579978943 0.005017295014113188
v 0.06468974798917768 0.0032905107364058495 0.002958582481369376
v 0.06421706080436704 -0.00012269325088709593 0.007382730022072792
v 0.06421706080436704 -0.00012269325088709593 0.007382730022072792
v 0.06468974798917768 0.0032905107364058495 0.002958582481369376
v 0.06459067761898038 0.0038163173012435436 0.0033726240508258343
v 0.06421706080436704 -0.00012269325088709593 0.007382730022072792
v 0.06459067761898038 0.0038163173012435436 0.0033726240508258343
v 0.06304428726434705 0.008234618231654167 0.00840485654771328
v 0.06304428726434705 0.008234618231654167 0.00840485654771328
v 0.06459067761898038 0.0038163173012435436 0.0033726240508258343
v 0.06305594742298123 0.008913817815482616 0.007406558841466904
v 0.06517808139324185 -0.01867588609457016 -0.0026471687015146017
v 0.06608442962169644 -0.008459169417619705 -0.006266733165830374
v 0.06534288823604581 -0.015694966539740562 0.0005611648666672409
v 0.06534288823604581 -0.015694966539740562 0.0005611648666672409
v 0.06608442962169644 -0.008459169417619705 -0.006266733165830374
v 0.06610395759344098 -0.008250038139522076 -0.00610399292781949
v 0.06534288823604581 -0.015694966539740562 0.0005611648666672409
v 0.06610395759344098 -0.008250038139522076 -0.00610399292781949
v 0.06529147922992704 -0.012173543684184551 0.0031006322242319584
v 0.06529147922992704 -0.012173543684184551 0.0031006322242319584
v 0.06610395759344098 -0.008250038139522076 -0.00610399292781949
v 0.06594242155551908 -0.00541234016418457 -0.003881707089021802
v 0.06529147922992704 -0.012173543684184551 0.0031006322242319584
v 0.06594242155551908 -0.00541234016418457 -0.003881707089021802
v 0.06577483564615247 -0.002468549180775881 -0.0015763373812660575
v 0.06415241956710813 -0.022253621369600296 -0.01063764188438654
v 0.06535094231367108 -0.014864759519696236 -0.01124698854982853
v 0.06477415561676023 -0.020898550748825073 -0.006446728017181158
v 0.06477415561676023 -0.020898550748825073 -0.006446728017181158
v 0.06535094231367108 -0.014864759519696236 -0.01124698854982853
v 0.06556396931409833 -0.01403181441128254 -0.0106032220646739
v 0.06477415561676023 -0.020898550748825073 -0.006446728017181158
v 0.06556396931409833 -0.01403181441128254 -0.0106032220646739
v 0.06517808139324185 -0.01867588609457016 -0.0026471687015146017
v 0.06517808139324185 -0.01867588609457016 -0.0026471687015146017
v 0.06556396931409833 -0.01403181441128254 -0.0106032220646739
v 0.06578394025564191 -0.011676535941660404 -0.008770405314862728
v 0.06517808139324185 -0.01867588609457016 -0.0026471687015146017
v 0.06578394025564191 -0.011676535941660404 -0.008770405314862728
v 0.06608442962169644 -0.008459169417619705 -0.006266733165830374
v 0.0633728355169296 -0.0227936003357172 -0.0150150740519166
v 0.06417620182037351 -0.019458122551441193 -0.014797106385231018
v 0.06415241956710813 -0.022253621369600296 -0.01063764188438654
v 0.06415241956710813 -0.022253621369600296 -0.01063764188438654
v 0.06417620182037351 -0.019458122551441193 -0.014797106385231018
v 0.0645312741398811 -0.018069744110107422 -0.013724057003855705
v 0.06415241956710813 -0.022253621369600296 -0.01063764188438654
v 0.0645312741398811 -0.018069744110107422 -0.013724057003855705
v 0.06535094231367108 -0.014864759519696236 -0.01124698854982853
v 0.06114972382783888 -0.030547473579645157 -0.014633147977292538
v 0.06289949268102643 -0.022575106471776962 -0.01718984544277191
v 0.0633728355169296 -0.0227936003357172 -0.0150150740519166
v 0.0633728355169296 -0.0227936003357172 -0.0150150740519166
v 0.06289949268102643 -0.022575106471776962 -0.01718984544277191
v 0.0634583309292793 -0.021210739389061928 -0.01614249497652054
v 0.0633728355169296 -0.0227936003357172 -0.0150150740519166
v 0.0634583309292793 -0.021210739389061928 -0.01614249497652054
v 0.06417620182037351 -0.019458122551441193 -0.014797106385231018
v 0.060553155839443186 -0.027505431324243546 -0.0209640022367239
v 0.061808280646800974 -0.025239212438464165 -0.01923493482172489
v 0.06114972382783888 -0.030547473579645157 -0.014633147977292538
v 0.06114972382783888 -0.030547473579645157 -0.014633147977292538
v 0.061808280646800974 -0.025239212438464165 -0.01923493482172489
v 0.0621916204690933 -0.024303320795297623 -0.018516501411795616
v 0.06114972382783888 -0.030547473579645157 -0.014633147977292538
v 0.0621916204690933 -0.024303320795297623 -0.018516501411795616
v 0.06289949268102643 -0.022575106471776962 -0.01718984544277191
v 0.05977918952703474 -0.02890288271009922 -0.022030223160982132
v 0.0602692663669586 -0.029697149991989136 -0.019611017778515816
v 0.05835782364010809 -0.03146925941109657 -0.023988302797079086
v 0.05835782364010809 -0.03146925941109657 -0.023988302797079086
v 0.0602692663669586 -0.029697149991989136 -0.019611017778515816
v 0.05839467421174047 -0.03733065724372864 -0.015267892740666866
v 0.05835782364010809 -0.03146925941109657 -0.023988302797079086
v 0.05839467421174047 -0.03733065724372864 -0.015267892740666866
v 0.056713029742240885 -0.03380950167775154 -0.025761794298887253
v 0.056713029742240885 -0.03380950167775154 -0.025761794298887253
v 0.05839467421174047 -0.03733065724372864 -0.015267892740666866
v 0.0544556677341461 -0.04090408235788345 -0.02276993915438652
v 0.05357484519481657 -0.03800586611032486 -0.0289357490837574
v 0.05446840450167654 -0.03700319305062294 -0.028182048350572586
v 0.0544556677341461 -0.04090408235788345 -0.02276993915438652
v 0.0544556677341461 -0.04090408235788345 -0.02276993915438652
v 0.05446840450167654 -0.03700319305062294 -0.028182048350572586
v 0.0564383417367935 -0.034200333058834076 -0.026057973504066467
v 0.0544556677341461 -0.04090408235788345 -0.02276993915438652
v 0.0564383417367935 -0.034200333058834076 -0.026057973504066467
v 0.056713029742240885 -0.03380950167775154 -0.025761794298887253
v 0.05024696514010428 -0.04174011945724487 -0.03174275532364845
v 0.051625281572341905 -0.04789675399661064 -0.019361646845936775
v 0.047047231346368776 -0.048029638826847076 -0.029431311413645744
v 0.046559363603591905 -0.04506262019276619 -0.03421596437692642
v 0.04998705163598059 -0.04203176870942116 -0.03196198493242264
v 0.047047231346368776 -0.048029638826847076 -0.029431311413645744
v 0.047047231346368776 -0.048029638826847076 -0.029431311413645744
v 0.04998705163598059 -0.04203176870942116 -0.03196198493242264
v 0.0501752272248268 -0.04182061553001404 -0.03180326148867607
v 0.047047231346368776 -0.048029638826847076 -0.029431311413645744
v 0.0501752272248268 -0.04182061553001404 -0.03180326148867607
v 0.05024696514010428 -0.04174011945724487 -0.03174275532364845
v 0.046559363603591905 -0.04506262019276619 -0.03421596437692642
v 0.047047231346368776 -0.048029638826847076 -0.029431311413645744
v 0.04507750645279883 -0.0463729128241539 -0.0351904034614563
v 0.04507750645279883 -0.0463729128241539 -0.0351904034614563
v 0.047047231346368776 -0.048029638826847076 -0.029431311413645744
v 0.043102979660034166 -0.05419088527560234 -0.027207091450691223
v 0.04507750645279883 -0.0463729128241539 -0.0351904034614563
v 0.043102979660034166 -0.05419088527560234 -0.027207091450691223
v 0.04249889403581618 -0.04818735271692276 -0.03652230650186539
v 0.04249889403581618 -0.04818735271692276 -0.03652230650186539
v 0.043102979660034166 -0.05419088527560234 -0.027207091450691223
v 0.0407467521727085 -0.057213492691516876 -0.026304064318537712
v 0.04249889403581618 -0.04818735271692276 -0.03652230650186539
v 0.0407467521727085 -0.057213492691516876 -0.026304064318537712
v 0.04026995226740836 -0.04975574463605881 -0.037673596292734146
v 0.04026995226740836 -0.04975574463605881 -0.037673596292734146
v 0.0407467521727085 -0.057213492691516876 -0.026304064318537712
v 0.038192458450794206 -0.055453822016716 -0.032843656837940216
v 0.04026995226740836 -0.04975574463605881 -0.037673596292734146
v 0.038192458450794206 -0.055453822016716 -0.032843656837940216
v 0.03816311433911322 -0.053600918501615524 -0.03546950966119766
v 0.038333423435688005 -0.06171801686286926 -0.022590776905417442
v 0.03832795843482016 -0.0615391805768013 -0.022945350036025047
v 0.0407467521727085 -0.057213492691516876 -0.026304064318537712
v 0.0407467521727085 -0.057213492691516876 -0.026304064318537712
v 0.03832795843482016 -0.0615391805768013 -0.022945350036025047
v 0.03828939795494078 -0.05980747565627098 -0.025762099772691727
v 0.0407467521727085 -0.057213492691516876 -0.026304064318537712
v 0.03828939795494078 -0.05980747565627098 -0.025762099772691727
v 0.038192458450794206 -0.055453822016716 -0.032843656837940216
v 0.0386504828929901 -0.07078804820775986 -0.0024828428868204355
v 0.038547795265912996 -0.06826356798410416 -0.008850255981087685
v 0.0412745103240013 -0.06472619622945786 -0.011497103609144688
v 0.0412745103240013 -0.06472619622945786 -0.011497103609144688
v 0.038547795265912996 -0.06826356798410416 -0.008850255981087685
v 0.038518421351909624 -0.06754139810800552 -0.01067174319177866
v 0.0412745103240013 -0.06472619622945786 -0.011497103609144688
v 0.038518421351909624 -0.06754139810800552 -0.01067174319177866
v 0.03849029168486594 -0.06684982031583786 -0.012416078709065914
v 0.03882070258259772 -0.0733618512749672 0.006421386729925871
v 0.03880437090992926 -0.07311492413282394 0.005567116662859917
v 0.04179889336228369 -0.07003806531429291 0.003898377064615488
v 0.04179889336228369 -0.07003806531429291 0.003898377064615488
v 0.03880437090992926 -0.07311492413282394 0.005567116662859917
v 0.03879519551992415 -0.07297616451978683 0.0050870804116129875
v 0.04179889336228369 -0.07003806531429291 0.003898377064615488
v 0.03879519551992415 -0.07297616451978683 0.0050870804116129875
v 0.0386504828929901 -0.07078804820775986 -0.0024828428868204355
v 0.038969203829765306 -0.07474097609519958 0.013919203542172909
v 0.0389537215232849 -0.07459720224142075 0.013137588277459145
v 0.042056422680616365 -0.0716230571269989 0.011750472709536552
v 0.042056422680616365 -0.0716230571269989 0.011750472709536552
v 0.0389537215232849 -0.07459720224142075 0.013137588277459145
v 0.03895163908600806 -0.07457786053419113 0.013032411225140095
v 0.038969203829765306 -0.07474097609519958 0.013919203542172909
v 0.042056422680616365 -0.0716230571269989 0.011750472709536552
v 0.039096992462873445 -0.07523416727781296 0.020197270438075066
v 0.039096992462873445 -0.07523416727781296 0.020197270438075066
v 0.042056422680616365 -0.0716230571269989 0.011750472709536552
v 0.042306590825319276 -0.07225123047828674 0.019633278250694275
v 0.039096992462873445 -0.07523416727781296 0.020197270438075066
v 0.042306590825319276 -0.07225123047828674 0.019633278250694275
v 0.03910567611455916 -0.07521702349185944 0.020608270540833473
v 0.03928826749324797 -0.07449539005756378 0.029216231778264046
v 0.03926620259881018 -0.07468470931053162 0.028186196461319923
v 0.04254270344972609 -0.07164909690618515 0.027407675981521606
v 0.04254270344972609 -0.07164909690618515 0.027407675981521606
v 0.03926620259881018 -0.07468470931053162 0.028186196461319923
v 0.03923360630869864 -0.07496438175439835 0.02666456066071987
v 0.04254270344972609 -0.07164909690618515 0.027407675981521606
v 0.03923360630869864 -0.07496438175439835 0.02666456066071987
v 0.042306590825319276 -0.07225123047828674 0.019633278250694275
v 0.042306590825319276 -0.07225123047828674 0.019633278250694275
v 0.03923360630869864 -0.07496438175439835 0.02666456066071987
v 0.03911884501576422 -0.07519102096557617 0.02123168297111988
v 0.042306590825319276 -0.07225123047828674 0.019633278250694275
v 0.03911884501576422 -0.07519102096557617 0.02123168297111988
v 0.03910567611455916 -0.07521702349185944 0.020608270540833473
v 0.03928826749324797 -0.07449539005756378 0.029216231778264046
v 0.04254270344972609 -0.07164909690618515 0.027407675981521606
v 0.03935129940509795 -0.07395455986261368 0.03215876966714859
v 0.03935129940509795 -0.07395455986261368 0.03215876966714859
v 0.04254270344972609 -0.07164909690618515 0.027407675981521606
v 0.04275232926011084 -0.06952137500047684 0.034788668155670166
v 0.03935129940509795 -0.07395455986261368 0.03215876966714859
v 0.04275232926011084 -0.06952137500047684 0.034788668155670166
v 0.0394238382577896 -0.07276547700166702 0.03552551940083504
v 0.039599929004907594 -0.06835903227329254 0.043524276465177536
v 0.03957259654998778 -0.06938020884990692 0.0422675758600235
v 0.0429176166653633 -0.06573514640331268 0.04133766517043114
v 0.0429176166653633 -0.06573514640331268 0.04133766517043114
v 0.03957259654998778 -0.06938020884990692 0.0422675758600235
v 0.03946752101182936 -0.0720493420958519 0.037553153932094574
v 0.0429176166653633 -0.06573514640331268 0.04133766517043114
v 0.03946752101182936 -0.0720493420958519 0.037553153932094574
v 0.04275232926011084 -0.06952137500047684 0.034788668155670166
v 0.04275232926011084 -0.06952137500047684 0.034788668155670166
v 0.03946752101182936 -0.0720493420958519 0.037553153932094574
v 0.039451625198125825 -0.07230992615222931 0.0368153378367424
v 0.04275232926011084 -0.06952137500047684 0.034788668155670166
v 0.039451625198125825 -0.07230992615222931 0.0368153378367424
v 0.0394238382577896 -0.07276547700166702 0.03552551940083504
v 0.039599929004907594 -0.06835903227329254 0.043524276465177536
v 0.0429176166653633 -0.06573514640331268 0.04133766517043114
v 0.039653599262237535 -0.06635361909866333 0.04599221423268318
v 0.039653599262237535 -0.06635361909866333 0.04599221423268318
v 0.0429176166653633 -0.06573514640331268 0.04133766517043114
v 0.043026059865951524 -0.06051211059093475 0.04665454849600792
v 0.039653599262237535 -0.06635361909866333 0.04599221423268318
v 0.043026059865951524 -0.06051211059093475 0.04665454849600792
v 0.039695329964160905 -0.06422286480665207 0.047879092395305634
v 0.04307756945490836 -0.054319437593221664 0.05060630664229393
v 0.039810378104448305 -0.05656836926937103 0.05305243656039238
v 0.03980092331767081 -0.05752735212445259 0.05262206122279167
v 0.03980092331767081 -0.05752735212445259 0.05262206122279167
v 0.03979352489113806 -0.05804984271526337 0.05229108780622482
v 0.04307756945490836 -0.054319437593221664 0.05060630664229393
v 0.04307756945490836 -0.054319437593221664 0.05060630664229393
v 0.03979352489113806 -0.05804984271526337 0.05229108780622482
v 0.039734303951263414 -0.0622328445315361 0.049641337245702744
v 0.04307756945490836 -0.054319437593221664 0.05060630664229393
v 0.039734303951263414 -0.0622328445315361 0.049641337245702744
v 0.043026059865951524 -0.06051211059093475 0.04665454849600792
v 0.043026059865951524 -0.06051211059093475 0.04665454849600792
v 0.039734303951263414 -0.0622328445315361 0.049641337245702744
v 0.039720058441162095 -0.06296008825302124 0.04899733141064644
v 0.043026059865951524 -0.06051211059093475 0.04665454849600792
v 0.039720058441162095 -0.06296008825302124 0.04899733141064644
v 0.039695329964160905 -0.06422286480665207 0.047879092395305634
v 0.04308027401566504 -0.04759998992085457 0.05330492556095123
v 0.03987105563282965 -0.049629006534814835 0.055788617581129074
v 0.039860926568508134 -0.0510958693921566 0.05534195527434349
v 0.04308027401566504 -0.04759998992085457 0.05330492556095123
v 0.039860926568508134 -0.0510958693921566 0.05534195527434349
v 0.04307756945490836 -0.054319437593221664 0.05060630664229393
v 0.04307756945490836 -0.054319437593221664 0.05060630664229393
v 0.039860926568508134 -0.0510958693921566 0.05534195527434349
v 0.03985296189785002 -0.05224939435720444 0.054990705102682114
v 0.04307756945490836 -0.054319437593221664 0.05060630664229393
v 0.03985296189785002 -0.05224939435720444 0.054990705102682114
v 0.039810378104448305 -0.05656836926937103 0.05305243656039238
v 0.04304384067654608 -0.04066496342420578 0.05496370792388916
v 0.03991031646728514 -0.04249495640397072 0.057465631514787674
v 0.039904858916997896 -0.04373592138290405 0.05724196508526802
v 0.04304384067654608 -0.04066496342420578 0.05496370792388916
v 0.039904858916997896 -0.04373592138290405 0.05724196508526802
v 0.04308027401566504 -0.04759998992085457 0.05330492556095123
v 0.04308027401566504 -0.04759998992085457 0.05330492556095123
v 0.039904858916997896 -0.04373592138290405 0.05724196508526802
v 0.03989278897643088 -0.0464809387922287 0.05674721300601959
v 0.04308027401566504 -0.04759998992085457 0.05330492556095123
v 0.03989278897643088 -0.0464809387922287 0.05674721300601959
v 0.03987105563282965 -0.049629006534814835 0.055788617581129074
v 0.0429762303829193 -0.0337037518620491 0.05580291524529457
v 0.03993016481399535 -0.03620090335607529 0.058254532516002655
v 0.04304384067654608 -0.04066496342420578 0.05496370792388916
v 0.04304384067654608 -0.04066496342420578 0.05496370792388916
v 0.03993016481399535 -0.03620090335607529 0.058254532516002655
v 0.03992432728409766 -0.039309386163949966 0.05803978443145752
v 0.04304384067654608 -0.04066496342420578 0.05496370792388916
v 0.03992432728409766 -0.039309386163949966 0.05803978443145752
v 0.03991031646728514 -0.04249495640397072 0.057465631514787674
v 0.03992975130677222 -0.022274723276495934 0.05839342996478081
v 0.03993697091937064 -0.028599541634321213 0.0585482157766819
v 0.0429762303829193 -0.0337037518620491 0.05580291524529457
v 0.03992436453700064 -0.020993273705244064 0.058262892067432404
v 0.039926223456859575 -0.021435940638184547 0.058307986706495285
v 0.04276751354336737 -0.02008596621453762 0.05574039742350578
v 0.04276751354336737 -0.02008596621453762 0.05574039742350578
v 0.039926223456859575 -0.021435940638184547 0.058307986706495285
v 0.03992975130677222 -0.022274723276495934 0.05839342996478081
v 0.03993697091937064 -0.028599541634321213 0.0585482157766819
v 0.03993979468941687 -0.03107346221804619 0.0586087591946125
v 0.0429762303829193 -0.0337037518620491 0.05580291524529457
v 0.0429762303829193 -0.0337037518620491 0.05580291524529457
v 0.03993979468941687 -0.03107346221804619 0.0586087591946125
v 0.03993175178766249 -0.03535650670528412 0.05831286683678627
v 0.0429762303829193 -0.0337037518620491 0.05580291524529457
v 0.03993175178766249 -0.03535650670528412 0.05831286683678627
v 0.03993016481399535 -0.03620090335607529 0.058254532516002655
v 0.03919521346688269 0.030161602422595024 0.04726249352097511
v 0.03953906521201132 0.015357392840087414 0.05145137012004852
v 0.041718356311321245 0.01619875058531761 0.049096234142780304
v 0.041718356311321245 0.01619875058531761 0.049096234142780304
v 0.03953906521201132 0.015357392840087414 0.05145137012004852
v 0.0395851470530033 0.013373435474932194 0.05201273411512375
v 0.041718356311321245 0.01619875058531761 0.049096234142780304
v 0.0395851470530033 0.013373435474932194 0.05201273411512375
v 0.03964973241090773 0.008984263986349106 0.05304998531937599
v 0.03979022055864333 -0.0005627545760944486 0.05530614033341408
v 0.039833627641201005 -0.0059060039930045605 0.05623050779104233
v 0.04247890785336493 -0.007152507081627846 0.05420072004199028
v 0.04247890785336493 -0.007152507081627846 0.05420072004199028
v 0.039833627641201005 -0.0059060039930045605 0.05623050779104233
v 0.03985293954610823 -0.008283581584692001 0.056641820818185806
v 0.04247890785336493 -0.007152507081627846 0.05420072004199028
v 0.03985293954610823 -0.008283581584692001 0.056641820818185806
v 0.03989021107554434 -0.012871696613729 0.05743555352091789
v 0.05977918952703474 -0.02890288271009922 -0.022030223160982132
v 0.060553155839443186 -0.027505431324243546 -0.0209640022367239
v 0.0602692663669586 -0.029697149991989136 -0.019611017778515816
v 0.0602692663669586 -0.029697149991989136 -0.019611017778515816
v 0.060553155839443186 -0.027505431324243546 -0.0209640022367239
v 0.06114972382783888 -0.030547473579645157 -0.014633147977292538
v 0.0602692663669586 -0.029697149991989136 -0.019611017778515816
v 0.06114972382783888 -0.030547473579645157 -0.014633147977292538
v 0.05839467421174047 -0.03733065724372864 -0.015267892740666866
v 0.05839467421174047 -0.03733065724372864 -0.015267892740666866
v 0.06114972382783888 -0.030547473579645157 -0.014633147977292538
v 0.055933792144060114 -0.04486117511987686 -0.010856971144676208
v 0.05839467421174047 -0.03733065724372864 -0.015267892740666866
v 0.055933792144060114 -0.04486117511987686 -0.010856971144676208
v 0.0544556677341461 -0.04090408235788345 -0.02276993915438652
v 0.0544556677341461 -0.04090408235788345 -0.02276993915438652
v 0.055933792144060114 -0.04486117511987686 -0.010856971144676208
v 0.051625281572341905 -0.04789675399661064 -0.019361646845936775
v 0.0544556677341461 -0.04090408235788345 -0.02276993915438652
v 0.051625281572341905 -0.04789675399661064 -0.019361646845936775
v 0.05357484519481657 -0.03800586611032486 -0.0289357490837574
v 0.05357484519481657 -0.03800586611032486 -0.0289357490837574
v 0.051625281572341905 -0.04789675399661064 -0.019361646845936775
v 0.05024696514010428 -0.04174011945724487 -0.03174275532364845
v 0.06272526830434796 -0.005951182916760445 0.01515077706426382
v 0.061681706458330134 0.0032524610869586468 0.01606978103518486
v 0.05700574070215223 -0.006087519694119692 0.031193342059850693
v 0.056090567260980585 0.004487927071750164 0.03067372366786003
v 0.05700574070215223 -0.006087519694119692 0.031193342059850693
v 0.05858905240893362 0.008311462588608265 0.02342216670513153
v 0.05858905240893362 0.008311462588608265 0.02342216670513153
v 0.05700574070215223 -0.006087519694119692 0.031193342059850693
v 0.061681706458330134 0.0032524610869586468 0.01606978103518486
v 0.05858905240893362 0.008311462588608265 0.02342216670513153
v 0.061681706458330134 0.0032524610869586468 0.01606978103518486
v 0.060475215315818766 0.012319149449467659 0.016047358512878418
v 0.060475215315818766 0.012319149449467659 0.016047358512878418
v 0.061681706458330134 0.0032524610869586468 0.01606978103518486
v 0.061927106231451014 0.012663185596466064 0.010373641736805439
v 0.060475215315818766 0.012319149449467659 0.016047358512878418
v 0.061927106231451014 0.012663185596466064 0.010373641736805439
v 0.06115010753273962 0.014647582545876503 0.01194982510060072
v 0.06305594742298123 0.008913817815482616 0.007406558841466904
v 0.06274317204952237 0.009952675551176071 0.008228665217757225
v 0.06304428726434705 0.008234618231654167 0.00840485654771328
v 0.06304428726434705 0.008234618231654167 0.00840485654771328
v 0.06274317204952237 0.009952675551176071 0.008228665217757225
v 0.061681706458330134 0.0032524610869586468 0.01606978103518486
v 0.06304428726434705 0.008234618231654167 0.00840485654771328
v 0.061681706458330134 0.0032524610869586468 0.01606978103518486
v 0.06421706080436704 -0.00012269325088709593 0.007382730022072792
v 0.06421706080436704 -0.00012269325088709593 0.007382730022072792
v 0.061681706458330134 0.0032524610869586468 0.01606978103518486
v 0.06272526830434796 -0.005951182916760445 0.01515077706426382
v 0.06421706080436704 -0.00012269325088709593 0.007382730022072792
v 0.06272526830434796 -0.005951182916760445 0.01515077706426382
v 0.06506182253360746 -0.008313998579978943 0.005017295014113188
v 0.06506182253360746 -0.008313998579978943 0.005017295014113188
v 0.06272526830434796 -0.005951182916760445 0.01515077706426382
v 0.0634888485074043 -0.015003244392573833 0.012688273563981056
v 0.06506182253360746 -0.008313998579978943 0.005017295014113188
v 0.0634888485074043 -0.015003244392573833 0.012688273563981056
v 0.06529147922992704 -0.012173543684184551 0.0031006322242319584
v 0.06529147922992704 -0.012173543684184551 0.0031006322242319584
v 0.0634888485074043 -0.015003244392573833 0.012688273563981056
v 0.06370213627815244 -0.019272763282060623 0.010610495693981647
v 0.06529147922992704 -0.012173543684184551 0.0031006322242319584
v 0.06370213627815244 -0.019272763282060623 0.010610495693981647
v 0.06534288823604581 -0.015694966539740562 0.0005611648666672409
v 0.06534288823604581 -0.015694966539740562 0.0005611648666672409
v 0.06370213627815244 -0.019272763282060623 0.010610495693981647
v 0.06375557184219358 -0.023163199424743652 0.007813597097992897
v 0.06534288823604581 -0.015694966539740562 0.0005611648666672409
v 0.06375557184219358 -0.023163199424743652 0.007813597097992897
v 0.06517808139324185 -0.01867588609457016 -0.0026471687015146017
v 0.06517808139324185 -0.01867588609457016 -0.0026471687015146017
v 0.06375557184219358 -0.023163199424743652 0.007813597097992897
v 0.06361069530248639 -0.026441317051649094 0.004244150593876839
v 0.06517808139324185 -0.01867588609457016 -0.0026471687015146017
v 0.06361069530248639 -0.026441317051649094 0.004244150593876839
v 0.06477415561676023 -0.020898550748825073 -0.006446728017181158
v 0.06477415561676023 -0.020898550748825073 -0.006446728017181158
v 0.06361069530248639 -0.026441317051649094 0.004244150593876839
v 0.0632439777255058 -0.028857072815299034 -9.94177480606595e-06
v 0.06477415561676023 -0.020898550748825073 -0.006446728017181158
v 0.0632439777255058 -0.028857072815299034 -9.94177480606595e-06
v 0.06415241956710813 -0.022253621369600296 -0.01063764188438654
v 0.06415241956710813 -0.022253621369600296 -0.01063764188438654
v 0.0632439777255058 -0.028857072815299034 -9.94177480606595e-06
v 0.06267522275447843 -0.030287105590105057 -0.004718851298093796
v 0.06415241956710813 -0.022253621369600296 -0.01063764188438654
v 0.06267522275447843 -0.030287105590105057 -0.004718851298093796
v 0.0633728355169296 -0.0227936003357172 -0.0150150740519166
v 0.0633728355169296 -0.0227936003357172 -0.0150150740519166
v 0.06267522275447843 -0.030287105590105057 -0.004718851298093796
v 0.06196162477135656 -0.030796054750680923 -0.009644369594752789
v 0.0633728355169296 -0.0227936003357172 -0.0150150740519166
v 0.06196162477135656 -0.030796054750680923 -0.009644369594752789
v 0.06114972382783888 -0.030547473579645157 -0.014633147977292538
v 0.03992975130677222 -0.022274723276495934 0.05839342996478081
v 0.0429762303829193 -0.0337037518620491 0.05580291524529457
v 0.04276751354336737 -0.02008596621453762 0.05574039742350578
v 0.04276751354336737 -0.02008596621453762 0.05574039742350578
v 0.0429762303829193 -0.0337037518620491 0.05580291524529457
v 0.045466311275959 -0.018361883237957954 0.052551813423633575
v 0.04276751354336737 -0.02008596621453762 0.05574039742350578
v 0.045466311275959 -0.018361883237957954 0.052551813423633575
v 0.045015655457973466 -0.00572781078517437 0.05113564804196358
v 0.03895018249750136 0.03832246735692024 0.044874753803014755
v 0.03919521346688269 0.030161602422595024 0.04726249352097511
v 0.043937444686889635 0.017208779230713844 0.04631511867046356
v 0.043937444686889635 0.017208779230713844 0.04631511867046356
v 0.03919521346688269 0.030161602422595024 0.04726249352097511
v 0.041718356311321245 0.01619875058531761 0.049096234142780304
v 0.043937444686889635 0.017208779230713844 0.04631511867046356
v 0.041718356311321245 0.01619875058531761 0.049096234142780304
v 0.04247890785336493 -0.007152507081627846 0.05420072004199028
v 0.04247890785336493 -0.007152507081627846 0.05420072004199028
v 0.041718356311321245 0.01619875058531761 0.049096234142780304
v 0.03964973241090773 0.008984263986349106 0.05304998531937599
v 0.04247890785336493 -0.007152507081627846 0.05420072004199028
v 0.03964973241090773 0.008984263986349106 0.05304998531937599
v 0.03979022055864333 -0.0005627545760944486 0.05530614033341408
v 0.04979475215077399 0.038044556975364685 0.030606942251324654
v 0.046002585440874086 0.04291626065969467 0.03453919664025307
v 0.047897633165121065 0.019392793998122215 0.040466468781232834
v 0.047897633165121065 0.019392793998122215 0.040466468781232834
v 0.046002585440874086 0.04291626065969467 0.03453919664025307
v 0.043937444686889635 0.017208779230713844 0.04631511867046356
v 0.047897633165121065 0.019392793998122215 0.040466468781232834
v 0.043937444686889635 0.017208779230713844 0.04631511867046356
v 0.045015655457973466 -0.00572781078517437 0.05113564804196358
v 0.045015655457973466 -0.00572781078517437 0.05113564804196358
v 0.043937444686889635 0.017208779230713844 0.04631511867046356
v 0.04247890785336493 -0.007152507081627846 0.05420072004199028
v 0.045015655457973466 -0.00572781078517437 0.05113564804196358
v 0.04247890785336493 -0.007152507081627846 0.05420072004199028
v 0.04276751354336737 -0.02008596621453762 0.05574039742350578
v 0.04276751354336737 -0.02008596621453762 0.05574039742350578
v 0.04247890785336493 -0.007152507081627846 0.05420072004199028
v 0.03989021107554434 -0.012871696613729 0.05743555352091789
v 0.04276751354336737 -0.02008596621453762 0.05574039742350578
v 0.03989021107554434 -0.012871696613729 0.05743555352091789
v 0.03992436453700064 -0.020993273705244064 0.058262892067432404
v 0.042056422680616365 -0.0716230571269989 0.011750472709536552
v 0.04493707418441771 -0.06813594698905945 0.009727532044053078
v 0.042306590825319276 -0.07225123047828674 0.019633278250694275
v 0.042306590825319276 -0.07225123047828674 0.019633278250694275
v 0.04493707418441771 -0.06813594698905945 0.009727532044053078
v 0.045260887593030916 -0.06875471770763397 0.01736058108508587
v 0.042306590825319276 -0.07225123047828674 0.019633278250694275
v 0.045260887593030916 -0.06875471770763397 0.01736058108508587
v 0.04254270344972609 -0.07164909690618515 0.027407675981521606
v 0.04254270344972609 -0.07164909690618515 0.027407675981521606
v 0.045260887593030916 -0.06875471770763397 0.01736058108508587
v 0.045555986464023576 -0.06818761676549911 0.024885211139917374
v 0.04254270344972609 -0.07164909690618515 0.027407675981521606
v 0.045555986464023576 -0.06818761676549911 0.024885211139917374
v 0.04275232926011084 -0.06952137500047684 0.034788668155670166
v 0.04275232926011084 -0.06952137500047684 0.034788668155670166
v 0.045555986464023576 -0.06818761676549911 0.024885211139917374
v 0.04580541700124739 -0.06615106016397476 0.03202962875366211
v 0.04275232926011084 -0.06952137500047684 0.034788668155670166
v 0.04580541700124739 -0.06615106016397476 0.03202962875366211
v 0.0429176166653633 -0.06573514640331268 0.04133766517043114
v 0.0429176166653633 -0.06573514640331268 0.04133766517043114
v 0.04580541700124739 -0.06615106016397476 0.03202962875366211
v 0.04598593711853026 -0.06251794844865799 0.03837519884109497
v 0.0429176166653633 -0.06573514640331268 0.04133766517043114
v 0.04598593711853026 -0.06251794844865799 0.03837519884109497
v 0.043026059865951524 -0.06051211059093475 0.04665454849600792
v 0.043026059865951524 -0.06051211059093475 0.04665454849600792
v 0.04598593711853026 -0.06251794844865799 0.03837519884109497
v 0.046084329485893236 -0.05749907344579697 0.04353824257850647
v 0.043026059865951524 -0.06051211059093475 0.04665454849600792
v 0.046084329485893236 -0.05749907344579697 0.04353824257850647
v 0.04307756945490836 -0.054319437593221664 0.05060630664229393
v 0.04307756945490836 -0.054319437593221664 0.05060630664229393
v 0.046084329485893236 -0.05749907344579697 0.04353824257850647
v 0.04610441625118254 -0.0515386126935482 0.047389622777700424
v 0.04307756945490836 -0.054319437593221664 0.05060630664229393
v 0.04610441625118254 -0.0515386126935482 0.047389622777700424
v 0.04308027401566504 -0.04759998992085457 0.05330492556095123
v 0.04308027401566504 -0.04759998992085457 0.05330492556095123
v 0.04610441625118254 -0.0515386126935482 0.047389622777700424
v 0.04605934023857115 -0.045057136565446854 0.050035279244184494
v 0.04308027401566504 -0.04759998992085457 0.05330492556095123
v 0.04605934023857115 -0.045057136565446854 0.050035279244184494
v 0.04304384067654608 -0.04066496342420578 0.05496370792388916
v 0.04304384067654608 -0.04066496342420578 0.05496370792388916
v 0.04605934023857115 -0.045057136565446854 0.050035279244184494
v 0.04596309736371039 -0.03835199773311615 0.05167904496192932
v 0.04304384067654608 -0.04066496342420578 0.05496370792388916
v 0.04596309736371039 -0.03835199773311615 0.05167904496192932
v 0.0429762303829193 -0.0337037518620491 0.05580291524529457
v 0.0429762303829193 -0.0337037518620491 0.05580291524529457
v 0.04596309736371039 -0.03835199773311615 0.05167904496192932
v 0.045827161520719514 -0.03160565719008446 0.05253174528479576
v 0.0429762303829193 -0.0337037518620491 0.05580291524529457
v 0.045827161520719514 -0.03160565719008446 0.05253174528479576
v 0.045466311275959 -0.018361883237957954 0.052551813423633575
v 0.0386504828929901 -0.07078804820775986 -0.0024828428868204355
v 0.0412745103240013 -0.06472619622945786 -0.011497103609144688
v 0.04179889336228369 -0.07003806531429291 0.003898377064615488
v 0.04179889336228369 -0.07003806531429291 0.003898377064615488
v 0.0412745103240013 -0.06472619622945786 -0.011497103609144688
v 0.04386944696307181 -0.06144825369119644 -0.012819184921681881
v 0.04179889336228369 -0.07003806531429291 0.003898377064615488
v 0.04386944696307181 -0.06144825369119644 -0.012819184921681881
v 0.04459409788250922 -0.0665946900844574 0.0021185921505093575
v 0.04459409788250922 -0.0665946900844574 0.0021185921505093575
v 0.04386944696307181 -0.06144825369119644 -0.012819184921681881
v 0.04815577715635298 -0.0547507181763649 -0.015979185700416565
v 0.04459409788250922 -0.0665946900844574 0.0021185921505093575
v 0.04815577715635298 -0.0547507181763649 -0.015979185700416565
v 0.0491759032011032 -0.05951901152729988 -0.002016752725467086
v 0.0491759032011032 -0.05951901152729988 -0.002016752725467086
v 0.04815577715635298 -0.0547507181763649 -0.015979185700416565
v 0.05288347601890562 -0.052264854311943054 -0.006412869319319725
v 0.0491759032011032 -0.05951901152729988 -0.002016752725467086
v 0.05288347601890562 -0.052264854311943054 -0.006412869319319725
v 0.05661774054169653 -0.04601757228374481 -0.004795558750629425
v 0.05700574070215223 -0.006087519694119692 0.031193342059850693
v 0.05780470371246336 -0.016944659873843193 0.03055616095662117
v 0.06272526830434796 -0.005951182916760445 0.01515077706426382
v 0.06272526830434796 -0.005951182916760445 0.01515077706426382
v 0.05780470371246336 -0.016944659873843193 0.03055616095662117
v 0.05813736468553541 -0.02238650806248188 0.029577184468507767
v 0.06272526830434796 -0.005951182916760445 0.01515077706426382
v 0.05813736468553541 -0.02238650806248188 0.029577184468507767
v 0.0634888485074043 -0.015003244392573833 0.012688273563981056
v 0.0634888485074043 -0.015003244392573833 0.012688273563981056
v 0.05813736468553541 -0.02238650806248188 0.029577184468507767
v 0.0584035664796829 -0.027738861739635468 0.027988743036985397
v 0.0634888485074043 -0.015003244392573833 0.012688273563981056
v 0.0584035664796829 -0.027738861739635468 0.027988743036985397
v 0.06370213627815244 -0.019272763282060623 0.010610495693981647
v 0.06370213627815244 -0.019272763282060623 0.010610495693981647
v 0.0584035664796829 -0.027738861739635468 0.027988743036985397
v 0.05857859179377554 -0.03286257013678551 0.02563590742647648
v 0.06370213627815244 -0.019272763282060623 0.010610495693981647
v 0.05857859179377554 -0.03286257013678551 0.02563590742647648
v 0.06375557184219358 -0.023163199424743652 0.007813597097992897
v 0.06375557184219358 -0.023163199424743652 0.007813597097992897
v 0.05857859179377554 -0.03286257013678551 0.02563590742647648
v 0.058631181716918924 -0.037538621574640274 0.02237039804458618
v 0.06375557184219358 -0.023163199424743652 0.007813597097992897
v 0.058631181716918924 -0.037538621574640274 0.02237039804458618
v 0.06361069530248639 -0.026441317051649094 0.004244150593876839
v 0.06361069530248639 -0.026441317051649094 0.004244150593876839
v 0.058631181716918924 -0.037538621574640274 0.02237039804458618
v 0.0585270971059799 -0.04146544262766838 0.01812068186700344
v 0.06361069530248639 -0.026441317051649094 0.004244150593876839
v 0.0585270971059799 -0.04146544262766838 0.01812068186700344
v 0.0632439777255058 -0.028857072815299034 -9.94177480606595e-06
v 0.0632439777255058 -0.028857072815299034 -9.94177480606595e-06
v 0.0585270971059799 -0.04146544262766838 0.01812068186700344
v 0.05824577808380125 -0.04432182013988495 0.012992920354008675
v 0.0632439777255058 -0.028857072815299034 -9.94177480606595e-06
v 0.05824577808380125 -0.04432182013988495 0.012992920354008675
v 0.06267522275447843 -0.030287105590105057 -0.004718851298093796
v 0.06267522275447843 -0.030287105590105057 -0.004718851298093796
v 0.05824577808380125 -0.04432182013988495 0.012992920354008675
v 0.057803884148597696 -0.04595285654067993 0.007277422584593296
v 0.06267522275447843 -0.030287105590105057 -0.004718851298093796
v 0.057803884148597696 -0.04595285654067993 0.007277422584593296
v 0.06196162477135656 -0.030796054750680923 -0.009644369594752789
v 0.06196162477135656 -0.030796054750680923 -0.009644369594752789
v 0.057803884148597696 -0.04595285654067993 0.007277422584593296
v 0.057248711585998514 -0.04644777253270149 0.0012816040543839335
v 0.06196162477135656 -0.030796054750680923 -0.009644369594752789
v 0.057248711585998514 -0.04644777253270149 0.0012816040543839335
v 0.06114972382783888 -0.030547473579645157 -0.014633147977292538
v 0.06114972382783888 -0.030547473579645157 -0.014633147977292538
v 0.057248711585998514 -0.04644777253270149 0.0012816040543839335
v 0.05661774054169653 -0.04601757228374481 -0.004795558750629425
v 0.06114972382783888 -0.030547473579645157 -0.014633147977292538
v 0.05661774054169653 -0.04601757228374481 -0.004795558750629425
v 0.055933792144060114 -0.04486117511987686 -0.010856971144676208
v 0.055933792144060114 -0.04486117511987686 -0.010856971144676208
v 0.05661774054169653 -0.04601757228374481 -0.004795558750629425
v 0.05288347601890562 -0.052264854311943054 -0.006412869319319725
v 0.055933792144060114 -0.04486117511987686 -0.010856971144676208
v 0.05288347601890562 -0.052264854311943054 -0.006412869319319725
v 0.051625281572341905 -0.04789675399661064 -0.019361646845936775
v 0.051625281572341905 -0.04789675399661064 -0.019361646845936775
v 0.05288347601890562 -0.052264854311943054 -0.006412869319319725
v 0.04815577715635298 -0.0547507181763649 -0.015979185700416565
v 0.051625281572341905 -0.04789675399661064 -0.019361646845936775
v 0.04815577715635298 -0.0547507181763649 -0.015979185700416565
v 0.047047231346368776 -0.048029638826847076 -0.029431311413645744
v 0.047047231346368776 -0.048029638826847076 -0.029431311413645744
v 0.04815577715635298 -0.0547507181763649 -0.015979185700416565
v 0.04386944696307181 -0.06144825369119644 -0.012819184921681881
v 0.047047231346368776 -0.048029638826847076 -0.029431311413645744
v 0.04386944696307181 -0.06144825369119644 -0.012819184921681881
v 0.043102979660034166 -0.05419088527560234 -0.027207091450691223
v 0.043102979660034166 -0.05419088527560234 -0.027207091450691223
v 0.04386944696307181 -0.06144825369119644 -0.012819184921681881
v 0.0412745103240013 -0.06472619622945786 -0.011497103609144688
v 0.043102979660034166 -0.05419088527560234 -0.027207091450691223
v 0.0412745103240013 -0.06472619622945786 -0.011497103609144688
v 0.0407467521727085 -0.057213492691516876 -0.026304064318537712
v 0.0407467521727085 -0.057213492691516876 -0.026304064318537712
v 0.0412745103240013 -0.06472619622945786 -0.011497103609144688
v 0.03849029168486594 -0.06684982031583786 -0.012416078709065914
v 0.0407467521727085 -0.057213492691516876 -0.026304064318537712
v 0.03849029168486594 -0.06684982031583786 -0.012416078709065914
v 0.038333423435688005 -0.06171801686286926 -0.022590776905417442
v 0.04493707418441771 -0.06813594698905945 0.009727532044053078
v 0.049648955464363084 -0.060944508761167526 0.00508915027603507
v 0.045260887593030916 -0.06875471770763397 0.01736058108508587
v 0.045260887593030916 -0.06875471770763397 0.01736058108508587
v 0.049648955464363084 -0.060944508761167526 0.00508915027603507
v 0.050087634474039064 -0.06151462346315384 0.01221396867185831
v 0.045260887593030916 -0.06875471770763397 0.01736058108508587
v 0.050087634474039064 -0.06151462346315384 0.01221396867185831
v 0.045555986464023576 -0.06818761676549911 0.024885211139917374
v 0.045555986464023576 -0.06818761676549911 0.024885211139917374
v 0.050087634474039064 -0.06151462346315384 0.01221396867185831
v 0.05047747492790221 -0.0609872005879879 0.019237421452999115
v 0.045555986464023576 -0.06818761676549911 0.024885211139917374
v 0.05047747492790221 -0.0609872005879879 0.019237421452999115
v 0.04580541700124739 -0.06615106016397476 0.03202962875366211
v 0.04580541700124739 -0.06615106016397476 0.03202962875366211
v 0.05047747492790221 -0.0609872005879879 0.019237421452999115
v 0.050793632864952074 -0.059102822095155716 0.02591286599636078
v 0.04580541700124739 -0.06615106016397476 0.03202962875366211
v 0.050793632864952074 -0.059102822095155716 0.02591286599636078
v 0.04598593711853026 -0.06251794844865799 0.03837519884109497
v 0.04598593711853026 -0.06251794844865799 0.03837519884109497
v 0.050793632864952074 -0.059102822095155716 0.02591286599636078
v 0.05100350826978682 -0.05574692785739899 0.031860023736953735
v 0.04598593711853026 -0.06251794844865799 0.03837519884109497
v 0.05100350826978682 -0.05574692785739899 0.031860023736953735
v 0.046084329485893236 -0.05749907344579697 0.04353824257850647
v 0.046084329485893236 -0.05749907344579697 0.04353824257850647
v 0.05100350826978682 -0.05574692785739899 0.031860023736953735
v 0.05109278485178946 -0.051110319793224335 0.036726996302604675
v 0.046084329485893236 -0.05749907344579697 0.04353824257850647
v 0.05109278485178946 -0.051110319793224335 0.036726996302604675
v 0.04610441625118254 -0.0515386126935482 0.047389622777700424
v 0.04610441625118254 -0.0515386126935482 0.047389622777700424
v 0.05109278485178946 -0.051110319793224335 0.036726996302604675
v 0.05107240006327628 -0.04559379816055298 0.04039200395345688
v 0.04610441625118254 -0.0515386126935482 0.047389622777700424
v 0.05107240006327628 -0.04559379816055298 0.04039200395345688
v 0.04605934023857115 -0.045057136565446854 0.050035279244184494
v 0.04605934023857115 -0.045057136565446854 0.050035279244184494
v 0.05107240006327628 -0.04559379816055298 0.04039200395345688
v 0.05096439644694327 -0.03957587853074074 0.04294883832335472
v 0.04605934023857115 -0.045057136565446854 0.050035279244184494
v 0.05096439644694327 -0.03957587853074074 0.04294883832335472
v 0.04596309736371039 -0.03835199773311615 0.05167904496192932
v 0.04596309736371039 -0.03835199773311615 0.05167904496192932
v 0.05096439644694327 -0.03957587853074074 0.04294883832335472
v 0.05078991129994391 -0.033326875418424606 0.04458227753639221
v 0.04596309736371039 -0.03835199773311615 0.05167904496192932
v 0.05078991129994391 -0.033326875418424606 0.04458227753639221
v 0.045827161520719514 -0.03160565719008446 0.05253174528479576
v 0.045827161520719514 -0.03160565719008446 0.05253174528479576
v 0.05078991129994391 -0.033326875418424606 0.04458227753639221
v 0.05056574940681456 -0.027014899998903275 0.04548413306474686
v 0.045827161520719514 -0.03160565719008446 0.05253174528479576
v 0.05056574940681456 -0.027014899998903275 0.04548413306474686
v 0.045466311275959 -0.018361883237957954 0.052551813423633575
v 0.045466311275959 -0.018361883237957954 0.052551813423633575
v 0.05056574940681456 -0.027014899998903275 0.04548413306474686
v 0.050012793391942964 -0.014550148509442806 0.0457199364900589
v 0.045466311275959 -0.018361883237957954 0.052551813423633575
v 0.050012793391942964 -0.014550148509442806 0.0457199364900589
v 0.045015655457973466 -0.00572781078517437 0.05113564804196358
v 0.045015655457973466 -0.00572781078517437 0.05113564804196358
v 0.050012793391942964 -0.014550148509442806 0.0457199364900589
v 0.04936234652996062 -0.002568846335634589 0.04460693523287773
v 0.045015655457973466 -0.00572781078517437 0.05113564804196358
v 0.04936234652996062 -0.002568846335634589 0.04460693523287773
v 0.047897633165121065 0.019392793998122215 0.040466468781232834
v 0.05378773435950277 0.031530071049928665 0.025385821238160133
v 0.05312156304717062 0.03261692076921463 0.02625688910484314
v 0.05409610271453855 0.024212036281824112 0.027908900752663612
v 0.05409610271453855 0.024212036281824112 0.027908900752663612
v 0.05312156304717062 0.03261692076921463 0.02625688910484314
v 0.047897633165121065 0.019392793998122215 0.040466468781232834
v 0.05409610271453855 0.024212036281824112 0.027908900752663612
v 0.047897633165121065 0.019392793998122215 0.040466468781232834
v 0.056090567260980585 0.004487927071750164 0.03067372366786003
v 0.056090567260980585 0.004487927071750164 0.03067372366786003
v 0.047897633165121065 0.019392793998122215 0.040466468781232834
v 0.04936234652996062 -0.002568846335634589 0.04460693523287773
v 0.056090567260980585 0.004487927071750164 0.03067372366786003
v 0.04936234652996062 -0.002568846335634589 0.04460693523287773
v 0.05700574070215223 -0.006087519694119692 0.031193342059850693
v 0.05700574070215223 -0.006087519694119692 0.031193342059850693
v 0.04936234652996062 -0.002568846335634589 0.04460693523287773
v 0.050012793391942964 -0.014550148509442806 0.0457199364900589
v 0.05700574070215223 -0.006087519694119692 0.031193342059850693
v 0.050012793391942964 -0.014550148509442806 0.0457199364900589
v 0.05780470371246336 -0.016944659873843193 0.03055616095662117
v 0.05780470371246336 -0.016944659873843193 0.03055616095662117
v 0.050012793391942964 -0.014550148509442806 0.0457199364900589
v 0.05056574940681456 -0.027014899998903275 0.04548413306474686
v 0.05780470371246336 -0.016944659873843193 0.03055616095662117
v 0.05056574940681456 -0.027014899998903275 0.04548413306474686
v 0.05813736468553541 -0.02238650806248188 0.029577184468507767
v 0.05813736468553541 -0.02238650806248188 0.029577184468507767
v 0.05056574940681456 -0.027014899998903275 0.04548413306474686
v 0.05078991129994391 -0.033326875418424606 0.04458227753639221
v 0.05813736468553541 -0.02238650806248188 0.029577184468507767
v 0.05078991129994391 -0.033326875418424606 0.04458227753639221
v 0.0584035664796829 -0.027738861739635468 0.027988743036985397
v 0.0584035664796829 -0.027738861739635468 0.027988743036985397
v 0.05078991129994391 -0.033326875418424606 0.04458227753639221
v 0.05096439644694327 -0.03957587853074074 0.04294883832335472
v 0.0584035664796829 -0.027738861739635468 0.027988743036985397
v 0.05096439644694327 -0.03957587853074074 0.04294883832335472
v 0.05857859179377554 -0.03286257013678551 0.02563590742647648
v 0.05857859179377554 -0.03286257013678551 0.02563590742647648
v 0.05096439644694327 -0.03957587853074074 0.04294883832335472
v 0.05107240006327628 -0.04559379816055298 0.04039200395345688
v 0.05857859179377554 -0.03286257013678551 0.02563590742647648
v 0.05107240006327628 -0.04559379816055298 0.04039200395345688
v 0.058631181716918924 -0.037538621574640274 0.02237039804458618
v 0.058631181716918924 -0.037538621574640274 0.02237039804458618
v 0.05107240006327628 -0.04559379816055298 0.04039200395345688
v 0.05109278485178946 -0.051110319793224335 0.036726996302604675
v 0.058631181716918924 -0.037538621574640274 0.02237039804458618
v 0.05109278485178946 -0.051110319793224335 0.036726996302604675
v 0.0585270971059799 -0.04146544262766838 0.01812068186700344
v 0.0585270971059799 -0.04146544262766838 0.01812068186700344
v 0.05109278485178946 -0.051110319793224335 0.036726996302604675
v 0.05100350826978682 -0.05574692785739899 0.031860023736953735
v 0.0585270971059799 -0.04146544262766838 0.01812068186700344
v 0.05100350826978682 -0.05574692785739899 0.031860023736953735
v 0.05824577808380125 -0.04432182013988495 0.012992920354008675
v 0.05824577808380125 -0.04432182013988495 0.012992920354008675
v 0.05100350826978682 -0.05574692785739899 0.031860023736953735
v 0.050793632864952074 -0.059102822095155716 0.02591286599636078
v 0.05824577808380125 -0.04432182013988495 0.012992920354008675
v 0.050793632864952074 -0.059102822095155716 0.02591286599636078
v 0.057803884148597696 -0.04595285654067993 0.007277422584593296
v 0.057803884148597696 -0.04595285654067993 0.007277422584593296
v 0.050793632864952074 -0.059102822095155716 0.02591286599636078
v 0.05047747492790221 -0.0609872005879879 0.019237421452999115
v 0.057803884148597696 -0.04595285654067993 0.007277422584593296
v 0.05047747492790221 -0.0609872005879879 0.019237421452999115
v 0.057248711585998514 -0.04644777253270149 0.0012816040543839335
v 0.057248711585998514 -0.04644777253270149 0.0012816040543839335
v 0.05047747492790221 -0.0609872005879879 0.019237421452999115
v 0.050087634474039064 -0.06151462346315384 0.01221396867185831
v 0.057248711585998514 -0.04644777253270149 0.0012816040543839335
v 0.050087634474039064 -0.06151462346315384 0.01221396867185831
v 0.05661774054169653 -0.04601757228374481 -0.004795558750629425
v 0.05661774054169653 -0.04601757228374481 -0.004795558750629425
v 0.050087634474039064 -0.06151462346315384 0.01221396867185831
v 0.049648955464363084 -0.060944508761167526 0.00508915027603507
v 0.05661774054169653 -0.04601757228374481 -0.004795558750629425
v 0.049648955464363084 -0.060944508761167526 0.00508915027603507
v 0.0491759032011032 -0.05951901152729988 -0.002016752725467086
v 0.0491759032011032 -0.05951901152729988 -0.002016752725467086
v 0.049648955464363084 -0.060944508761167526 0.00508915027603507
v 0.04493707418441771 -0.06813594698905945 0.009727532044053078
v 0.0491759032011032 -0.05951901152729988 -0.002016752725467086
v 0.04493707418441771 -0.06813594698905945 0.009727532044053078
v 0.04459409788250922 -0.0665946900844574 0.0021185921505093575
v 0.04459409788250922 -0.0665946900844574 0.0021185921505093575
v 0.04493707418441771 -0.06813594698905945 0.009727532044053078
v 0.042056422680616365 -0.0716230571269989 0.011750472709536552
v 0.04459409788250922 -0.0665946900844574 0.0021185921505093575
v 0.042056422680616365 -0.0716230571269989 0.011750472709536552
v 0.04179889336228369 -0.07003806531429291 0.003898377064615488
v 0.04179889336228369 -0.07003806531429291 0.003898377064615488
v 0.042056422680616365 -0.0716230571269989 0.011750472709536552
v 0.03895163908600806 -0.07457786053419113 0.013032411225140095
v 0.04179889336228369 -0.07003806531429291 0.003898377064615488
v 0.03895163908600806 -0.07457786053419113 0.013032411225140095
v 0.03882070258259772 -0.0733618512749672 0.006421386729925871
v 0.017770417034626 0.06141040846705437 0.04990207031369209
v 0.011968607082962986 0.06300266087055206 0.05133887007832527
v 0.012124358676373955 0.06462836265563965 0.052628349512815475
v -4.4073720401624565e-15 0.06404237449169159 0.05256116762757301
v 5.220540398427293e-16 0.06567753106355667 0.053850945085287094
v 0.006021988578140734 0.06389398872852325 0.052232857793569565
v 0.006021988578140734 0.06389398872852325 0.052232857793569565
v 5.220540398427293e-16 0.06567753106355667 0.053850945085287094
v 0.00610048323869705 0.06552064418792725 0.0535256564617157
v 0.006021988578140734 0.06389398872852325 0.052232857793569565
v 0.00610048323869705 0.06552064418792725 0.0535256564617157
v 0.011968607082962986 0.06300266087055206 0.05133887007832527
v 0.011968607082962986 0.06300266087055206 0.05133887007832527
v 0.00610048323869705 0.06552064418792725 0.0535256564617157
v 0.010739908553659912 0.06483343243598938 0.05283457413315773
v 0.011968607082962986 0.06300266087055206 0.05133887007832527
v 0.010739908553659912 0.06483343243598938 0.05283457413315773
v 0.012124358676373955 0.06462836265563965 0.052628349512815475
v -3.9390698111799786e-16 -0.05935513973236084 -0.04383528232574463
v 6.791399907724036e-12 -0.05808401107788086 -0.042842768132686615
v 0.001478541642427444 -0.05932429060339928 -0.043860312551259995
v 0.001478541642427444 -0.05932429060339928 -0.043860312551259995
v 6.791399907724036e-12 -0.05808401107788086 -0.042842768132686615
v 0.0043763811700046045 -0.0579286590218544 -0.04286596551537514
v 0.001478541642427444 -0.05932429060339928 -0.043860312551259995
v 0.0043763811700046045 -0.0579286590218544 -0.04286596551537514
v 0.009637861512601372 -0.05876227095723152 -0.04369235038757324
v 0.009637861512601372 -0.05876227095723152 -0.04369235038757324
v 0.0043763811700046045 -0.0579286590218544 -0.04286596551537514
v 0.013060738332569594 -0.05704173445701599 -0.04246166720986366
v 0.06447057425975797 -0.009161497466266155 -0.006762249395251274
v 0.06608442962169644 -0.008459169417619705 -0.006266733165830374
v 0.06578394025564191 -0.011676535941660404 -0.008770405314862728
v 0.034707374870777116 -0.051206812262535095 -0.03862251341342926
v 0.0381261110305786 -0.05126425623893738 -0.03878093138337135
v 0.032613459974527345 -0.05199916288256645 -0.03917201608419418
v 0.032613459974527345 -0.05199916288256645 -0.03917201608419418
v 0.0381261110305786 -0.05126425623893738 -0.03878093138337135
v 0.030851326882839192 -0.054090216755867004 -0.04074707627296448
v 0.032613459974527345 -0.05199916288256645 -0.03917201608419418
v 0.030851326882839192 -0.054090216755867004 -0.04074707627296448
v 0.02935126982629298 -0.053233593702316284 -0.040028106421232224
v 0.02935126982629298 -0.053233593702316284 -0.040028106421232224
v 0.030851326882839192 -0.054090216755867004 -0.04074707627296448
v 0.030370181426405896 -0.05423084273934364 -0.04084095358848572
v 0.02935126982629298 -0.053233593702316284 -0.040028106421232224
v 0.030370181426405896 -0.05423084273934364 -0.04084095358848572
v 0.02445318363606929 -0.054602764546871185 -0.04093501344323158
v 0.02445318363606929 -0.054602764546871185 -0.04093501344323158
v 0.030370181426405896 -0.05423084273934364 -0.04084095358848572
v 0.0230432953685522 -0.05637228488922119 -0.04227055609226227
v 0.02445318363606929 -0.054602764546871185 -0.04093501344323158
v 0.0230432953685522 -0.05637228488922119 -0.04227055609226227
v 0.021438257768750184 -0.05544552952051163 -0.041493240743875504
v 0.021438257768750184 -0.05544552952051163 -0.041493240743875504
v 0.0230432953685522 -0.05637228488922119 -0.04227055609226227
v 0.02100479789078235 -0.056820984929800034 -0.0425533801317215
v 0.021438257768750184 -0.05544552952051163 -0.041493240743875504
v 0.02100479789078235 -0.056820984929800034 -0.0425533801317215
v 0.016293322667479508 -0.05642581731081009 -0.04208798706531525
v 0.016293322667479508 -0.05642581731081009 -0.04208798706531525
v 0.02100479789078235 -0.056820984929800034 -0.0425533801317215
v 0.017730657011270516 -0.05754166841506958 -0.043007638305425644
v 0.016293322667479508 -0.05642581731081009 -0.04208798706531525
v 0.017730657011270516 -0.05754166841506958 -0.043007638305425644
v 0.013060738332569594 -0.05704173445701599 -0.04246166720986366
v 0.013060738332569594 -0.05704173445701599 -0.04246166720986366
v 0.017730657011270516 -0.05754166841506958 -0.043007638305425644
v 0.010735472664237019 -0.05859672278165817 -0.043599482625722885
v 0.013060738332569594 -0.05704173445701599 -0.04246166720986366
v 0.010735472664237019 -0.05859672278165817 -0.043599482625722885
v 0.009637861512601372 -0.05876227095723152 -0.04369235038757324
v 0.06447057425975797 -0.009161497466266155 -0.006762249395251274
v 0.06578394025564191 -0.011676535941660404 -0.008770405314862728
v 0.0638637840747833 -0.014505875296890736 -0.01091727428138256
v 0.012124358676373955 0.06462836265563965 0.052628349512815475
v 0.017978692427277558 0.06303520500659943 0.05118909850716591
v 0.017770417034626 0.06141040846705437 0.04990207031369209
v 0.017770417034626 0.06141040846705437 0.04990207031369209
v 0.017978692427277558 0.06303520500659943 0.05118909850716591
v 0.021042035892605775 0.06181468814611435 0.05013372749090195
v 0.017770417034626 0.06141040846705437 0.04990207031369209
v 0.021042035892605775 0.06181468814611435 0.05013372749090195
v 0.023351326584815972 0.059160783886909485 0.047959014773368835
v 0.034707374870777116 -0.051206812262535095 -0.03862251341342926
v 0.03680353611707686 -0.05041361227631569 -0.03807242214679718
v 0.0381261110305786 -0.05126425623893738 -0.03878093138337135
v 0.0381261110305786 -0.05126425623893738 -0.03878093138337135
v 0.03680353611707686 -0.05041361227631569 -0.03807242214679718
v 0.03760106861591338 -0.04998571425676346 -0.03776457905769348
v 0.0381261110305786 -0.05126425623893738 -0.03878093138337135
v 0.03760106861591338 -0.04998571425676346 -0.03776457905769348
v 0.04026995226740836 -0.04975574463605881 -0.037673596292734146
v 0.04026995226740836 -0.04975574463605881 -0.037673596292734146
v 0.03760106861591338 -0.04998571425676346 -0.03776457905769348
v 0.040774486958980546 -0.04777764528989792 -0.03614502772688866
v 0.04026995226740836 -0.04975574463605881 -0.037673596292734146
v 0.040774486958980546 -0.04777764528989792 -0.03614502772688866
v 0.04249889403581618 -0.04818735271692276 -0.03652230650186539
v 0.04249889403581618 -0.04818735271692276 -0.03652230650186539
v 0.040774486958980546 -0.04777764528989792 -0.03614502772688866
v 0.04101757332682608 -0.04760850593447685 -0.03602096810936928
v 0.04249889403581618 -0.04818735271692276 -0.03652230650186539
v 0.04101757332682608 -0.04760850593447685 -0.03602096810936928
v 0.04507750645279883 -0.0463729128241539 -0.0351904034614563
v 0.04507750645279883 -0.0463729128241539 -0.0351904034614563
v 0.04101757332682608 -0.04760850593447685 -0.03602096810936928
v 0.04296614602208136 -0.04625268653035164 -0.035026513040065765
v 0.04507750645279883 -0.0463729128241539 -0.0351904034614563
v 0.04296614602208136 -0.04625268653035164 -0.035026513040065765
v 0.046559363603591905 -0.04506262019276619 -0.03421596437692642
v 0.046559363603591905 -0.04506262019276619 -0.03421596437692642
v 0.04296614602208136 -0.04625268653035164 -0.035026513040065765
v 0.04556064680218695 -0.04403802007436752 -0.03338243067264557
v 0.046559363603591905 -0.04506262019276619 -0.03421596437692642
v 0.04556064680218695 -0.04403802007436752 -0.03338243067264557
v 0.04998705163598059 -0.04203176870942116 -0.03196198493242264
v 0.04998705163598059 -0.04203176870942116 -0.03196198493242264
v 0.04556064680218695 -0.04403802007436752 -0.03338243067264557
v 0.048217196017503725 -0.04177039489150047 -0.031699031591415405
v 0.04998705163598059 -0.04203176870942116 -0.03196198493242264
v 0.048217196017503725 -0.04177039489150047 -0.031699031591415405
v 0.0501752272248268 -0.04182061553001404 -0.03180326148867607
v 0.0501752272248268 -0.04182061553001404 -0.03180326148867607
v 0.048217196017503725 -0.04177039489150047 -0.031699031591415405
v 0.0489368475973606 -0.04098762199282646 -0.031111370772123337
v 0.0501752272248268 -0.04182061553001404 -0.03180326148867607
v 0.0489368475973606 -0.04098762199282646 -0.031111370772123337
v 0.05024696514010428 -0.04174011945724487 -0.03174275532364845
v 0.05024696514010428 -0.04174011945724487 -0.03174275532364845
v 0.0489368475973606 -0.04098762199282646 -0.031111370772123337
v 0.05255664139986036 -0.03705032914876938 -0.02815547026693821
v 0.06578394025564191 -0.011676535941660404 -0.008770405314862728
v 0.06556396931409833 -0.01403181441128254 -0.0106032220646739
v 0.0638637840747833 -0.014505875296890736 -0.01091727428138256
v 0.0638637840747833 -0.014505875296890736 -0.01091727428138256
v 0.06556396931409833 -0.01403181441128254 -0.0106032220646739
v 0.06535094231367108 -0.014864759519696236 -0.01124698854982853
v 0.0638637840747833 -0.014505875296890736 -0.01091727428138256
v 0.06535094231367108 -0.014864759519696236 -0.01124698854982853
v 0.0635128319263458 -0.015764564275741577 -0.0118890181183815
v 0.0635128319263458 -0.015764564275741577 -0.0118890181183815
v 0.06535094231367108 -0.014864759519696236 -0.01124698854982853
v 0.0645312741398811 -0.018069744110107422 -0.013724057003855705
v 0.0635128319263458 -0.015764564275741577 -0.0118890181183815
v 0.0645312741398811 -0.018069744110107422 -0.013724057003855705
v 0.06231068447232244 -0.020076073706150055 -0.015217623673379421
v 0.06231068447232244 -0.020076073706150055 -0.015217623673379421
v 0.0645312741398811 -0.018069744110107422 -0.013724057003855705
v 0.06417620182037351 -0.019458122551441193 -0.014797106385231018
v 0.057501621544361094 -0.029854638502001762 -0.02269766852259636
v 0.05835782364010809 -0.03146925941109657 -0.023988302797079086
v 0.05710105225443838 -0.030557187274098396 -0.023233233019709587
v 0.05710105225443838 -0.030557187274098396 -0.023233233019709587
v 0.05835782364010809 -0.03146925941109657 -0.023988302797079086
v 0.05650866404175756 -0.03159617260098457 -0.024025265127420425
v 0.04979475215077399 0.038044556975364685 0.030606942251324654
v 0.04868574813008307 0.03686798736453056 0.029724890366196632
v 0.046002585440874086 0.04291626065969467 0.03453919664025307
v 0.046002585440874086 0.04291626065969467 0.03453919664025307
v 0.04868574813008307 0.03686798736453056 0.029724890366196632
v 0.046335425227880464 0.03994613140821457 0.0322079136967659
v 0.038727268576621995 0.048573579639196396 0.03920084610581398
v 0.03776391595602034 0.04959803447127342 0.04003318026661873
v 0.03856776282191275 0.051059164106845856 0.041148193180561066
v 0.03856776282191275 0.051059164106845856 0.041148193180561066
v 0.03776391595602034 0.04959803447127342 0.04003318026661873
v 0.03762067481875418 0.04975036159157753 0.04015694186091423
v 0.03856776282191275 0.051059164106845856 0.041148193180561066
v 0.03762067481875418 0.04975036159157753 0.04015694186091423
v 0.03727914392948149 0.05006524175405502 0.040414389222860336
v 0.03572503849864005 0.05132611095905304 0.04145107418298721
v 0.035358421504497514 0.05162355303764343 0.04169562831521034
v 0.036399941891431795 0.052795037627220154 0.04257645085453987
v 0.05835782364010809 -0.03146925941109657 -0.023988302797079086
v 0.056713029742240885 -0.03380950167775154 -0.025761794298887253
v 0.05650866404175756 -0.03159617260098457 -0.024025265127420425
v 0.05650866404175756 -0.03159617260098457 -0.024025265127420425
v 0.056713029742240885 -0.03380950167775154 -0.025761794298887253
v 0.0564383417367935 -0.034200333058834076 -0.026057973504066467
v 0.05650866404175756 -0.03159617260098457 -0.024025265127420425
v 0.0564383417367935 -0.034200333058834076 -0.026057973504066467
v 0.05264472588896749 -0.03692876547574997 -0.028063416481018066
v 0.05264472588896749 -0.03692876547574997 -0.028063416481018066
v 0.0564383417367935 -0.034200333058834076 -0.026057973504066467
v 0.05446840450167654 -0.03700319305062294 -0.028182048350572586
v 0.05264472588896749 -0.03692876547574997 -0.028063416481018066
v 0.05446840450167654 -0.03700319305062294 -0.028182048350572586
v 0.05255664139986036 -0.03705032914876938 -0.02815547026693821
v 0.05255664139986036 -0.03705032914876938 -0.02815547026693821
v 0.05446840450167654 -0.03700319305062294 -0.028182048350572586
v 0.05357484519481657 -0.03800586611032486 -0.0289357490837574
v 0.05255664139986036 -0.03705032914876938 -0.02815547026693821
v 0.05357484519481657 -0.03800586611032486 -0.0289357490837574
v 0.05024696514010428 -0.04174011945724487 -0.03174275532364845
v 0.06417620182037351 -0.019458122551441193 -0.014797106385231018
v 0.0634583309292793 -0.021210739389061928 -0.01614249497652054
v 0.06231068447232244 -0.020076073706150055 -0.015217623673379421
v 0.06231068447232244 -0.020076073706150055 -0.015217623673379421
v 0.0634583309292793 -0.021210739389061928 -0.01614249497652054
v 0.06289949268102643 -0.022575106471776962 -0.01718984544277191
v 0.06231068447232244 -0.020076073706150055 -0.015217623673379421
v 0.06289949268102643 -0.022575106471776962 -0.01718984544277191
v 0.059928011149167994 -0.025599006563425064 -0.019453546032309532
v 0.059928011149167994 -0.025599006563425064 -0.019453546032309532
v 0.06289949268102643 -0.022575106471776962 -0.01718984544277191
v 0.0621916204690933 -0.024303320795297623 -0.018516501411795616
v 0.05466464161872862 0.026082128286361694 0.021099140867590904
v 0.05265314504504202 0.030305305495858192 0.02446533367037773
v 0.05378773435950277 0.031530071049928665 0.025385821238160133
v 0.05378773435950277 0.031530071049928665 0.025385821238160133
v 0.05265314504504202 0.030305305495858192 0.02446533367037773
v 0.05312156304717062 0.03261692076921463 0.02625688910484314
v 0.05312156304717062 0.03261692076921463 0.02625688910484314
v 0.05265314504504202 0.030305305495858192 0.02446533367037773
v 0.05101065710186957 0.033022232353687286 0.026642773300409317
v 0.05312156304717062 0.03261692076921463 0.02625688910484314
v 0.05101065710186957 0.033022232353687286 0.026642773300409317
v 0.04979475215077399 0.038044556975364685 0.030606942251324654
v 0.04979475215077399 0.038044556975364685 0.030606942251324654
v 0.05101065710186957 0.033022232353687286 0.026642773300409317
v 0.048975825309753404 0.036388151347637177 0.029340336099267006
v 0.04979475215077399 0.038044556975364685 0.030606942251324654
v 0.048975825309753404 0.036388151347637177 0.029340336099267006
v 0.04868574813008307 0.03686798736453056 0.029724890366196632
v 0.0621916204690933 -0.024303320795297623 -0.018516501411795616
v 0.061808280646800974 -0.025239212438464165 -0.01923493482172489
v 0.059928011149167994 -0.025599006563425064 -0.019453546032309532
v 0.059928011149167994 -0.025599006563425064 -0.019453546032309532
v 0.061808280646800974 -0.025239212438464165 -0.01923493482172489
v 0.060553155839443186 -0.027505431324243546 -0.0209640022367239
v 0.059928011149167994 -0.025599006563425064 -0.019453546032309532
v 0.060553155839443186 -0.027505431324243546 -0.0209640022367239
v 0.057501621544361094 -0.029854638502001762 -0.02269766852259636
v 0.057501621544361094 -0.029854638502001762 -0.02269766852259636
v 0.060553155839443186 -0.027505431324243546 -0.0209640022367239
v 0.05977918952703474 -0.02890288271009922 -0.022030223160982132
v 0.057501621544361094 -0.029854638502001762 -0.02269766852259636
v 0.05977918952703474 -0.02890288271009922 -0.022030223160982132
v 0.05835782364010809 -0.03146925941109657 -0.023988302797079086
v 0.06316399574279782 0.002944991225376725 0.002739972434937954
v 0.06095645949244497 0.01060398854315281 0.008797100745141506
v 0.06305594742298123 0.008913817815482616 0.007406558841466904
v 0.046335425227880464 0.03994613140821457 0.0322079136967659
v 0.04489909112453459 0.0418272502720356 0.03372534364461899
v 0.046002585440874086 0.04291626065969467 0.03453919664025307
v 0.046002585440874086 0.04291626065969467 0.03453919664025307
v 0.04489909112453459 0.0418272502720356 0.03372534364461899
v 0.044155742973089204 0.042800795286893845 0.03451066091656685
v 0.046002585440874086 0.04291626065969467 0.03453919664025307
v 0.044155742973089204 0.042800795286893845 0.03451066091656685
v 0.044710867106914506 0.04457569494843483 0.035878632217645645
v 0.044710867106914506 0.04457569494843483 0.035878632217645645
v 0.044155742973089204 0.042800795286893845 0.03451066091656685
v 0.04359062388539313 0.04340175911784172 0.034998923540115356
v 0.044710867106914506 0.04457569494843483 0.035878632217645645
v 0.04359062388539313 0.04340175911784172 0.034998923540115356
v 0.04216447845101355 0.047263167798519135 0.0380629263818264
v 0.04359062388539313 0.04340175911784172 0.034998923540115356
v 0.04082188010215758 0.046346113085746765 0.03739110752940178
v 0.04216447845101355 0.047263167798519135 0.0380629263818264
v 0.04216447845101355 0.047263167798519135 0.0380629263818264
v 0.04082188010215758 0.046346113085746765 0.03739110752940178
v 0.040348384529352174 0.04684964194893837 0.03780020773410797
v 0.04216447845101355 0.047263167798519135 0.0380629263818264
v 0.040348384529352174 0.04684964194893837 0.03780020773410797
v 0.03856776282191275 0.051059164106845856 0.041148193180561066
v 0.03856776282191275 0.051059164106845856 0.041148193180561066
v 0.040348384529352174 0.04684964194893837 0.03780020773410797
v 0.03878322988748549 0.048514071851968765 0.03915249928832054
v 0.03856776282191275 0.051059164106845856 0.041148193180561066
v 0.03878322988748549 0.048514071851968765 0.03915249928832054
v 0.038727268576621995 0.048573579639196396 0.03920084610581398
v 0.06305594742298123 0.008913817815482616 0.007406558841466904
v 0.06459067761898038 0.0038163173012435436 0.0033726240508258343
v 0.06316399574279782 0.002944991225376725 0.002739972434937954
v 0.06316399574279782 0.002944991225376725 0.002739972434937954
v 0.06459067761898038 0.0038163173012435436 0.0033726240508258343
v 0.06468974798917768 0.0032905107364058495 0.002958582481369376
v 0.06316399574279782 0.002944991225376725 0.002739972434937954
v 0.06468974798917768 0.0032905107364058495 0.002958582481369376
v 0.06398276984691617 -0.0017617406556382775 -0.0009645652608014643
v 0.06398276984691617 -0.0017617406556382775 -0.0009645652608014643
v 0.06468974798917768 0.0032905107364058495 0.002958582481369376
v 0.06577483564615247 -0.002468549180775881 -0.0015763373812660575
v 0.06398276984691617 -0.0017617406556382775 -0.0009645652608014643
v 0.06577483564615247 -0.002468549180775881 -0.0015763373812660575
v 0.06426315009593961 -0.003373491344973445 -0.00223312946036458
v 0.06426315009593961 -0.003373491344973445 -0.00223312946036458
v 0.06577483564615247 -0.002468549180775881 -0.0015763373812660575
v 0.06594242155551908 -0.00541234016418457 -0.003881707089021802
v 0.06426315009593961 -0.003373491344973445 -0.00223312946036458
v 0.06594242155551908 -0.00541234016418457 -0.003881707089021802
v 0.06447057425975797 -0.009161497466266155 -0.006762249395251274
v 0.06447057425975797 -0.009161497466266155 -0.006762249395251274
v 0.06594242155551908 -0.00541234016418457 -0.003881707089021802
v 0.06610395759344098 -0.008250038139522076 -0.00610399292781949
v 0.06447057425975797 -0.009161497466266155 -0.006762249395251274
v 0.06610395759344098 -0.008250038139522076 -0.00610399292781949
v 0.06608442962169644 -0.008459169417619705 -0.006266733165830374
v 0.05378773435950277 0.031530071049928665 0.025385821238160133
v 0.05612555146217344 0.026739155873656273 0.021564217284321785
v 0.05466464161872862 0.026082128286361694 0.021099140867590904
v 0.05466464161872862 0.026082128286361694 0.021099140867590904
v 0.05612555146217344 0.026739155873656273 0.021564217284321785
v 0.05632879212498663 0.02632264792919159 0.02123197726905346
v 0.05466464161872862 0.026082128286361694 0.021099140867590904
v 0.05632879212498663 0.02632264792919159 0.02123197726905346
v 0.05678328499197958 0.021633997559547424 0.01755364239215851
v 0.05678328499197958 0.021633997559547424 0.01755364239215851
v 0.05632879212498663 0.02632264792919159 0.02123197726905346
v 0.057593513280153254 0.023730842396616936 0.0191645547747612
v 0.05678328499197958 0.021633997559547424 0.01755364239215851
v 0.057593513280153254 0.023730842396616936 0.0191645547747612
v 0.05712689086794851 0.02072582021355629 0.016832655295729637
v 0.05712689086794851 0.02072582021355629 0.016832655295729637
v 0.057593513280153254 0.023730842396616936 0.0191645547747612
v 0.05951071158051489 0.018834464251995087 0.01527541782706976
v 0.05712689086794851 0.02072582021355629 0.016832655295729637
v 0.05951071158051489 0.018834464251995087 0.01527541782706976
v 0.06036147475242613 0.0121765760704875 0.010045552626252174
v 0.05951071158051489 0.018834464251995087 0.01527541782706976
v 0.06115010753273962 0.014647582545876503 0.01194982510060072
v 0.06036147475242613 0.0121765760704875 0.010045552626252174
v 0.06036147475242613 0.0121765760704875 0.010045552626252174
v 0.06115010753273962 0.014647582545876503 0.01194982510060072
v 0.061927106231451014 0.012663185596466064 0.010373641736805439
v 0.06036147475242613 0.0121765760704875 0.010045552626252174
v 0.061927106231451014 0.012663185596466064 0.010373641736805439
v 0.06095645949244497 0.01060398854315281 0.008797100745141506
v 0.06095645949244497 0.01060398854315281 0.008797100745141506
v 0.061927106231451014 0.012663185596466064 0.010373641736805439
v 0.06274317204952237 0.009952675551176071 0.008228665217757225
v 0.06095645949244497 0.01060398854315281 0.008797100745141506
v 0.06274317204952237 0.009952675551176071 0.008228665217757225
v 0.06305594742298123 0.008913817815482616 0.007406558841466904
v 0.03372110798954962 0.052871204912662506 0.042713798582553864
v 0.03368285298347472 0.05290035530924797 0.04273758456110954
v 0.03487641736865042 0.05401499569416046 0.04358021914958954
v 0.03487641736865042 0.05401499569416046 0.04358021914958954
v 0.03368285298347472 0.05290035530924797 0.04273758456110954
v 0.033580165356397615 0.05297860503196716 0.04280144348740578
v 0.03487641736865042 0.05401499569416046 0.04358021914958954
v 0.033580165356397615 0.05297860503196716 0.04280144348740578
v 0.03355515375733374 0.052997663617134094 0.042816996574401855
v 0.03727914392948149 0.05006524175405502 0.040414389222860336
v 0.03699509054422377 0.05029569938778877 0.0406038723886013
v 0.03856776282191275 0.051059164106845856 0.041148193180561066
v 0.03856776282191275 0.051059164106845856 0.041148193180561066
v 0.03699509054422377 0.05029569938778877 0.0406038723886013
v 0.03674448654055594 0.05049901455640793 0.040771037340164185
v 0.03856776282191275 0.051059164106845856 0.041148193180561066
v 0.03674448654055594 0.05049901455640793 0.040771037340164185
v 0.036399941891431795 0.052795037627220154 0.04257645085453987
v 0.036399941891431795 0.052795037627220154 0.04257645085453987
v 0.03674448654055594 0.05049901455640793 0.040771037340164185
v 0.035937476903200136 0.0511537566781044 0.04130936414003372
v 0.036399941891431795 0.052795037627220154 0.04257645085453987
v 0.035937476903200136 0.0511537566781044 0.04130936414003372
v 0.03572503849864005 0.05132611095905304 0.04145107418298721
v 0.021042035892605775 0.06181468814611435 0.05013372749090195
v 0.023660400882363312 0.06077146157622337 0.04923165962100029
v 0.023351326584815972 0.059160783886909485 0.047959014773368835
v 0.023351326584815972 0.059160783886909485 0.047959014773368835
v 0.023660400882363312 0.06077146157622337 0.04923165962100029
v 0.02937900461256503 0.057725533843040466 0.04666189104318619
v 0.023351326584815972 0.059160783886909485 0.047959014773368835
v 0.02937900461256503 0.057725533843040466 0.04666189104318619
v 0.029002005234360684 0.0561220645904541 0.04539712890982628
v 0.029002005234360684 0.0561220645904541 0.04539712890982628
v 0.02937900461256503 0.057725533843040466 0.04666189104318619
v 0.03054000809788703 0.05694190412759781 0.0460110679268837
v 0.029002005234360684 0.0561220645904541 0.04539712890982628
v 0.03054000809788703 0.05694190412759781 0.0460110679268837
v 0.033224198967218385 0.05330333486199379 0.043066851794719696
v 0.033224198967218385 0.05330333486199379 0.043066851794719696
v 0.03054000809788703 0.05694190412759781 0.0460110679268837
v 0.03487641736865042 0.05401499569416046 0.04358021914958954
v 0.033224198967218385 0.05330333486199379 0.043066851794719696
v 0.03487641736865042 0.05401499569416046 0.04358021914958954
v 0.03344756364822386 0.053079649806022644 0.04288390278816223
v 0.03344756364822386 0.053079649806022644 0.04288390278816223
v 0.03487641736865042 0.05401499569416046 0.04358021914958954
v 0.03355515375733374 0.052997663617134094 0.042816996574401855
v 0.035358421504497514 0.05162355303764343 0.04169562831521034
v 0.03484835475683211 0.052012231200933456 0.042012814432382584
v 0.036399941891431795 0.052795037627220154 0.04257645085453987
v 0.036399941891431795 0.052795037627220154 0.04257645085453987
v 0.03484835475683211 0.052012231200933456 0.042012814432382584
v 0.03470431268215178 0.05212199315428734 0.0421023890376091
v 0.036399941891431795 0.052795037627220154 0.04257645085453987
v 0.03470431268215178 0.05212199315428734 0.0421023890376091
v 0.03487641736865042 0.05401499569416046 0.04358021914958954
v 0.03487641736865042 0.05401499569416046 0.04358021914958954
v 0.03470431268215178 0.05212199315428734 0.0421023890376091
v 0.034193590283393846 0.052511170506477356 0.04241998493671417
v 0.03487641736865042 0.05401499569416046 0.04358021914958954
v 0.034193590283393846 0.052511170506477356 0.04241998493671417
v 0.03372110798954962 0.052871204912662506 0.042713798582553864
v -2.3495995264966032e-06 0.020586349070072174 0.06249173358082771
v -2.3659526959818314e-06 0.004930966068059206 0.06488227844238281
v 0.011124668642878529 0.00520599028095603 0.0640568882226944
v 0.039653599262237535 -0.06635361909866333 0.04599221423268318
v 0.039695329964160905 -0.06422286480665207 0.047879092395305634
v 0.03152125328779219 -0.06732511520385742 0.05053122714161873
v -0.008924105204641816 0.0651940107345581 0.053176626563072205
v -0.010738646611571308 0.06481501460075378 0.052820224314928055
v -0.010950608178973194 0.03630326688289642 0.058581821620464325
v -0.026673218235373487 0.05926492065191269 0.0479545034468174
v -0.030536290258169164 0.05691792815923691 0.04599246382713318
v -0.030662041157484044 0.052435774356126785 0.047100525349378586
v -0.03980310633778571 -0.057264797389507294 0.0527619831264019
v -0.03979232907295226 -0.05804235115647316 0.05227810516953468
v -0.03159663826227187 -0.060911502689123154 0.054829880595207214
v -0.033766057342290864 -0.05304862558841705 -0.04003015160560608
v -0.030338723212480535 -0.05416154861450195 -0.0407857708632946
v -0.030425842851400365 -0.05894303694367409 -0.03395557031035423
v -0.02556722424924373 -0.05571094527840614 -0.04183773323893547
v -0.020989483222365372 -0.05676531791687012 -0.042509377002716064
v -0.021058136597275727 -0.0631583109498024 -0.03272630274295807
v -0.017103912308812134 -0.05766025930643082 -0.04307946562767029
v -0.010734336450695988 -0.058567654341459274 -0.04357673600316048
v -0.010772176086902615 -0.06577307730913162 -0.03194984421133995
v 0.017730657011270516 -0.05754166841506958 -0.043007638305425644
v 0.02100479789078235 -0.056820984929800034 -0.0425533801317215
v 0.02105396054685115 -0.06315980851650238 -0.03272585570812225
v 0.0381261110305786 -0.05126425623893738 -0.03878093138337135
v 0.03816311433911322 -0.053600918501615524 -0.03546950966119766
v 0.030851326882839192 -0.054090216755867004 -0.04074707627296448
v 0.030851326882839192 -0.054090216755867004 -0.04074707627296448
v 0.03816311433911322 -0.053600918501615524 -0.03546950966119766
v 0.030422132462263097 -0.058945201337337494 -0.03395494073629379
v 0.030851326882839192 -0.054090216755867004 -0.04074707627296448
v 0.030422132462263097 -0.058945201337337494 -0.03395494073629379
v 0.030370181426405896 -0.05423084273934364 -0.04084095358848572
v 0.030370181426405896 -0.05423084273934364 -0.04084095358848572
v 0.030422132462263097 -0.058945201337337494 -0.03395494073629379
v 0.0230432953685522 -0.05637228488922119 -0.04227055609226227
v -2.276120767419342e-06 -0.05935501307249069 -0.04383525624871254
v -3.9390698111799786e-16 -0.05935513973236084 -0.04383528232574463
v 0.010767699219286438 -0.0657738447189331 -0.03194960951805115
v -3.9390698111799786e-16 -0.05935513973236084 -0.04383528232574463
v 0.001478541642427444 -0.05932429060339928 -0.043860312551259995
v 0.010767699219286438 -0.0657738447189331 -0.03194960951805115
v 0.010767699219286438 -0.0657738447189331 -0.03194960951805115
v 0.001478541642427444 -0.05932429060339928 -0.043860312551259995
v 0.009637861512601372 -0.05876227095723152 -0.04369235038757324
v 0.010767699219286438 -0.0657738447189331 -0.03194960951805115
v 0.009637861512601372 -0.05876227095723152 -0.04369235038757324
v 0.010735472664237019 -0.05859672278165817 -0.043599482625722885
v -0.03812598064541815 -0.051264289766550064 -0.03878096118569374
v -0.033766057342290864 -0.05304862558841705 -0.04003015160560608
v -0.03816481307148932 -0.053566571325063705 -0.03544662520289421
v -0.03816481307148932 -0.053566571325063705 -0.03544662520289421
v -0.033766057342290864 -0.05304862558841705 -0.04003015160560608
v -0.030425842851400365 -0.05894303694367409 -0.03395557031035423
v -0.03816481307148932 -0.053566571325063705 -0.03544662520289421
v -0.030425842851400365 -0.05894303694367409 -0.03395557031035423
v -0.03822545334696768 -0.05716211348772049 -0.030239293351769447
v -0.030690113082528104 -0.07349638640880585 -0.0067191822454333305
v -0.038553781807422624 -0.06830143928527832 -0.008870619349181652
v -0.03851930797100066 -0.06752561032772064 -0.0108753377571702
v -0.030690113082528104 -0.07349638640880585 -0.0067191822454333305
v -0.03851930797100066 -0.06752561032772064 -0.0108753377571702
v -0.030539283528923978 -0.06689518690109253 -0.020698009058833122
v -0.03851930797100066 -0.06752561032772064 -0.0108753377571702
v -0.038356747478246675 -0.0626145750284195 -0.02098965086042881
v -0.030539283528923978 -0.06689518690109253 -0.020698009058833122
v -0.030539283528923978 -0.06689518690109253 -0.020698009058833122
v -0.038356747478246675 -0.0626145750284195 -0.02098965086042881
v -0.03833433240652083 -0.0616837777197361 -0.02256866917014122
v -0.030539283528923978 -0.06689518690109253 -0.020698009058833122
v -0.03833433240652083 -0.0616837777197361 -0.02256866917014122
v -0.030425842851400365 -0.05894303694367409 -0.03395557031035423
v -0.030425842851400365 -0.05894303694367409 -0.03395557031035423
v -0.03833433240652083 -0.0616837777197361 -0.02256866917014122
v -0.038289025425910936 -0.0598021037876606 -0.025760773569345474
v -0.030425842851400365 -0.05894303694367409 -0.03395557031035423
v -0.038289025425910936 -0.0598021037876606 -0.025760773569345474
v -0.03822545334696768 -0.05716211348772049 -0.030239293351769447
v -0.03087468445301055 -0.07814574241638184 0.008013744838535786
v -0.038807924836873994 -0.07313138991594315 0.005559997633099556
v -0.030778340995311727 -0.07611610740423203 0.0005551876965910196
v -0.030778340995311727 -0.07611610740423203 0.0005551876965910196
v -0.038807924836873994 -0.07313138991594315 0.005559997633099556
v -0.03879931941628455 -0.0729912742972374 0.0050805117934942245
v -0.030778340995311727 -0.07611610740423203 0.0005551876965910196
v -0.03879931941628455 -0.0729912742972374 0.0050805117934942245
v -0.030690113082528104 -0.07349638640880585 -0.0067191822454333305
v -0.030690113082528104 -0.07349638640880585 -0.0067191822454333305
v -0.03879931941628455 -0.0729912742972374 0.0050805117934942245
v -0.03866498917341231 -0.07080413401126862 -0.002403796184808016
v -0.030690113082528104 -0.07349638640880585 -0.0067191822454333305
v -0.03866498917341231 -0.07080413401126862 -0.002403796184808016
v -0.038553781807422624 -0.06830143928527832 -0.008870619349181652
v -0.031089980155229558 -0.07977733016014099 0.02334326133131981
v -0.039106708019971834 -0.0751977488398552 0.020611969754099846
v -0.030978810042142858 -0.07943462580442429 0.0156314168125391
v -0.030978810042142858 -0.07943462580442429 0.0156314168125391
v -0.039106708019971834 -0.0751977488398552 0.020611969754099846
v -0.03897871449589728 -0.0748002827167511 0.014389345422387123
v -0.03897871449589728 -0.0748002827167511 0.014389345422387123
v -0.03895450010895728 -0.07457099109888077 0.01314209308475256
v -0.030978810042142858 -0.07943462580442429 0.0156314168125391
v -0.030978810042142858 -0.07943462580442429 0.0156314168125391
v -0.03895450010895728 -0.07457099109888077 0.01314209308475256
v -0.03895246237516402 -0.07455167174339294 0.013036994263529778
v -0.030978810042142858 -0.07943462580442429 0.0156314168125391
v -0.03895246237516402 -0.07455167174339294 0.013036994263529778
v -0.03087468445301055 -0.07814574241638184 0.008013744838535786
v -0.03087468445301055 -0.07814574241638184 0.008013744838535786
v -0.03895246237516402 -0.07455167174339294 0.013036994263529778
v -0.03881549835205077 -0.07325468212366104 0.005981889553368092
v -0.03087468445301055 -0.07814574241638184 0.008013744838535786
v -0.03881549835205077 -0.07325468212366104 0.005981889553368092
v -0.038807924836873994 -0.07313138991594315 0.005559997633099556
v -0.039288744330406175 -0.07450775057077408 0.029217569157481194
v -0.03926683217287062 -0.07470536977052689 0.028189335018396378
v -0.03120623528957366 -0.07891561090946198 0.031005436554551125
v -0.03120623528957366 -0.07891561090946198 0.031005436554551125
v -0.03926683217287062 -0.07470536977052689 0.028189335018396378
v -0.039244323968887315 -0.07490839809179306 0.027132997289299965
v -0.03120623528957366 -0.07891561090946198 0.031005436554551125
v -0.039244323968887315 -0.07490839809179306 0.027132997289299965
v -0.031089980155229558 -0.07977733016014099 0.02334326133131981
v -0.031089980155229558 -0.07977733016014099 0.02334326133131981
v -0.039244323968887315 -0.07490839809179306 0.027132997289299965
v -0.03912297263741492 -0.07524826377630234 0.021402830258011818
v -0.031089980155229558 -0.07977733016014099 0.02334326133131981
v -0.03912297263741492 -0.07524826377630234 0.021402830258011818
v -0.039106708019971834 -0.0751977488398552 0.020611969754099846
v -0.03946062177419661 -0.07219371944665909 0.03723112866282463
v -0.03945186361670493 -0.07233601063489914 0.036824531853199005
v -0.03132303431630133 -0.07659002393484116 0.038348134607076645
v -0.03132303431630133 -0.07659002393484116 0.038348134607076645
v -0.03945186361670493 -0.07233601063489914 0.036824531853199005
v -0.039424061775207506 -0.07278779149055481 0.0355335958302021
v -0.03132303431630133 -0.07659002393484116 0.038348134607076645
v -0.039424061775207506 -0.07278779149055481 0.0355335958302021
v -0.03120623528957366 -0.07891561090946198 0.031005436554551125
v -0.03120623528957366 -0.07891561090946198 0.031005436554551125
v -0.039424061775207506 -0.07278779149055481 0.0355335958302021
v -0.039354987442493425 -0.07391031086444855 0.03232609108090401
v -0.03120623528957366 -0.07891561090946198 0.031005436554551125
v -0.039354987442493425 -0.07391031086444855 0.03232609108090401
v -0.039288744330406175 -0.07450775057077408 0.029217569157481194
v -0.03946062177419661 -0.07219371944665909 0.03723112866282463
v -0.03132303431630133 -0.07659002393484116 0.038348134607076645
v -0.03957320749759673 -0.06947748363018036 0.04211992397904396
v -0.03957320749759673 -0.06947748363018036 0.04211992397904396
v -0.03132303431630133 -0.07659002393484116 0.038348134607076645
v -0.0314323492348194 -0.07267560809850693 0.04498046264052391
v -0.03957320749759673 -0.06947748363018036 0.04211992397904396
v -0.0314323492348194 -0.07267560809850693 0.04498046264052391
v -0.03960211575031279 -0.06833792477846146 0.043506331741809845
v -0.03960211575031279 -0.06833792477846146 0.043506331741809845
v -0.0314323492348194 -0.07267560809850693 0.04498046264052391
v -0.03152512758970259 -0.06732392311096191 0.050530195236206055
v -0.03960211575031279 -0.06833792477846146 0.043506331741809845
v -0.03152512758970259 -0.06732392311096191 0.050530195236206055
v -0.039662346243858324 -0.06596356630325317 0.04639502614736557
v -0.03979232907295226 -0.05804235115647316 0.05227810516953468
v -0.03973756358027457 -0.06199425458908081 0.049818798899650574
v -0.03159663826227187 -0.060911502689123154 0.054829880595207214
v -0.03159663826227187 -0.060911502689123154 0.054829880595207214
v -0.03973756358027457 -0.06199425458908081 0.049818798899650574
v -0.039719354361295686 -0.0629551112651825 0.048990003764629364
v -0.03159663826227187 -0.060911502689123154 0.054829880595207214
v -0.039719354361295686 -0.0629551112651825 0.048990003764629364
v -0.03152512758970259 -0.06732392311096191 0.050530195236206055
v -0.03152512758970259 -0.06732392311096191 0.050530195236206055
v -0.039719354361295686 -0.0629551112651825 0.048990003764629364
v -0.03969514742493628 -0.06423263996839523 0.04788805544376373
v -0.03152512758970259 -0.06732392311096191 0.050530195236206055
v -0.03969514742493628 -0.06423263996839523 0.04788805544376373
v -0.039662346243858324 -0.06596356630325317 0.04639502614736557
v -0.03980310633778571 -0.057264797389507294 0.0527619831264019
v -0.03159663826227187 -0.060911502689123154 0.054829880595207214
v -0.03980981558561324 -0.056572895497083664 0.053059905767440796
v -0.03980981558561324 -0.056572895497083664 0.053059905767440796
v -0.03159663826227187 -0.060911502689123154 0.054829880595207214
v -0.03164776414632796 -0.053833238780498505 0.05793055519461632
v -0.03980981558561324 -0.056572895497083664 0.053059905767440796
v -0.03164776414632796 -0.053833238780498505 0.05793055519461632
v -0.03986117243766783 -0.05127684399485588 0.05534028261899948
v -0.03986117243766783 -0.05127684399485588 0.05534028261899948
v -0.03164776414632796 -0.053833238780498505 0.05793055519461632
v -0.03987158834934233 -0.04963203892111778 0.055790483951568604
v -0.03987158834934233 -0.04963203892111778 0.055790483951568604
v -0.03164776414632796 -0.053833238780498505 0.05793055519461632
v -0.03168160468339919 -0.04638240486383438 0.05999399721622467
v -0.03987158834934233 -0.04963203892111778 0.055790483951568604
v -0.03168160468339919 -0.04638240486383438 0.05999399721622467
v -0.03990371152758597 -0.044557832181453705 0.057179346680641174
v -0.039932012557983385 -0.036206845194101334 0.05832899361848831
v -0.03993144258856772 -0.03674200177192688 0.058309897780418396
v -0.03170074895024298 -0.03874597325921059 0.06120375916361809
v -0.03170074895024298 -0.03874597325921059 0.06120375916361809
v -0.03993144258856772 -0.03674200177192688 0.058309897780418396
v -0.039911013096570955 -0.04250014200806618 0.057476989924907684
v -0.03170074895024298 -0.03874597325921059 0.06120375916361809
v -0.039911013096570955 -0.04250014200806618 0.057476989924907684
v -0.03168160468339919 -0.04638240486383438 0.05999399721622467
v -0.03168160468339919 -0.04638240486383438 0.05999399721622467
v -0.039911013096570955 -0.04250014200806618 0.057476989924907684
v -0.03990658745169638 -0.04374716058373451 0.05729660764336586
v -0.03168160468339919 -0.04638240486383438 0.05999399721622467
v -0.03990658745169638 -0.04374716058373451 0.05729660764336586
v -0.03990371152758597 -0.044557832181453705 0.057179346680641174
v -0.039932012557983385 -0.036206845194101334 0.05832899361848831
v -0.03170074895024298 -0.03874597325921059 0.06120375916361809
v -0.039932910352945314 -0.03536175936460495 0.058359142392873764
v -0.039932910352945314 -0.03536175936460495 0.058359142392873764
v -0.03170074895024298 -0.03874597325921059 0.06120375916361809
v -0.03170641884207724 -0.031032636761665344 0.06172449141740799
v -0.039932910352945314 -0.03536175936460495 0.058359142392873764
v -0.03170641884207724 -0.031032636761665344 0.06172449141740799
v -0.039940103888511644 -0.028596220538020134 0.058600522577762604
v -0.03169859573245047 -0.02330290712416172 0.06169091910123825
v -0.039923340082168565 -0.021439051255583763 0.05823661386966705
v -0.03170641884207724 -0.031032636761665344 0.06172449141740799
v -0.03170641884207724 -0.031032636761665344 0.06172449141740799
v -0.039923340082168565 -0.021439051255583763 0.05823661386966705
v -0.039940655231475816 -0.028075680136680603 0.058619093149900436
v -0.03170641884207724 -0.031032636761665344 0.06172449141740799
v -0.039940655231475816 -0.028075680136680603 0.058619093149900436
v -0.039940103888511644 -0.028596220538020134 0.058600522577762604
v -0.03985856845974921 -0.008271762169897556 0.05670084431767464
v -0.03991419076919554 -0.017931481823325157 0.058034464716911316
v -0.03169859573245047 -0.02330290712416172 0.06169091910123825
v -0.03169859573245047 -0.02330290712416172 0.06169091910123825
v -0.03991419076919554 -0.017931481823325157 0.058034464716911316
v -0.039922181516885744 -0.02099447138607502 0.05821099132299423
v -0.03169859573245047 -0.02330290712416172 0.06169091910123825
v -0.039922181516885744 -0.02099447138607502 0.05821099132299423
v -0.039923340082168565 -0.021439051255583763 0.05823661386966705
v -0.0316379778087139 -0.007907574996352196 0.060365378856658936
v -0.039839345961809144 -0.005894027650356293 0.05630374327301979
v -0.03985091671347617 -0.0069429390132427216 0.05651738867163658
v -0.039839345961809144 -0.005894027650356293 0.05630374327301979
v -0.0316379778087139 -0.007907574996352196 0.060365378856658936
v -0.039717931300401674 0.005112707614898682 0.05406185984611511
v -0.039717931300401674 0.005112707614898682 0.05406185984611511
v -0.0316379778087139 -0.007907574996352196 0.060365378856658936
v -0.031504120677709566 0.0073362551629543304 0.05784284323453903
v -0.039717931300401674 0.005112707614898682 0.05406185984611511
v -0.031504120677709566 0.0073362551629543304 0.05784284323453903
v -0.03964676335453986 0.008982403203845024 0.053051963448524475
v -0.03964676335453986 0.008982403203845024 0.053051963448524475
v -0.031504120677709566 0.0073362551629543304 0.05784284323453903
v -0.03952980041503905 0.01534252054989338 0.05139213055372238
v -0.03952980041503905 0.01534252054989338 0.05139213055372238
v -0.031504120677709566 0.0073362551629543304 0.05784284323453903
v -0.03128487244248389 0.022430896759033203 0.05454147979617119
v -0.03952980041503905 0.01534252054989338 0.05139213055372238
v -0.03128487244248389 0.022430896759033203 0.05454147979617119
v -0.039416551589965806 0.021500466391444206 0.049785055220127106
v -0.039416551589965806 0.021500466391444206 0.049785055220127106
v -0.03128487244248389 0.022430896759033203 0.05454147979617119
v -0.03935342654585837 0.023703308776021004 0.04914022237062454
v -0.03935342654585837 0.023703308776021004 0.04914022237062454
v -0.03128487244248389 0.022430896759033203 0.05454147979617119
v -0.030990011990070333 0.03743155300617218 0.05082722380757332
v -0.03935342654585837 0.023703308776021004 0.04914022237062454
v -0.030990011990070333 0.03743155300617218 0.05082722380757332
v -0.03893461450934409 0.038318611681461334 0.04486189782619476
v -0.03893461450934409 0.038318611681461334 0.04486189782619476
v -0.030990011990070333 0.03743155300617218 0.05082722380757332
v -0.03859532251954077 0.05015885457396507 0.041395917534828186
v -0.03859532251954077 0.05015885457396507 0.041395917534828186
v -0.030990011990070333 0.03743155300617218 0.05082722380757332
v -0.030662041157484044 0.052435774356126785 0.047100525349378586
v -0.03859532251954077 0.05015885457396507 0.041395917534828186
v -0.030662041157484044 0.052435774356126785 0.047100525349378586
v -0.038567800074815736 0.05105910450220108 0.041148170828819275
v -0.030536290258169164 0.05691792815923691 0.04599246382713318
v -0.03239912539720534 0.055786170065402985 0.045046333223581314
v -0.030662041157484044 0.052435774356126785 0.047100525349378586
v -0.030662041157484044 0.052435774356126785 0.047100525349378586
v -0.03239912539720534 0.055786170065402985 0.045046333223581314
v -0.03630337864160536 0.052794333547353745 0.04257912561297417
v -0.030662041157484044 0.052435774356126785 0.047100525349378586
v -0.03630337864160536 0.052794333547353745 0.04257912561297417
v -0.038567800074815736 0.05105910450220108 0.041148170828819275
v -0.020961292088031762 0.06193891540169716 0.050233468413352966
v -0.02106864005327224 0.06188866123557091 0.05019063875079155
v -0.02119882777333259 0.05202701687812805 0.05222349613904953
v -0.020961292088031762 0.06193891540169716 0.050233468413352966
v -0.02119882777333259 0.05202701687812805 0.05222349613904953
v -0.015210160054266448 0.06388106942176819 0.05194195732474327
v -2.327774154764483e-06 0.036157041788101196 0.05959708243608475
v -2.283113872181274e-06 0.06567755341529846 0.05385088920593262
v -0.0025081567000597707 0.0657019093632698 0.05378665030002594
v 0.021415803581476205 0.03673466295003891 0.05560262128710747
v 0.010739908553659912 0.06483343243598938 0.05283457413315773
v 0.010946054011583325 0.03630313649773598 0.058582667261362076
v 0.010946054011583325 0.03630313649773598 0.058582667261362076
v 0.010739908553659912 0.06483343243598938 0.05283457413315773
v 0.00610048323869705 0.06552064418792725 0.0535256564617157
v 0.010946054011583325 0.03630313649773598 0.058582667261362076
v 0.00610048323869705 0.06552064418792725 0.0535256564617157
v -2.327774154764483e-06 0.036157041788101196 0.05959708243608475
v -2.327774154764483e-06 0.036157041788101196 0.05959708243608475
v 0.00610048323869705 0.06552064418792725 0.0535256564617157
v 5.220540398427293e-16 0.06567753106355667 0.053850945085287094
v -2.327774154764483e-06 0.036157041788101196 0.05959708243608475
v 5.220540398427293e-16 0.06567753106355667 0.053850945085287094
v -2.283113872181274e-06 0.06567755341529846 0.05385088920593262
v 0.021194616332650178 0.05202687904238701 0.0522252656519413
v 0.017978692427277558 0.06303520500659943 0.05118909850716591
v 0.012124358676373955 0.06462836265563965 0.052628349512815475
v 0.02937900461256503 0.057725533843040466 0.04666189104318619
v 0.023660400882363312 0.06077146157622337 0.04923165962100029
v 0.021194616332650178 0.05202687904238701 0.0522252656519413
v 0.021194616332650178 0.05202687904238701 0.0522252656519413
v 0.023660400882363312 0.06077146157622337 0.04923165962100029
v 0.021042035892605775 0.06181468814611435 0.05013372749090195
v 0.021194616332650178 0.05202687904238701 0.0522252656519413
v 0.021042035892605775 0.06181468814611435 0.05013372749090195
v 0.017978692427277558 0.06303520500659943 0.05118909850716591
v 0.03532699868082999 0.03786880522966385 0.04784249886870384
v 0.036399941891431795 0.052795037627220154 0.04257645085453987
v 0.030658289790153493 0.05243557691574097 0.047103069722652435
v 0.030658289790153493 0.05243557691574097 0.047103069722652435
v 0.036399941891431795 0.052795037627220154 0.04257645085453987
v 0.03487641736865042 0.05401499569416046 0.04358021914958954
v 0.030658289790153493 0.05243557691574097 0.047103069722652435
v 0.03487641736865042 0.05401499569416046 0.04358021914958954
v 0.03054000809788703 0.05694190412759781 0.0460110679268837
v 0.03593327850103377 0.00816490687429905 0.055488597601652145
v 0.03964973241090773 0.008984263986349106 0.05304998531937599
v 0.0395851470530033 0.013373435474932194 0.05201273411512375
v 0.03856776282191275 0.051059164106845856 0.041148193180561066
v 0.036399941891431795 0.052795037627220154 0.04257645085453987
v 0.03895018249750136 0.03832246735692024 0.044874753803014755
v 0.03895018249750136 0.03832246735692024 0.044874753803014755
v 0.036399941891431795 0.052795037627220154 0.04257645085453987
v 0.03532699868082999 0.03786880522966385 0.04784249886870384
v 0.03895018249750136 0.03832246735692024 0.044874753803014755
v 0.03532699868082999 0.03786880522966385 0.04784249886870384
v 0.03919521346688269 0.030161602422595024 0.04726249352097511
v 0.03919521346688269 0.030161602422595024 0.04726249352097511
v 0.03532699868082999 0.03786880522966385 0.04784249886870384
v 0.03953906521201132 0.015357392840087414 0.05145137012004852
v 0.03992436453700064 -0.020993273705244064 0.058262892067432404
v 0.03989021107554434 -0.012871696613729 0.05743555352091789
v 0.031634084880352006 -0.00790837686508894 0.060366999357938766
v 0.03989021107554434 -0.012871696613729 0.05743555352091789
v 0.03985293954610823 -0.008283581584692001 0.056641820818185806
v 0.031634084880352006 -0.00790837686508894 0.060366999357938766
v 0.031634084880352006 -0.00790837686508894 0.060366999357938766
v 0.03985293954610823 -0.008283581584692001 0.056641820818185806
v 0.039833627641201005 -0.0059060039930045605 0.05623050779104233
v 0.031634084880352006 -0.00790837686508894 0.060366999357938766
v 0.039833627641201005 -0.0059060039930045605 0.05623050779104233
v 0.03593327850103377 0.00816490687429905 0.055488597601652145
v 0.03593327850103377 0.00816490687429905 0.055488597601652145
v 0.039833627641201005 -0.0059060039930045605 0.05623050779104233
v 0.03979022055864333 -0.0005627545760944486 0.05530614033341408
v 0.03593327850103377 0.00816490687429905 0.055488597601652145
v 0.03979022055864333 -0.0005627545760944486 0.05530614033341408
v 0.03964973241090773 0.008984263986349106 0.05304998531937599
v 0.03992436453700064 -0.020993273705244064 0.058262892067432404
v 0.03169469535350798 -0.023303823545575142 0.06169228255748749
v 0.039926223456859575 -0.021435940638184547 0.058307986706495285
v 0.039926223456859575 -0.021435940638184547 0.058307986706495285
v 0.03169469535350798 -0.023303823545575142 0.06169228255748749
v 0.03992975130677222 -0.022274723276495934 0.05839342996478081
v 0.03992432728409766 -0.039309386163949966 0.05803978443145752
v 0.03993016481399535 -0.03620090335607529 0.058254532516002655
v 0.03169684857130049 -0.038746993988752365 0.06120492145419121
v 0.03169684857130049 -0.038746993988752365 0.06120492145419121
v 0.03993016481399535 -0.03620090335607529 0.058254532516002655
v 0.03993175178766249 -0.03535650670528412 0.05831286683678627
v 0.03169684857130049 -0.038746993988752365 0.06120492145419121
v 0.03993175178766249 -0.03535650670528412 0.05831286683678627
v 0.03170251846313475 -0.031033625826239586 0.06172574684023857
v 0.03170251846313475 -0.031033625826239586 0.06172574684023857
v 0.03993175178766249 -0.03535650670528412 0.05831286683678627
v 0.03993979468941687 -0.03107346221804619 0.0586087591946125
v 0.03170251846313475 -0.031033625826239586 0.06172574684023857
v 0.03993979468941687 -0.03107346221804619 0.0586087591946125
v 0.03993697091937064 -0.028599541634321213 0.0585482157766819
v 0.03992432728409766 -0.039309386163949966 0.05803978443145752
v 0.03169684857130049 -0.038746993988752365 0.06120492145419121
v 0.03991031646728514 -0.04249495640397072 0.057465631514787674
v 0.03991031646728514 -0.04249495640397072 0.057465631514787674
v 0.03169684857130049 -0.038746993988752365 0.06120492145419121
v 0.0316777043044567 -0.04638338461518288 0.059995073825120926
v 0.03991031646728514 -0.04249495640397072 0.057465631514787674
v 0.0316777043044567 -0.04638338461518288 0.059995073825120926
v 0.039904858916997896 -0.04373592138290405 0.05724196508526802
v 0.03985296189785002 -0.05224939435720444 0.054990705102682114
v 0.039860926568508134 -0.0510958693921566 0.05534195527434349
v 0.03164386749267577 -0.05383431538939476 0.0579315647482872
v 0.03164386749267577 -0.05383431538939476 0.0579315647482872
v 0.039860926568508134 -0.0510958693921566 0.05534195527434349
v 0.03987105563282965 -0.049629006534814835 0.055788617581129074
v 0.03164386749267577 -0.05383431538939476 0.0579315647482872
v 0.03987105563282965 -0.049629006534814835 0.055788617581129074
v 0.0316777043044567 -0.04638338461518288 0.059995073825120926
v 0.0316777043044567 -0.04638338461518288 0.059995073825120926
v 0.03987105563282965 -0.049629006534814835 0.055788617581129074
v 0.03989278897643088 -0.0464809387922287 0.05674721300601959
v 0.0316777043044567 -0.04638338461518288 0.059995073825120926
v 0.03989278897643088 -0.0464809387922287 0.05674721300601959
v 0.039904858916997896 -0.04373592138290405 0.05724196508526802
v 0.03985296189785002 -0.05224939435720444 0.054990705102682114
v 0.03164386749267577 -0.05383431538939476 0.0579315647482872
v 0.039810378104448305 -0.05656836926937103 0.05305243656039238
v 0.039810378104448305 -0.05656836926937103 0.05305243656039238
v 0.03164386749267577 -0.05383431538939476 0.0579315647482872
v 0.03159275278449057 -0.06091262400150299 0.0548308901488781
v 0.039810378104448305 -0.05656836926937103 0.05305243656039238
v 0.03159275278449057 -0.06091262400150299 0.0548308901488781
v 0.03980092331767081 -0.05752735212445259 0.05262206122279167
v 0.039695329964160905 -0.06422286480665207 0.047879092395305634
v 0.039720058441162095 -0.06296008825302124 0.04899733141064644
v 0.03152125328779219 -0.06732511520385742 0.05053122714161873
v 0.03152125328779219 -0.06732511520385742 0.05053122714161873
v 0.039720058441162095 -0.06296008825302124 0.04899733141064644
v 0.039734303951263414 -0.0622328445315361 0.049641337245702744
v 0.03152125328779219 -0.06732511520385742 0.05053122714161873
v 0.039734303951263414 -0.0622328445315361 0.049641337245702744
v 0.03159275278449057 -0.06091262400150299 0.0548308901488781
v 0.03159275278449057 -0.06091262400150299 0.0548308901488781
v 0.039734303951263414 -0.0622328445315361 0.049641337245702744
v 0.03979352489113806 -0.05804984271526337 0.05229108780622482
v 0.03159275278449057 -0.06091262400150299 0.0548308901488781
v 0.03979352489113806 -0.05804984271526337 0.05229108780622482
v 0.03980092331767081 -0.05752735212445259 0.05262206122279167
v 0.039653599262237535 -0.06635361909866333 0.04599221423268318
v 0.03152125328779219 -0.06732511520385742 0.05053122714161873
v 0.039599929004907594 -0.06835903227329254 0.043524276465177536
v 0.039599929004907594 -0.06835903227329254 0.043524276465177536
v 0.03152125328779219 -0.06732511520385742 0.05053122714161873
v 0.03142848610877989 -0.07267691195011139 0.044981539249420166
v 0.039599929004907594 -0.06835903227329254 0.043524276465177536
v 0.03142848610877989 -0.07267691195011139 0.044981539249420166
v 0.03957259654998778 -0.06938020884990692 0.0422675758600235
v 0.03957259654998778 -0.06938020884990692 0.0422675758600235
v 0.03142848610877989 -0.07267691195011139 0.044981539249420166
v 0.03946752101182936 -0.0720493420958519 0.037553153932094574
v 0.03946752101182936 -0.0720493420958519 0.037553153932094574
v 0.03142848610877989 -0.07267691195011139 0.044981539249420166
v 0.03131918981671332 -0.07659148424863815 0.038349248468875885
v 0.03946752101182936 -0.0720493420958519 0.037553153932094574
v 0.03131918981671332 -0.07659148424863815 0.038349248468875885
v 0.039451625198125825 -0.07230992615222931 0.0368153378367424
v 0.03926620259881018 -0.07468470931053162 0.028186196461319923
v 0.03928826749324797 -0.07449539005756378 0.029216231778264046
v 0.03120240569114684 -0.0789172425866127 0.031006556004285812
v 0.03120240569114684 -0.0789172425866127 0.031006556004285812
v 0.03928826749324797 -0.07449539005756378 0.029216231778264046
v 0.03935129940509795 -0.07395455986261368 0.03215876966714859
v 0.03120240569114684 -0.0789172425866127 0.031006556004285812
v 0.03935129940509795 -0.07395455986261368 0.03215876966714859
v 0.03131918981671332 -0.07659148424863815 0.038349248468875885
v 0.03131918981671332 -0.07659148424863815 0.038349248468875885
v 0.03935129940509795 -0.07395455986261368 0.03215876966714859
v 0.0394238382577896 -0.07276547700166702 0.03552551940083504
v 0.03131918981671332 -0.07659148424863815 0.038349248468875885
v 0.0394238382577896 -0.07276547700166702 0.03552551940083504
v 0.039451625198125825 -0.07230992615222931 0.0368153378367424
v 0.039096992462873445 -0.07523416727781296 0.020197270438075066
v 0.03910567611455916 -0.07521702349185944 0.020608270540833473
v 0.03108616918325423 -0.07977911829948425 0.023344356566667557
v 0.03108616918325423 -0.07977911829948425 0.023344356566667557
v 0.03910567611455916 -0.07521702349185944 0.020608270540833473
v 0.03911884501576422 -0.07519102096557617 0.02123168297111988
v 0.03108616918325423 -0.07977911829948425 0.023344356566667557
v 0.03911884501576422 -0.07519102096557617 0.02123168297111988
v 0.03120240569114684 -0.0789172425866127 0.031006556004285812
v 0.03120240569114684 -0.0789172425866127 0.031006556004285812
v 0.03911884501576422 -0.07519102096557617 0.02123168297111988
v 0.03923360630869864 -0.07496438175439835 0.02666456066071987
v 0.03120240569114684 -0.0789172425866127 0.031006556004285812
v 0.03923360630869864 -0.07496438175439835 0.02666456066071987
v 0.03926620259881018 -0.07468470931053162 0.028186196461319923
v 0.039096992462873445 -0.07523416727781296 0.020197270438075066
v 0.03108616918325423 -0.07977911829948425 0.023344356566667557
v 0.038969203829765306 -0.07474097609519958 0.013919203542172909
v 0.038969203829765306 -0.07474097609519958 0.013919203542172909
v 0.03108616918325423 -0.07977911829948425 0.023344356566667557
v 0.030975015833973874 -0.0794365257024765 0.01563246175646782
v 0.038969203829765306 -0.07474097609519958 0.013919203542172909
v 0.030975015833973874 -0.0794365257024765 0.01563246175646782
v 0.0389537215232849 -0.07459720224142075 0.013137588277459145
v 0.03087090514600276 -0.07814768701791763 0.008014707826077938
v 0.03882070258259772 -0.0733618512749672 0.006421386729925871
v 0.030975015833973874 -0.0794365257024765 0.01563246175646782
v 0.030975015833973874 -0.0794365257024765 0.01563246175646782
v 0.03882070258259772 -0.0733618512749672 0.006421386729925871
v 0.03895163908600806 -0.07457786053419113 0.013032411225140095
v 0.030975015833973874 -0.0794365257024765 0.01563246175646782
v 0.03895163908600806 -0.07457786053419113 0.013032411225140095
v 0.0389537215232849 -0.07459720224142075 0.013137588277459145
v 0.030686363577842702 -0.07349840551614761 -0.006718327756971121
v 0.0386504828929901 -0.07078804820775986 -0.0024828428868204355
v 0.03077457658946513 -0.07611807435750961 0.0005560760037042201
v 0.03077457658946513 -0.07611807435750961 0.0005560760037042201
v 0.0386504828929901 -0.07078804820775986 -0.0024828428868204355
v 0.03879519551992415 -0.07297616451978683 0.0050870804116129875
v 0.03077457658946513 -0.07611807435750961 0.0005560760037042201
v 0.03879519551992415 -0.07297616451978683 0.0050870804116129875
v 0.03087090514600276 -0.07814768701791763 0.008014707826077938
v 0.03087090514600276 -0.07814768701791763 0.008014707826077938
v 0.03879519551992415 -0.07297616451978683 0.0050870804116129875
v 0.03880437090992926 -0.07311492413282394 0.005567116662859917
v 0.03087090514600276 -0.07814768701791763 0.008014707826077938
v 0.03880437090992926 -0.07311492413282394 0.005567116662859917
v 0.03882070258259772 -0.0733618512749672 0.006421386729925871
v 0.030535565689206113 -0.06689704954624176 -0.02069740928709507
v 0.038333423435688005 -0.06171801686286926 -0.022590776905417442
v 0.030686363577842702 -0.07349840551614761 -0.006718327756971121
v 0.030686363577842702 -0.07349840551614761 -0.006718327756971121
v 0.038333423435688005 -0.06171801686286926 -0.022590776905417442
v 0.03849029168486594 -0.06684982031583786 -0.012416078709065914
v 0.03849029168486594 -0.06684982031583786 -0.012416078709065914
v 0.038518421351909624 -0.06754139810800552 -0.01067174319177866
v 0.030686363577842702 -0.07349840551614761 -0.006718327756971121
v 0.030686363577842702 -0.07349840551614761 -0.006718327756971121
v 0.038518421351909624 -0.06754139810800552 -0.01067174319177866
v 0.038547795265912996 -0.06826356798410416 -0.008850255981087685
v 0.030686363577842702 -0.07349840551614761 -0.006718327756971121
v 0.038547795265912996 -0.06826356798410416 -0.008850255981087685
v 0.0386504828929901 -0.07078804820775986 -0.0024828428868204355
v 0.03816311433911322 -0.053600918501615524 -0.03546950966119766
v 0.038192458450794206 -0.055453822016716 -0.032843656837940216
v 0.030422132462263097 -0.058945201337337494 -0.03395494073629379
v 0.030422132462263097 -0.058945201337337494 -0.03395494073629379
v 0.038192458450794206 -0.055453822016716 -0.032843656837940216
v 0.03828939795494078 -0.05980747565627098 -0.025762099772691727
v 0.030422132462263097 -0.058945201337337494 -0.03395494073629379
v 0.03828939795494078 -0.05980747565627098 -0.025762099772691727
v 0.030535565689206113 -0.06689704954624176 -0.02069740928709507
v 0.030535565689206113 -0.06689704954624176 -0.02069740928709507
v 0.03828939795494078 -0.05980747565627098 -0.025762099772691727
v 0.03832795843482016 -0.0615391805768013 -0.022945350036025047
v 0.030535565689206113 -0.06689704954624176 -0.02069740928709507
v 0.03832795843482016 -0.0615391805768013 -0.022945350036025047
v 0.038333423435688005 -0.06171801686286926 -0.022590776905417442
v 0.011194659397006031 -0.026267195120453835 0.06628961116075516
v -2.381035983489709e-06 -0.026650331914424896 0.06691377609968185
v 0.011197174899280068 -0.04200635477900505 0.0651322454214096
v 0.011197174899280068 -0.04200635477900505 0.0651322454214096
v -2.381035983489709e-06 -0.026650331914424896 0.06691377609968185
v -2.381659214734099e-06 -0.04242848604917526 0.0656718760728836
v 0.011197174899280068 -0.04200635477900505 0.0651322454214096
v -2.381659214734099e-06 -0.04242848604917526 0.0656718760728836
v 0.011191496625542637 -0.049765270203351974 0.0636758804321289
v 0.011191496625542637 -0.049765270203351974 0.0636758804321289
v -2.381659214734099e-06 -0.04242848604917526 0.0656718760728836
v -2.380491196163347e-06 -0.05020374432206154 0.0641840249300003
v 0.011191496625542637 -0.049765270203351974 0.0636758804321289
v -2.380491196163347e-06 -0.05020374432206154 0.0641840249300003
v 0.011180788278579708 -0.05734001472592354 0.06145533174276352
v 0.011180788278579708 -0.05734001472592354 0.06145533174276352
v -2.380491196163347e-06 -0.05020374432206154 0.0641840249300003
v -2.3782511107128804e-06 -0.05779498070478439 0.061942994594573975
v 0.011180788278579708 -0.05734001472592354 0.06145533174276352
v -2.3782511107128804e-06 -0.05779498070478439 0.061942994594573975
v 0.011164189316332337 -0.06457488238811493 0.05830581113696098
v 0.011164189316332337 -0.06457488238811493 0.05830581113696098
v -2.3782511107128804e-06 -0.05779498070478439 0.061942994594573975
v -2.374757059442344e-06 -0.06505044549703598 0.05878632143139839
v 0.011164189316332337 -0.06457488238811493 0.05830581113696098
v -2.374757059442344e-06 -0.06505044549703598 0.05878632143139839
v 0.011140663176774975 -0.07122399657964706 0.05406470596790314
v 0.011140663176774975 -0.07122399657964706 0.05406470596790314
v -2.374757059442344e-06 -0.06505044549703598 0.05878632143139839
v -2.3697905362496377e-06 -0.07173017412424088 0.054551299661397934
v 0.011140663176774975 -0.07122399657964706 0.05406470596790314
v -2.3697905362496377e-06 -0.07173017412424088 0.054551299661397934
v 0.011109918355941769 -0.07694099843502045 0.04864033684134483
v 0.011109918355941769 -0.07694099843502045 0.04864033684134483
v -2.3697905362496377e-06 -0.07173017412424088 0.054551299661397934
v -2.3632896954950402e-06 -0.07749386876821518 0.04914117604494095
v 0.011109918355941769 -0.07694099843502045 0.04864033684134483
v -2.3632896954950402e-06 -0.07749386876821518 0.04914117604494095
v 0.011073531582951542 -0.08135174959897995 0.04211448132991791
v 0.011073531582951542 -0.08135174959897995 0.04211448132991791
v -2.3632896954950402e-06 -0.07749386876821518 0.04914117604494095
v -2.355587639613076e-06 -0.08196768909692764 0.04262701794505119
v 0.011073531582951542 -0.08135174959897995 0.04211448132991791
v -2.355587639613076e-06 -0.08196768909692764 0.04262701794505119
v 0.0110345184803009 -0.0842200517654419 0.03477804735302925
v 0.0110345184803009 -0.0842200517654419 0.03477804735302925
v -2.355587639613076e-06 -0.08196768909692764 0.04262701794505119
v -2.347320787521311e-06 -0.08490486443042755 0.03528958559036255
v 0.0110345184803009 -0.0842200517654419 0.03477804735302925
v -2.347320787521311e-06 -0.08490486443042755 0.03528958559036255
v 0.010995554737746712 -0.08555977791547775 0.027010926976799965
v 0.010995554737746712 -0.08555977791547775 0.027010926976799965
v -2.347320787521311e-06 -0.08490486443042755 0.03528958559036255
v -2.339053935429546e-06 -0.08630537986755371 0.02750738337635994
v 0.010995554737746712 -0.08555977791547775 0.027010926976799965
v -2.339053935429546e-06 -0.08630537986755371 0.02750738337635994
v 0.010958153754472729 -0.08557244390249252 0.01912410371005535
v 0.010958153754472729 -0.08557244390249252 0.01912410371005535
v -2.339053935429546e-06 -0.08630537986755371 0.02750738337635994
v -2.331106543351779e-06 -0.0863635241985321 0.019596552476286888
v 0.010958153754472729 -0.08557244390249252 0.01912410371005535
v -2.331106543351779e-06 -0.0863635241985321 0.019596552476286888
v 0.010922967456281182 -0.08451419323682785 0.011304772458970547
v 0.010922967456281182 -0.08451419323682785 0.011304772458970547
v -2.331106543351779e-06 -0.0863635241985321 0.019596552476286888
v -2.3236161723616525e-06 -0.08533519506454468 0.011749699711799622
v 0.010922967456281182 -0.08451419323682785 0.011304772458970547
v -2.3236161723616525e-06 -0.08533519506454468 0.011749699711799622
v 0.010890242643654343 -0.08261476457118988 0.003643769770860672
v 0.010890242643654343 -0.08261476457118988 0.003643769770860672
v -2.3236161723616525e-06 -0.08533519506454468 0.011749699711799622
v -2.3166353457781943e-06 -0.08345314115285873 0.004060891456902027
v 0.010890242643654343 -0.08261476457118988 0.003643769770860672
v -2.3166353457781943e-06 -0.08345314115285873 0.004060891456902027
v 0.010860091075301167 -0.0800575539469719 -0.0038247634656727314
v 0.010860091075301167 -0.0800575539469719 -0.0038247634656727314
v -2.3166353457781943e-06 -0.08345314115285873 0.004060891456902027
v -2.3101870283426243e-06 -0.08090484887361526 -0.003434605197981
v 0.010860091075301167 -0.0800575539469719 -0.0038247634656727314
v -2.3101870283426243e-06 -0.08090484887361526 -0.003434605197981
v 0.010807931423187252 -0.07351993769407272 -0.01819167099893093
v 0.010807931423187252 -0.07351993769407272 -0.01819167099893093
v -2.3101870283426243e-06 -0.08090484887361526 -0.003434605197981
v -2.2989784156379747e-06 -0.07437747716903687 -0.017855914309620857
v 0.010807931423187252 -0.07351993769407272 -0.01819167099893093
v -2.2989784156379747e-06 -0.07437747716903687 -0.017855914309620857
v 0.010767699219286438 -0.0657738447189331 -0.03194960951805115
v 0.010767699219286438 -0.0657738447189331 -0.03194960951805115
v -2.2989784156379747e-06 -0.07437747716903687 -0.017855914309620857
v -2.2902461296325774e-06 -0.0666593536734581 -0.031683098524808884
v 0.010767699219286438 -0.0657738447189331 -0.03194960951805115
v -2.2902461296325774e-06 -0.0666593536734581 -0.031683098524808884
v -2.276120767419342e-06 -0.05935501307249069 -0.04383525624871254
v -2.276120767419342e-06 -0.05935501307249069 -0.04383525624871254
v -2.2902461296325774e-06 -0.0666593536734581 -0.031683098524808884
v -0.008621826767921444 -0.05886859819293022 -0.043741658329963684
v 0.02189632505178451 -0.025134673342108727 0.06448829174041748
v 0.011194659397006031 -0.026267195120453835 0.06628961116075516
v 0.02189927920699119 -0.040759507566690445 0.06358372420072556
v 0.02189927920699119 -0.040759507566690445 0.06358372420072556
v 0.011194659397006031 -0.026267195120453835 0.06628961116075516
v 0.011197174899280068 -0.04200635477900505 0.0651322454214096
v 0.02189927920699119 -0.040759507566690445 0.06358372420072556
v 0.011197174899280068 -0.04200635477900505 0.0651322454214096
v 0.021887196227908128 -0.04847078397870064 0.0622209832072258
v 0.021887196227908128 -0.04847078397870064 0.0622209832072258
v 0.011197174899280068 -0.04200635477900505 0.0651322454214096
v 0.011191496625542637 -0.049765270203351974 0.0636758804321289
v 0.021887196227908128 -0.04847078397870064 0.0622209832072258
v 0.011191496625542637 -0.049765270203351974 0.0636758804321289
v 0.021865265443921082 -0.055997397750616074 0.0600607804954052
v 0.021865265443921082 -0.055997397750616074 0.0600607804954052
v 0.011191496625542637 -0.049765270203351974 0.0636758804321289
v 0.011180788278579708 -0.05734001472592354 0.06145533174276352
v 0.021865265443921082 -0.055997397750616074 0.0600607804954052
v 0.011180788278579708 -0.05734001472592354 0.06145533174276352
v 0.021831763908267014 -0.06317183375358582 0.056931305676698685
v 0.021831763908267014 -0.06317183375358582 0.056931305676698685
v 0.011180788278579708 -0.05734001472592354 0.06145533174276352
v 0.011164189316332337 -0.06457488238811493 0.05830581113696098
v 0.021831763908267014 -0.06317183375358582 0.056931305676698685
v 0.011164189316332337 -0.06457488238811493 0.05830581113696098
v 0.02178461663424968 -0.0697304904460907 0.05267024412751198
v 0.02178461663424968 -0.0697304904460907 0.05267024412751198
v 0.011164189316332337 -0.06457488238811493 0.05830581113696098
v 0.011140663176774975 -0.07122399657964706 0.05406470596790314
v 0.02178461663424968 -0.0697304904460907 0.05267024412751198
v 0.011140663176774975 -0.07122399657964706 0.05406470596790314
v 0.02172324061393737 -0.07530879974365234 0.04720114916563034
v 0.02172324061393737 -0.07530879974365234 0.04720114916563034
v 0.011140663176774975 -0.07122399657964706 0.05406470596790314
v 0.011109918355941769 -0.07694099843502045 0.04864033684134483
v 0.02172324061393737 -0.07530879974365234 0.04720114916563034
v 0.011109918355941769 -0.07694099843502045 0.04864033684134483
v 0.021650789305567734 -0.0795317217707634 0.04063792526721954
v 0.021650789305567734 -0.0795317217707634 0.04063792526721954
v 0.011109918355941769 -0.07694099843502045 0.04864033684134483
v 0.011073531582951542 -0.08135174959897995 0.04211448132991791
v 0.021650789305567734 -0.0795317217707634 0.04063792526721954
v 0.011073531582951542 -0.08135174959897995 0.04211448132991791
v 0.02157329581677913 -0.08219480514526367 0.03330196067690849
v 0.02157329581677913 -0.08219480514526367 0.03330196067690849
v 0.011073531582951542 -0.08135174959897995 0.04211448132991791
v 0.0110345184803009 -0.0842200517654419 0.03477804735302925
v 0.02157329581677913 -0.08219480514526367 0.03330196067690849
v 0.0110345184803009 -0.0842200517654419 0.03477804735302925
v 0.021496113389730447 -0.08335355669260025 0.02557726949453354
v 0.021496113389730447 -0.08335355669260025 0.02557726949453354
v 0.0110345184803009 -0.0842200517654419 0.03477804735302925
v 0.010995554737746712 -0.08555977791547775 0.027010926976799965
v 0.021496113389730447 -0.08335355669260025 0.02557726949453354
v 0.010995554737746712 -0.08555977791547775 0.027010926976799965
v 0.021422265097498887 -0.08323119580745697 0.017759401351213455
v 0.021422265097498887 -0.08323119580745697 0.017759401351213455
v 0.010995554737746712 -0.08555977791547775 0.027010926976799965
v 0.010958153754472729 -0.08557244390249252 0.01912410371005535
v 0.021422265097498887 -0.08323119580745697 0.017759401351213455
v 0.010958153754472729 -0.08557244390249252 0.01912410371005535
v 0.02135306037962436 -0.08208466321229935 0.010019286535680294
v 0.02135306037962436 -0.08208466321229935 0.010019286535680294
v 0.010958153754472729 -0.08557244390249252 0.01912410371005535
v 0.010922967456281182 -0.08451419323682785 0.011304772458970547
v 0.02135306037962436 -0.08208466321229935 0.010019286535680294
v 0.010922967456281182 -0.08451419323682785 0.011304772458970547
v 0.021288987249135964 -0.08013458549976349 0.0024380702525377274
v 0.021288987249135964 -0.08013458549976349 0.0024380702525377274
v 0.010922967456281182 -0.08451419323682785 0.011304772458970547
v 0.010890242643654343 -0.08261476457118988 0.003643769770860672
v 0.021288987249135964 -0.08013458549976349 0.0024380702525377274
v 0.010890242643654343 -0.08261476457118988 0.003643769770860672
v 0.021230272948741906 -0.07755210995674133 -0.0049534933641552925
v 0.021230272948741906 -0.07755210995674133 -0.0049534933641552925
v 0.010890242643654343 -0.08261476457118988 0.003643769770860672
v 0.010860091075301167 -0.0800575539469719 -0.0038247634656727314
v 0.021230272948741906 -0.07755210995674133 -0.0049534933641552925
v 0.010860091075301167 -0.0800575539469719 -0.0038247634656727314
v 0.021129768341779702 -0.07098684459924698 -0.01916581764817238
v 0.021129768341779702 -0.07098684459924698 -0.01916581764817238
v 0.010860091075301167 -0.0800575539469719 -0.0038247634656727314
v 0.010807931423187252 -0.07351993769407272 -0.01819167099893093
v 0.021129768341779702 -0.07098684459924698 -0.01916581764817238
v 0.010807931423187252 -0.07351993769407272 -0.01819167099893093
v 0.02105396054685115 -0.06315980851650238 -0.03272585570812225
v 0.02105396054685115 -0.06315980851650238 -0.03272585570812225
v 0.010807931423187252 -0.07351993769407272 -0.01819167099893093
v 0.010767699219286438 -0.0657738447189331 -0.03194960951805115
v 0.02105396054685115 -0.06315980851650238 -0.03272585570812225
v 0.010767699219286438 -0.0657738447189331 -0.03194960951805115
v 0.017730657011270516 -0.05754166841506958 -0.043007638305425644
v 0.017730657011270516 -0.05754166841506958 -0.043007638305425644
v 0.010767699219286438 -0.0657738447189331 -0.03194960951805115
v 0.010735472664237019 -0.05859672278165817 -0.043599482625722885
v 0.03992436453700064 -0.020993273705244064 0.058262892067432404
v 0.031634084880352006 -0.00790837686508894 0.060366999357938766
v 0.03169469535350798 -0.023303823545575142 0.06169228255748749
v 0.03169469535350798 -0.023303823545575142 0.06169228255748749
v 0.031634084880352006 -0.00790837686508894 0.060366999357938766
v 0.021854188293218606 -0.009503979235887527 0.06365585327148438
v 0.03169469535350798 -0.023303823545575142 0.06169228255748749
v 0.021854188293218606 -0.009503979235887527 0.06365585327148438
v 0.02189632505178451 -0.025134673342108727 0.06448829174041748
v 0.02189632505178451 -0.025134673342108727 0.06448829174041748
v 0.021854188293218606 -0.009503979235887527 0.06365585327148438
v 0.011172133497893807 -0.010490112006664276 0.06575360894203186
v 0.02189632505178451 -0.025134673342108727 0.06448829174041748
v 0.011172133497893807 -0.010490112006664276 0.06575360894203186
v 0.011194659397006031 -0.026267195120453835 0.06628961116075516
v 0.011194659397006031 -0.026267195120453835 0.06628961116075516
v 0.011172133497893807 -0.010490112006664276 0.06575360894203186
v -2.3761469947203287e-06 -0.010823582299053669 0.0664764791727066
v 0.011194659397006031 -0.026267195120453835 0.06628961116075516
v -2.3761469947203287e-06 -0.010823582299053669 0.0664764791727066
v -2.381035983489709e-06 -0.026650331914424896 0.06691377609968185
v 0.02100479789078235 -0.056820984929800034 -0.0425533801317215
v 0.0230432953685522 -0.05637228488922119 -0.04227055609226227
v 0.02105396054685115 -0.06315980851650238 -0.03272585570812225
v 0.02105396054685115 -0.06315980851650238 -0.03272585570812225
v 0.0230432953685522 -0.05637228488922119 -0.04227055609226227
v 0.030422132462263097 -0.058945201337337494 -0.03395494073629379
v 0.02105396054685115 -0.06315980851650238 -0.03272585570812225
v 0.030422132462263097 -0.058945201337337494 -0.03395494073629379
v 0.021129768341779702 -0.07098684459924698 -0.01916581764817238
v 0.021129768341779702 -0.07098684459924698 -0.01916581764817238
v 0.030422132462263097 -0.058945201337337494 -0.03395494073629379
v 0.030535565689206113 -0.06689704954624176 -0.02069740928709507
v 0.021129768341779702 -0.07098684459924698 -0.01916581764817238
v 0.030535565689206113 -0.06689704954624176 -0.02069740928709507
v 0.021230272948741906 -0.07755210995674133 -0.0049534933641552925
v 0.021230272948741906 -0.07755210995674133 -0.0049534933641552925
v 0.030535565689206113 -0.06689704954624176 -0.02069740928709507
v 0.030686363577842702 -0.07349840551614761 -0.006718327756971121
v 0.021230272948741906 -0.07755210995674133 -0.0049534933641552925
v 0.030686363577842702 -0.07349840551614761 -0.006718327756971121
v 0.021288987249135964 -0.08013458549976349 0.0024380702525377274
v 0.021288987249135964 -0.08013458549976349 0.0024380702525377274
v 0.030686363577842702 -0.07349840551614761 -0.006718327756971121
v 0.03077457658946513 -0.07611807435750961 0.0005560760037042201
v 0.021288987249135964 -0.08013458549976349 0.0024380702525377274
v 0.03077457658946513 -0.07611807435750961 0.0005560760037042201
v 0.02135306037962436 -0.08208466321229935 0.010019286535680294
v 0.02135306037962436 -0.08208466321229935 0.010019286535680294
v 0.03077457658946513 -0.07611807435750961 0.0005560760037042201
v 0.03087090514600276 -0.07814768701791763 0.008014707826077938
v 0.02135306037962436 -0.08208466321229935 0.010019286535680294
v 0.03087090514600276 -0.07814768701791763 0.008014707826077938
v 0.021422265097498887 -0.08323119580745697 0.017759401351213455
v 0.021422265097498887 -0.08323119580745697 0.017759401351213455
v 0.03087090514600276 -0.07814768701791763 0.008014707826077938
v 0.030975015833973874 -0.0794365257024765 0.01563246175646782
v 0.021422265097498887 -0.08323119580745697 0.017759401351213455
v 0.030975015833973874 -0.0794365257024765 0.01563246175646782
v 0.021496113389730447 -0.08335355669260025 0.02557726949453354
v 0.021496113389730447 -0.08335355669260025 0.02557726949453354
v 0.030975015833973874 -0.0794365257024765 0.01563246175646782
v 0.03108616918325423 -0.07977911829948425 0.023344356566667557
v 0.021496113389730447 -0.08335355669260025 0.02557726949453354
v 0.03108616918325423 -0.07977911829948425 0.023344356566667557
v 0.02157329581677913 -0.08219480514526367 0.03330196067690849
v 0.02157329581677913 -0.08219480514526367 0.03330196067690849
v 0.03108616918325423 -0.07977911829948425 0.023344356566667557
v 0.03120240569114684 -0.0789172425866127 0.031006556004285812
v 0.02157329581677913 -0.08219480514526367 0.03330196067690849
v 0.03120240569114684 -0.0789172425866127 0.031006556004285812
v 0.021650789305567734 -0.0795317217707634 0.04063792526721954
v 0.021650789305567734 -0.0795317217707634 0.04063792526721954
v 0.03120240569114684 -0.0789172425866127 0.031006556004285812
v 0.03131918981671332 -0.07659148424863815 0.038349248468875885
v 0.021650789305567734 -0.0795317217707634 0.04063792526721954
v 0.03131918981671332 -0.07659148424863815 0.038349248468875885
v 0.02172324061393737 -0.07530879974365234 0.04720114916563034
v 0.02172324061393737 -0.07530879974365234 0.04720114916563034
v 0.03131918981671332 -0.07659148424863815 0.038349248468875885
v 0.03142848610877989 -0.07267691195011139 0.044981539249420166
v 0.02172324061393737 -0.07530879974365234 0.04720114916563034
v 0.03142848610877989 -0.07267691195011139 0.044981539249420166
v 0.02178461663424968 -0.0697304904460907 0.05267024412751198
v 0.02178461663424968 -0.0697304904460907 0.05267024412751198
v 0.03142848610877989 -0.07267691195011139 0.044981539249420166
v 0.03152125328779219 -0.06732511520385742 0.05053122714161873
v 0.02178461663424968 -0.0697304904460907 0.05267024412751198
v 0.03152125328779219 -0.06732511520385742 0.05053122714161873
v 0.021831763908267014 -0.06317183375358582 0.056931305676698685
v 0.021831763908267014 -0.06317183375358582 0.056931305676698685
v 0.03152125328779219 -0.06732511520385742 0.05053122714161873
v 0.03159275278449057 -0.06091262400150299 0.0548308901488781
v 0.021831763908267014 -0.06317183375358582 0.056931305676698685
v 0.03159275278449057 -0.06091262400150299 0.0548308901488781
v 0.021865265443921082 -0.055997397750616074 0.0600607804954052
v 0.021865265443921082 -0.055997397750616074 0.0600607804954052
v 0.03159275278449057 -0.06091262400150299 0.0548308901488781
v 0.03164386749267577 -0.05383431538939476 0.0579315647482872
v 0.021865265443921082 -0.055997397750616074 0.0600607804954052
v 0.03164386749267577 -0.05383431538939476 0.0579315647482872
v 0.021887196227908128 -0.04847078397870064 0.0622209832072258
v 0.021887196227908128 -0.04847078397870064 0.0622209832072258
v 0.03164386749267577 -0.05383431538939476 0.0579315647482872
v 0.0316777043044567 -0.04638338461518288 0.059995073825120926
v 0.021887196227908128 -0.04847078397870064 0.0622209832072258
v 0.0316777043044567 -0.04638338461518288 0.059995073825120926
v 0.02189927920699119 -0.040759507566690445 0.06358372420072556
v 0.02189927920699119 -0.040759507566690445 0.06358372420072556
v 0.0316777043044567 -0.04638338461518288 0.059995073825120926
v 0.03169684857130049 -0.038746993988752365 0.06120492145419121
v 0.02189927920699119 -0.040759507566690445 0.06358372420072556
v 0.03169684857130049 -0.038746993988752365 0.06120492145419121
v 0.02189632505178451 -0.025134673342108727 0.06448829174041748
v 0.02189632505178451 -0.025134673342108727 0.06448829174041748
v 0.03169684857130049 -0.038746993988752365 0.06120492145419121
v 0.03170251846313475 -0.031033625826239586 0.06172574684023857
v 0.02189632505178451 -0.025134673342108727 0.06448829174041748
v 0.03170251846313475 -0.031033625826239586 0.06172574684023857
v 0.03169469535350798 -0.023303823545575142 0.06169228255748749
v 0.03169469535350798 -0.023303823545575142 0.06169228255748749
v 0.03170251846313475 -0.031033625826239586 0.06172574684023857
v 0.03993697091937064 -0.028599541634321213 0.0585482157766819
v 0.03169469535350798 -0.023303823545575142 0.06169228255748749
v 0.03993697091937064 -0.028599541634321213 0.0585482157766819
v 0.03992975130677222 -0.022274723276495934 0.05839342996478081
v -2.3495995264966032e-06 0.020586349070072174 0.06249173358082771
v 0.011124668642878529 0.00520599028095603 0.0640568882226944
v 0.011048224754631516 0.020797407254576683 0.06156645342707634
v 0.011048224754631516 0.020797407254576683 0.06156645342707634
v 0.011124668642878529 0.00520599028095603 0.0640568882226944
v 0.02176301181316375 0.006019349209964275 0.06165016070008278
v 0.011048224754631516 0.020797407254576683 0.06156645342707634
v 0.02176301181316375 0.006019349209964275 0.06165016070008278
v 0.021614717319607728 0.021421372890472412 0.05885746702551842
v 0.021614717319607728 0.021421372890472412 0.05885746702551842
v 0.02176301181316375 0.006019349209964275 0.06165016070008278
v 0.03150023147463797 0.0073355743661522865 0.05784468352794647
v 0.021614717319607728 0.021421372890472412 0.05885746702551842
v 0.03150023147463797 0.0073355743661522865 0.05784468352794647
v 0.03128102049231528 0.02243036776781082 0.054543640464544296
v 0.03128102049231528 0.02243036776781082 0.054543640464544296
v 0.021415803581476205 0.03673466295003891 0.05560262128710747
v 0.021614717319607728 0.021421372890472412 0.05885746702551842
v 0.021614717319607728 0.021421372890472412 0.05885746702551842
v 0.021415803581476205 0.03673466295003891 0.05560262128710747
v 0.010946054011583325 0.03630313649773598 0.058582667261362076
v 0.021614717319607728 0.021421372890472412 0.05885746702551842
v 0.010946054011583325 0.03630313649773598 0.058582667261362076
v 0.011048224754631516 0.020797407254576683 0.06156645342707634
v 0.011048224754631516 0.020797407254576683 0.06156645342707634
v 0.010946054011583325 0.03630313649773598 0.058582667261362076
v -2.327774154764483e-06 0.036157041788101196 0.05959708243608475
v 0.011048224754631516 0.020797407254576683 0.06156645342707634
v -2.327774154764483e-06 0.036157041788101196 0.05959708243608475
v -2.3495995264966032e-06 0.020586349070072174 0.06249173358082771
v 0.0395851470530033 0.013373435474932194 0.05201273411512375
v 0.03953906521201132 0.015357392840087414 0.05145137012004852
v 0.03593327850103377 0.00816490687429905 0.055488597601652145
v 0.03593327850103377 0.00816490687429905 0.055488597601652145
v 0.03953906521201132 0.015357392840087414 0.05145137012004852
v 0.03532699868082999 0.03786880522966385 0.04784249886870384
v 0.03593327850103377 0.00816490687429905 0.055488597601652145
v 0.03532699868082999 0.03786880522966385 0.04784249886870384
v 0.030986201018095006 0.03743118792772293 0.05082956701517105
v 0.030986201018095006 0.03743118792772293 0.05082956701517105
v 0.03532699868082999 0.03786880522966385 0.04784249886870384
v 0.030658289790153493 0.05243557691574097 0.047103069722652435
v 0.030986201018095006 0.03743118792772293 0.05082956701517105
v 0.030658289790153493 0.05243557691574097 0.047103069722652435
v 0.021194616332650178 0.05202687904238701 0.0522252656519413
v 0.021194616332650178 0.05202687904238701 0.0522252656519413
v 0.030658289790153493 0.05243557691574097 0.047103069722652435
v 0.03054000809788703 0.05694190412759781 0.0460110679268837
v 0.021194616332650178 0.05202687904238701 0.0522252656519413
v 0.03054000809788703 0.05694190412759781 0.0460110679268837
v 0.02937900461256503 0.057725533843040466 0.04666189104318619
v 0.012124358676373955 0.06462836265563965 0.052628349512815475
v 0.010739908553659912 0.06483343243598938 0.05283457413315773
v 0.021194616332650178 0.05202687904238701 0.0522252656519413
v 0.021194616332650178 0.05202687904238701 0.0522252656519413
v 0.010739908553659912 0.06483343243598938 0.05283457413315773
v 0.021415803581476205 0.03673466295003891 0.05560262128710747
v 0.021194616332650178 0.05202687904238701 0.0522252656519413
v 0.021415803581476205 0.03673466295003891 0.05560262128710747
v 0.030986201018095006 0.03743118792772293 0.05082956701517105
v 0.030986201018095006 0.03743118792772293 0.05082956701517105
v 0.021415803581476205 0.03673466295003891 0.05560262128710747
v 0.03128102049231528 0.02243036776781082 0.054543640464544296
v 0.030986201018095006 0.03743118792772293 0.05082956701517105
v 0.03128102049231528 0.02243036776781082 0.054543640464544296
v 0.03593327850103377 0.00816490687429905 0.055488597601652145
v 0.03593327850103377 0.00816490687429905 0.055488597601652145
v 0.03128102049231528 0.02243036776781082 0.054543640464544296
v 0.03150023147463797 0.0073355743661522865 0.05784468352794647
v 0.03593327850103377 0.00816490687429905 0.055488597601652145
v 0.03150023147463797 0.0073355743661522865 0.05784468352794647
v 0.031634084880352006 -0.00790837686508894 0.060366999357938766
v 0.031634084880352006 -0.00790837686508894 0.060366999357938766
v 0.03150023147463797 0.0073355743661522865 0.05784468352794647
v 0.02176301181316375 0.006019349209964275 0.06165016070008278
v 0.031634084880352006 -0.00790837686508894 0.060366999357938766
v 0.02176301181316375 0.006019349209964275 0.06165016070008278
v 0.021854188293218606 -0.009503979235887527 0.06365585327148438
v 0.021854188293218606 -0.009503979235887527 0.06365585327148438
v 0.02176301181316375 0.006019349209964275 0.06165016070008278
v 0.011124668642878529 0.00520599028095603 0.0640568882226944
v 0.021854188293218606 -0.009503979235887527 0.06365585327148438
v 0.011124668642878529 0.00520599028095603 0.0640568882226944
v 0.011172133497893807 -0.010490112006664276 0.06575360894203186
v 0.011172133497893807 -0.010490112006664276 0.06575360894203186
v 0.011124668642878529 0.00520599028095603 0.0640568882226944
v -2.3659526959818314e-06 0.004930966068059206 0.06488227844238281
v 0.011172133497893807 -0.010490112006664276 0.06575360894203186
v -2.3659526959818314e-06 0.004930966068059206 0.06488227844238281
v -2.3761469947203287e-06 -0.010823582299053669 0.0664764791727066
v -0.02106864005327224 0.06188866123557091 0.05019063875079155
v -0.026673218235373487 0.05926492065191269 0.0479545034468174
v -0.02119882777333259 0.05202701687812805 0.05222349613904953
v -0.02119882777333259 0.05202701687812805 0.05222349613904953
v -0.026673218235373487 0.05926492065191269 0.0479545034468174
v -0.030662041157484044 0.052435774356126785 0.047100525349378586
v -0.02119882777333259 0.05202701687812805 0.05222349613904953
v -0.030662041157484044 0.052435774356126785 0.047100525349378586
v -0.021420065313577645 0.036734916269779205 0.055600982159376144
v -0.021420065313577645 0.036734916269779205 0.055600982159376144
v -0.030662041157484044 0.052435774356126785 0.047100525349378586
v -0.030990011990070333 0.03743155300617218 0.05082722380757332
v -0.021420065313577645 0.036734916269779205 0.055600982159376144
v -0.030990011990070333 0.03743155300617218 0.05082722380757332
v -0.021619016304612153 0.02142173983156681 0.058855943381786346
v -0.021619016304612153 0.02142173983156681 0.058855943381786346
v -0.030990011990070333 0.03743155300617218 0.05082722380757332
v -0.03128487244248389 0.022430896759033203 0.05454147979617119
v -0.021619016304612153 0.02142173983156681 0.058855943381786346
v -0.03128487244248389 0.022430896759033203 0.05454147979617119
v -0.02176734432578086 0.0060198199935257435 0.06164885684847832
v -0.02176734432578086 0.0060198199935257435 0.06164885684847832
v -0.03128487244248389 0.022430896759033203 0.05454147979617119
v -0.031504120677709566 0.0073362551629543304 0.05784284323453903
v -0.02176734432578086 0.0060198199935257435 0.06164885684847832
v -0.031504120677709566 0.0073362551629543304 0.05784284323453903
v -0.021858531981706612 -0.009503424167633057 0.06365469098091125
v -0.021858531981706612 -0.009503424167633057 0.06365469098091125
v -0.031504120677709566 0.0073362551629543304 0.05784284323453903
v -0.0316379778087139 -0.007907574996352196 0.060365378856658936
v -0.021858531981706612 -0.009503424167633057 0.06365469098091125
v -0.0316379778087139 -0.007907574996352196 0.060365378856658936
v -0.021900674328207963 -0.025134040042757988 0.06448730081319809
v -0.020989483222365372 -0.05676531791687012 -0.042509377002716064
v -0.017103912308812134 -0.05766025930643082 -0.04307946562767029
v -0.021058136597275727 -0.0631583109498024 -0.03272630274295807
v -0.021058136597275727 -0.0631583109498024 -0.03272630274295807
v -0.017103912308812134 -0.05766025930643082 -0.04307946562767029
v -0.010772176086902615 -0.06577307730913162 -0.03194984421133995
v -0.021058136597275727 -0.0631583109498024 -0.03272630274295807
v -0.010772176086902615 -0.06577307730913162 -0.03194984421133995
v -0.021133953705430024 -0.07098554819822311 -0.01916625164449215
v -0.021133953705430024 -0.07098554819822311 -0.01916625164449215
v -0.010772176086902615 -0.06577307730913162 -0.03194984421133995
v -0.010812423191964623 -0.0735192745923996 -0.018191901966929436
v -0.021133953705430024 -0.07098554819822311 -0.01916625164449215
v -0.010812423191964623 -0.0735192745923996 -0.018191901966929436
v -0.021234482526779168 -0.07755071669816971 -0.004954106640070677
v -0.021234482526779168 -0.07755071669816971 -0.004954106640070677
v -0.010812423191964623 -0.0735192745923996 -0.018191901966929436
v -0.010864604264497753 -0.08005684614181519 -0.0038250871002674103
v -0.021234482526779168 -0.07755071669816971 -0.004954106640070677
v -0.010864604264497753 -0.08005684614181519 -0.0038250871002674103
v -0.02129320986568927 -0.08013322204351425 0.0024374304339289665
v -0.02129320986568927 -0.08013322204351425 0.0024374304339289665
v -0.010864604264497753 -0.08005684614181519 -0.0038250871002674103
v -0.010894768871366974 -0.08261406421661377 0.0036434312351047993
v -0.02129320986568927 -0.08013322204351425 0.0024374304339289665
v -0.010894768871366974 -0.08261406421661377 0.0036434312351047993
v -0.021357294172048562 -0.0820833221077919 0.010018592700362206
v -0.021357294172048562 -0.0820833221077919 0.010018592700362206
v -0.010894768871366974 -0.08261406421661377 0.0036434312351047993
v -0.010927506722509858 -0.08451350778341293 0.011304406449198723
v -0.021357294172048562 -0.0820833221077919 0.010018592700362206
v -0.010927506722509858 -0.08451350778341293 0.011304406449198723
v -0.021426515653729432 -0.08322989195585251 0.017758648842573166
v -0.021426515653729432 -0.08322989195585251 0.017758648842573166
v -0.010927506722509858 -0.08451350778341293 0.011304406449198723
v -0.010962707921862599 -0.0855717733502388 0.019123706966638565
v -0.021426515653729432 -0.08322989195585251 0.017758648842573166
v -0.010962707921862599 -0.0855717733502388 0.019123706966638565
v -0.021500376984477036 -0.08335231989622116 0.025576479732990265
v -0.021500376984477036 -0.08335231989622116 0.025576479732990265
v -0.010962707921862599 -0.0855717733502388 0.019123706966638565
v -0.01100012473762035 -0.08555914461612701 0.027010509744286537
v -0.021500376984477036 -0.08335231989622116 0.025576479732990265
v -0.01100012473762035 -0.08555914461612701 0.027010509744286537
v -0.021577576175332062 -0.08219368010759354 0.03330115228891373
v -0.021577576175332062 -0.08219368010759354 0.03330115228891373
v -0.01100012473762035 -0.08555914461612701 0.027010509744286537
v -0.011039104312658306 -0.08421947807073593 0.03477761894464493
v -0.021577576175332062 -0.08219368010759354 0.03330115228891373
v -0.011039104312658306 -0.08421947807073593 0.03477761894464493
v -0.02165508642792701 -0.07953071594238281 0.04063711687922478
v -0.02165508642792701 -0.07953071594238281 0.04063711687922478
v -0.011039104312658306 -0.08421947807073593 0.03477761894464493
v -0.011078134179115292 -0.08135122805833817 0.042114052921533585
v -0.02165508642792701 -0.07953071594238281 0.04063711687922478
v -0.011078134179115292 -0.08135122805833817 0.042114052921533585
v -0.02172755263745784 -0.07530789077281952 0.047200366854667664
v -0.02172755263745784 -0.07530789077281952 0.047200366854667664
v -0.011078134179115292 -0.08135122805833817 0.042114052921533585
v -0.011114535853266713 -0.07694052904844284 0.048639919608831406
v -0.02172755263745784 -0.07530789077281952 0.047200366854667664
v -0.011114535853266713 -0.07694052904844284 0.048639919608831406
v -0.021788941696286195 -0.06972965598106384 0.05266948416829109
v -0.021788941696286195 -0.06972965598106384 0.05266948416829109
v -0.011114535853266713 -0.07694052904844284 0.048639919608831406
v -0.011145294643938538 -0.07122356444597244 0.054064299911260605
v -0.021788941696286195 -0.06972965598106384 0.05266948416829109
v -0.011145294643938538 -0.07122356444597244 0.054064299911260605
v -0.021836098283529275 -0.06317105889320374 0.05693056061863899
v -0.021836098283529275 -0.06317105889320374 0.05693056061863899
v -0.011145294643938538 -0.07122356444597244 0.054064299911260605
v -0.011168830096721646 -0.0645744800567627 0.05830541253089905
v -0.021836098283529275 -0.06317105889320374 0.05693056061863899
v -0.011168830096721646 -0.0645744800567627 0.05830541253089905
v -0.02186960913240909 -0.05599664896726608 0.060060031712055206
v -0.02186960913240909 -0.05599664896726608 0.060060031712055206
v -0.011168830096721646 -0.0645744800567627 0.05830541253089905
v -0.01118543557822704 -0.0573396310210228 0.061454929411411285
v -0.02186960913240909 -0.05599664896726608 0.060060031712055206
v -0.01118543557822704 -0.0573396310210228 0.061454929411411285
v -0.021891543641686433 -0.04847010225057602 0.062220193445682526
v -0.021891543641686433 -0.04847010225057602 0.062220193445682526
v -0.01118543557822704 -0.0573396310210228 0.061454929411411285
v -0.011196148581802842 -0.04976492002606392 0.06367545574903488
v -0.021891543641686433 -0.04847010225057602 0.062220193445682526
v -0.011196148581802842 -0.04976492002606392 0.06367545574903488
v -0.021903628483414643 -0.04075879603624344 0.0635828748345375
v -0.021903628483414643 -0.04075879603624344 0.0635828748345375
v -0.011196148581802842 -0.04976492002606392 0.06367545574903488
v -0.011201829649507996 -0.0420059897005558 0.0651317909359932
v -0.021903628483414643 -0.04075879603624344 0.0635828748345375
v -0.011201829649507996 -0.0420059897005558 0.0651317909359932
v -0.021900674328207963 -0.025134040042757988 0.06448730081319809
v -0.021900674328207963 -0.025134040042757988 0.06448730081319809
v -0.011201829649507996 -0.0420059897005558 0.0651317909359932
v -0.011199313215911385 -0.02626687102019787 0.06628908216953278
v -0.021900674328207963 -0.025134040042757988 0.06448730081319809
v -0.011199313215911385 -0.02626687102019787 0.06628908216953278
v -0.021858531981706612 -0.009503424167633057 0.06365469098091125
v -0.021858531981706612 -0.009503424167633057 0.06365469098091125
v -0.011199313215911385 -0.02626687102019787 0.06628908216953278
v -0.011176778003573414 -0.010489827953279018 0.06575299799442291
v -0.021858531981706612 -0.009503424167633057 0.06365469098091125
v -0.011176778003573414 -0.010489827953279018 0.06575299799442291
v -0.02176734432578086 0.0060198199935257435 0.06164885684847832
v -0.02176734432578086 0.0060198199935257435 0.06164885684847832
v -0.011176778003573414 -0.010489827953279018 0.06575299799442291
v -0.011129296384751793 0.005206230562180281 0.06405621021986008
v -0.02176734432578086 0.0060198199935257435 0.06164885684847832
v -0.011129296384751793 0.005206230562180281 0.06405621021986008
v -0.021619016304612153 0.02142173983156681 0.058855943381786346
v -0.021619016304612153 0.02142173983156681 0.058855943381786346
v -0.011129296384751793 0.005206230562180281 0.06405621021986008
v -0.011052820831537243 0.020797593519091606 0.061565663665533066
v -0.021619016304612153 0.02142173983156681 0.058855943381786346
v -0.011052820831537243 0.020797593519091606 0.061565663665533066
v -0.021420065313577645 0.036734916269779205 0.055600982159376144
v -0.021420065313577645 0.036734916269779205 0.055600982159376144
v -0.011052820831537243 0.020797593519091606 0.061565663665533066
v -0.010950608178973194 0.03630326688289642 0.058581821620464325
v -0.021420065313577645 0.036734916269779205 0.055600982159376144
v -0.010950608178973194 0.03630326688289642 0.058581821620464325
v -0.02119882777333259 0.05202701687812805 0.05222349613904953
v -0.02119882777333259 0.05202701687812805 0.05222349613904953
v -0.010950608178973194 0.03630326688289642 0.058581821620464325
v -0.010738646611571308 0.06481501460075378 0.052820224314928055
v -0.02119882777333259 0.05202701687812805 0.05222349613904953
v -0.010738646611571308 0.06481501460075378 0.052820224314928055
v -0.015210160054266448 0.06388106942176819 0.05194195732474327
v -0.03985091671347617 -0.0069429390132427216 0.05651738867163658
v -0.03985856845974921 -0.008271762169897556 0.05670084431767464
v -0.0316379778087139 -0.007907574996352196 0.060365378856658936
v -0.0316379778087139 -0.007907574996352196 0.060365378856658936
v -0.03985856845974921 -0.008271762169897556 0.05670084431767464
v -0.03169859573245047 -0.02330290712416172 0.06169091910123825
v -0.0316379778087139 -0.007907574996352196 0.060365378856658936
v -0.03169859573245047 -0.02330290712416172 0.06169091910123825
v -0.021900674328207963 -0.025134040042757988 0.06448730081319809
v -0.021900674328207963 -0.025134040042757988 0.06448730081319809
v -0.03169859573245047 -0.02330290712416172 0.06169091910123825
v -0.03170641884207724 -0.031032636761665344 0.06172449141740799
v -0.021900674328207963 -0.025134040042757988 0.06448730081319809
v -0.03170641884207724 -0.031032636761665344 0.06172449141740799
v -0.021903628483414643 -0.04075879603624344 0.0635828748345375
v -0.021903628483414643 -0.04075879603624344 0.0635828748345375
v -0.03170641884207724 -0.031032636761665344 0.06172449141740799
v -0.03170074895024298 -0.03874597325921059 0.06120375916361809
v -0.021903628483414643 -0.04075879603624344 0.0635828748345375
v -0.03170074895024298 -0.03874597325921059 0.06120375916361809
v -0.021891543641686433 -0.04847010225057602 0.062220193445682526
v -0.021891543641686433 -0.04847010225057602 0.062220193445682526
v -0.03170074895024298 -0.03874597325921059 0.06120375916361809
v -0.03168160468339919 -0.04638240486383438 0.05999399721622467
v -0.021891543641686433 -0.04847010225057602 0.062220193445682526
v -0.03168160468339919 -0.04638240486383438 0.05999399721622467
v -0.02186960913240909 -0.05599664896726608 0.060060031712055206
v -0.02186960913240909 -0.05599664896726608 0.060060031712055206
v -0.03168160468339919 -0.04638240486383438 0.05999399721622467
v -0.03164776414632796 -0.053833238780498505 0.05793055519461632
v -0.02186960913240909 -0.05599664896726608 0.060060031712055206
v -0.03164776414632796 -0.053833238780498505 0.05793055519461632
v -0.021836098283529275 -0.06317105889320374 0.05693056061863899
v -0.021836098283529275 -0.06317105889320374 0.05693056061863899
v -0.03164776414632796 -0.053833238780498505 0.05793055519461632
v -0.03159663826227187 -0.060911502689123154 0.054829880595207214
v -0.021836098283529275 -0.06317105889320374 0.05693056061863899
v -0.03159663826227187 -0.060911502689123154 0.054829880595207214
v -0.021788941696286195 -0.06972965598106384 0.05266948416829109
v -0.021788941696286195 -0.06972965598106384 0.05266948416829109
v -0.03159663826227187 -0.060911502689123154 0.054829880595207214
v -0.03152512758970259 -0.06732392311096191 0.050530195236206055
v -0.021788941696286195 -0.06972965598106384 0.05266948416829109
v -0.03152512758970259 -0.06732392311096191 0.050530195236206055
v -0.02172755263745784 -0.07530789077281952 0.047200366854667664
v -0.02172755263745784 -0.07530789077281952 0.047200366854667664
v -0.03152512758970259 -0.06732392311096191 0.050530195236206055
v -0.0314323492348194 -0.07267560809850693 0.04498046264052391
v -0.02172755263745784 -0.07530789077281952 0.047200366854667664
v -0.0314323492348194 -0.07267560809850693 0.04498046264052391
v -0.02165508642792701 -0.07953071594238281 0.04063711687922478
v -0.02165508642792701 -0.07953071594238281 0.04063711687922478
v -0.0314323492348194 -0.07267560809850693 0.04498046264052391
v -0.03132303431630133 -0.07659002393484116 0.038348134607076645
v -0.02165508642792701 -0.07953071594238281 0.04063711687922478
v -0.03132303431630133 -0.07659002393484116 0.038348134607076645
v -0.021577576175332062 -0.08219368010759354 0.03330115228891373
v -0.021577576175332062 -0.08219368010759354 0.03330115228891373
v -0.03132303431630133 -0.07659002393484116 0.038348134607076645
v -0.03120623528957366 -0.07891561090946198 0.031005436554551125
v -0.021577576175332062 -0.08219368010759354 0.03330115228891373
v -0.03120623528957366 -0.07891561090946198 0.031005436554551125
v -0.021500376984477036 -0.08335231989622116 0.025576479732990265
v -0.021500376984477036 -0.08335231989622116 0.025576479732990265
v -0.03120623528957366 -0.07891561090946198 0.031005436554551125
v -0.031089980155229558 -0.07977733016014099 0.02334326133131981
v -0.021500376984477036 -0.08335231989622116 0.025576479732990265
v -0.031089980155229558 -0.07977733016014099 0.02334326133131981
v -0.021426515653729432 -0.08322989195585251 0.017758648842573166
v -0.021426515653729432 -0.08322989195585251 0.017758648842573166
v -0.031089980155229558 -0.07977733016014099 0.02334326133131981
v -0.030978810042142858 -0.07943462580442429 0.0156314168125391
v -0.021426515653729432 -0.08322989195585251 0.017758648842573166
v -0.030978810042142858 -0.07943462580442429 0.0156314168125391
v -0.021357294172048562 -0.0820833221077919 0.010018592700362206
v -0.021357294172048562 -0.0820833221077919 0.010018592700362206
v -0.030978810042142858 -0.07943462580442429 0.0156314168125391
v -0.03087468445301055 -0.07814574241638184 0.008013744838535786
v -0.021357294172048562 -0.0820833221077919 0.010018592700362206
v -0.03087468445301055 -0.07814574241638184 0.008013744838535786
v -0.02129320986568927 -0.08013322204351425 0.0024374304339289665
v -0.02129320986568927 -0.08013322204351425 0.0024374304339289665
v -0.03087468445301055 -0.07814574241638184 0.008013744838535786
v -0.030778340995311727 -0.07611610740423203 0.0005551876965910196
v -0.02129320986568927 -0.08013322204351425 0.0024374304339289665
v -0.030778340995311727 -0.07611610740423203 0.0005551876965910196
v -0.021234482526779168 -0.07755071669816971 -0.004954106640070677
v -0.021234482526779168 -0.07755071669816971 -0.004954106640070677
v -0.030778340995311727 -0.07611610740423203 0.0005551876965910196
v -0.030690113082528104 -0.07349638640880585 -0.0067191822454333305
v -0.021234482526779168 -0.07755071669816971 -0.004954106640070677
v -0.030690113082528104 -0.07349638640880585 -0.0067191822454333305
v -0.021133953705430024 -0.07098554819822311 -0.01916625164449215
v -0.021133953705430024 -0.07098554819822311 -0.01916625164449215
v -0.030690113082528104 -0.07349638640880585 -0.0067191822454333305
v -0.030539283528923978 -0.06689518690109253 -0.020698009058833122
v -0.021133953705430024 -0.07098554819822311 -0.01916625164449215
v -0.030539283528923978 -0.06689518690109253 -0.020698009058833122
v -0.021058136597275727 -0.0631583109498024 -0.03272630274295807
v -0.021058136597275727 -0.0631583109498024 -0.03272630274295807
v -0.030539283528923978 -0.06689518690109253 -0.020698009058833122
v -0.030425842851400365 -0.05894303694367409 -0.03395557031035423
v -0.021058136597275727 -0.0631583109498024 -0.03272630274295807
v -0.030425842851400365 -0.05894303694367409 -0.03395557031035423
v -0.02556722424924373 -0.05571094527840614 -0.04183773323893547
v -0.02556722424924373 -0.05571094527840614 -0.04183773323893547
v -0.030425842851400365 -0.05894303694367409 -0.03395557031035423
v -0.030338723212480535 -0.05416154861450195 -0.0407857708632946
v -0.0025081567000597707 0.0657019093632698 0.05378665030002594
v -0.008924105204641816 0.0651940107345581 0.053176626563072205
v -2.327774154764483e-06 0.036157041788101196 0.05959708243608475
v -2.327774154764483e-06 0.036157041788101196 0.05959708243608475
v -0.008924105204641816 0.0651940107345581 0.053176626563072205
v -0.010950608178973194 0.03630326688289642 0.058581821620464325
v -2.327774154764483e-06 0.036157041788101196 0.05959708243608475
v -0.010950608178973194 0.03630326688289642 0.058581821620464325
v -2.3495995264966032e-06 0.020586349070072174 0.06249173358082771
v -2.3495995264966032e-06 0.020586349070072174 0.06249173358082771
v -0.010950608178973194 0.03630326688289642 0.058581821620464325
v -0.011052820831537243 0.020797593519091606 0.061565663665533066
v -2.3495995264966032e-06 0.020586349070072174 0.06249173358082771
v -0.011052820831537243 0.020797593519091606 0.061565663665533066
v -2.3659526959818314e-06 0.004930966068059206 0.06488227844238281
v -2.3659526959818314e-06 0.004930966068059206 0.06488227844238281
v -0.011052820831537243 0.020797593519091606 0.061565663665533066
v -0.011129296384751793 0.005206230562180281 0.06405621021986008
v -2.3659526959818314e-06 0.004930966068059206 0.06488227844238281
v -0.011129296384751793 0.005206230562180281 0.06405621021986008
v -2.3761469947203287e-06 -0.010823582299053669 0.0664764791727066
v -2.3761469947203287e-06 -0.010823582299053669 0.0664764791727066
v -0.011129296384751793 0.005206230562180281 0.06405621021986008
v -0.011176778003573414 -0.010489827953279018 0.06575299799442291
v -2.3761469947203287e-06 -0.010823582299053669 0.0664764791727066
v -0.011176778003573414 -0.010489827953279018 0.06575299799442291
v -2.381035983489709e-06 -0.026650331914424896 0.06691377609968185
v -2.381035983489709e-06 -0.026650331914424896 0.06691377609968185
v -0.011176778003573414 -0.010489827953279018 0.06575299799442291
v -0.011199313215911385 -0.02626687102019787 0.06628908216953278
v -2.381035983489709e-06 -0.026650331914424896 0.06691377609968185
v -0.011199313215911385 -0.02626687102019787 0.06628908216953278
v -2.381659214734099e-06 -0.04242848604917526 0.0656718760728836
v -2.381659214734099e-06 -0.04242848604917526 0.0656718760728836
v -0.011199313215911385 -0.02626687102019787 0.06628908216953278
v -0.011201829649507996 -0.0420059897005558 0.0651317909359932
v -2.381659214734099e-06 -0.04242848604917526 0.0656718760728836
v -0.011201829649507996 -0.0420059897005558 0.0651317909359932
v -2.380491196163347e-06 -0.05020374432206154 0.0641840249300003
v -2.380491196163347e-06 -0.05020374432206154 0.0641840249300003
v -0.011201829649507996 -0.0420059897005558 0.0651317909359932
v -0.011196148581802842 -0.04976492002606392 0.06367545574903488
v -2.380491196163347e-06 -0.05020374432206154 0.0641840249300003
v -0.011196148581802842 -0.04976492002606392 0.06367545574903488
v -2.3782511107128804e-06 -0.05779498070478439 0.061942994594573975
v -2.3782511107128804e-06 -0.05779498070478439 0.061942994594573975
v -0.011196148581802842 -0.04976492002606392 0.06367545574903488
v -0.01118543557822704 -0.0573396310210228 0.061454929411411285
v -2.3782511107128804e-06 -0.05779498070478439 0.061942994594573975
v -0.01118543557822704 -0.0573396310210228 0.061454929411411285
v -2.374757059442344e-06 -0.06505044549703598 0.05878632143139839
v -2.374757059442344e-06 -0.06505044549703598 0.05878632143139839
v -0.01118543557822704 -0.0573396310210228 0.061454929411411285
v -0.011168830096721646 -0.0645744800567627 0.05830541253089905
v -2.374757059442344e-06 -0.06505044549703598 0.05878632143139839
v -0.011168830096721646 -0.0645744800567627 0.05830541253089905
v -2.3697905362496377e-06 -0.07173017412424088 0.054551299661397934
v -2.3697905362496377e-06 -0.07173017412424088 0.054551299661397934
v -0.011168830096721646 -0.0645744800567627 0.05830541253089905
v -0.011145294643938538 -0.07122356444597244 0.054064299911260605
v -2.3697905362496377e-06 -0.07173017412424088 0.054551299661397934
v -0.011145294643938538 -0.07122356444597244 0.054064299911260605
v -2.3632896954950402e-06 -0.07749386876821518 0.04914117604494095
v -2.3632896954950402e-06 -0.07749386876821518 0.04914117604494095
v -0.011145294643938538 -0.07122356444597244 0.054064299911260605
v -0.011114535853266713 -0.07694052904844284 0.048639919608831406
v -2.3632896954950402e-06 -0.07749386876821518 0.04914117604494095
v -0.011114535853266713 -0.07694052904844284 0.048639919608831406
v -2.355587639613076e-06 -0.08196768909692764 0.04262701794505119
v -2.355587639613076e-06 -0.08196768909692764 0.04262701794505119
v -0.011114535853266713 -0.07694052904844284 0.048639919608831406
v -0.011078134179115292 -0.08135122805833817 0.042114052921533585
v -2.355587639613076e-06 -0.08196768909692764 0.04262701794505119
v -0.011078134179115292 -0.08135122805833817 0.042114052921533585
v -2.347320787521311e-06 -0.08490486443042755 0.03528958559036255
v -2.347320787521311e-06 -0.08490486443042755 0.03528958559036255
v -0.011078134179115292 -0.08135122805833817 0.042114052921533585
v -0.011039104312658306 -0.08421947807073593 0.03477761894464493
v -2.347320787521311e-06 -0.08490486443042755 0.03528958559036255
v -0.011039104312658306 -0.08421947807073593 0.03477761894464493
v -2.339053935429546e-06 -0.08630537986755371 0.02750738337635994
v -2.339053935429546e-06 -0.08630537986755371 0.02750738337635994
v -0.011039104312658306 -0.08421947807073593 0.03477761894464493
v -0.01100012473762035 -0.08555914461612701 0.027010509744286537
v -2.339053935429546e-06 -0.08630537986755371 0.02750738337635994
v -0.01100012473762035 -0.08555914461612701 0.027010509744286537
v -2.331106543351779e-06 -0.0863635241985321 0.019596552476286888
v -2.331106543351779e-06 -0.0863635241985321 0.019596552476286888
v -0.01100012473762035 -0.08555914461612701 0.027010509744286537
v -0.010962707921862599 -0.0855717733502388 0.019123706966638565
v -2.331106543351779e-06 -0.0863635241985321 0.019596552476286888
v -0.010962707921862599 -0.0855717733502388 0.019123706966638565
v -2.3236161723616525e-06 -0.08533519506454468 0.011749699711799622
v -2.3236161723616525e-06 -0.08533519506454468 0.011749699711799622
v -0.010962707921862599 -0.0855717733502388 0.019123706966638565
v -0.010927506722509858 -0.08451350778341293 0.011304406449198723
v -2.3236161723616525e-06 -0.08533519506454468 0.011749699711799622
v -0.010927506722509858 -0.08451350778341293 0.011304406449198723
v -2.3166353457781943e-06 -0.08345314115285873 0.004060891456902027
v -2.3166353457781943e-06 -0.08345314115285873 0.004060891456902027
v -0.010927506722509858 -0.08451350778341293 0.011304406449198723
v -0.010894768871366974 -0.08261406421661377 0.0036434312351047993
v -2.3166353457781943e-06 -0.08345314115285873 0.004060891456902027
v -0.010894768871366974 -0.08261406421661377 0.0036434312351047993
v -2.3101870283426243e-06 -0.08090484887361526 -0.003434605197981
v -2.3101870283426243e-06 -0.08090484887361526 -0.003434605197981
v -0.010894768871366974 -0.08261406421661377 0.0036434312351047993
v -0.010864604264497753 -0.08005684614181519 -0.0038250871002674103
v -2.3101870283426243e-06 -0.08090484887361526 -0.003434605197981
v -0.010864604264497753 -0.08005684614181519 -0.0038250871002674103
v -2.2989784156379747e-06 -0.07437747716903687 -0.017855914309620857
v -2.2989784156379747e-06 -0.07437747716903687 -0.017855914309620857
v -0.010864604264497753 -0.08005684614181519 -0.0038250871002674103
v -0.010812423191964623 -0.0735192745923996 -0.018191901966929436
v -2.2989784156379747e-06 -0.07437747716903687 -0.017855914309620857
v -0.010812423191964623 -0.0735192745923996 -0.018191901966929436
v -2.2902461296325774e-06 -0.0666593536734581 -0.031683098524808884
v -2.2902461296325774e-06 -0.0666593536734581 -0.031683098524808884
v -0.010812423191964623 -0.0735192745923996 -0.018191901966929436
v -0.010772176086902615 -0.06577307730913162 -0.03194984421133995
v -2.2902461296325774e-06 -0.0666593536734581 -0.031683098524808884
v -0.010772176086902615 -0.06577307730913162 -0.03194984421133995
v -0.008621826767921444 -0.05886859819293022 -0.043741658329963684
v -0.008621826767921444 -0.05886859819293022 -0.043741658329963684
v -0.010772176086902615 -0.06577307730913162 -0.03194984421133995
v -0.010734336450695988 -0.058567654341459274 -0.04357673600316048
usemtl DefaultMaterial
f 1 2 3
f 4 5 6
f 7 8 9
f 10 11 12
f 13 14 15
f 16 17 18
f 19 20 21
f 22 23 24
f 25 26 27
f 28 29 30
f 31 32 33
f 34 35 36
f 37 38 39
f 40 41 42
f 43 44 45
f 46 47 48
f 49 50 51
f 52 53 54
f 55 56 57
f 58 59 60
f 61 62 63
f 64 65 66
f 67 68 69
f 70 71 72
f 73 74 75
f 76 77 78
f 79 80 81
f 82 83 84
f 85 86 87
f 88 89 90
f 91 92 93
f 94 95 96
f 97 98 99
f 100 101 102
f 103 104 105
f 106 107 108
f 109 110 111
f 112 113 114
f 115 116 117
f 118 119 120
f 121 122 123
f 124 125 126
f 127 128 129
f 130 131 132
f 133 134 135
f 136 137 138
f 139 140 141
f 142 143 144
f 145 146 147
f 148 149 150
f 151 152 153
f 154 155 156
f 157 158 159
f 160 161 162
f 163 164 165
f 166 167 168
f 169 170 171
f 172 173 174
f 175 176 177
f 178 179 180
f 181 182 183
f 184 185 186
f 187 188 189
f 190 191 192
f 193 194 195
f 196 197 198
f 199 200 201
f 202 203 204
f 205 206 207
f 208 209 210
f 211 212 213
f 214 215 216
f 217 218 219
f 220 221 222
f 223 224 225
f 226 227 228
f 229 230 231
f 232 233 234
f 235 236 237
f 238 239 240
f 241 242 243
f 244 245 246
f 247 248 249
f 250 251 252
f 253 254 255
f 256 257 258
f 259 260 261
f 262 263 264
f 265 266 267
f 268 269 270
f 271 272 273
f 274 275 276
f 277 278 279
f 280 281 282
f 283 284 285
f 286 287 288
f 289 290 291
f 292 293 294
f 295 296 297
f 298 299 300
f 301 302 303
f 304 305 306
f 307 308 309
f 310 311 312
f 313 314 315
f 316 317 318
f 319 320 321
f 322 323 324
f 325 326 327
f 328 329 330
f 331 332 333
f 334 335 336
f 337 338 339
f 340 341 342
f 343 344 345
f 346 347 348
f 349 350 351
f 352 353 354
f 355 356 357
f 358 359 360
f 361 362 363
f 364 365 366
f 367 368 369
f 370 371 372
f 373 374 375
f 376 377 378
f 379 380 381
f 382 383 384
f 385 386 387
f 388 389 390
f 391 392 393
f 394 395 396
f 397 398 399
f 400 401 402
f 403 404 405
f 406 407 408
f 409 410 411
f 412 413 414
f 415 416 417
f 418 419 420
f 421 422 423
f 424 425 426
f 427 428 429
f 430 431 432
f 433 434 435
f 436 437 438
f 439 440 441
f 442 443 444
f 445 446 447
f 448 449 450
f 451 452 453
f 454 455 456
f 457 458 459
f 460 461 462
f 463 464 465
f 466 467 468
f 469 470 471
f 472 473 474
f 475 476 477
f 478 479 480
f 481 482 483
f 484 485 486
f 487 488 489
f 490 491 492
f 493 494 495
f 496 497 498
f 499 500 501
f 502 503 504
f 505 506 507
f 508 509 510
f 511 512 513
f 514 515 516
f 517 518 519
f 520 521 522
f 523 524 525
f 526 527 528
f 529 530 531
f 532 533 534
f 535 536 537
f 538 539 540
f 541 542 543
f 544 545 546
f 547 548 549
f 550 551 552
f 553 554 555
f 556 557 558
f 559 560 561
f 562 563 564
f 565 566 567
f 568 569 570
f 571 572 573
f 574 575 576
f 577 578 579
f 580 581 582
f 583 584 585
f 586 587 588
f 589 590 591
f 592 593 594
f 595 596 597
f 598 599 600
f 601 602 603
f 604 605 606
f 607 608 609
f 610 611 612
f 613 614 615
f 616 617 618
f 619 620 621
f 622 623 624
f 625 626 627
f 628 629 630
f 631 632 633
f 634 635 636
f 637 638 639
f 640 641 642
f 643 644 645
f 646 647 648
f 649 650 651
f 652 653 654
f 655 656 657
f 658 659 660
f 661 662 663
f 664 665 666
f 667 668 669
f 670 671 672
f 673 674 675
f 676 677 678
f 679 680 681
f 682 683 684
f 685 686 687
f 688 689 690
f 691 692 693
f 694 695 696
f 697 698 699
f 700 701 702
f 703 704 705
f 706 707 708
f 709 710 711
f 712 713 714
f 715 716 717
f 718 719 720
f 721 722 723
f 724 725 726
f 727 728 729
f 730 731 732
f 733 734 735
f 736 737 738
f 739 740 741
f 742 743 744
f 745 746 747
f 748 749 750
f 751 752 753
f 754 755 756
f 757 758 759
f 760 761 762
f 763 764 765
f 766 767 768
f 769 770 771
f 772 773 774
f 775 776 777
f 778 779 780
f 781 782 783
f 784 785 786
f 787 788 789
f 790 791 792
f 793 794 795
f 796 797 798
f 799 800 801
f 802 803 804
f 805 806 807
f 808 809 810
f 811 812 813
f 814 815 816
f 817 818 819
f 820 821 822
f 823 824 825
f 826 827 828
f 829 830 831
f 832 833 834
f 835 836 837
f 838 839 840
f 841 842 843
f 844 845 846
f 847 848 849
f 850 851 852
f 853 854 855
f 856 857 858
f 859 860 861
f 862 863 864
f 865 866 867
f 868 869 870
f 871 872 873
f 874 875 876
f 877 878 879
f 880 881 882
f 883 884 885
f 886 887 888
f 889 890 891
f 892 893 894
f 895 896 897
f 898 899 900
f 901 902 903
f 904 905 906
f 907 908 909
f 910 911 912
f 913 914 915
f 916 917 918
f 919 920 921
f 922 923 924
f 925 926 927
f 928 929 930
f 931 932 933
f 934 935 936
f 937 938 939
f 940 941 942
f 943 944 945
f 946 947 948
f 949 950 951
f 952 953 954
f 955 956 957
f 958 959 960
f 961 962 963
f 964 965 966
f 967 968 969
f 970 971 972
f 973 974 975
f 976 977 978
f 979 980 981
f 982 983 984
f 985 986 987
f 988 989 990
f 991 992 993
f 994 995 996
f 997 998 999
f 1000 1001 1002
f 1003 1004 1005
f 1006 1007 1008
f 1009 1010 1011
f 1012 1013 1014
f 1015 1016 1017
f 1018 1019 1020
f 1021 1022 1023
f 1024 1025 1026
f 1027 1028 1029
f 1030 1031 1032
f 1033 1034 1035
f 1036 1037 1038
f 1039 1040 1041
f 1042 1043 1044
f 1045 1046 1047
f 1048 1049 1050
f 1051 1052 1053
f 1054 1055 1056
f 1057 1058 1059
f 1060 1061 1062
f 1063 1064 1065
f 1066 1067 1068
f 1069 1070 1071
f 1072 1073 1074
f 1075 1076 1077
f 1078 1079 1080
f 1081 1082 1083
f 1084 1085 1086
f 1087 1088 1089
f 1090 1091 1092
f 1093 1094 1095
f 1096 1097 1098
f 1099 1100 1101
f 1102 1103 1104
f 1105 1106 1107
f 1108 1109 1110
f 1111 1112 1113
f 1114 1115 1116
f 1117 1118 1119
f 1120 1121 1122
f 1123 1124 1125
f 1126 1127 1128
f 1129 1130 1131
f 1132 1133 1134
f 1135 1136 1137
f 1138 1139 1140
f 1141 1142 1143
f 1144 1145 1146
f 1147 1148 1149
f 1150 1151 1152
f 1153 1154 1155
f 1156 1157 1158
f 1159 1160 1161
f 1162 1163 1164
f 1165 1166 1167
f 1168 1169 1170
f 1171 1172 1173
f 1174 1175 1176
f 1177 1178 1179
f 1180 1181 1182
f 1183 1184 1185
f 1186 1187 1188
f 1189 1190 1191
f 1192 1193 1194
f 1195 1196 1197
f 1198 1199 1200
f 1201 1202 1203
f 1204 1205 1206
f 1207 1208 1209
f 1210 1211 1212
f 1213 1214 1215
f 1216 1217 1218
f 1219 1220 1221
f 1222 1223 1224
f 1225 1226 1227
f 1228 1229 1230
f 1231 1232 1233
f 1234 1235 1236
f 1237 1238 1239
f 1240 1241 1242
f 1243 1244 1245
f 1246 1247 1248
f 1249 1250 1251
f 1252 1253 1254
f 1255 1256 1257
f 1258 1259 1260
f 1261 1262 1263
f 1264 1265 1266
f 1267 1268 1269
f 1270 1271 1272
f 1273 1274 1275
f 1276 1277 1278
f 1279 1280 1281
f 1282 1283 1284
f 1285 1286 1287
f 1288 1289 1290
f 1291 1292 1293
f 1294 1295 1296
f 1297 1298 1299
f 1300 1301 1302
f 1303 1304 1305
f 1306 1307 1308
f 1309 1310 1311
f 1312 1313 1314
f 1315 1316 1317
f 1318 1319 1320
f 1321 1322 1323
f 1324 1325 1326
f 1327 1328 1329
f 1330 1331 1332
f 1333 1334 1335
f 1336 1337 1338
f 1339 1340 1341
f 1342 1343 1344
f 1345 1346 1347
f 1348 1349 1350
f 1351 1352 1353
f 1354 1355 1356
f 1357 1358 1359
f 1360 1361 1362
f 1363 1364 1365
f 1366 1367 1368
f 1369 1370 1371
f 1372 1373 1374
f 1375 1376 1377
f 1378 1379 1380
f 1381 1382 1383
f 1384 1385 1386
f 1387 1388 1389
f 1390 1391 1392
f 1393 1394 1395
f 1396 1397 1398
f 1399 1400 1401
f 1402 1403 1404
f 1405 1406 1407
f 1408 1409 1410
f 1411 1412 1413
f 1414 1415 1416
f 1417 1418 1419
f 1420 1421 1422
f 1423 1424 1425
f 1426 1427 1428
f 1429 1430 1431
f 1432 1433 1434
f 1435 1436 1437
f 1438 1439 1440
f 1441 1442 1443
f 1444 1445 1446
f 1447 1448 1449
f 1450 1451 1452
f 1453 1454 1455
f 1456 1457 1458
f 1459 1460 1461
f 1462 1463 1464
f 1465 1466 1467
f 1468 1469 1470
f 1471 1472 1473
f 1474 1475 1476
f 1477 1478 1479
f 1480 1481 1482
f 1483 1484 1485
f 1486 1487 1488
f 1489 1490 1491
f 1492 1493 1494
f 1495 1496 1497
f 1498 1499 1500
f 1501 1502 1503
f 1504 1505 1506
f 1507 1508 1509
f 1510 1511 1512
f 1513 1514 1515
f 1516 1517 1518
f 1519 1520 1521
f 1522 1523 1524
f 1525 1526 1527
f 1528 1529 1530
f 1531 1532 1533
f 1534 1535 1536
f 1537 1538 1539
f 1540 1541 1542
f 1543 1544 1545
f 1546 1547 1548
f 1549 1550 1551
f 1552 1553 1554
f 1555 1556 1557
f 1558 1559 1560
f 1561 1562 1563
f 1564 1565 1566
f 1567 1568 1569
f 1570 1571 1572
f 1573 1574 1575
f 1576 1577 1578
f 1579 1580 1581
f 1582 1583 1584
f 1585 1586 1587
f 1588 1589 1590
f 1591 1592 1593
f 1594 1595 1596
f 1597 1598 1599
f 1600 1601 1602
f 1603 1604 1605
f 1606 1607 1608
f 1609 1610 1611
f 1612 1613 1614
f 1615 1616 1617
f 1618 1619 1620
f 1621 1622 1623
f 1624 1625 1626
f 1627 1628 1629
f 1630 1631 1632
f 1633 1634 1635
f 1636 1637 1638
f 1639 1640 1641
f 1642 1643 1644
f 1645 1646 1647
f 1648 1649 1650
f 1651 1652 1653
f 1654 1655 1656
f 1657 1658 1659
f 1660 1661 1662
f 1663 1664 1665
f 1666 1667 1668
f 1669 1670 1671
f 1672 1673 1674
f 1675 1676 1677
f 1678 1679 1680
f 1681 1682 1683
f 1684 1685 1686
f 1687 1688 1689
f 1690 1691 1692
f 1693 1694 1695
f 1696 1697 1698
f 1699 1700 1701
f 1702 1703 1704
f 1705 1706 1707
f 1708 1709 1710
f 1711 1712 1713
f 1714 1715 1716
f 1717 1718 1719
f 1720 1721 1722
f 1723 1724 1725
f 1726 1727 1728
f 1729 1730 1731
f 1732 1733 1734
f 1735 1736 1737
f 1738 1739 1740
f 1741 1742 1743
f 1744 1745 1746
f 1747 1748 1749
f 1750 1751 1752
f 1753 1754 1755
f 1756 1757 1758
f 1759 1760 1761
f 1762 1763 1764
f 1765 1766 1767
f 1768 1769 1770
f 1771 1772 1773
f 1774 1775 1776
f 1777 1778 1779
f 1780 1781 1782
f 1783 1784 1785
f 1786 1787 1788
f 1789 1790 1791
f 1792 1793 1794
f 1795 1796 1797
f 1798 1799 1800
f 1801 1802 1803
f 1804 1805 1806
f 1807 1808 1809
f 1810 1811 1812
f 1813 1814 1815
f 1816 1817 1818
f 1819 1820 1821
f 1822 1823 1824
f 1825 1826 1827
f 1828 1829 1830
f 1831 1832 1833
f 1834 1835 1836
f 1837 1838 1839
f 1840 1841 1842
f 1843 1844 1845
f 1846 1847 1848
f 1849 1850 1851
f 1852 1853 1854
f 1855 1856 1857
f 1858 1859 1860
f 1861 1862 1863
f 1864 1865 1866
f 1867 1868 1869
f 1870 1871 1872
f 1873 1874 1875
f 1876 1877 1878
f 1879 1880 1881
f 1882 1883 1884
f 1885 1886 1887
f 1888 1889 1890
f 1891 1892 1893
f 1894 1895 1896
f 1897 1898 1899
f 1900 1901 1902
f 1903 1904 1905
f 1906 1907 1908
f 1909 1910 1911
f 1912 1913 1914
f 1915 1916 1917
f 1918 1919 1920
f 1921 1922 1923
f 1924 1925 1926
f 1927 1928 1929
f 1930 1931 1932
f 1933 1934 1935
f 1936 1937 1938
f 1939 1940 1941
f 1942 1943 1944
f 1945 1946 1947
f 1948 1949 1950
f 1951 1952 1953
f 1954 1955 1956
f 1957 1958 1959
f 1960 1961 1962
f 1963 1964 1965
f 1966 1967 1968
f 1969 1970 1971
f 1972 1973 1974
f 1975 1976 1977
f 1978 1979 1980
f 1981 1982 1983
f 1984 1985 1986
f 1987 1988 1989
f 1990 1991 1992
f 1993 1994 1995
f 1996 1997 1998
f 1999 2000 2001
f 2002 2003 2004
f 2005 2006 2007
f 2008 2009 2010
f 2011 2012 2013
f 2014 2015 2016
f 2017 2018 2019
f 2020 2021 2022
f 2023 2024 2025
f 2026 2027 2028
f 2029 2030 2031
f 2032 2033 2034
f 2035 2036 2037
f 2038 2039 2040
f 2041 2042 2043
f 2044 2045 2046
f 2047 2048 2049
f 2050 2051 2052
f 2053 2054 2055
f 2056 2057 2058
f 2059 2060 2061
f 2062 2063 2064
f 2065 2066 2067
f 2068 2069 2070
f 2071 2072 2073
f 2074 2075 2076
f 2077 2078 2079
f 2080 2081 2082
f 2083 2084 2085
f 2086 2087 2088
f 2089 2090 2091
f 2092 2093 2094
f 2095 2096 2097
f 2098 2099 2100
f 2101 2102 2103
f 2104 2105 2106
f 2107 2108 2109
f 2110 2111 2112
f 2113 2114 2115
f 2116 2117 2118
f 2119 2120 2121
f 2122 2123 2124
f 2125 2126 2127
f 2128 2129 2130
f 2131 2132 2133
f 2134 2135 2136
f 2137 2138 2139
f 2140 2141 2142
f 2143 2144 2145
f 2146 2147 2148
f 2149 2150 2151
f 2152 2153 2154
f 2155 2156 2157
f 2158 2159 2160
f 2161 2162 2163
f 2164 2165 2166
f 2167 2168 2169
f 2170 2171 2172
f 2173 2174 2175
f 2176 2177 2178
f 2179 2180 2181
f 2182 2183 2184
f 2185 2186 2187
f 2188 2189 2190
f 2191 2192 2193
f 2194 2195 2196
f 2197 2198 2199
f 2200 2201 2202
f 2203 2204 2205
f 2206 2207 2208
f 2209 2210 2211
f 2212 2213 2214
f 2215 2216 2217
f 2218 2219 2220
f 2221 2222 2223
f 2224 2225 2226
f 2227 2228 2229
f 2230 2231 2232
f 2233 2234 2235
f 2236 2237 2238
f 2239 2240 2241
f 2242 2243 2244
f 2245 2246 2247
f 2248 2249 2250
f 2251 2252 2253
f 2254 2255 2256
f 2257 2258 2259
f 2260 2261 2262
f 2263 2264 2265
f 2266 2267 2268
f 2269 2270 2271
f 2272 2273 2274
f 2275 2276 2277
f 2278 2279 2280
f 2281 2282 2283
f 2284 2285 2286
f 2287 2288 2289
f 2290 2291 2292
f 2293 2294 2295
f 2296 2297 2298
f 2299 2300 2301
f 2302 2303 2304
f 2305 2306 2307
f 2308 2309 2310
f 2311 2312 2313
f 2314 2315 2316
f 2317 2318 2319
f 2320 2321 2322
f 2323 2324 2325
f 2326 2327 2328
f 2329 2330 2331
f 2332 2333 2334
f 2335 2336 2337
f 2338 2339 2340
f 2341 2342 2343
f 2344 2345 2346
f 2347 2348 2349
f 2350 2351 2352
f 2353 2354 2355
f 2356 2357 2358
f 2359 2360 2361
f 2362 2363 2364
f 2365 2366 2367
f 2368 2369 2370
f 2371 2372 2373
f 2374 2375 2376
f 2377 2378 2379
f 2380 2381 2382
f 2383 2384 2385
f 2386 2387 2388
f 2389 2390 2391
f 2392 2393 2394
f 2395 2396 2397
f 2398 2399 2400
f 2401 2402 2403
f 2404 2405 2406
f 2407 2408 2409
f 2410 2411 2412
f 2413 2414 2415
f 2416 2417 2418
f 2419 2420 2421
f 2422 2423 2424
f 2425 2426 2427
f 2428 2429 2430
f 2431 2432 2433
f 2434 2435 2436
f 2437 2438 2439
f 2440 2441 2442
f 2443 2444 2445
f 2446 2447 2448
f 2449 2450 2451
f 2452 2453 2454
f 2455 2456 2457
f 2458 2459 2460
f 2461 2462 2463
f 2464 2465 2466
f 2467 2468 2469
f 2470 2471 2472
f 2473 2474 2475
f 2476 2477 2478
f 2479 2480 2481
f 2482 2483 2484
f 2485 2486 2487
f 2488 2489 2490
f 2491 2492 2493
f 2494 2495 2496
f 2497 2498 2499
f 2500 2501 2502
f 2503 2504 2505
f 2506 2507 2508
f 2509 2510 2511
f 2512 2513 2514
f 2515 2516 2517
f 2518 2519 2520
f 2521 2522 2523
f 2524 2525 2526
f 2527 2528 2529
f 2530 2531 2532
f 2533 2534 2535
f 2536 2537 2538
f 2539 2540 2541
f 2542 2543 2544
f 2545 2546 2547
f 2548 2549 2550
f 2551 2552 2553
f 2554 2555 2556
f 2557 2558 2559
f 2560 2561 2562
f 2563 2564 2565
f 2566 2567 2568
f 2569 2570 2571
f 2572 2573 2574
f 2575 2576 2577
f 2578 2579 2580
f 2581 2582 2583
f 2584 2585 2586
f 2587 2588 2589
f 2590 2591 2592
f 2593 2594 2595
f 2596 2597 2598
f 2599 2600 2601
f 2602 2603 2604
f 2605 2606 2607
f 2608 2609 2610
f 2611 2612 2613
f 2614 2615 2616
f 2617 2618 2619
f 2620 2621 2622
f 2623 2624 2625
f 2626 2627 2628
f 2629 2630 2631
f 2632 2633 2634
f 2635 2636 2637
f 2638 2639 2640
f 2641 2642 2643
f 2644 2645 2646
f 2647 2648 2649
f 2650 2651 2652
f 2653 2654 2655
f 2656 2657 2658
f 2659 2660 2661
f 2662 2663 2664
f 2665 2666 2667
f 2668 2669 2670
f 2671 2672 2673
f 2674 2675 2676
f 2677 2678 2679
f 2680 2681 2682
f 2683 2684 2685
f 2686 2687 2688
f 2689 2690 2691
f 2692 2693 2694
f 2695 2696 2697
f 2698 2699 2700
f 2701 2702 2703
f 2704 2705 2706
f 2707 2708 2709
f 2710 2711 2712
f 2713 2714 2715
f 2716 2717 2718
f 2719 2720 2721
f 2722 2723 2724
f 2725 2726 2727
f 2728 2729 2730
f 2731 2732 2733
f 2734 2735 2736
f 2737 2738 2739
f 2740 2741 2742
f 2743 2744 2745
f 2746 2747 2748
f 2749 2750 2751
f 2752 2753 2754
f 2755 2756 2757
f 2758 2759 2760
f 2761 2762 2763
f 2764 2765 2766
f 2767 2768 2769
f 2770 2771 2772
f 2773 2774 2775
f 2776 2777 2778
f 2779 2780 2781
f 2782 2783 2784
f 2785 2786 2787
f 2788 2789 2790
f 2791 2792 2793
f 2794 2795 2796
f 2797 2798 2799
f 2800 2801 2802
f 2803 2804 2805
f 2806 2807 2808
f 2809 2810 2811
f 2812 2813 2814
f 2815 2816 2817
f 2818 2819 2820
f 2821 2822 2823
f 2824 2825 2826
f 2827 2828 2829
f 2830 2831 2832
f 2833 2834 2835
f 2836 2837 2838
f 2839 2840 2841
f 2842 2843 2844
f 2845 2846 2847
f 2848 2849 2850
f 2851 2852 2853
f 2854 2855 2856
f 2857 2858 2859
f 2860 2861 2862
f 2863 2864 2865
f 2866 2867 2868
f 2869 2870 2871
f 2872 2873 2874
f 2875 2876 2877
f 2878 2879 2880
f 2881 2882 2883
f 2884 2885 2886
f 2887 2888 2889
f 2890 2891 2892
f 2893 2894 2895
f 2896 2897 2898
f 2899 2900 2901
f 2902 2903 2904
f 2905 2906 2907
f 2908 2909 2910
f 2911 2912 2913
f 2914 2915 2916
f 2917 2918 2919
f 2920 2921 2922
f 2923 2924 2925
f 2926 2927 2928
f 2929 2930 2931
f 2932 2933 2934
f 2935 2936 2937
f 2938 2939 2940
f 2941 2942 2943
f 2944 2945 2946
f 2947 2948 2949
f 2950 2951 2952
f 2953 2954 2955
f 2956 2957 2958
f 2959 2960 2961
f 2962 2963 2964
f 2965 2966 2967
f 2968 2969 2970
f 2971 2972 2973
f 2974 2975 2976
f 2977 2978 2979
f 2980 2981 2982
f 2983 2984 2985
f 2986 2987 2988
f 2989 2990 2991
f 2992 2993 2994
f 2995 2996 2997
f 2998 2999 3000
f 3001 3002 3003
f 3004 3005 3006
f 3007 3008 3009
f 3010 3011 3012
f 3013 3014 3015
f 3016 3017 3018
f 3019 3020 3021
f 3022 3023 3024
f 3025 3026 3027
f 3028 3029 3030
f 3031 3032 3033
f 3034 3035 3036
f 3037 3038 3039
f 3040 3041 3042
f 3043 3044 3045
f 3046 3047 3048
f 3049 3050 3051
f 3052 3053 3054
f 3055 3056 3057
f 3058 3059 3060
f 3061 3062 3063
f 3064 3065 3066
f 3067 3068 3069
f 3070 3071 3072
f 3073 3074 3075
f 3076 3077 3078
f 3079 3080 3081
f 3082 3083 3084
f 3085 3086 3087
f 3088 3089 3090
f 3091 3092 3093
f 3094 3095 3096
f 3097 3098 3099
f 3100 3101 3102
f 3103 3104 3105
f 3106 3107 3108
f 3109 3110 3111
f 3112 3113 3114
f 3115 3116 3117
f 3118 3119 3120
f 3121 3122 3123
f 3124 3125 3126
f 3127 3128 3129
f 3130 3131 3132
f 3133 3134 3135
f 3136 3137 3138
f 3139 3140 3141
f 3142 3143 3144
f 3145 3146 3147
f 3148 3149 3150
f 3151 3152 3153
f 3154 3155 3156
f 3157 3158 3159
f 3160 3161 3162
f 3163 3164 3165
f 3166 3167 3168
f 3169 3170 3171
f 3172 3173 3174
f 3175 3176 3177
f 3178 3179 3180
f 3181 3182 3183
f 3184 3185 3186
f 3187 3188 3189
f 3190 3191 3192
f 3193 3194 3195
f 3196 3197 3198
f 3199 3200 3201
f 3202 3203 3204
f 3205 3206 3207
f 3208 3209 3210
f 3211 3212 3213
f 3214 3215 3216
f 3217 3218 3219
f 3220 3221 3222
f 3223 3224 3225
f 3226 3227 3228
f 3229 3230 3231
f 3232 3233 3234
f 3235 3236 3237
f 3238 3239 3240
f 3241 3242 3243
f 3244 3245 3246
f 3247 3248 3249
f 3250 3251 3252
f 3253 3254 3255
f 3256 3257 3258
f 3259 3260 3261
f 3262 3263 3264
f 3265 3266 3267
f 3268 3269 3270
f 3271 3272 3273
f 3274 3275 3276
f 3277 3278 3279
f 3280 3281 3282
f 3283 3284 3285
f 3286 3287 3288
f 3289 3290 3291
f 3292 3293 3294
f 3295 3296 3297
f 3298 3299 3300
f 3301 3302 3303
f 3304 3305 3306
f 3307 3308 3309
f 3310 3311 3312
f 3313 3314 3315
f 3316 3317 3318
f 3319 3320 3321
f 3322 3323 3324
f 3325 3326 3327
f 3328 3329 3330
f 3331 3332 3333
f 3334 3335 3336
f 3337 3338 3339
f 3340 3341 3342
f 3343 3344 3345
f 3346 3347 3348
f 3349 3350 3351
f 3352 3353 3354
f 3355 3356 3357
f 3358 3359 3360
f 3361 3362 3363
f 3364 3365 3366
f 3367 3368 3369
f 3370 3371 3372
f 3373 3374 3375
f 3376 3377 3378
f 3379 3380 3381
f 3382 3383 3384
f 3385 3386 3387
f 3388 3389 3390
f 3391 3392 3393
f 3394 3395 3396
f 3397 3398 3399
f 3400 3401 3402
f 3403 3404 3405
f 3406 3407 3408
f 3409 3410 3411
f 3412 3413 3414
f 3415 3416 3417
f 3418 3419 3420
f 3421 3422 3423
f 3424 3425 3426
f 3427 3428 3429
f 3430 3431 3432
f 3433 3434 3435
f 3436 3437 3438
f 3439 3440 3441
f 3442 3443 3444
f 3445 3446 3447
f 3448 3449 3450
f 3451 3452 3453
f 3454 3455 3456
f 3457 3458 3459
f 3460 3461 3462
f 3463 3464 3465
f 3466 3467 3468
f 3469 3470 3471
f 3472 3473 3474
f 3475 3476 3477
f 3478 3479 3480
f 3481 3482 3483
f 3484 3485 3486
f 3487 3488 3489
f 3490 3491 3492
f 3493 3494 3495
f 3496 3497 3498
f 3499 3500 3501
f 3502 3503 3504
f 3505 3506 3507
f 3508 3509 3510
f 3511 3512 3513
f 3514 3515 3516
f 3517 3518 3519
f 3520 3521 3522
f 3523 3524 3525
f 3526 3527 3528
f 3529 3530 3531
f 3532 3533 3534
f 3535 3536 3537
f 3538 3539 3540
f 3541 3542 3543
f 3544 3545 3546
f 3547 3548 3549
f 3550 3551 3552
f 3553 3554 3555
f 3556 3557 3558
f 3559 3560 3561
f 3562 3563 3564
f 3565 3566 3567
f 3568 3569 3570
f 3571 3572 3573
f 3574 3575 3576
f 3577 3578 3579
f 3580 3581 3582
f 3583 3584 3585
f 3586 3587 3588
f 3589 3590 3591
f 3592 3593 3594
f 3595 3596 3597
f 3598 3599 3600
f 3601 3602 3603
f 3604 3605 3606
f 3607 3608 3609
f 3610 3611 3612
f 3613 3614 3615
f 3616 3617 3618
f 3619 3620 3621
f 3622 3623 3624
f 3625 3626 3627
f 3628 3629 3630
f 3631 3632 3633
f 3634 3635 3636
f 3637 3638 3639
f 3640 3641 3642
f 3643 3644 3645
f 3646 3647 3648
f 3649 3650 3651
f 3652 3653 3654
f 3655 3656 3657
f 3658 3659 3660
f 3661 3662 3663
f 3664 3665 3666
f 3667 3668 3669
f 3670 3671 3672
f 3673 3674 3675
f 3676 3677 3678
f 3679 3680 3681
f 3682 3683 3684
f 3685 3686 3687
f 3688 3689 3690
f 3691 3692 3693
f 3694 3695 3696
f 3697 3698 3699
f 3700 3701 3702
f 3703 3704 3705
f 3706 3707 3708
f 3709 3710 3711
f 3712 3713 3714
f 3715 3716 3717
f 3718 3719 3720
f 3721 3722 3723
f 3724 3725 3726
f 3727 3728 3729
f 3730 3731 3732
f 3733 3734 3735
f 3736 3737 3738
f 3739 3740 3741
f 3742 3743 3744
f 3745 3746 3747
f 3748 3749 3750
f 3751 3752 3753
f 3754 3755 3756
f 3757 3758 3759
f 3760 3761 3762
f 3763 3764 3765
f 3766 3767 3768
f 3769 3770 3771
f 3772 3773 3774
f 3775 3776 3777
f 3778 3779 3780
f 3781 3782 3783
f 3784 3785 3786
f 3787 3788 3789
f 3790 3791 3792
f 3793 3794 3795
f 3796 3797 3798
f 3799 3800 3801
f 3802 3803 3804
f 3805 3806 3807
f 3808 3809 3810
f 3811 3812 3813
f 3814 3815 3816
f 3817 3818 3819
f 3820 3821 3822
f 3823 3824 3825
f 3826 3827 3828
f 3829 3830 3831
f 3832 3833 3834
f 3835 3836 3837
f 3838 3839 3840
f 3841 3842 3843
f 3844 3845 3846
f 3847 3848 3849
f 3850 3851 3852
f 3853 3854 3855
f 3856 3857 3858
f 3859 3860 3861
f 3862 3863 3864
f 3865 3866 3867
f 3868 3869 3870
f 3871 3872 3873
f 3874 3875 3876
f 3877 3878 3879
f 3880 3881 3882
f 3883 3884 3885
f 3886 3887 3888
f 3889 3890 3891
f 3892 3893 3894
f 3895 3896 3897
f 3898 3899 3900
f 3901 3902 3903
f 3904 3905 3906
f 3907 3908 3909
f 3910 3911 3912
f 3913 3914 3915
f 3916 3917 3918
f 3919 3920 3921
f 3922 3923 3924
f 3925 3926 3927
f 3928 3929 3930
f 3931 3932 3933
f 3934 3935 3936
f 3937 3938 3939
f 3940 3941 3942
f 3943 3944 3945
f 3946 3947 3948
f 3949 3950 3951
f 3952 3953 3954
f 3955 3956 3957
f 3958 3959 3960
f 3961 3962 3963
f 3964 3965 3966
f 3967 3968 3969
f 3970 3971 3972
f 3973 3974 3975
f 3976 3977 3978
f 3979 3980 3981
f 3982 3983 3984
f 3985 3986 3987
f 3988 3989 3990
f 3991 3992 3993
f 3994 3995 3996
f 3997 3998 3999
f 4000 4001 4002
f 4003 4004 4005
f 4006 4007 4008
f 4009 4010 4011
f 4012 4013 4014
f 4015 4016 4017
f 4018 4019 4020
f 4021 4022 4023
f 4024 4025 4026
f 4027 4028 4029
f 4030 4031 4032
f 4033 4034 4035
f 4036 4037 4038
f 4039 4040 4041
f 4042 4043 4044
f 4045 4046 4047
f 4048 4049 4050
f 4051 4052 4053
f 4054 4055 4056
f 4057 4058 4059
f 4060 4061 4062
f 4063 4064 4065
f 4066 4067 4068
f 4069 4070 4071
f 4072 4073 4074
f 4075 4076 4077
f 4078 4079 4080
f 4081 4082 4083
f 4084 4085 4086
f 4087 4088 4089
f 4090 4091 4092
f 4093 4094 4095
f 4096 4097 4098
f 4099 4100 4101
f 4102 4103 4104
f 4105 4106 4107
f 4108 4109 4110
f 4111 4112 4113
f 4114 4115 4116
f 4117 4118 4119
f 4120 4121 4122
f 4123 4124 4125
f 4126 4127 4128
f 4129 4130 4131
f 4132 4133 4134
f 4135 4136 4137
f 4138 4139 4140
f 4141 4142 4143
f 4144 4145 4146
f 4147 4148 4149
f 4150 4151 4152
f 4153 4154 4155
f 4156 4157 4158
f 4159 4160 4161
f 4162 4163 4164
f 4165 4166 4167
f 4168 4169 4170
f 4171 4172 4173
f 4174 4175 4176
f 4177 4178 4179
f 4180 4181 4182
f 4183 4184 4185
f 4186 4187 4188
f 4189 4190 4191
f 4192 4193 4194
f 4195 4196 4197
f 4198 4199 4200
f 4201 4202 4203
f 4204 4205 4206
f 4207 4208 4209
f 4210 4211 4212
f 4213 4214 4215
f 4216 4217 4218
f 4219 4220 4221
f 4222 4223 4224
f 4225 4226 4227
f 4228 4229 4230
f 4231 4232 4233
f 4234 4235 4236
f 4237 4238 4239
f 4240 4241 4242
f 4243 4244 4245
f 4246 4247 4248
f 4249 4250 4251
f 4252 4253 4254
f 4255 4256 4257
f 4258 4259 4260
f 4261 4262 4263
f 4264 4265 4266
f 4267 4268 4269
f 4270 4271 4272
f 4273 4274 4275
f 4276 4277 4278
f 4279 4280 4281
f 4282 4283 4284
f 4285 4286 4287
f 4288 4289 4290
f 4291 4292 4293
f 4294 4295 4296
f 4297 4298 4299
f 4300 4301 4302
f 4303 4304 4305
f 4306 4307 4308
f 4309 4310 4311
f 4312 4313 4314
f 4315 4316 4317
f 4318 4319 4320
f 4321 4322 4323
f 4324 4325 4326
f 4327 4328 4329
f 4330 4331 4332
f 4333 4334 4335
f 4336 4337 4338
f 4339 4340 4341
f 4342 4343 4344
f 4345 4346 4347
f 4348 4349 4350
f 4351 4352 4353
f 4354 4355 4356
f 4357 4358 4359
f 4360 4361 4362
f 4363 4364 4365
f 4366 4367 4368
f 4369 4370 4371
f 4372 4373 4374
f 4375 4376 4377
f 4378 4379 4380
f 4381 4382 4383
f 4384 4385 4386
f 4387 4388 4389
f 4390 4391 4392
f 4393 4394 4395
f 4396 4397 4398
f 4399 4400 4401
f 4402 4403 4404
f 4405 4406 4407
f 4408 4409 4410
f 4411 4412 4413
f 4414 4415 4416
f 4417 4418 4419
f 4420 4421 4422
f 4423 4424 4425
f 4426 4427 4428
f 4429 4430 4431
f 4432 4433 4434
f 4435 4436 4437
f 4438 4439 4440
f 4441 4442 4443
f 4444 4445 4446
f 4447 4448 4449
f 4450 4451 4452
f 4453 4454 4455
f 4456 4457 4458
f 4459 4460 4461
f 4462 4463 4464
f 4465 4466 4467
f 4468 4469 4470
f 4471 4472 4473
f 4474 4475 4476
f 4477 4478 4479
f 4480 4481 4482
f 4483 4484 4485
f 4486 4487 4488
f 4489 4490 4491
f 4492 4493 4494
f 4495 4496 4497
f 4498 4499 4500
f 4501 4502 4503
f 4504 4505 4506
f 4507 4508 4509
f 4510 4511 4512
f 4513 4514 4515
f 4516 4517 4518
f 4519 4520 4521
f 4522 4523 4524
f 4525 4526 4527
f 4528 4529 4530
f 4531 4532 4533
f 4534 4535 4536
f 4537 4538 4539
f 4540 4541 4542
f 4543 4544 4545
f 4546 4547 4548
f 4549 4550 4551
f 4552 4553 4554
f 4555 4556 4557
f 4558 4559 4560
f 4561 4562 4563
f 4564 4565 4566
f 4567 4568 4569
f 4570 4571 4572
f 4573 4574 4575
f 4576 4577 4578
f 4579 4580 4581
f 4582 4583 4584
f 4585 4586 4587
f 4588 4589 4590
f 4591 4592 4593
f 4594 4595 4596
f 4597 4598 4599
f 4600 4601 4602
f 4603 4604 4605
f 4606 4607 4608
f 4609 4610 4611
f 4612 4613 4614
f 4615 4616 4617
f 4618 4619 4620
f 4621 4622 4623
f 4624 4625 4626
f 4627 4628 4629
f 4630 4631 4632
f 4633 4634 4635
f 4636 4637 4638
f 4639 4640 4641
f 4642 4643 4644
f 4645 4646 4647
f 4648 4649 4650
f 4651 4652 4653
f 4654 4655 4656
f 4657 4658 4659
f 4660 4661 4662
f 4663 4664 4665
f 4666 4667 4668
f 4669 4670 4671
f 4672 4673 4674
f 4675 4676 4677
f 4678 4679 4680
f 4681 4682 4683
f 4684 4685 4686
f 4687 4688 4689
f 4690 4691 4692
f 4693 4694 4695
f 4696 4697 4698
f 4699 4700 4701
f 4702 4703 4704
f 4705 4706 4707
f 4708 4709 4710
f 4711 4712 4713
f 4714 4715 4716
f 4717 4718 4719
f 4720 4721 4722
f 4723 4724 4725
f 4726 4727 4728
f 4729 4730 4731
f 4732 4733 4734
f 4735 4736 4737
f 4738 4739 4740
f 4741 4742 4743
f 4744 4745 4746
f 4747 4748 4749
f 4750 4751 4752
f 4753 4754 4755
f 4756 4757 4758
f 4759 4760 4761
f 4762 4763 4764
f 4765 4766 4767
f 4768 4769 4770
f 4771 4772 4773
f 4774 4775 4776
f 4777 4778 4779
f 4780 4781 4782
f 4783 4784 4785
f 4786 4787 4788
f 4789 4790 4791
f 4792 4793 4794
f 4795 4796 4797
f 4798 4799 4800
f 4801 4802 4803
f 4804 4805 4806
f 4807 4808 4809
f 4810 4811 4812
f 4813 4814 4815
f 4816 4817 4818
f 4819 4820 4821
f 4822 4823 4824
f 4825 4826 4827
f 4828 4829 4830
f 4831 4832 4833
f 4834 4835 4836
f 4837 4838 4839
f 4840 4841 4842
f 4843 4844 4845
f 4846 4847 4848
f 4849 4850 4851
f 4852 4853 4854
f 4855 4856 4857
f 4858 4859 4860
f 4861 4862 4863
f 4864 4865 4866
f 4867 4868 4869
f 4870 4871 4872
f 4873 4874 4875
f 4876 4877 4878
f 4879 4880 4881
f 4882 4883 4884
f 4885 4886 4887
f 4888 4889 4890
f 4891 4892 4893
f 4894 4895 4896
f 4897 4898 4899
f 4900 4901 4902
f 4903 4904 4905
f 4906 4907 4908
f 4909 4910 4911
f 4912 4913 4914
f 4915 4916 4917
f 4918 4919 4920
f 4921 4922 4923
f 4924 4925 4926
f 4927 4928 4929
f 4930 4931 4932
f 4933 4934 4935
f 4936 4937 4938
f 4939 4940 4941
f 4942 4943 4944
f 4945 4946 4947
f 4948 4949 4950
f 4951 4952 4953
f 4954 4955 4956
f 4957 4958 4959
f 4960 4961 4962
f 4963 4964 4965
f 4966 4967 4968
f 4969 4970 4971
f 4972 4973 4974
f 4975 4976 4977
f 4978 4979 4980
f 4981 4982 4983
f 4984 4985 4986
f 4987 4988 4989
f 4990 4991 4992
f 4993 4994 4995
f 4996 4997 4998
f 4999 5000 5001
f 5002 5003 5004
f 5005 5006 5007
f 5008 5009 5010
f 5011 5012 5013
f 5014 5015 5016
f 5017 5018 5019
f 5020 5021 5022
f 5023 5024 5025
f 5026 5027 5028
f 5029 5030 5031
f 5032 5033 5034
f 5035 5036 5037
f 5038 5039 5040
f 5041 5042 5043
f 5044 5045 5046
f 5047 5048 5049
f 5050 5051 5052
f 5053 5054 5055
f 5056 5057 5058
f 5059 5060 5061
f 5062 5063 5064
f 5065 5066 5067
f 5068 5069 5070
f 5071 5072 5073
f 5074 5075 5076
f 5077 5078 5079
f 5080 5081 5082
f 5083 5084 5085
f 5086 5087 5088
f 5089 5090 5091
f 5092 5093 5094
f 5095 5096 5097
f 5098 5099 5100
f 5101 5102 5103
f 5104 5105 5106
f 5107 5108 5109
f 5110 5111 5112
f 5113 5114 5115
f 5116 5117 5118
f 5119 5120 5121
f 5122 5123 5124
f 5125 5126 5127
f 5128 5129 5130
f 5131 5132 5133
f 5134 5135 5136
f 5137 5138 5139
f 5140 5141 5142
f 5143 5144 5145
f 5146 5147 5148
f 5149 5150 5151
f 5152 5153 5154
f 5155 5156 5157
f 5158 5159 5160
f 5161 5162 5163
f 5164 5165 5166
f 5167 5168 5169
f 5170 5171 5172
f 5173 5174 5175
f 5176 5177 5178
f 5179 5180 5181
f 5182 5183 5184
f 5185 5186 5187
f 5188 5189 5190
f 5191 5192 5193
f 5194 5195 5196
f 5197 5198 5199
f 5200 5201 5202
f 5203 5204 5205
f 5206 5207 5208
f 5209 5210 5211
f 5212 5213 5214
f 5215 5216 5217
f 5218 5219 5220
f 5221 5222 5223
f 5224 5225 5226
f 5227 5228 5229
f 5230 5231 5232
f 5233 5234 5235
f 5236 5237 5238
f 5239 5240 5241
f 5242 5243 5244
f 5245 5246 5247
f 5248 5249 5250
f 5251 5252 5253
f 5254 5255 5256
f 5257 5258 5259
f 5260 5261 5262
f 5263 5264 5265
f 5266 5267 5268
f 5269 5270 5271
f 5272 5273 5274
f 5275 5276 5277
f 5278 5279 5280
f 5281 5282 5283
f 5284 5285 5286
f 5287 5288 5289
f 5290 5291 5292
f 5293 5294 5295
f 5296 5297 5298
f 5299 5300 5301
f 5302 5303 5304
f 5305 5306 5307
f 5308 5309 5310
f 5311 5312 5313
f 5314 5315 5316
f 5317 5318 5319
f 5320 5321 5322
f 5323 5324 5325
f 5326 5327 5328
f 5329 5330 5331
f 5332 5333 5334
f 5335 5336 5337
f 5338 5339 5340
f 5341 5342 5343
f 5344 5345 5346
f 5347 5348 5349
f 5350 5351 5352
f 5353 5354 5355
f 5356 5357 5358
f 5359 5360 5361
f 5362 5363 5364
f 5365 5366 5367
f 5368 5369 5370
f 5371 5372 5373
f 5374 5375 5376
f 5377 5378 5379
f 5380 5381 5382
f 5383 5384 5385
f 5386 5387 5388
f 5389 5390 5391
f 5392 5393 5394
f 5395 5396 5397
f 5398 5399 5400
f 5401 5402 5403
f 5404 5405 5406
f 5407 5408 5409
f 5410 5411 5412
f 5413 5414 5415
f 5416 5417 5418
f 5419 5420 5421
f 5422 5423 5424
f 5425 5426 5427
f 5428 5429 5430
f 5431 5432 5433
f 5434 5435 5436
f 5437 5438 5439
f 5440 5441 5442
f 5443 5444 5445
f 5446 5447 5448
f 5449 5450 5451
f 5452 5453 5454
f 5455 5456 5457
f 5458 5459 5460
f 5461 5462 5463
f 5464 5465 5466
f 5467 5468 5469
f 5470 5471 5472
f 5473 5474 5475
f 5476 5477 5478
f 5479 5480 5481
f 5482 5483 5484
f 5485 5486 5487
f 5488 5489 5490
f 5491 5492 5493
f 5494 5495 5496
f 5497 5498 5499
f 5500 5501 5502
f 5503 5504 5505
f 5506 5507 5508
f 5509 5510 5511
f 5512 5513 5514
f 5515 5516 5517
f 5518 5519 5520
f 5521 5522 5523
f 5524 5525 5526
f 5527 5528 5529
f 5530 5531 5532
f 5533 5534 5535
f 5536 5537 5538
f 5539 5540 5541
f 5542 5543 5544
f 5545 5546 5547
f 5548 5549 5550
f 5551 5552 5553
f 5554 5555 5556
f 5557 5558 5559
f 5560 5561 5562
f 5563 5564 5565
f 5566 5567 5568
f 5569 5570 5571
f 5572 5573 5574
f 5575 5576 5577
f 5578 5579 5580
f 5581 5582 5583
f 5584 5585 5586
f 5587 5588 5589
f 5590 5591 5592
f 5593 5594 5595
f 5596 5597 5598
f 5599 5600 5601
f 5602 5603 5604
f 5605 5606 5607
f 5608 5609 5610
f 5611 5612 5613
f 5614 5615 5616
f 5617 5618 5619
f 5620 5621 5622
f 5623 5624 5625
f 5626 5627 5628
f 5629 5630 5631
f 5632 5633 5634
f 5635 5636 5637
f 5638 5639 5640
f 5641 5642 5643
f 5644 5645 5646
f 5647 5648 5649
f 5650 5651 5652
f 5653 5654 5655
f 5656 5657 5658
f 5659 5660 5661
f 5662 5663 5664
f 5665 5666 5667
f 5668 5669 5670
f 5671 5672 5673
f 5674 5675 5676
f 5677 5678 5679
f 5680 5681 5682
f 5683 5684 5685
f 5686 5687 5688
f 5689 5690 5691
f 5692 5693 5694
f 5695 5696 5697
f 5698 5699 5700
f 5701 5702 5703
f 5704 5705 5706
f 5707 5708 5709
f 5710 5711 5712
f 5713 5714 5715
f 5716 5717 5718
f 5719 5720 5721
f 5722 5723 5724
f 5725 5726 5727
f 5728 5729 5730
f 5731 5732 5733
f 5734 5735 5736
f 5737 5738 5739
f 5740 5741 5742
f 5743 5744 5745
f 5746 5747 5748
f 5749 5750 5751
f 5752 5753 5754
f 5755 5756 5757
f 5758 5759 5760
f 5761 5762 5763
f 5764 5765 5766
f 5767 5768 5769
f 5770 5771 5772
f 5773 5774 5775
f 5776 5777 5778
f 5779 5780 5781
f 5782 5783 5784
f 5785 5786 5787
f 5788 5789 5790
f 5791 5792 5793
f 5794 5795 5796
f 5797 5798 5799
f 5800 5801 5802
f 5803 5804 5805
f 5806 5807 5808
f 5809 5810 5811
f 5812 5813 5814
f 5815 5816 5817
f 5818 5819 5820
f 5821 5822 5823
f 5824 5825 5826
f 5827 5828 5829
f 5830 5831 5832
f 5833 5834 5835
f 5836 5837 5838
f 5839 5840 5841
f 5842 5843 5844
f 5845 5846 5847
f 5848 5849 5850
f 5851 5852 5853
f 5854 5855 5856
f 5857 5858 5859
f 5860 5861 5862
f 5863 5864 5865
f 5866 5867 5868
f 5869 5870 5871
f 5872 5873 5874
f 5875 5876 5877
f 5878 5879 5880
f 5881 5882 5883
f 5884 5885 5886
f 5887 5888 5889
f 5890 5891 5892
f 5893 5894 5895
f 5896 5897 5898
f 5899 5900 5901
f 5902 5903 5904
f 5905 5906 5907
f 5908 5909 5910
f 5911 5912 5913
f 5914 5915 5916
f 5917 5918 5919
f 5920 5921 5922
f 5923 5924 5925
f 5926 5927 5928
f 5929 5930 5931
f 5932 5933 5934
f 5935 5936 5937
f 5938 5939 5940
f 5941 5942 5943
f 5944 5945 5946
f 5947 5948 5949
f 5950 5951 5952
f 5953 5954 5955
f 5956 5957 5958
f 5959 5960 5961
f 5962 5963 5964
f 5965 5966 5967
f 5968 5969 5970
f 5971 5972 5973
f 5974 5975 5976
f 5977 5978 5979
f 5980 5981 5982
f 5983 5984 5985
f 5986 5987 5988
f 5989 5990 5991
f 5992 5993 5994
f 5995 5996 5997
f 5998 5999 6000
f 6001 6002 6003
f 6004 6005 6006
f 6007 6008 6009
f 6010 6011 6012
f 6013 6014 6015
f 6016 6017 6018
f 6019 6020 6021
f 6022 6023 6024
f 6025 6026 6027
f 6028 6029 6030
f 6031 6032 6033
f 6034 6035 6036
f 6037 6038 6039
f 6040 6041 6042
f 6043 6044 6045
f 6046 6047 6048
f 6049 6050 6051
f 6052 6053 6054
f 6055 6056 6057
f 6058 6059 6060
f 6061 6062 6063
f 6064 6065 6066
f 6067 6068 6069
f 6070 6071 6072
f 6073 6074 6075
f 6076 6077 6078
f 6079 6080 6081
f 6082 6083 6084
f 6085 6086 6087
f 6088 6089 6090
f 6091 6092 6093
f 6094 6095 6096
f 6097 6098 6099
f 6100 6101 6102
f 6103 6104 6105
f 6106 6107 6108
f 6109 6110 6111
f 6112 6113 6114
f 6115 6116 6117
f 6118 6119 6120
f 6121 6122 6123
f 6124 6125 6126
f 6127 6128 6129
f 6130 6131 6132
f 6133 6134 6135
f 6136 6137 6138
f 6139 6140 6141
f 6142 6143 6144
f 6145 6146 6147
f 6148 6149 6150
f 6151 6152 6153
f 6154 6155 6156
f 6157 6158 6159
f 6160 6161 6162
f 6163 6164 6165
f 6166 6167 6168
f 6169 6170 6171
f 6172 6173 6174
f 6175 6176 6177
f 6178 6179 6180
f 6181 6182 6183
f 6184 6185 6186
f 6187 6188 6189
f 6190 6191 6192
f 6193 6194 6195
f 6196 6197 6198
f 6199 6200 6201
f 6202 6203 6204
f 6205 6206 6207
f 6208 6209 6210
f 6211 6212 6213
f 6214 6215 6216
f 6217 6218 6219
f 6220 6221 6222
f 6223 6224 6225
f 6226 6227 6228
f 6229 6230 6231
f 6232 6233 6234
f 6235 6236 6237
f 6238 6239 6240
f 6241 6242 6243
f 6244 6245 6246
f 6247 6248 6249
f 6250 6251 6252
f 6253 6254 6255
f 6256 6257 6258
f 6259 6260 6261
f 6262 6263 6264
f 6265 6266 6267
f 6268 6269 6270
f 6271 6272 6273
f 6274 6275 6276
f 6277 6278 6279
f 6280 6281 6282
f 6283 6284 6285
f 6286 6287 6288
f 6289 6290 6291
f 6292 6293 6294
f 6295 6296 6297
f 6298 6299 6300
f 6301 6302 6303
f 6304 6305 6306
f 6307 6308 6309
f 6310 6311 6312
f 6313 6314 6315
f 6316 6317 6318
f 6319 6320 6321
f 6322 6323 6324
f 6325 6326 6327
f 6328 6329 6330
f 6331 6332 6333
f 6334 6335 6336
f 6337 6338 6339
f 6340 6341 6342
f 6343 6344 6345
f 6346 6347 6348
f 6349 6350 6351
f 6352 6353 6354
f 6355 6356 6357
f 6358 6359 6360
f 6361 6362 6363
f 6364 6365 6366
f 6367 6368 6369
f 6370 6371 6372
f 6373 6374 6375
f 6376 6377 6378
f 6379 6380 6381
f 6382 6383 6384
f 6385 6386 6387
f 6388 6389 6390
f 6391 6392 6393
f 6394 6395 6396
f 6397 6398 6399
f 6400 6401 6402
f 6403 6404 6405
f 6406 6407 6408
f 6409 6410 6411
f 6412 6413 6414
f 6415 6416 6417
f 6418 6419 6420
f 6421 6422 6423
f 6424 6425 6426
f 6427 6428 6429
f 6430 6431 6432
f 6433 6434 6435
f 6436 6437 6438
f 6439 6440 6441
f 6442 6443 6444
f 6445 6446 6447
f 6448 6449 6450
f 6451 6452 6453
f 6454 6455 6456
f 6457 6458 6459
f 6460 6461 6462
f 6463 6464 6465
f 6466 6467 6468
f 6469 6470 6471
f 6472 6473 6474
f 6475 6476 6477
f 6478 6479 6480
f 6481 6482 6483
f 6484 6485 6486
f 6487 6488 6489
f 6490 6491 6492
f 6493 6494 6495
f 6496 6497 6498
f 6499 6500 6501
f 6502 6503 6504
f 6505 6506 6507
f 6508 6509 6510
f 6511 6512 6513
f 6514 6515 6516
f 6517 6518 6519
f 6520 6521 6522
f 6523 6524 6525
f 6526 6527 6528
f 6529 6530 6531
f 6532 6533 6534
f 6535 6536 6537
f 6538 6539 6540
f 6541 6542 6543
f 6544 6545 6546
f 6547 6548 6549
f 6550 6551 6552
f 6553 6554 6555
f 6556 6557 6558
f 6559 6560 6561
f 6562 6563 6564
f 6565 6566 6567
f 6568 6569 6570
f 6571 6572 6573
f 6574 6575 6576
f 6577 6578 6579
f 6580 6581 6582
f 6583 6584 6585
f 6586 6587 6588
f 6589 6590 6591
f 6592 6593 6594
f 6595 6596 6597
f 6598 6599 6600
f 6601 6602 6603
f 6604 6605 6606
f 6607 6608 6609
f 6610 6611 6612
f 6613 6614 6615
f 6616 6617 6618
f 6619 6620 6621
f 6622 6623 6624
f 6625 6626 6627
f 6628 6629 6630
f 6631 6632 6633
f 6634 6635 6636
f 6637 6638 6639
f 6640 6641 6642
f 6643 6644 6645
f 6646 6647 6648
f 6649 6650 6651
f 6652 6653 6654
f 6655 6656 6657
f 6658 6659 6660
f 6661 6662 6663
f 6664 6665 6666
f 6667 6668 6669
f 6670 6671 6672
f 6673 6674 6675
f 6676 6677 6678
f 6679 6680 6681
f 6682 6683 6684
f 6685 6686 6687
f 6688 6689 6690
f 6691 6692 6693
f 6694 6695 6696
f 6697 6698 6699
f 6700 6701 6702
f 6703 6704 6705
f 6706 6707 6708
f 6709 6710 6711
f 6712 6713 6714
f 6715 6716 6717
f 6718 6719 6720
f 6721 6722 6723
f 6724 6725 6726
f 6727 6728 6729
f 6730 6731 6732
f 6733 6734 6735
f 6736 6737 6738
f 6739 6740 6741
f 6742 6743 6744
f 6745 6746 6747
f 6748 6749 6750
f 6751 6752 6753
f 6754 6755 6756
f 6757 6758 6759
f 6760 6761 6762
f 6763 6764 6765
f 6766 6767 6768
f 6769 6770 6771
f 6772 6773 6774
f 6775 6776 6777
f 6778 6779 6780
f 6781 6782 6783
f 6784 6785 6786
f 6787 6788 6789
f 6790 6791 6792
f 6793 6794 6795
f 6796 6797 6798
f 6799 6800 6801
f 6802 6803 6804
f 6805 6806 6807
f 6808 6809 6810
f 6811 6812 6813
f 6814 6815 6816
f 6817 6818 6819
f 6820 6821 6822
f 6823 6824 6825
f 6826 6827 6828
f 6829 6830 6831
f 6832 6833 6834
f 6835 6836 6837
f 6838 6839 6840
f 6841 6842 6843
f 6844 6845 6846
f 6847 6848 6849
f 6850 6851 6852
f 6853 6854 6855
f 6856 6857 6858
f 6859 6860 6861
f 6862 6863 6864
f 6865 6866 6867
f 6868 6869 6870
f 6871 6872 6873
f 6874 6875 6876
f 6877 6878 6879
f 6880 6881 6882
f 6883 6884 6885
f 6886 6887 6888
f 6889 6890 6891
f 6892 6893 6894
f 6895 6896 6897
f 6898 6899 6900
f 6901 6902 6903
f 6904 6905 6906
f 6907 6908 6909
f 6910 6911 6912
f 6913 6914 6915
f 6916 6917 6918
f 6919 6920 6921
f 6922 6923 6924
f 6925 6926 6927
f 6928 6929 6930
f 6931 6932 6933
f 6934 6935 6936
f 6937 6938 6939
f 6940 6941 6942
f 6943 6944 6945
f 6946 6947 6948
f 6949 6950 6951
f 6952 6953 6954
f 6955 6956 6957
f 6958 6959 6960
f 6961 6962 6963
f 6964 6965 6966
f 6967 6968 6969
f 6970 6971 6972
f 6973 6974 6975
f 6976 6977 6978
f 6979 6980 6981
f 6982 6983 6984
f 6985 6986 6987
f 6988 6989 6990
f 6991 6992 6993
f 6994 6995 6996
f 6997 6998 6999
f 7000 7001 7002
f 7003 7004 7005
f 7006 7007 7008
f 7009 7010 7011
f 7012 7013 7014
f 7015 7016 7017
f 7018 7019 7020
f 7021 7022 7023
f 7024 7025 7026
f 7027 7028 7029
f 7030 7031 7032
f 7033 7034 7035
f 7036 7037 7038
f 7039 7040 7041
f 7042 7043 7044
f 7045 7046 7047
f 7048 7049 7050
f 7051 7052 7053
f 7054 7055 7056
f 7057 7058 7059
f 7060 7061 7062
f 7063 7064 7065
f 7066 7067 7068
f 7069 7070 7071
f 7072 7073 7074
f 7075 7076 7077
f 7078 7079 7080
f 7081 7082 7083
f 7084 7085 7086
f 7087 7088 7089
f 7090 7091 7092
f 7093 7094 7095
f 7096 7097 7098
f 7099 7100 7101
f 7102 7103 7104
f 7105 7106 7107
f 7108 7109 7110
f 7111 7112 7113
f 7114 7115 7116
f 7117 7118 7119
f 7120 7121 7122
f 7123 7124 7125
f 7126 7127 7128
f 7129 7130 7131
f 7132 7133 7134
f 7135 7136 7137
f 7138 7139 7140
f 7141 7142 7143
f 7144 7145 7146
f 7147 7148 7149
f 7150 7151 7152
f 7153 7154 7155
f 7156 7157 7158
f 7159 7160 7161
f 7162 7163 7164
f 7165 7166 7167
f 7168 7169 7170
f 7171 7172 7173
f 7174 7175 7176
f 7177 7178 7179
f 7180 7181 7182
f 7183 7184 7185
f 7186 7187 7188
f 7189 7190 7191
f 7192 7193 7194
f 7195 7196 7197
f 7198 7199 7200
f 7201 7202 7203
f 7204 7205 7206
f 7207 7208 7209
f 7210 7211 7212
f 7213 7214 7215
f 7216 7217 7218
f 7219 7220 7221
f 7222 7223 7224
f 7225 7226 7227
f 7228 7229 7230
f 7231 7232 7233
f 7234 7235 7236
f 7237 7238 7239
f 7240 7241 7242
f 7243 7244 7245
f 7246 7247 7248
f 7249 7250 7251
f 7252 7253 7254
f 7255 7256 7257
f 7258 7259 7260
f 7261 7262 7263
f 7264 7265 7266
f 7267 7268 7269
f 7270 7271 7272
f 7273 7274 7275
f 7276 7277 7278
f 7279 7280 7281
f 7282 7283 7284
f 7285 7286 7287
f 7288 7289 7290
f 7291 7292 7293
f 7294 7295 7296
f 7297 7298 7299
f 7300 7301 7302
f 7303 7304 7305
f 7306 7307 7308
f 7309 7310 7311
f 7312 7313 7314
f 7315 7316 7317
f 7318 7319 7320
f 7321 7322 7323
f 7324 7325 7326
f 7327 7328 7329
f 7330 7331 7332
f 7333 7334 7335
f 7336 7337 7338
f 7339 7340 7341
f 7342 7343 7344
f 7345 7346 7347
f 7348 7349 7350
f 7351 7352 7353
f 7354 7355 7356
f 7357 7358 7359
f 7360 7361 7362
f 7363 7364 7365
f 7366 7367 7368
f 7369 7370 7371
f 7372 7373 7374
f 7375 7376 7377
f 7378 7379 7380
f 7381 7382 7383
f 7384 7385 7386
f 7387 7388 7389
f 7390 7391 7392
f 7393 7394 7395
f 7396 7397 7398
f 7399 7400 7401
f 7402 7403 7404
f 7405 7406 7407
f 7408 7409 7410
f 7411 7412 7413
f 7414 7415 7416
f 7417 7418 7419
f 7420 7421 7422
f 7423 7424 7425
f 7426 7427 7428
f 7429 7430 7431
f 7432 7433 7434
f 7435 7436 7437
f 7438 7439 7440
f 7441 7442 7443
f 7444 7445 7446
f 7447 7448 7449
f 7450 7451 7452
f 7453 7454 7455
f 7456 7457 7458
f 7459 7460 7461
f 7462 7463 7464
f 7465 7466 7467
f 7468 7469 7470
f 7471 7472 7473
f 7474 7475 7476
f 7477 7478 7479
f 7480 7481 7482
f 7483 7484 7485
f 7486 7487 7488
f 7489 7490 7491
f 7492 7493 7494
f 7495 7496 7497
f 7498 7499 7500
f 7501 7502 7503
f 7504 7505 7506
f 7507 7508 7509
f 7510 7511 7512
f 7513 7514 7515
f 7516 7517 7518
f 7519 7520 7521
f 7522 7523 7524
f 7525 7526 7527
f 7528 7529 7530
f 7531 7532 7533
f 7534 7535 7536
f 7537 7538 7539
f 7540 7541 7542
f 7543 7544 7545
f 7546 7547 7548
f 7549 7550 7551
f 7552 7553 7554
f 7555 7556 7557
f 7558 7559 7560
f 7561 7562 7563
f 7564 7565 7566
f 7567 7568 7569
f 7570 7571 7572
f 7573 7574 7575
f 7576 7577 7578
f 7579 7580 7581
f 7582 7583 7584
f 7585 7586 7587
f 7588 7589 7590
f 7591 7592 7593
f 7594 7595 7596
f 7597 7598 7599
f 7600 7601 7602
f 7603 7604 7605
f 7606 7607 7608
f 7609 7610 7611
f 7612 7613 7614
f 7615 7616 7617
f 7618 7619 7620
f 7621 7622 7623
f 7624 7625 7626
f 7627 7628 7629
f 7630 7631 7632
f 7633 7634 7635
f 7636 7637 7638
f 7639 7640 7641
f 7642 7643 7644
f 7645 7646 7647
f 7648 7649 7650
f 7651 7652 7653
f 7654 7655 7656
f 7657 7658 7659
f 7660 7661 7662
f 7663 7664 7665
f 7666 7667 7668
f 7669 7670 7671
f 7672 7673 7674
f 7675 7676 7677
f 7678 7679 7680
f 7681 7682 7683
f 7684 7685 7686
f 7687 7688 7689
f 7690 7691 7692
f 7693 7694 7695
f 7696 7697 7698
f 7699 7700 7701
f 7702 7703 7704
f 7705 7706 7707
f 7708 7709 7710
f 7711 7712 7713
f 7714 7715 7716
f 7717 7718 7719
f 7720 7721 7722
f 7723 7724 7725
f 7726 7727 7728
f 7729 7730 7731
f 7732 7733 7734
f 7735 7736 7737
f 7738 7739 7740
f 7741 7742 7743
f 7744 7745 7746
f 7747 7748 7749
f 7750 7751 7752
f 7753 7754 7755
f 7756 7757 7758
f 7759 7760 7761
f 7762 7763 7764
f 7765 7766 7767
f 7768 7769 7770
f 7771 7772 7773
f 7774 7775 7776
f 7777 7778 7779
f 7780 7781 7782
f 7783 7784 7785
f 7786 7787 7788
f 7789 7790 7791
f 7792 7793 7794
f 7795 7796 7797
f 7798 7799 7800
f 7801 7802 7803
f 7804 7805 7806
f 7807 7808 7809
f 7810 7811 7812
f 7813 7814 7815
f 7816 7817 7818
f 7819 7820 7821
f 7822 7823 7824
f 7825 7826 7827
f 7828 7829 7830
f 7831 7832 7833
f 7834 7835 7836
f 7837 7838 7839
f 7840 7841 7842
f 7843 7844 7845
f 7846 7847 7848
f 7849 7850 7851
f 7852 7853 7854
f 7855 7856 7857
f 7858 7859 7860
f 7861 7862 7863
f 7864 7865 7866
f 7867 7868 7869
f 7870 7871 7872
f 7873 7874 7875
f 7876 7877 7878
f 7879 7880 7881
f 7882 7883 7884
f 7885 7886 7887
f 7888 7889 7890
f 7891 7892 7893
f 7894 7895 7896
f 7897 7898 7899
f 7900 7901 7902
f 7903 7904 7905
f 7906 7907 7908
f 7909 7910 7911
f 7912 7913 7914
f 7915 7916 7917
f 7918 7919 7920
f 7921 7922 7923
f 7924 7925 7926
f 7927 7928 7929
f 7930 7931 7932
f 7933 7934 7935
f 7936 7937 7938
f 7939 7940 7941
f 7942 7943 7944
f 7945 7946 7947
f 7948 7949 7950
f 7951 7952 7953
f 7954 7955 7956
f 7957 7958 7959
f 7960 7961 7962
f 7963 7964 7965
f 7966 7967 7968
f 7969 7970 7971
f 7972 7973 7974
f 7975 7976 7977
f 7978 7979 7980
f 7981 7982 7983
f 7984 7985 7986
f 7987 7988 7989
f 7990 7991 7992
f 7993 7994 7995
f 7996 7997 7998
f 7999 8000 8001
f 8002 8003 8004
f 8005 8006 8007
f 8008 8009 8010
f 8011 8012 8013
f 8014 8015 8016
f 8017 8018 8019
f 8020 8021 8022
f 8023 8024 8025
f 8026 8027 8028
f 8029 8030 8031
f 8032 8033 8034
f 8035 8036 8037
f 8038 8039 8040
f 8041 8042 8043
f 8044 8045 8046
f 8047 8048 8049
f 8050 8051 8052
f 8053 8054 8055
f 8056 8057 8058
f 8059 8060 8061
f 8062 8063 8064
f 8065 8066 8067
f 8068 8069 8070
f 8071 8072 8073
f 8074 8075 8076
f 8077 8078 8079
f 8080 8081 8082
f 8083 8084 8085
f 8086 8087 8088
f 8089 8090 8091
f 8092 8093 8094
f 8095 8096 8097
f 8098 8099 8100
f 8101 8102 8103
f 8104 8105 8106
f 8107 8108 8109
f 8110 8111 8112
f 8113 8114 8115
f 8116 8117 8118
f 8119 8120 8121
f 8122 8123 8124
f 8125 8126 8127
f 8128 8129 8130
f 8131 8132 8133
f 8134 8135 8136
f 8137 8138 8139
f 8140 8141 8142
f 8143 8144 8145
f 8146 8147 8148
f 8149 8150 8151
f 8152 8153 8154
f 8155 8156 8157
f 8158 8159 8160
f 8161 8162 8163
f 8164 8165 8166
f 8167 8168 8169
f 8170 8171 8172
f 8173 8174 8175
f 8176 8177 8178
f 8179 8180 8181
f 8182 8183 8184
f 8185 8186 8187
f 8188 8189 8190
f 8191 8192 8193
f 8194 8195 8196
f 8197 8198 8199
f 8200 8201 8202
f 8203 8204 8205
f 8206 8207 8208
f 8209 8210 8211
f 8212 8213 8214
f 8215 8216 8217
f 8218 8219 8220
f 8221 8222 8223
f 8224 8225 8226
f 8227 8228 8229
f 8230 8231 8232
f 8233 8234 8235
f 8236 8237 8238
f 8239 8240 8241
f 8242 8243 8244
f 8245 8246 8247
f 8248 8249 8250
f 8251 8252 8253
f 8254 8255 8256
f 8257 8258 8259
f 8260 8261 8262
f 8263 8264 8265
f 8266 8267 8268
f 8269 8270 8271
f 8272 8273 8274
f 8275 8276 8277
f 8278 8279 8280
f 8281 8282 8283
f 8284 8285 8286
f 8287 8288 8289
f 8290 8291 8292
f 8293 8294 8295
f 8296 8297 8298
f 8299 8300 8301
f 8302 8303 8304
f 8305 8306 8307
f 8308 8309 8310
f 8311 8312 8313
f 8314 8315 8316
f 8317 8318 8319
f 8320 8321 8322
f 8323 8324 8325
f 8326 8327 8328
f 8329 8330 8331
f 8332 8333 8334
f 8335 8336 8337
f 8338 8339 8340
f 8341 8342 8343
f 8344 8345 8346
f 8347 8348 8349
f 8350 8351 8352
f 8353 8354 8355
f 8356 8357 8358
f 8359 8360 8361
f 8362 8363 8364
f 8365 8366 8367
f 8368 8369 8370
f 8371 8372 8373
f 8374 8375 8376
f 8377 8378 8379
f 8380 8381 8382
f 8383 8384 8385
f 8386 8387 8388
f 8389 8390 8391
f 8392 8393 8394
f 8395 8396 8397
f 8398 8399 8400
f 8401 8402 8403
f 8404 8405 8406
f 8407 8408 8409
f 8410 8411 8412
f 8413 8414 8415
f 8416 8417 8418
f 8419 8420 8421
f 8422 8423 8424
f 8425 8426 8427
f 8428 8429 8430
f 8431 8432 8433
f 8434 8435 8436
f 8437 8438 8439
f 8440 8441 8442
f 8443 8444 8445
f 8446 8447 8448
f 8449 8450 8451
f 8452 8453 8454
f 8455 8456 8457
f 8458 8459 8460
f 8461 8462 8463
f 8464 8465 8466
f 8467 8468 8469
f 8470 8471 8472
f 8473 8474 8475
f 8476 8477 8478
f 8479 8480 8481
f 8482 8483 8484
f 8485 8486 8487
f 8488 8489 8490
f 8491 8492 8493
f 8494 8495 8496
f 8497 8498 8499
f 8500 8501 8502
f 8503 8504 8505
f 8506 8507 8508
f 8509 8510 8511
f 8512 8513 8514
f 8515 8516 8517
f 8518 8519 8520
f 8521 8522 8523
f 8524 8525 8526
f 8527 8528 8529
f 8530 8531 8532
f 8533 8534 8535
f 8536 8537 8538
f 8539 8540 8541
f 8542 8543 8544
f 8545 8546 8547
f 8548 8549 8550
f 8551 8552 8553
f 8554 8555 8556
f 8557 8558 8559
f 8560 8561 8562
f 8563 8564 8565
f 8566 8567 8568
f 8569 8570 8571
f 8572 8573 8574
f 8575 8576 8577
f 8578 8579 8580
f 8581 8582 8583
f 8584 8585 8586
f 8587 8588 8589
f 8590 8591 8592
f 8593 8594 8595
f 8596 8597 8598
f 8599 8600 8601
f 8602 8603 8604
f 8605 8606 8607
f 8608 8609 8610
f 8611 8612 8613
f 8614 8615 8616
f 8617 8618 8619
f 8620 8621 8622
f 8623 8624 8625
f 8626 8627 8628
f 8629 8630 8631
f 8632 8633 8634
f 8635 8636 8637
f 8638 8639 8640
f 8641 8642 8643
f 8644 8645 8646
f 8647 8648 8649
f 8650 8651 8652
f 8653 8654 8655
f 8656 8657 8658
f 8659 8660 8661
f 8662 8663 8664
f 8665 8666 8667
f 8668 8669 8670
f 8671 8672 8673
f 8674 8675 8676
f 8677 8678 8679
f 8680 8681 8682
f 8683 8684 8685
f 8686 8687 8688
f 8689 8690 8691
f 8692 8693 8694
f 8695 8696 8697
f 8698 8699 8700
f 8701 8702 8703
f 8704 8705 8706
f 8707 8708 8709
f 8710 8711 8712
f 8713 8714 8715
f 8716 8717 8718
f 8719 8720 8721
f 8722 8723 8724
f 8725 8726 8727
f 8728 8729 8730
f 8731 8732 8733
f 8734 8735 8736
f 8737 8738 8739
f 8740 8741 8742
f 8743 8744 8745
f 8746 8747 8748
f 8749 8750 8751
f 8752 8753 8754
f 8755 8756 8757
f 8758 8759 8760
f 8761 8762 8763
f 8764 8765 8766
f 8767 8768 8769
f 8770 8771 8772
f 8773 8774 8775
f 8776 8777 8778
f 8779 8780 8781
f 8782 8783 8784
f 8785 8786 8787
f 8788 8789 8790
f 8791 8792 8793
f 8794 8795 8796
f 8797 8798 8799
f 8800 8801 8802
f 8803 8804 8805
f 8806 8807 8808
f 8809 8810 8811
f 8812 8813 8814
f 8815 8816 8817
f 8818 8819 8820
f 8821 8822 8823
f 8824 8825 8826
f 8827 8828 8829
f 8830 8831 8832
f 8833 8834 8835
f 8836 8837 8838
f 8839 8840 8841
f 8842 8843 8844
f 8845 8846 8847
f 8848 8849 8850
f 8851 8852 8853
f 8854 8855 8856
f 8857 8858 8859
f 8860 8861 8862
f 8863 8864 8865
f 8866 8867 8868
f 8869 8870 8871
f 8872 8873 8874
f 8875 8876 8877
f 8878 8879 8880
f 8881 8882 8883
f 8884 8885 8886
f 8887 8888 8889
f 8890 8891 8892
f 8893 8894 8895
f 8896 8897 8898
f 8899 8900 8901
f 8902 8903 8904
f 8905 8906 8907
f 8908 8909 8910
f 8911 8912 8913
f 8914 8915 8916
f 8917 8918 8919
f 8920 8921 8922
f 8923 8924 8925
f 8926 8927 8928
f 8929 8930 8931
f 8932 8933 8934
f 8935 8936 8937
f 8938 8939 8940
f 8941 8942 8943
f 8944 8945 8946
f 8947 8948 8949
f 8950 8951 8952
f 8953 8954 8955
f 8956 8957 8958
f 8959 8960 8961
f 8962 8963 8964
f 8965 8966 8967
f 8968 8969 8970
f 8971 8972 8973
f 8974 8975 8976
f 8977 8978 8979
f 8980 8981 8982
f 8983 8984 8985
f 8986 8987 8988
f 8989 8990 8991
f 8992 8993 8994
f 8995 8996 8997
f 8998 8999 9000
f 9001 9002 9003
f 9004 9005 9006
f 9007 9008 9009
f 9010 9011 9012
f 9013 9014 9015
f 9016 9017 9018
f 9019 9020 9021
f 9022 9023 9024
f 9025 9026 9027
f 9028 9029 9030
f 9031 9032 9033
f 9034 9035 9036
f 9037 9038 9039
f 9040 9041 9042
f 9043 9044 9045
f 9046 9047 9048
f 9049 9050 9051
f 9052 9053 9054
f 9055 9056 9057
f 9058 9059 9060
f 9061 9062 9063
f 9064 9065 9066
f 9067 9068 9069
f 9070 9071 9072
f 9073 9074 9075
f 9076 9077 9078
f 9079 9080 9081
f 9082 9083 9084
f 9085 9086 9087
f 9088 9089 9090
f 9091 9092 9093
f 9094 9095 9096
f 9097 9098 9099
f 9100 9101 9102
f 9103 9104 9105
f 9106 9107 9108
f 9109 9110 9111
f 9112 9113 9114
f 9115 9116 9117
f 9118 9119 9120
f 9121 9122 9123
f 9124 9125 9126
f 9127 9128 9129
f 9130 9131 9132
f 9133 9134 9135
f 9136 9137 9138
f 9139 9140 9141
f 9142 9143 9144
f 9145 9146 9147
f 9148 9149 9150
f 9151 9152 9153
f 9154 9155 9156
f 9157 9158 9159
f 9160 9161 9162
f 9163 9164 9165
f 9166 9167 9168
f 9169 9170 9171
f 9172 9173 9174
f 9175 9176 9177
f 9178 9179 9180
f 9181 9182 9183
f 9184 9185 9186
f 9187 9188 9189
f 9190 9191 9192
f 9193 9194 9195
f 9196 9197 9198
f 9199 9200 9201
f 9202 9203 9204
f 9205 9206 9207
f 9208 9209 9210
f 9211 9212 9213
f 9214 9215 9216
f 9217 9218 9219
f 9220 9221 9222
f 9223 9224 9225
f 9226 9227 9228
f 9229 9230 9231
f 9232 9233 9234
f 9235 9236 9237
f 9238 9239 9240
f 9241 9242 9243
f 9244 9245 9246
f 9247 9248 9249
f 9250 9251 9252
f 9253 9254 9255
f 9256 9257 9258
f 9259 9260 9261
f 9262 9263 9264
f 9265 9266 9267
f 9268 9269 9270
f 9271 9272 9273
f 9274 9275 9276
f 9277 9278 9279
f 9280 9281 9282
f 9283 9284 9285
f 9286 9287 9288
f 9289 9290 9291
f 9292 9293 9294
f 9295 9296 9297
f 9298 9299 9300
f 9301 9302 9303
f 9304 9305 9306
f 9307 9308 9309
f 9310 9311 9312
f 9313 9314 9315
f 9316 9317 9318
f 9319 9320 9321
f 9322 9323 9324
f 9325 9326 9327
f 9328 9329 9330
f 9331 9332 9333
f 9334 9335 9336
f 9337 9338 9339
f 9340 9341 9342
f 9343 9344 9345
f 9346 9347 9348
f 9349 9350 9351
f 9352 9353 9354
f 9355 9356 9357
f 9358 9359 9360
f 9361 9362 9363
f 9364 9365 9366
f 9367 9368 9369
f 9370 9371 9372
f 9373 9374 9375
f 9376 9377 9378
f 9379 9380 9381
f 9382 9383 9384
f 9385 9386 9387
f 9388 9389 9390
f 9391 9392 9393
f 9394 9395 9396
f 9397 9398 9399
f 9400 9401 9402
f 9403 9404 9405
f 9406 9407 9408
f 9409 9410 9411
f 9412 9413 9414
f 9415 9416 9417
f 9418 9419 9420
f 9421 9422 9423
f 9424 9425 9426
f 9427 9428 9429
f 9430 9431 9432
f 9433 9434 9435
f 9436 9437 9438
f 9439 9440 9441
f 9442 9443 9444
f 9445 9446 9447
f 9448 9449 9450
f 9451 9452 9453
f 9454 9455 9456
f 9457 9458 9459
f 9460 9461 9462
f 9463 9464 9465
f 9466 9467 9468
f 9469 9470 9471
f 9472 9473 9474
f 9475 9476 9477
f 9478 9479 9480
f 9481 9482 9483
f 9484 9485 9486
f 9487 9488 9489
f 9490 9491 9492
f 9493 9494 9495
f 9496 9497 9498
f 9499 9500 9501
f 9502 9503 9504
f 9505 9506 9507
f 9508 9509 9510
f 9511 9512 9513
f 9514 9515 9516
f 9517 9518 9519
f 9520 9521 9522
f 9523 9524 9525
f 9526 9527 9528
f 9529 9530 9531
f 9532 9533 9534
f 9535 9536 9537
f 9538 9539 9540
f 9541 9542 9543
f 9544 9545 9546
f 9547 9548 9549
f 9550 9551 9552
f 9553 9554 9555
f 9556 9557 9558
f 9559 9560 9561
f 9562 9563 9564
f 9565 9566 9567
f 9568 9569 9570
f 9571 9572 9573
f 9574 9575 9576
f 9577 9578 9579
f 9580 9581 9582
f 9583 9584 9585
f 9586 9587 9588
f 9589 9590 9591
f 9592 9593 9594
f 9595 9596 9597
f 9598 9599 9600
f 9601 9602 9603
f 9604 9605 9606
f 9607 9608 9609
f 9610 9611 9612
f 9613 9614 9615
f 9616 9617 9618
f 9619 9620 9621
f 9622 9623 9624
f 9625 9626 9627
f 9628 9629 9630
f 9631 9632 9633
f 9634 9635 9636
f 9637 9638 9639
f 9640 9641 9642
f 9643 9644 9645
f 9646 9647 9648
f 9649 9650 9651
f 9652 9653 9654
f 9655 9656 9657
f 9658 9659 9660
f 9661 9662 9663
f 9664 9665 9666
f 9667 9668 9669
f 9670 9671 9672
f 9673 9674 9675
f 9676 9677 9678
f 9679 9680 9681
f 9682 9683 9684
f 9685 9686 9687
f 9688 9689 9690
f 9691 9692 9693
f 9694 9695 9696
f 9697 9698 9699
f 9700 9701 9702
f 9703 9704 9705
f 9706 9707 9708
f 9709 9710 9711
f 9712 9713 9714
f 9715 9716 9717
f 9718 9719 9720
f 9721 9722 9723
f 9724 9725 9726
f 9727 9728 9729
f 9730 9731 9732
f 9733 9734 9735
f 9736 9737 9738
f 9739 9740 9741
f 9742 9743 9744
f 9745 9746 9747
f 9748 9749 9750
f 9751 9752 9753
f 9754 9755 9756
f 9757 9758 9759
f 9760 9761 9762
f 9763 9764 9765
f 9766 9767 9768
f 9769 9770 9771
f 9772 9773 9774
f 9775 9776 9777
f 9778 9779 9780
f 9781 9782 9783
f 9784 9785 9786
f 9787 9788 9789
f 9790 9791 9792
f 9793 9794 9795
f 9796 9797 9798
f 9799 9800 9801
f 9802 9803 9804
f 9805 9806 9807
f 9808 9809 9810
f 9811 9812 9813
f 9814 9815 9816
f 9817 9818 9819
f 9820 9821 9822
f 9823 9824 9825
f 9826 9827 9828
f 9829 9830 9831
f 9832 9833 9834
f 9835 9836 9837
f 9838 9839 9840
f 9841 9842 9843
f 9844 9845 9846
f 9847 9848 9849
f 9850 9851 9852
