mtllib iiwa_link_1_collisions_link_1_mesh.mtl
v -0.01044513657689094 -0.009999999776482575 0.2252136468887329
v -0.009000732563436028 -0.009999999776482575 0.2257264256477356
v -0.013149136677384371 -0.009999999776482575 0.18126028776168823
v -0.013149136677384371 -0.009999999776482575 0.18126028776168823
v 0.008995360694825646 -0.009999999776482575 0.2257247418165207
v 0.011500335298478598 -0.009999999776482575 0.22469817101955414
v 0.01677276007831096 -0.009999999776482575 0.2209022343158722
v 0.018858967348933213 -0.009999999776482575 0.21891197562217712
v 0.021551204845309247 -0.009999999776482575 0.2151709645986557
v 0.021551204845309247 -0.009999999776482575 0.2151709645986557
v 0.022288909181952466 -0.009999999776482575 0.21360108256340027
v 0.01677276007831096 -0.009999999776482575 0.2209022343158722
v 0.01677276007831096 -0.009999999776482575 0.2209022343158722
v 0.022288909181952466 -0.009999999776482575 0.21360108256340027
v 0.023509107530117025 -0.009999999776482575 0.21100442111492157
v 0.01677276007831096 -0.009999999776482575 0.2209022343158722
v 0.023509107530117025 -0.009999999776482575 0.21100442111492157
v 0.02464611455798148 -0.009999999776482575 0.20669162273406982
v 0.02464611455798148 -0.009999999776482575 0.20669162273406982
v 0.02479865215718745 -0.009999999776482575 0.20479907095432281
v 0.01677276007831096 -0.009999999776482575 0.2209022343158722
v 0.01677276007831096 -0.009999999776482575 0.2209022343158722
v 0.02479865215718745 -0.009999999776482575 0.20479907095432281
v 0.024999279528856267 -0.009999999776482575 0.20230987668037415
v 0.01677276007831096 -0.009999999776482575 0.2209022343158722
v 0.024999279528856267 -0.009999999776482575 0.20230987668037415
v 0.024531075730919828 -0.009999999776482575 0.19768059253692627
v 0.024531075730919828 -0.009999999776482575 0.19768059253692627
v 0.023953502997755994 -0.009999999776482575 0.19568508863449097
v 0.01677276007831096 -0.009999999776482575 0.2209022343158722
v 0.01677276007831096 -0.009999999776482575 0.2209022343158722
v 0.023953502997755994 -0.009999999776482575 0.19568508863449097
v 0.02331280894577502 -0.009999999776482575 0.1934715211391449
v 0.01677276007831096 -0.009999999776482575 0.2209022343158722
v 0.02331280894577502 -0.009999999776482575 0.1934715211391449
v 0.021243415772914876 -0.009999999776482575 0.1893197000026703
v 0.021243415772914876 -0.009999999776482575 0.1893197000026703
v 0.019864510744810094 -0.009999999776482575 0.18749921023845673
v 0.01677276007831096 -0.009999999776482575 0.2209022343158722
v 0.01677276007831096 -0.009999999776482575 0.2209022343158722
v 0.019864510744810094 -0.009999999776482575 0.18749921023845673
v 0.0184411983937025 -0.009999999776482575 0.18562011420726776
v 0.01677276007831096 -0.009999999776482575 0.2209022343158722
v 0.0184411983937025 -0.009999999776482575 0.18562011420726776
v 0.01500663720071315 -0.009999999776482575 0.18250463902950287
v 0.01500663720071315 -0.009999999776482575 0.18250463902950287
v 0.013115549460053439 -0.009999999776482575 0.18131659924983978
v 0.01677276007831096 -0.009999999776482575 0.2209022343158722
v 0.01677276007831096 -0.009999999776482575 0.2209022343158722
v 0.013115549460053439 -0.009999999776482575 0.18131659924983978
v 0.011499866843223567 -0.009999999776482575 0.18030159175395966
v 0.01677276007831096 -0.009999999776482575 0.2209022343158722
v 0.011499866843223567 -0.009999999776482575 0.18030159175395966
v 0.007317257579416033 -0.009999999776482575 0.17859454452991486
v 0.007317257579416033 -0.009999999776482575 0.17859454452991486
v 0.004574785474687813 -0.009999999776482575 0.17801542580127716
v 0.01677276007831096 -0.009999999776482575 0.2209022343158722
v 0.01677276007831096 -0.009999999776482575 0.2209022343158722
v 0.004574785474687813 -0.009999999776482575 0.17801542580127716
v 0.002973681781440972 -0.009999999776482575 0.17767731845378876
v 0.01677276007831096 -0.009999999776482575 0.2209022343158722
v 0.002973681781440972 -0.009999999776482575 0.17767731845378876
v 0.0 -0.009999999776482575 0.17749999463558197
v 0.011500335298478598 -0.009999999776482575 0.22469817101955414
v 0.015505967661738389 -0.009999999776482575 0.22211076319217682
v -0.013149136677384371 -0.009999999776482575 0.18126028776168823
v -0.013149136677384371 -0.009999999776482575 0.18126028776168823
v 0.015505967661738389 -0.009999999776482575 0.22211076319217682
v 0.01677276007831096 -0.009999999776482575 0.2209022343158722
v -0.013149136677384371 -0.009999999776482575 0.18126028776168823
v 0.01677276007831096 -0.009999999776482575 0.2209022343158722
v -0.012970965355634684 -0.009999999776482575 0.18112806975841522
v -0.012970965355634684 -0.009999999776482575 0.18112806975841522
v 0.01677276007831096 -0.009999999776482575 0.2209022343158722
v -0.008793545886874195 -0.009999999776482575 0.17909753322601318
v -0.01044513657689094 -0.009999999776482575 0.2252136468887329
v -0.013149136677384371 -0.009999999776482575 0.18126028776168823
v -0.014454329386353486 -0.009999999776482575 0.22289802134037018
v -0.009000732563436028 -0.009999999776482575 0.2257264256477356
v -0.006215138360857961 -0.009999999776482575 0.22671537101268768
v -0.013149136677384371 -0.009999999776482575 0.18126028776168823
v -0.013149136677384371 -0.009999999776482575 0.18126028776168823
v -0.006215138360857961 -0.009999999776482575 0.22671537101268768
v -0.0018535408889874807 -0.009999999776482575 0.22743140161037445
v -0.013149136677384371 -0.009999999776482575 0.18126028776168823
v -0.0018535408889874807 -0.009999999776482575 0.22743140161037445
v -1.655495452723698e-06 -0.009999999776482575 0.22740057110786438
v -1.655495452723698e-06 -0.009999999776482575 0.22740057110786438
v 0.002682502847164868 -0.009999999776482575 0.22735588252544403
v -0.013149136677384371 -0.009999999776482575 0.18126028776168823
v -0.013149136677384371 -0.009999999776482575 0.18126028776168823
v 0.002682502847164868 -0.009999999776482575 0.22735588252544403
v 0.007385729346424338 -0.009999999776482575 0.22638438642024994
v -0.013149136677384371 -0.009999999776482575 0.18126028776168823
v 0.007385729346424338 -0.009999999776482575 0.22638438642024994
v 0.008995360694825646 -0.009999999776482575 0.2257247418165207
v 0.0 -0.009999999776482575 0.17749999463558197
v -0.00456313695758581 -0.009999999776482575 0.17791996896266937
v 0.01677276007831096 -0.009999999776482575 0.2209022343158722
v 0.01677276007831096 -0.009999999776482575 0.2209022343158722
v -0.00456313695758581 -0.009999999776482575 0.17791996896266937
v -0.004593010060489176 -0.009999999776482575 0.17792828381061554
v 0.01677276007831096 -0.009999999776482575 0.2209022343158722
v -0.004593010060489176 -0.009999999776482575 0.17792828381061554
v -0.008793545886874195 -0.009999999776482575 0.17909753322601318
v -0.019896108657121648 -0.009999999776482575 0.18747052550315857
v -0.013149136677384371 -0.009999999776482575 0.18126028776168823
v -0.019404934719204896 -0.009999999776482575 0.18673719465732574
v -0.019404934719204896 -0.009999999776482575 0.18673719465732574
v -0.013149136677384371 -0.009999999776482575 0.18126028776168823
v -0.01669895648956298 -0.009999999776482575 0.18389473855495453
v -0.023981142789125432 -0.009999999776482575 0.19567325711250305
v -0.024765854701399793 -0.009999999776482575 0.19908559322357178
v -0.013149136677384371 -0.009999999776482575 0.18126028776168823
v -0.013149136677384371 -0.009999999776482575 0.18126028776168823
v -0.024765854701399793 -0.009999999776482575 0.19908559322357178
v -0.024979140609502782 -0.009999999776482575 0.2035233974456787
v -0.013149136677384371 -0.009999999776482575 0.18126028776168823
v -0.024979140609502782 -0.009999999776482575 0.2035233974456787
v -0.02480626292526721 -0.009999999776482575 0.20479486882686615
v -0.013149136677384371 -0.009999999776482575 0.18126028776168823
v -0.022305360063910474 -0.009999999776482575 0.21360395848751068
v -0.02092488855123519 -0.009999999776482575 0.2161802500486374
v -0.019896108657121648 -0.009999999776482575 0.18747052550315857
v -0.021962087601423253 -0.009999999776482575 0.19055506587028503
v -0.013149136677384371 -0.009999999776482575 0.18126028776168823
v -0.013149136677384371 -0.009999999776482575 0.18126028776168823
v -0.021962087601423253 -0.009999999776482575 0.19055506587028503
v -0.023769311606883992 -0.009999999776482575 0.19475209712982178
v -0.013149136677384371 -0.009999999776482575 0.18126028776168823
v -0.023769311606883992 -0.009999999776482575 0.19475209712982178
v -0.023981142789125432 -0.009999999776482575 0.19567325711250305
v -0.02480626292526721 -0.009999999776482575 0.20479486882686615
v -0.02434551529586314 -0.009999999776482575 0.20818354189395905
v -0.013149136677384371 -0.009999999776482575 0.18126028776168823
v -0.013149136677384371 -0.009999999776482575 0.18126028776168823
v -0.02434551529586314 -0.009999999776482575 0.20818354189395905
v -0.022980039939284314 -0.009999999776482575 0.21234484016895294
v -0.013149136677384371 -0.009999999776482575 0.18126028776168823
v -0.022980039939284314 -0.009999999776482575 0.21234484016895294
v -0.022305360063910474 -0.009999999776482575 0.21360395848751068
v -0.02092488855123519 -0.009999999776482575 0.2161802500486374
v -0.01797108352184295 -0.009999999776482575 0.2198793590068817
v -0.013149136677384371 -0.009999999776482575 0.18126028776168823
v -0.013149136677384371 -0.009999999776482575 0.18126028776168823
v -0.01797108352184295 -0.009999999776482575 0.2198793590068817
v -0.016779607161879533 -0.009999999776482575 0.22090208530426025
v -0.013149136677384371 -0.009999999776482575 0.18126028776168823
v -0.016779607161879533 -0.009999999776482575 0.22090208530426025
v -0.014454329386353486 -0.009999999776482575 0.22289802134037018
v -0.018475223332643502 0.016842391341924653 -0.009999999776482582
v -0.011143459007143969 0.02237908169627188 -0.009999999776482582
v -0.0023067090660333625 0.02489335462450979 -0.009999999776482582
v 0.015065865591168397 0.019950430840253816 -0.009999999776482582
v 0.021255427971482267 0.013160804286599149 -0.009999999776482582
v 0.006841574795544144 -0.024045640602707846 -0.009999999776482582
v -0.0023067090660333625 -0.02489335462450979 -0.009999999776482582
v -0.023311804980039586 0.00903104152530431 -0.009999999776482582
v 0.006841574795544144 -0.024045640602707846 -0.009999999776482582
v 0.006841574795544144 -0.024045640602707846 -0.009999999776482582
v -0.023311804980039586 0.00903104152530431 -0.009999999776482582
v -0.018475223332643502 0.016842391341924653 -0.009999999776482582
v -0.018475223332643502 0.016842391341924653 -0.009999999776482582
v -0.0023067090660333625 0.02489335462450979 -0.009999999776482582
v 0.006841574795544144 -0.024045640602707846 -0.009999999776482582
v 0.006841574795544144 -0.024045640602707846 -0.009999999776482582
v -0.0023067090660333625 0.02489335462450979 -0.009999999776482582
v 0.006841574795544144 0.024045640602707846 -0.009999999776482582
v 0.006841574795544144 -0.024045640602707846 -0.009999999776482582
v 0.006841574795544144 0.024045640602707846 -0.009999999776482582
v 0.015065865591168397 0.019950430840253816 -0.009999999776482582
v 0.015065865591168397 -0.019950430840253816 -0.009999999776482582
v 0.006841574795544144 -0.024045640602707846 -0.009999999776482582
v 0.021255427971482267 -0.013160804286599149 -0.009999999776482582
v 0.021255427971482267 -0.013160804286599149 -0.009999999776482582
v 0.006841574795544144 -0.024045640602707846 -0.009999999776482582
v 0.021255427971482267 0.013160804286599149 -0.009999999776482582
v 0.021255427971482267 -0.013160804286599149 -0.009999999776482582
v 0.021255427971482267 0.013160804286599149 -0.009999999776482582
v 0.02457432821393012 -0.004593737889081236 -0.009999999776482582
v 0.02457432821393012 -0.004593737889081236 -0.009999999776482582
v 0.021255427971482267 0.013160804286599149 -0.009999999776482582
v 0.02457432821393012 0.004593737889081236 -0.009999999776482582
v -0.023311804980039586 -0.00903104152530431 -0.009999999776482582
v -0.02500000037252902 0.0 -0.009999999776482582
v -0.018475223332643502 -0.016842391341924653 -0.009999999776482582
v -0.018475223332643502 -0.016842391341924653 -0.009999999776482582
v -0.02500000037252902 0.0 -0.009999999776482582
v -0.023311804980039586 0.00903104152530431 -0.009999999776482582
v -0.018475223332643502 -0.016842391341924653 -0.009999999776482582
v -0.023311804980039586 0.00903104152530431 -0.009999999776482582
v -0.011143459007143969 -0.02237908169627188 -0.009999999776482582
v -0.011143459007143969 -0.02237908169627188 -0.009999999776482582
v -0.023311804980039586 0.00903104152530431 -0.009999999776482582
v -0.0023067090660333625 -0.02489335462450979 -0.009999999776482582
v -0.004593010060489176 -0.009999999776482575 0.17792828381061554
v -0.00456313695758581 -0.009999999776482575 0.17791996896266937
v -0.0014526816084980958 0.0 0.1775420904159546
v 0.0 -0.009999999776482575 0.17749999463558197
v 0.00457178335636854 0.0 0.17802327871322632
v -0.00456313695758581 -0.009999999776482575 0.17791996896266937
v -0.00456313695758581 -0.009999999776482575 0.17791996896266937
v 0.00457178335636854 0.0 0.17802327871322632
v 0.0031055174767971026 0.0 0.1776934713125229
v -0.00456313695758581 -0.009999999776482575 0.17791996896266937
v 0.0031055174767971026 0.0 0.1776934713125229
v -0.0014526816084980958 0.0 0.1775420904159546
v 0.0 -0.009999999776482575 0.17749999463558197
v 0.002973681781440972 -0.009999999776482575 0.17767731845378876
v 0.00457178335636854 0.0 0.17802327871322632
v 0.00457178335636854 0.0 0.17802327871322632
v 0.002973681781440972 -0.009999999776482575 0.17767731845378876
v 0.004574785474687813 -0.009999999776482575 0.17801542580127716
v 0.00457178335636854 0.0 0.17802327871322632
v 0.004574785474687813 -0.009999999776482575 0.17801542580127716
v 0.007815882563591 0.0 0.17875297367572784
v 0.007815882563591 0.0 0.17875297367572784
v 0.004574785474687813 -0.009999999776482575 0.17801542580127716
v 0.007317257579416033 -0.009999999776482575 0.17859454452991486
v 0.007815882563591 0.0 0.17875297367572784
v 0.007317257579416033 -0.009999999776482575 0.17859454452991486
v 0.011499866843223567 0.0 0.18030159175395966
v 0.011499866843223567 0.0 0.18030159175395966
v 0.007317257579416033 -0.009999999776482575 0.17859454452991486
v 0.011499866843223567 -0.009999999776482575 0.18030159175395966
v 0.011499866843223567 0.0 0.18030159175395966
v 0.011499866843223567 -0.009999999776482575 0.18030159175395966
v 0.01310193538665771 0.0 0.18133576214313507
v 0.01310193538665771 0.0 0.18133576214313507
v 0.011499866843223567 -0.009999999776482575 0.18030159175395966
v 0.013115549460053439 -0.009999999776482575 0.18131659924983978
v 0.01310193538665771 0.0 0.18133576214313507
v 0.013115549460053439 -0.009999999776482575 0.18131659924983978
v 0.015494901686906808 0.0 0.1828804910182953
v 0.015494901686906808 0.0 0.1828804910182953
v 0.013115549460053439 -0.009999999776482575 0.18131659924983978
v 0.01500663720071315 -0.009999999776482575 0.18250463902950287
v 0.015494901686906808 0.0 0.1828804910182953
v 0.01500663720071315 -0.009999999776482575 0.18250463902950287
v 0.018850022926926606 0.0 0.18607772886753082
v 0.018850022926926606 0.0 0.18607772886753082
v 0.01500663720071315 -0.009999999776482575 0.18250463902950287
v 0.0184411983937025 -0.009999999776482575 0.18562011420726776
v 0.018850022926926606 0.0 0.18607772886753082
v 0.0184411983937025 -0.009999999776482575 0.18562011420726776
v 0.019869351759552945 0.0 0.18749254941940308
v 0.019869351759552945 0.0 0.18749254941940308
v 0.0184411983937025 -0.009999999776482575 0.18562011420726776
v 0.019864510744810094 -0.009999999776482575 0.18749921023845673
v 0.019869351759552945 0.0 0.18749254941940308
v 0.019864510744810094 -0.009999999776482575 0.18749921023845673
v 0.0215446576476097 0.0 0.1898178607225418
v 0.0215446576476097 0.0 0.1898178607225418
v 0.019864510744810094 -0.009999999776482575 0.18749921023845673
v 0.021243415772914876 -0.009999999776482575 0.1893197000026703
v 0.0215446576476097 0.0 0.1898178607225418
v 0.021243415772914876 -0.009999999776482575 0.1893197000026703
v 0.02350499853491782 0.0 0.19398418068885803
v 0.02350499853491782 0.0 0.19398418068885803
v 0.021243415772914876 -0.009999999776482575 0.1893197000026703
v 0.02331280894577502 -0.009999999776482575 0.1934715211391449
v 0.02350499853491782 0.0 0.19398418068885803
v 0.02331280894577502 -0.009999999776482575 0.1934715211391449
v 0.02395365945994853 0.0 0.19568271934986115
v 0.02395365945994853 0.0 0.19568271934986115
v 0.02331280894577502 -0.009999999776482575 0.1934715211391449
v 0.023953502997755994 -0.009999999776482575 0.19568508863449097
v 0.02395365945994853 0.0 0.19568271934986115
v 0.023953502997755994 -0.009999999776482575 0.19568508863449097
v 0.024644149467349042 0.0 0.19829678535461426
v 0.024644149467349042 0.0 0.19829678535461426
v 0.023953502997755994 -0.009999999776482575 0.19568508863449097
v 0.024531075730919828 -0.009999999776482575 0.19768059253692627
v 0.024644149467349042 0.0 0.19829678535461426
v 0.024531075730919828 -0.009999999776482575 0.19768059253692627
v 0.024999376386404027 0.0 0.20267780125141144
v 0.024999376386404027 0.0 0.20267780125141144
v 0.024531075730919828 -0.009999999776482575 0.19768059253692627
v 0.024999279528856267 -0.009999999776482575 0.20230987668037415
v 0.024999376386404027 0.0 0.20267780125141144
v 0.024999279528856267 -0.009999999776482575 0.20230987668037415
v 0.024786235764622678 0.0 0.2047959268093109
v 0.024786235764622678 0.0 0.2047959268093109
v 0.024999279528856267 -0.009999999776482575 0.20230987668037415
v 0.02479865215718745 -0.009999999776482575 0.20479907095432281
v 0.024786235764622678 0.0 0.2047959268093109
v 0.02479865215718745 -0.009999999776482575 0.20479907095432281
v 0.024533595889806737 0.0 0.2073066085577011
v 0.024533595889806737 0.0 0.2073066085577011
v 0.02479865215718745 -0.009999999776482575 0.20479907095432281
v 0.02464611455798148 -0.009999999776482575 0.20669162273406982
v 0.024533595889806737 0.0 0.2073066085577011
v 0.02464611455798148 -0.009999999776482575 0.20669162273406982
v 0.023317346349358548 0.0 0.21151673793792725
v 0.023317346349358548 0.0 0.21151673793792725
v 0.02464611455798148 -0.009999999776482575 0.20669162273406982
v 0.023509107530117025 -0.009999999776482575 0.21100442111492157
v 0.023317346349358548 0.0 0.21151673793792725
v 0.023509107530117025 -0.009999999776482575 0.21100442111492157
v 0.02228257805109023 0.0 0.2135954201221466
v 0.02228257805109023 0.0 0.2135954201221466
v 0.023509107530117025 -0.009999999776482575 0.21100442111492157
v 0.022288909181952466 -0.009999999776482575 0.21360108256340027
v 0.02228257805109023 0.0 0.2135954201221466
v 0.022288909181952466 -0.009999999776482575 0.21360108256340027
v 0.02125011198222636 0.0 0.21566948294639587
v 0.02125011198222636 0.0 0.21566948294639587
v 0.022288909181952466 -0.009999999776482575 0.21360108256340027
v 0.021551204845309247 -0.009999999776482575 0.2151709645986557
v 0.02125011198222636 0.0 0.21566948294639587
v 0.021551204845309247 -0.009999999776482575 0.2151709645986557
v 0.018449958413839333 0.0 0.2193702906370163
v 0.018449958413839333 0.0 0.2193702906370163
v 0.021551204845309247 -0.009999999776482575 0.2151709645986557
v 0.018858967348933213 -0.009999999776482575 0.21891197562217712
v 0.018449958413839333 0.0 0.2193702906370163
v 0.018858967348933213 -0.009999999776482575 0.21891197562217712
v 0.016770135611295693 0.0 0.2208956480026245
v 0.016770135611295693 0.0 0.2208956480026245
v 0.018858967348933213 -0.009999999776482575 0.21891197562217712
v 0.01677276007831096 -0.009999999776482575 0.2209022343158722
v 0.016770135611295693 0.0 0.2208956480026245
v 0.01677276007831096 -0.009999999776482575 0.2209022343158722
v 0.01501716207712888 0.0 0.2224874347448349
v 0.01501716207712888 0.0 0.2224874347448349
v 0.01677276007831096 -0.009999999776482575 0.2209022343158722
v 0.015505967661738389 -0.009999999776482575 0.22211076319217682
v 0.01501716207712888 0.0 0.2224874347448349
v 0.015505967661738389 -0.009999999776482575 0.22211076319217682
v 0.011500335298478598 0.0 0.22469817101955414
v 0.011500335298478598 0.0 0.22469817101955414
v 0.015505967661738389 -0.009999999776482575 0.22211076319217682
v 0.011500335298478598 -0.009999999776482575 0.22469817101955414
v 0.011500335298478598 0.0 0.22469817101955414
v 0.011500335298478598 -0.009999999776482575 0.22469817101955414
v 0.008994034491479393 0.0 0.22572113573551178
v 0.008994034491479393 0.0 0.22572113573551178
v 0.011500335298478598 -0.009999999776482575 0.22469817101955414
v 0.008995360694825646 -0.009999999776482575 0.2257247418165207
v 0.008994034491479393 0.0 0.22572113573551178
v 0.008995360694825646 -0.009999999776482575 0.2257247418165207
v 0.007317932788282629 0.0 0.22640524804592133
v 0.007317932788282629 0.0 0.22640524804592133
v 0.008995360694825646 -0.009999999776482575 0.2257247418165207
v 0.007385729346424338 -0.009999999776482575 0.22638438642024994
v 0.007317932788282629 0.0 0.22640524804592133
v 0.007385729346424338 -0.009999999776482575 0.22638438642024994
v 0.0029741057660430657 0.0 0.22732265293598175
v 0.0029741057660430657 0.0 0.22732265293598175
v 0.007385729346424338 -0.009999999776482575 0.22638438642024994
v 0.002682502847164868 -0.009999999776482575 0.22735588252544403
v 0.0029741057660430657 0.0 0.22732265293598175
v 0.002682502847164868 -0.009999999776482575 0.22735588252544403
v 0.0 0.0 0.22750000655651093
v 0.002682502847164868 -0.009999999776482575 0.22735588252544403
v -1.655495452723698e-06 -0.009999999776482575 0.22740057110786438
v 0.0 0.0 0.22750000655651093
v 0.0 0.0 0.22750000655651093
v -1.655495452723698e-06 -0.009999999776482575 0.22740057110786438
v -0.0018535408889874807 -0.009999999776482575 0.22743140161037445
v 0.0 0.0 0.22750000655651093
v -0.0018535408889874807 -0.009999999776482575 0.22743140161037445
v -0.00461723795160651 0.0 0.2270699292421341
v -0.00461723795160651 0.0 0.2270699292421341
v -0.0018535408889874807 -0.009999999776482575 0.22743140161037445
v -0.006215138360857961 -0.009999999776482575 0.22671537101268768
v -0.00461723795160651 0.0 0.2270699292421341
v -0.006215138360857961 -0.009999999776482575 0.22671537101268768
v -0.008842980489134785 0.0 0.22588381171226501
v -0.008842980489134785 0.0 0.22588381171226501
v -0.006215138360857961 -0.009999999776482575 0.22671537101268768
v -0.009000732563436028 -0.009999999776482575 0.2257264256477356
v -0.008842980489134785 0.0 0.22588381171226501
v -0.009000732563436028 -0.009999999776482575 0.2257264256477356
v -0.009023194201290604 0.0 0.22579574584960938
v -0.009023194201290604 0.0 0.22579574584960938
v -0.009000732563436028 -0.009999999776482575 0.2257264256477356
v -0.01044513657689094 -0.009999999776482575 0.2252136468887329
v -0.009023194201290604 0.0 0.22579574584960938
v -0.01044513657689094 -0.009999999776482575 0.2252136468887329
v -0.013014895841479296 0.0 0.22384516894817352
v -0.013014895841479296 0.0 0.22384516894817352
v -0.01044513657689094 -0.009999999776482575 0.2252136468887329
v -0.014454329386353486 -0.009999999776482575 0.22289802134037018
v -0.013014895841479296 0.0 0.22384516894817352
v -0.014454329386353486 -0.009999999776482575 0.22289802134037018
v -0.016736799851059907 0.0 0.22107118368148804
v -0.016736799851059907 0.0 0.22107118368148804
v -0.014454329386353486 -0.009999999776482575 0.22289802134037018
v -0.016779607161879533 -0.009999999776482575 0.22090208530426025
v -0.016736799851059907 0.0 0.22107118368148804
v -0.016779607161879533 -0.009999999776482575 0.22090208530426025
v -0.016833098605275147 0.0 0.2209666669368744
v -0.016833098605275147 0.0 0.2209666669368744
v -0.016779607161879533 -0.009999999776482575 0.22090208530426025
v -0.01797108352184295 -0.009999999776482575 0.2198793590068817
v -0.016833098605275147 0.0 0.2209666669368744
v -0.01797108352184295 -0.009999999776482575 0.2198793590068817
v -0.019878948107361783 0.0 0.21766053140163422
v -0.019878948107361783 0.0 0.21766053140163422
v -0.01797108352184295 -0.009999999776482575 0.2198793590068817
v -0.02092488855123519 -0.009999999776482575 0.2161802500486374
v -0.019878948107361783 0.0 0.21766053140163422
v -0.02092488855123519 -0.009999999776482575 0.2161802500486374
v -0.02219816669821738 0.0 0.21400032937526703
v -0.02219816669821738 0.0 0.21400032937526703
v -0.02092488855123519 -0.009999999776482575 0.2161802500486374
v -0.022305360063910474 -0.009999999776482575 0.21360395848751068
v -0.02219816669821738 0.0 0.21400032937526703
v -0.022305360063910474 -0.009999999776482575 0.21360395848751068
v -0.022348878905177106 0.0 0.21363112330436707
v -0.022348878905177106 0.0 0.21363112330436707
v -0.022305360063910474 -0.009999999776482575 0.21360395848751068
v -0.022980039939284314 -0.009999999776482575 0.21234484016895294
v -0.022348878905177106 0.0 0.21363112330436707
v -0.022980039939284314 -0.009999999776482575 0.21234484016895294
v -0.02390465885400771 0.0 0.20981986820697784
v -0.02390465885400771 0.0 0.20981986820697784
v -0.022980039939284314 -0.009999999776482575 0.21234484016895294
v -0.02434551529586314 -0.009999999776482575 0.20818354189395905
v -0.02390465885400771 0.0 0.20981986820697784
v -0.02434551529586314 -0.009999999776482575 0.20818354189395905
v -0.024822404608130445 0.0 0.20547616481781006
v -0.024822404608130445 0.0 0.20547616481781006
v -0.02434551529586314 -0.009999999776482575 0.20818354189395905
v -0.02480626292526721 -0.009999999776482575 0.20479486882686615
v -0.024822404608130445 0.0 0.20547616481781006
v -0.02480626292526721 -0.009999999776482575 0.20479486882686615
v -0.02484242059290408 0.0 0.2048051953315735
v -0.02484242059290408 0.0 0.2048051953315735
v -0.02480626292526721 -0.009999999776482575 0.20479486882686615
v -0.024979140609502782 -0.009999999776482575 0.2035233974456787
v -0.02484242059290408 0.0 0.2048051953315735
v -0.024979140609502782 -0.009999999776482575 0.2035233974456787
v -0.024955663830041875 0.0 0.20100878179073334
v -0.024955663830041875 0.0 0.20100878179073334
v -0.024979140609502782 -0.009999999776482575 0.2035233974456787
v -0.024765854701399793 -0.009999999776482575 0.19908559322357178
v -0.024955663830041875 0.0 0.20100878179073334
v -0.024765854701399793 -0.009999999776482575 0.19908559322357178
v -0.024227917194366445 0.0 0.19633398950099945
v -0.024227917194366445 0.0 0.19633398950099945
v -0.024765854701399793 -0.009999999776482575 0.19908559322357178
v -0.023981142789125432 -0.009999999776482575 0.19567325711250305
v -0.024227917194366445 0.0 0.19633398950099945
v -0.023981142789125432 -0.009999999776482575 0.19567325711250305
v -0.02399718202650546 0.0 0.19567540287971497
v -0.02399718202650546 0.0 0.19567540287971497
v -0.023981142789125432 -0.009999999776482575 0.19567325711250305
v -0.023769311606883992 -0.009999999776482575 0.19475209712982178
v -0.02399718202650546 0.0 0.19567540287971497
v -0.023769311606883992 -0.009999999776482575 0.19475209712982178
v -0.022778859362006177 0.0 0.19219793379306793
v -0.022778859362006177 0.0 0.19219793379306793
v -0.023769311606883992 -0.009999999776482575 0.19475209712982178
v -0.021962087601423253 -0.009999999776482575 0.19055506587028503
v -0.022778859362006177 0.0 0.19219793379306793
v -0.021962087601423253 -0.009999999776482575 0.19055506587028503
v -0.020475877448916425 0.0 0.18815623223781586
v -0.020475877448916425 0.0 0.18815623223781586
v -0.021962087601423253 -0.009999999776482575 0.19055506587028503
v -0.019896108657121648 -0.009999999776482575 0.18747052550315857
v -0.020475877448916425 0.0 0.18815623223781586
v -0.019896108657121648 -0.009999999776482575 0.18747052550315857
v -0.01990313082933425 0.0 0.1874738335609436
v -0.01990313082933425 0.0 0.1874738335609436
v -0.019896108657121648 -0.009999999776482575 0.18747052550315857
v -0.019404934719204896 -0.009999999776482575 0.18673719465732574
v -0.01990313082933425 0.0 0.1874738335609436
v -0.019404934719204896 -0.009999999776482575 0.18673719465732574
v -0.017677670344710343 0.0 0.18482233583927155
v -0.017677670344710343 0.0 0.18482233583927155
v -0.019404934719204896 -0.009999999776482575 0.18673719465732574
v -0.01669895648956298 -0.009999999776482575 0.18389473855495453
v -0.017677670344710343 0.0 0.18482233583927155
v -0.01669895648956298 -0.009999999776482575 0.18389473855495453
v -0.014110540039837353 0.0 0.18186278641223907
v -0.014110540039837353 0.0 0.18186278641223907
v -0.01669895648956298 -0.009999999776482575 0.18389473855495453
v -0.013149136677384371 -0.009999999776482575 0.18126028776168823
v -0.014110540039837353 0.0 0.18186278641223907
v -0.013149136677384371 -0.009999999776482575 0.18126028776168823
v -0.01312231738120317 0.0 0.18131385743618011
v -0.01312231738120317 0.0 0.18131385743618011
v -0.013149136677384371 -0.009999999776482575 0.18126028776168823
v -0.012970965355634684 -0.009999999776482575 0.18112806975841522
v -0.01312231738120317 0.0 0.18131385743618011
v -0.012970965355634684 -0.009999999776482575 0.18112806975841522
v -0.010063861496746535 0.0 0.17961497604846954
v -0.010063861496746535 0.0 0.17961497604846954
v -0.012970965355634684 -0.009999999776482575 0.18112806975841522
v -0.008793545886874195 -0.009999999776482575 0.17909753322601318
v -0.010063861496746535 0.0 0.17961497604846954
v -0.008793545886874195 -0.009999999776482575 0.17909753322601318
v -0.005818142089992759 0.0 0.17818626761436462
v -0.005818142089992759 0.0 0.17818626761436462
v -0.008793545886874195 -0.009999999776482575 0.17909753322601318
v -0.004593010060489176 -0.009999999776482575 0.17792828381061554
v -0.005818142089992759 0.0 0.17818626761436462
v -0.004593010060489176 -0.009999999776482575 0.17792828381061554
v -0.004582195542752741 0.0 0.17800389230251312
v -0.004582195542752741 0.0 0.17800389230251312
v -0.004593010060489176 -0.009999999776482575 0.17792828381061554
v -0.0014526816084980958 0.0 0.1775420904159546
v -0.033036373555660234 -0.004294207785278555 0.12185633927583694
v -0.032988779246807085 -0.0053897872567176775 0.12053536623716354
v -0.03687119111418723 -0.005627159960567947 0.12252016365528107
v -0.023568416014313687 -0.002336376113817094 0.10367878526449203
v -0.015722410753369324 0.00034753867657855126 0.09990398585796356
v -0.014972540549933903 0.005894360598176713 0.0931193009018898
v -0.014972540549933903 0.005894360598176713 0.0931193009018898
v -0.015722410753369324 0.00034753867657855126 0.09990398585796356
v -0.007424762472510334 0.009266478940844529 0.08980992436408997
v -0.048766322433948496 -0.012712540104985227 0.11220518499612808
v -0.04784965515136717 -0.010842091403901568 0.10779403895139694
v -0.053188540041446665 -0.01610435731709002 0.11306443065404892
v -0.0345025137066841 0.005691879428923126 0.09033890068531036
v -0.02785195782780646 0.010884216986596576 0.08655383437871933
v -0.027500925585627542 0.018822371959686265 0.07927154749631882
v 3.877378866384231e-15 0.01831228472292422 0.08184432238340378
v 3.8774894041838476e-15 0.020149106159806234 0.08045507967472076
v -0.014315020292997353 0.012637869454920281 0.08644069731235504
v -0.07011156529188153 -0.04846490547060963 0.14156176149845123
v -0.07144343107938764 -0.048189293593168224 0.1487085223197937
v -0.06798452138900754 -0.037667334079742404 0.13627049326896667
v -0.05788916721940038 -0.02146098203957079 0.1185864731669426
v -0.053188540041446665 -0.01610435731709002 0.11306443065404892
v -0.051661573350429514 -0.011400360614061347 0.10334144532680511
v -0.0655177682638168 -0.017405506223440156 0.08609957993030548
v -0.06467086821794507 -0.025064095854759195 0.09818881005048752
v -0.05915827676653859 -0.010882395319640628 0.09088794142007828
v -0.06993568688631055 -0.042955771088600124 0.09354251623153687
v -0.06941114366054532 -0.045639451593160595 0.0990414097905159
v -0.06857997179031369 -0.03211542218923566 0.09245549887418747
v -0.07210385054349897 -0.05806122720241542 0.159062460064888
v -0.07247649878263471 -0.057642530649900395 0.16091464459896088
v -0.07144343107938764 -0.048189293593168224 0.1487085223197937
v -0.07631685584783551 0.0 0.1639638990163803
v -0.07567922025918958 0.0 0.16284418106079102
v -0.07573548704385755 -0.004605659283697602 0.1626882553100586
v 3.874927553034877e-15 2.0376665036282005e-15 0.11699966341257095
v 3.875043596548651e-15 -0.0004420272016432133 0.11693832278251648
v -0.008436936885118481 -0.00045618557487614415 0.11739334464073181
v -0.00544875022023916 0.08531156927347176 0.0
v -0.00841946247965097 0.08496842533349984 0.0
v -0.008350750431418415 0.08473436534404748 0.00827702321112156
v -0.014010286889970296 0.08432263880968087 0.0
v -0.016770517453551285 0.0837182626128196 0.0
v -0.016671136021614068 0.08341465890407555 0.008405967615544796
v -0.022407179698348035 0.08248405903577798 0.0
v -0.024966511875390996 0.08164799213409417 0.0
v -0.024860667064785947 0.0812238156795501 0.008587554097175598
v -0.030535208061337457 0.07982885092496866 0.0
v -0.032921351492404924 0.07877340167760843 0.0
v -0.03281995281577109 0.07818707078695292 0.008818247355520725
v -0.038360185921192155 0.07636766135692591 0.0
v -0.04055185243487356 0.07512249797582621 0.0
v -0.040452297776937464 0.07433863729238505 0.009094826877117157
v -0.045870013535022715 0.0721010416746139 0.0
v -0.0477849096059799 0.0707415491342544 0.0
v -0.04767008125782011 0.06972905993461603 0.009415029548108578
v -0.05287317931652067 0.0671291053295135 0.0
v -0.054545022547245005 0.06566984951496119 0.0
v -0.05439161509275434 0.0644156783819198 0.009776820428669453
v -0.0850964859127998 0.007547677960246795 -4.784239324151507e-11
v -0.08547555655241008 -4.8930145567282994e-05 -4.0169093051822813e-10
v -0.08486220240592952 0.006929016206413502 0.006203623954206705
v -0.08486220240592952 0.006929016206413502 0.006203623954206705
v -0.08547555655241008 -4.8930145567282994e-05 -4.0169093051822813e-10
v -0.08527016639709468 -0.00046610768185928426 0.005265917629003525
v -0.08486220240592952 0.006929016206413502 0.006203623954206705
v -0.08527016639709468 -0.00046610768185928426 0.005265917629003525
v -0.08517041057348247 -0.0006734703783877189 0.00648304121568799
v -0.0837268233299255 0.015221863053739059 0.005886953789740801
v -0.08393675833940502 0.015872575342655168 0.0
v -0.08504523336887355 0.008574783802032464 0.0
v -0.0817903876304626 0.023381331935524923 0.005576794967055321
v -0.08195635676383968 0.024043023586273176 0.0
v -0.0837600082159042 0.017036264762282358 0.0
v -0.07866927236318584 0.03336235135793683 0.0
v -0.07917708158493038 0.03198026865720746 0.0
v -0.079067550599575 0.03133196011185643 0.0052759284153580666
v -0.079067550599575 0.03133196011185643 0.0052759284153580666
v -0.07917708158493038 0.03198026865720746 0.0
v -0.08163572847843166 0.025288602337241152 0.0
v -0.07557731866836545 0.03899834305047986 0.004987132735550404
v -0.07563608139753339 0.03961279243230817 0.0
v -0.07866927236318584 0.03336235135793683 0.0
v -0.07040975987911222 0.04840777814388272 0.0
v -0.07136006653308866 0.046866256743669475 0.0
v -0.07134796679019925 0.046305675059556926 0.004712991416454315
v -0.07134796679019925 0.046305675059556926 0.004712991416454315
v -0.07136006653308866 0.046866256743669475 0.0
v -0.07491280138492581 0.04110323637723919 0.0
v -0.05929951742291448 0.06151990965008731 0.0
v -0.06076359748840329 0.05995788797736163 0.0
v -0.0605489797890186 0.05846659094095225 0.010178174823522568
v -0.0605489797890186 0.05846659094095225 0.010178174823522568
v -0.06076359748840329 0.05995788797736163 0.0
v -0.06517536193132398 0.055250994861125904 0.0
v -0.0605489797890186 0.05846659094095225 0.010178174823522568
v -0.06517536193132398 0.055250994861125904 0.0
v -0.06641292572021482 0.05317989736795421 0.004455919377505779
v -0.06641292572021482 0.05317989736795421 0.004455919377505779
v -0.06517536193132398 0.055250994861125904 0.0
v -0.06638548523187635 0.0536689311265945 0.0
v -0.06641292572021482 0.05317989736795421 0.004455919377505779
v -0.06638548523187635 0.0536689311265945 0.0
v -0.07040975987911222 0.04840777814388272 0.0
v -0.016987845301628106 0.0 0.1187041774392128
v -0.008557660505175587 0.0 0.11743015050888062
v -0.008436936885118481 -0.00045618557487614415 0.11739334464073181
v -0.008436936885118481 -0.00045618557487614415 0.11739334464073181
v -0.008557660505175587 0.0 0.11743015050888062
v -0.008436433970928189 2.886534097776473e-17 0.11742404848337173
v -0.008436936885118481 -0.00045618557487614415 0.11739334464073181
v -0.008436433970928189 2.886534097776473e-17 0.11742404848337173
v 3.874927553034877e-15 2.0376665036282005e-15 0.11699966341257095
v -0.008436936885118481 -0.00045618557487614415 0.11739334464073181
v -0.016807822510600083 -0.00048783572856336794 0.11864451318979263
v -0.016987845301628106 0.0 0.1187041774392128
v -0.016987845301628106 0.0 0.1187041774392128
v -0.016807822510600083 -0.00048783572856336794 0.11864451318979263
v -0.02502465434372424 -0.0005401404341682787 0.12072134763002396
v -0.016987845301628106 0.0 0.1187041774392128
v -0.02502465434372424 -0.0005401404341682787 0.12072134763002396
v -0.02501474879682063 0.0 0.12075210362672806
v -0.0406217575073242 0.0 0.12729384005069733
v -0.03331544622778891 0.0 0.12375687807798386
v -0.03300114721059798 -0.0006114104180596765 0.12360291182994843
v -0.03300114721059798 -0.0006114104180596765 0.12360291182994843
v -0.03331544622778891 0.0 0.12375687807798386
v -0.03298185765743254 0.0 0.12363506108522415
v -0.03300114721059798 -0.0006114104180596765 0.12360291182994843
v -0.03298185765743254 0.0 0.12363506108522415
v -0.02502465434372424 -0.0005401404341682787 0.12072134763002396
v -0.02502465434372424 -0.0005401404341682787 0.12072134763002396
v -0.03298185765743254 0.0 0.12363506108522415
v -0.025255700573325147 0.0 0.12081357836723328
v -0.02502465434372424 -0.0005401404341682787 0.12072134763002396
v -0.025255700573325147 0.0 0.12081357836723328
v -0.02501474879682063 0.0 0.12075210362672806
v -0.033038213849067674 -0.0027615942526608684 0.12295282632112503
v -0.03691777959465979 -0.0028299978002905824 0.12473340332508087
v -0.0406217575073242 0.0 0.12729384005069733
v -0.04796343296766279 -0.003103678580373523 0.13118787109851837
v -0.0547356270253658 -0.0033382419496774647 0.13635912537574768
v -0.05462147668004034 0.0 0.13676263391971588
v -0.04108119383454321 0.0 0.1275162547826767
v -0.04070518910884855 -0.002910144394263623 0.1267031878232956
v -0.04786042869091032 0.0 0.1316824108362198
v -0.04786042869091032 0.0 0.1316824108362198
v -0.04070518910884855 -0.002910144394263623 0.1267031878232956
v -0.04796343296766279 -0.003103678580373523 0.13118787109851837
v -0.04786042869091032 0.0 0.1316824108362198
v -0.04796343296766279 -0.003103678580373523 0.13118787109851837
v -0.048358820378780344 0.0 0.13198870420455933
v -0.048358820378780344 0.0 0.13198870420455933
v -0.04796343296766279 -0.003103678580373523 0.13118787109851837
v -0.05462147668004034 0.0 0.13676263391971588
v -0.0609549134969711 -0.003609955077990887 0.14215916395187378
v -0.06656011193990705 -0.003914811182767149 0.14852620661258698
v -0.06645714491605756 0.0 0.14877432584762573
v -0.06645714491605756 0.0 0.14877432584762573
v -0.061463706195354434 0.0 0.1430654525756836
v -0.0609549134969711 -0.003609955077990887 0.14215916395187378
v -0.0609549134969711 -0.003609955077990887 0.14215916395187378
v -0.061463706195354434 0.0 0.1430654525756836
v -0.060838725417852374 0.0 0.14248104393482208
v -0.0609549134969711 -0.003609955077990887 0.14215916395187378
v -0.060838725417852374 0.0 0.14248104393482208
v -0.0547356270253658 -0.0033382419496774647 0.13635912537574768
v -0.0547356270253658 -0.0033382419496774647 0.13635912537574768
v -0.060838725417852374 0.0 0.14248104393482208
v -0.05517215281724927 0.0 0.13718239963054657
v -0.0547356270253658 -0.0033382419496774647 0.13635912537574768
v -0.05517215281724927 0.0 0.13718239963054657
v -0.05462147668004034 0.0 0.13676263391971588
v -0.07573548704385755 -0.004605659283697602 0.1626882553100586
v -0.07567922025918958 0.0 0.16284418106079102
v -0.07150159776210782 -0.0042483047582209076 0.15539249777793884
v -0.07567922025918958 0.0 0.16284418106079102
v -0.07205373793840406 0.0 0.15647758543491364
v -0.07150159776210782 -0.0042483047582209076 0.15539249777793884
v -0.07150159776210782 -0.0042483047582209076 0.15539249777793884
v -0.07205373793840406 0.0 0.15647758543491364
v -0.07141885906457898 0.0 0.15558508038520813
v -0.07150159776210782 -0.0042483047582209076 0.15539249777793884
v -0.07141885906457898 0.0 0.15558508038520813
v -0.06656011193990705 -0.003914811182767149 0.14852620661258698
v -0.06656011193990705 -0.003914811182767149 0.14852620661258698
v -0.07141885906457898 0.0 0.15558508038520813
v -0.06708343327045438 0.0 0.1494903415441513
v -0.06656011193990705 -0.003914811182767149 0.14852620661258698
v -0.06708343327045438 0.0 0.1494903415441513
v -0.06645714491605756 0.0 0.14877432584762573
v -0.07631685584783551 0.0 0.1639638990163803
v -0.07573548704385755 -0.004605659283697602 0.1626882553100586
v -0.07920625060796734 0.0 0.17047792673110962
v -0.07920625060796734 0.0 0.17047792673110962
v -0.07573548704385755 -0.004605659283697602 0.1626882553100586
v -0.07922875136137005 -0.004981559235602614 0.17034108936786652
v -0.07920625060796734 0.0 0.17047792673110962
v -0.07922875136137005 -0.004981559235602614 0.17034108936786652
v -0.07979485392570491 0.0 0.17180491983890533
v -0.07979485392570491 0.0 0.17180491983890533
v -0.07922875136137005 -0.004981559235602614 0.17034108936786652
v -0.08195350319147106 -0.005370513070374723 0.17827795445919037
v -0.07979485392570491 0.0 0.17180491983890533
v -0.08195350319147106 -0.005370513070374723 0.17827795445919037
v -0.08196555078029628 0.0 0.17841553688049316
v -0.08196555078029628 0.0 0.17841553688049316
v -0.08195350319147106 -0.005370513070374723 0.17827795445919037
v -0.08245454728603359 0.0 0.17990471422672272
v -0.08245454728603359 0.0 0.17990471422672272
v -0.08195350319147106 -0.005370513070374723 0.17827795445919037
v -0.08389108628034588 -0.005766832269728179 0.18642541766166687
v -0.08245454728603359 0.0 0.17990471422672272
v -0.08389108628034588 -0.005766832269728179 0.18642541766166687
v -0.08392672985792156 0.0 0.1865835040807724
v -0.08392672985792156 0.0 0.1865835040807724
v -0.08389108628034588 -0.005766832269728179 0.18642541766166687
v -0.08430431783199306 0.0 0.18829649686813354
v -0.08430431783199306 0.0 0.18829649686813354
v -0.08389108628034588 -0.005766832269728179 0.18642541766166687
v -0.08502716571092601 -0.00616482831537723 0.19471006095409393
v -0.08430431783199306 0.0 0.18829649686813354
v -0.08502716571092601 -0.00616482831537723 0.19471006095409393
v -0.08507505059242244 0.0 0.19490285217761993
v -0.08502716571092601 -0.00616482831537723 0.19471006095409393
v -0.08531111478805538 -0.006513650529086585 0.2021603137254715
v -0.08547437191009517 -0.0017595146782696234 0.20246167480945587
v -0.08507505059242244 0.0 0.19490285217761993
v -0.08502716571092601 -0.00616482831537723 0.19471006095409393
v -0.08530626446008678 0.0 0.19688473641872406
v -0.08530626446008678 0.0 0.19688473641872406
v -0.08502716571092601 -0.00616482831537723 0.19471006095409393
v -0.08547437191009517 -0.0017595146782696234 0.20246167480945587
v -0.08530626446008678 0.0 0.19688473641872406
v -0.08547437191009517 -0.0017595146782696234 0.20246167480945587
v -0.08549121767282482 -3.3274831778840028e-09 0.20248785614967346
v -0.08456621319055553 -0.01373892743140458 0.19384828209877014
v -0.08504685014486309 -0.012021785601973525 0.20164407789707184
v -0.08517884463071819 -0.01036559045314788 0.2019161432981491
v -0.08442631363868709 -0.018997335806488977 0.2003355324268341
v -0.08460148423910137 -0.017610007897019372 0.20072607696056366
v -0.08456621319055553 -0.01373892743140458 0.19384828209877014
v -0.08456621319055553 -0.01373892743140458 0.19384828209877014
v -0.08460148423910137 -0.017610007897019372 0.20072607696056366
v -0.08485027402639385 -0.014488258399069299 0.20123890042304993
v -0.08456621319055553 -0.01373892743140458 0.19384828209877014
v -0.08485027402639385 -0.014488258399069299 0.20123890042304993
v -0.08504685014486309 -0.012021785601973525 0.20164407789707184
v -0.08284439891576763 -0.029739819467067694 0.19667433202266693
v -0.08352511376142498 -0.025765979662537554 0.19829857349395752
v -0.08373511582612987 -0.021091509610414488 0.19211198389530182
v -0.08373511582612987 -0.021091509610414488 0.19211198389530182
v -0.08352511376142498 -0.025765979662537554 0.19829857349395752
v -0.08370225131511684 -0.024731893092393854 0.198721244931221
v -0.08373511582612987 -0.021091509610414488 0.19211198389530182
v -0.08370225131511684 -0.024731893092393854 0.198721244931221
v -0.0840128436684608 -0.022272005677223188 0.1994137018918991
v -0.08284439891576763 -0.029739819467067694 0.19667433202266693
v -0.08255025744438167 -0.028065890073776224 0.18941955268383026
v -0.08275687694549556 -0.030250765383243537 0.19646549224853516
v -0.08275687694549556 -0.030250765383243537 0.19646549224853516
v -0.08255025744438167 -0.028065890073776224 0.18941955268383026
v -0.08234329521656032 -0.03216906636953351 0.19541190564632416
v -0.08038176596164699 -0.04031173139810559 0.19020840525627136
v -0.08095356076955791 -0.03812628611922261 0.1917659044265747
v -0.08106109499931331 -0.034494396299123736 0.18573839962482452
v -0.08106109499931331 -0.034494396299123736 0.18573839962482452
v -0.08095356076955791 -0.03812628611922261 0.1917659044265747
v -0.08134289830923076 -0.036638185381889316 0.19282642006874084
v -0.08106109499931331 -0.034494396299123736 0.18573839962482452
v -0.08134289830923076 -0.036638185381889316 0.19282642006874084
v -0.08155246824026104 -0.035837195813655826 0.19339725375175476
v -0.079399861395359 -0.043489124625921215 0.187343567609787
v -0.07961204648017879 -0.0428025163710117 0.1879626363515854
v -0.07934491336345668 -0.040199138224124874 0.18108847737312317
v -0.07934491336345668 -0.040199138224124874 0.18108847737312317
v -0.07961204648017879 -0.0428025163710117 0.1879626363515854
v -0.08038176596164699 -0.04031173139810559 0.19020840525627136
v -0.07749988883733747 -0.0450181849300861 0.17554908990859985
v -0.07775936275720594 -0.04813287779688832 0.18223632872104645
v -0.0790866836905479 -0.0445025451481342 0.18642982840538025
v -0.0758847892284393 -0.05237795040011402 0.17567504942417145
v -0.07608735561370847 -0.05199152603745456 0.17645128071308136
v -0.07749988883733747 -0.0450181849300861 0.17554908990859985
v -0.07749988883733747 -0.0450181849300861 0.17554908990859985
v -0.07608735561370847 -0.05199152603745456 0.17645128071308136
v -0.07619605958461759 -0.051784150302410084 0.17686784267425537
v -0.07619605958461759 -0.051784150302410084 0.17686784267425537
v -0.07762812077999112 -0.04849183186888691 0.18182168900966644
v -0.07749988883733747 -0.0450181849300861 0.17554908990859985
v -0.07749988883733747 -0.0450181849300861 0.17554908990859985
v -0.07762812077999112 -0.04849183186888691 0.18182168900966644
v -0.0777526721358299 -0.04815118014812466 0.18221518397331238
v -0.07749988883733747 -0.0450181849300861 0.17554908990859985
v -0.0777526721358299 -0.04815118014812466 0.18221518397331238
v -0.07775936275720594 -0.04813287779688832 0.18223632872104645
v -0.07475949823856351 -0.05452465638518329 0.17136287689208984
v -0.0758847892284393 -0.05237795040011402 0.17567504942417145
v -0.07563450187444684 -0.04883137717843052 0.1692534238100052
v -0.07300243526697156 -0.05705161020159717 0.1635286957025528
v -0.07338312268257138 -0.05662387982010837 0.16542084515094757
v -0.07301158457994458 -0.04695795103907582 0.1556357443332672
v -0.07301158457994458 -0.04695795103907582 0.1556357443332672
v -0.07338312268257138 -0.05662387982010837 0.16542084515094757
v -0.07409681379795072 -0.05553537234663959 0.16850195825099945
v -0.07301158457994458 -0.04695795103907582 0.1556357443332672
v -0.07409681379795072 -0.05553537234663959 0.16850195825099945
v -0.07563450187444684 -0.04883137717843052 0.1692534238100052
v -0.07563450187444684 -0.04883137717843052 0.1692534238100052
v -0.07409681379795072 -0.05553537234663959 0.16850195825099945
v -0.07448322325944898 -0.05494602397084232 0.1701701581478119
v -0.07563450187444684 -0.04883137717843052 0.1692534238100052
v -0.07448322325944898 -0.05494602397084232 0.1701701581478119
v -0.07475949823856351 -0.05452465638518329 0.17136287689208984
v -0.0699849873781204 -0.058868765830993604 0.1451718658208847
v -0.07059276849031446 -0.05883588269352908 0.1496252864599228
v -0.07011156529188153 -0.04846490547060963 0.14156176149845123
v -0.07059276849031446 -0.05883588269352908 0.1496252864599228
v -0.07095877826213834 -0.05881607905030246 0.15230721235275269
v -0.07011156529188153 -0.04846490547060963 0.14156176149845123
v -0.07011156529188153 -0.04846490547060963 0.14156176149845123
v -0.07095877826213834 -0.05881607905030246 0.15230721235275269
v -0.07108764350414273 -0.05873113125562663 0.1530674397945404
v -0.07011156529188153 -0.04846490547060963 0.14156176149845123
v -0.07108764350414273 -0.05873113125562663 0.1530674397945404
v -0.07144343107938764 -0.048189293593168224 0.1487085223197937
v -0.07144343107938764 -0.048189293593168224 0.1487085223197937
v -0.07108764350414273 -0.05873113125562663 0.1530674397945404
v -0.07169409096240995 -0.05833134800195689 0.15664511919021606
v -0.07144343107938764 -0.048189293593168224 0.1487085223197937
v -0.07169409096240995 -0.05833134800195689 0.15664511919021606
v -0.07210385054349897 -0.05806122720241542 0.159062460064888
v -0.068291962146759 -0.046551100909709896 0.12709125876426697
v -0.06918288022279737 -0.058103550225496244 0.13712164759635925
v -0.06905533373355863 -0.047882180660963024 0.1343245804309845
v -0.06905533373355863 -0.047882180660963024 0.1343245804309845
v -0.06918288022279737 -0.058103550225496244 0.13712164759635925
v -0.06921940296888349 -0.05820063129067416 0.1376686692237854
v -0.06905533373355863 -0.047882180660963024 0.1343245804309845
v -0.06921940296888349 -0.05820063129067416 0.1376686692237854
v -0.06971816718578336 -0.058635909110307645 0.14255686104297638
v -0.0684612691402435 -0.05462859570980068 0.12156787514686584
v -0.06866621226072309 -0.05644741281867023 0.12852126359939575
v -0.06782194972038266 -0.04457983002066609 0.11992499232292175
v -0.06782194972038266 -0.04457983002066609 0.11992499232292175
v -0.06866621226072309 -0.05644741281867023 0.12852126359939575
v -0.06868686527013776 -0.05663068965077396 0.12922191619873047
v -0.06782194972038266 -0.04457983002066609 0.11992499232292175
v -0.06868686527013776 -0.05663068965077396 0.12922191619873047
v -0.068291962146759 -0.046551100909709896 0.12709125876426697
v -0.068291962146759 -0.046551100909709896 0.12709125876426697
v -0.06868686527013776 -0.05663068965077396 0.12922191619873047
v -0.0687117055058479 -0.05685112625360485 0.13006465137004852
v -0.068291962146759 -0.046551100909709896 0.12709125876426697
v -0.0687117055058479 -0.05685112625360485 0.13006465137004852
v -0.06918288022279737 -0.058103550225496244 0.13712164759635925
v -0.06857997179031369 -0.03211542218923566 0.09245549887418747
v -0.06941114366054532 -0.045639451593160595 0.0990414097905159
v -0.06771267205476758 -0.03910289704799649 0.10592996329069138
v -0.06771267205476758 -0.03910289704799649 0.10592996329069138
v -0.06941114366054532 -0.045639451593160595 0.0990414097905159
v -0.06915879994630811 -0.04693052172660824 0.10168682038784027
v -0.06771267205476758 -0.03910289704799649 0.10592996329069138
v -0.06915879994630811 -0.04693052172660824 0.10168682038784027
v -0.06913844496011731 -0.04703467339277264 0.10190022736787796
v -0.06913844496011731 -0.04703467339277264 0.10190022736787796
v -0.06856411695480344 -0.05144943669438358 0.11232472211122513
v -0.06771267205476758 -0.03910289704799649 0.10592996329069138
v -0.06771267205476758 -0.03910289704799649 0.10592996329069138
v -0.06856411695480344 -0.05144943669438358 0.11232472211122513
v -0.06854747980833051 -0.051963500678539234 0.11381933093070984
v -0.06771267205476758 -0.03910289704799649 0.10592996329069138
v -0.06854747980833051 -0.051963500678539234 0.11381933093070984
v -0.06782194972038266 -0.04457983002066609 0.11992499232292175
v -0.06782194972038266 -0.04457983002066609 0.11992499232292175
v -0.06854747980833051 -0.051963500678539234 0.11381933093070984
v -0.06853575259447095 -0.05232606828212734 0.11487346142530441
v -0.06782194972038266 -0.04457983002066609 0.11992499232292175
v -0.06853575259447095 -0.05232606828212734 0.11487346142530441
v -0.0684612691402435 -0.05462859570980068 0.12156787514686584
v -0.07243539392948148 -0.03358540311455724 0.07669109851121902
v -0.07151839882135388 -0.03660232573747632 0.08183024078607559
v -0.070244126021862 -0.02413349784910677 0.07944153994321823
v -0.070244126021862 -0.02413349784910677 0.07944153994321823
v -0.07151839882135388 -0.03660232573747632 0.08183024078607559
v -0.07111182808876035 -0.03823441267013547 0.08483891189098358
v -0.070244126021862 -0.02413349784910677 0.07944153994321823
v -0.07111182808876035 -0.03823441267013547 0.08483891189098358
v -0.06857997179031369 -0.03211542218923566 0.09245549887418747
v -0.06857997179031369 -0.03211542218923566 0.09245549887418747
v -0.07111182808876035 -0.03823441267013547 0.08483891189098358
v -0.0705461725592613 -0.04050512239336964 0.0890248566865921
v -0.06857997179031369 -0.03211542218923566 0.09245549887418747
v -0.0705461725592613 -0.04050512239336964 0.0890248566865921
v -0.06993568688631055 -0.042955771088600124 0.09354251623153687
v -0.07992718368768688 -0.012533568777143945 0.0401790551841259
v -0.07918615639209743 -0.014369440264999856 0.04360557720065117
v -0.07897273451089855 -0.006896607112139458 0.04233340546488762
v -0.07897273451089855 -0.006896607112139458 0.04233340546488762
v -0.07918615639209743 -0.014369440264999856 0.04360557720065117
v -0.07796537876129148 -0.01739387027919291 0.04925046116113663
v -0.07897273451089855 -0.006896607112139458 0.04233340546488762
v -0.07796537876129148 -0.01739387027919291 0.04925046116113663
v -0.07520983368158338 -0.006890135351568455 0.053984079509973526
v -0.07796537876129148 -0.01739387027919291 0.04925046116113663
v -0.07728208601474759 -0.01929446682333945 0.052463602274656296
v -0.07520983368158338 -0.006890135351568455 0.053984079509973526
v -0.07520983368158338 -0.006890135351568455 0.053984079509973526
v -0.07728208601474759 -0.01929446682333945 0.052463602274656296
v -0.0762384235858917 -0.022197416052222235 0.057371314615011215
v -0.07520983368158338 -0.006890135351568455 0.053984079509973526
v -0.0762384235858917 -0.022197416052222235 0.057371314615011215
v -0.070244126021862 -0.02413349784910677 0.07944153994321823
v -0.070244126021862 -0.02413349784910677 0.07944153994321823
v -0.0762384235858917 -0.022197416052222235 0.057371314615011215
v -0.07402797043323514 -0.028345830738544443 0.06776580214500427
v -0.070244126021862 -0.02413349784910677 0.07944153994321823
v -0.07402797043323514 -0.028345830738544443 0.06776580214500427
v -0.07243539392948148 -0.03358540311455724 0.07669109851121902
v -0.08338037878274913 -0.004506160039454695 0.02198627218604088
v -0.0824739038944244 -0.0065167220309376665 0.027500025928020477
v -0.0818422213196754 0.00015398691175505508 0.028455719351768494
v -0.0818422213196754 0.00015398691175505508 0.028455719351768494
v -0.0824739038944244 -0.0065167220309376665 0.027500025928020477
v -0.08210273087024685 -0.007377809379249805 0.029396818950772285
v -0.0818422213196754 0.00015398691175505508 0.028455719351768494
v -0.08210273087024685 -0.007377809379249805 0.029396818950772285
v -0.07897273451089855 -0.006896607112139458 0.04233340546488762
v -0.07897273451089855 -0.006896607112139458 0.04233340546488762
v -0.08210273087024685 -0.007377809379249805 0.029396818950772285
v -0.08061697334051128 -0.010824631899595252 0.036989446729421616
v -0.07897273451089855 -0.006896607112139458 0.04233340546488762
v -0.08061697334051128 -0.010824631899595252 0.036989446729421616
v -0.07992718368768688 -0.012533568777143945 0.0401790551841259
v -0.08443376421928402 -0.0022212506737560016 0.014342907816171646
v -0.0837619230151176 -0.0036598816514015167 0.019665442407131195
v -0.08310419321060177 0.003052217885851858 0.02125023677945137
v -0.08512763679027553 -0.0007623863057233388 0.007004936691373587
v -0.08469738811254497 -0.0016567370621487485 0.012254364788532257
v -0.08414446562528606 0.0053619751706719355 0.013829807750880718
v -0.08414446562528606 0.0053619751706719355 0.013829807750880718
v -0.08469738811254497 -0.0016567370621487485 0.012254364788532257
v -0.08446933329105373 -0.0021450859494507295 0.014061120338737965
v -0.07040975987911222 0.04840777814388272 0.0
v -0.07134796679019925 0.046305675059556926 0.004712991416454315
v -0.06641292572021482 0.05317989736795421 0.004455919377505779
v -0.06641292572021482 0.05317989736795421 0.004455919377505779
v -0.07134796679019925 0.046305675059556926 0.004712991416454315
v -0.06608150899410245 0.05195369571447368 0.010616841726005077
v -0.06641292572021482 0.05317989736795421 0.004455919377505779
v -0.06608150899410245 0.05195369571447368 0.010616841726005077
v -0.0605489797890186 0.05846659094095225 0.010178174823522568
v -0.0605489797890186 0.05846659094095225 0.010178174823522568
v -0.06608150899410245 0.05195369571447368 0.010616841726005077
v -0.06478201597928998 0.04790180549025532 0.022810034453868866
v -0.0605489797890186 0.05846659094095225 0.010178174823522568
v -0.06478201597928998 0.04790180549025532 0.022810034453868866
v -0.05943809449672696 0.05478944629430767 0.02204061485826969
v -0.05943809449672696 0.05478944629430767 0.02204061485826969
v -0.06478201597928998 0.04790180549025532 0.022810034453868866
v -0.0630751624703407 0.04157265648245808 0.03497913479804993
v -0.05943809449672696 0.05478944629430767 0.02204061485826969
v -0.0630751624703407 0.04157265648245808 0.03497913479804993
v -0.057961761951446505 0.04877005144953724 0.03396948054432869
v -0.06536249071359632 0.02539694868028162 0.04793843254446983
v -0.0630751624703407 0.04157265648245808 0.03497913479804993
v -0.06749787926673886 0.03396553173661229 0.03604889288544655
v -0.06749787926673886 0.03396553173661229 0.03604889288544655
v -0.0630751624703407 0.04157265648245808 0.03497913479804993
v -0.06478201597928998 0.04790180549025532 0.022810034453868866
v -0.06749787926673886 0.03396553173661229 0.03604889288544655
v -0.06478201597928998 0.04790180549025532 0.022810034453868866
v -0.06944251805543897 0.040561273694038356 0.023635679855942726
v -0.06944251805543897 0.040561273694038356 0.023635679855942726
v -0.06478201597928998 0.04790180549025532 0.022810034453868866
v -0.06608150899410245 0.05195369571447368 0.010616841726005077
v -0.06944251805543897 0.040561273694038356 0.023635679855942726
v -0.06608150899410245 0.05195369571447368 0.010616841726005077
v -0.07094302773475644 0.044953726232051815 0.011089772917330265
v -0.07094302773475644 0.044953726232051815 0.011089772917330265
v -0.06608150899410245 0.05195369571447368 0.010616841726005077
v -0.07134796679019925 0.046305675059556926 0.004712991416454315
v -0.07094302773475644 0.044953726232051815 0.011089772917330265
v -0.07134796679019925 0.046305675059556926 0.004712991416454315
v -0.07557731866836545 0.03899834305047986 0.004987132735550404
v -0.07557731866836545 0.03899834305047986 0.004987132735550404
v -0.07134796679019925 0.046305675059556926 0.004712991416454315
v -0.07491280138492581 0.04110323637723919 0.0
v -0.07557731866836545 0.03899834305047986 0.004987132735550404
v -0.07491280138492581 0.04110323637723919 0.0
v -0.07563608139753339 0.03961279243230817 0.0
v -0.07866927236318584 0.03336235135793683 0.0
v -0.079067550599575 0.03133196011185643 0.0052759284153580666
v -0.07557731866836545 0.03899834305047986 0.004987132735550404
v -0.07557731866836545 0.03899834305047986 0.004987132735550404
v -0.079067550599575 0.03133196011185643 0.0052759284153580666
v -0.07509415596723554 0.0375445522367954 0.011593518778681755
v -0.07557731866836545 0.03899834305047986 0.004987132735550404
v -0.07509415596723554 0.0375445522367954 0.011593518778681755
v -0.07094302773475644 0.044953726232051815 0.011089772917330265
v -0.07094302773475644 0.044953726232051815 0.011089772917330265
v -0.07509415596723554 0.0375445522367954 0.011593518778681755
v -0.07338983565568921 0.0328598544001579 0.02451355755329132
v -0.07094302773475644 0.044953726232051815 0.011089772917330265
v -0.07338983565568921 0.0328598544001579 0.02451355755329132
v -0.06944251805543897 0.040561273694038356 0.023635679855942726
v -0.06944251805543897 0.040561273694038356 0.023635679855942726
v -0.07338983565568921 0.0328598544001579 0.02451355755329132
v -0.0712095499038696 0.026049662381410578 0.03717939928174019
v -0.06944251805543897 0.040561273694038356 0.023635679855942726
v -0.0712095499038696 0.026049662381410578 0.03717939928174019
v -0.06749787926673886 0.03396553173661229 0.03604889288544655
v -0.06749787926673886 0.03396553173661229 0.03604889288544655
v -0.0712095499038696 0.026049662381410578 0.03717939928174019
v -0.0688567832112312 0.01747803576290606 0.04933520406484604
v -0.06749787926673886 0.03396553173661229 0.03604889288544655
v -0.0688567832112312 0.01747803576290606 0.04933520406484604
v -0.06536249071359632 0.02539694868028162 0.04793843254446983
v -0.07909165322780605 0.01672461442649363 0.026407256722450256
v -0.08116216957569118 0.0218103379011154 0.012676406651735306
v -0.08304422348737713 0.013638137839734544 0.013246553018689156
v -0.08304422348737713 0.013638137839734544 0.013246553018689156
v -0.08116216957569118 0.0218103379011154 0.012676406651735306
v -0.0837268233299255 0.015221863053739059 0.005886953789740801
v -0.08304422348737713 0.013638137839734544 0.013246553018689156
v -0.0837268233299255 0.015221863053739059 0.005886953789740801
v -0.08486220240592952 0.006929016206413502 0.006203623954206705
v -0.08486220240592952 0.006929016206413502 0.006203623954206705
v -0.0837268233299255 0.015221863053739059 0.005886953789740801
v -0.08504523336887355 0.008574783802032464 0.0
v -0.08486220240592952 0.006929016206413502 0.006203623954206705
v -0.08504523336887355 0.008574783802032464 0.0
v -0.0850964859127998 0.007547677960246795 -4.784239324151507e-11
v -0.08517041057348247 -0.0006734703783877189 0.00648304121568799
v -0.08512763679027553 -0.0007623863057233388 0.007004936691373587
v -0.08486220240592952 0.006929016206413502 0.006203623954206705
v -0.08486220240592952 0.006929016206413502 0.006203623954206705
v -0.08512763679027553 -0.0007623863057233388 0.007004936691373587
v -0.08414446562528606 0.0053619751706719355 0.013829807750880718
v -0.08486220240592952 0.006929016206413502 0.006203623954206705
v -0.08414446562528606 0.0053619751706719355 0.013829807750880718
v -0.08304422348737713 0.013638137839734544 0.013246553018689156
v -0.08304422348737713 0.013638137839734544 0.013246553018689156
v -0.08414446562528606 0.0053619751706719355 0.013829807750880718
v -0.08204700797796245 0.0113375624641776 0.020422983914613724
v -0.08304422348737713 0.013638137839734544 0.013246553018689156
v -0.08204700797796245 0.0113375624641776 0.020422983914613724
v -0.07909165322780605 0.01672461442649363 0.026407256722450256
v -0.0837619230151176 -0.0036598816514015167 0.019665442407131195
v -0.08338037878274913 -0.004506160039454695 0.02198627218604088
v -0.08310419321060177 0.003052217885851858 0.02125023677945137
v -0.08310419321060177 0.003052217885851858 0.02125023677945137
v -0.08338037878274913 -0.004506160039454695 0.02198627218604088
v -0.0818422213196754 0.00015398691175505508 0.028455719351768494
v -0.08310419321060177 0.003052217885851858 0.02125023677945137
v -0.0818422213196754 0.00015398691175505508 0.028455719351768494
v -0.08083571493625637 0.008455283008515828 0.027414118871092796
v -0.08083571493625637 0.008455283008515828 0.027414118871092796
v -0.0818422213196754 0.00015398691175505508 0.028455719351768494
v -0.07897273451089855 -0.006896607112139458 0.04233340546488762
v -0.08083571493625637 0.008455283008515828 0.027414118871092796
v -0.07897273451089855 -0.006896607112139458 0.04233340546488762
v -0.07807844877243039 0.0013677491806447495 0.04094509780406952
v -0.07807844877243039 0.0013677491806447495 0.04094509780406952
v -0.07897273451089855 -0.006896607112139458 0.04233340546488762
v -0.07520983368158338 -0.006890135351568455 0.053984079509973526
v -0.07165336608886716 0.00940122734755277 0.05080261826515198
v -0.07420714944601056 0.017919531092047677 0.038371264934539795
v -0.07649348676204679 0.009665328077971928 0.03962559998035431
v -0.07649348676204679 0.009665328077971928 0.03962559998035431
v -0.07420714944601056 0.017919531092047677 0.038371264934539795
v -0.07660926133394239 0.024885809049010256 0.025438982993364334
v -0.07649348676204679 0.009665328077971928 0.03962559998035431
v -0.07660926133394239 0.024885809049010256 0.025438982993364334
v -0.07909165322780605 0.01672461442649363 0.026407256722450256
v -0.07909165322780605 0.01672461442649363 0.026407256722450256
v -0.07660926133394239 0.024885809049010256 0.025438982993364334
v -0.07850780338048931 0.029804263263940787 0.012123869732022285
v -0.07909165322780605 0.01672461442649363 0.026407256722450256
v -0.07850780338048931 0.029804263263940787 0.012123869732022285
v -0.08116216957569118 0.0218103379011154 0.012676406651735306
v -0.08116216957569118 0.0218103379011154 0.012676406651735306
v -0.07850780338048931 0.029804263263940787 0.012123869732022285
v -0.0817903876304626 0.023381331935524923 0.005576794967055321
v -0.08116216957569118 0.0218103379011154 0.012676406651735306
v -0.0817903876304626 0.023381331935524923 0.005576794967055321
v -0.0837268233299255 0.015221863053739059 0.005886953789740801
v -0.0837268233299255 0.015221863053739059 0.005886953789740801
v -0.0817903876304626 0.023381331935524923 0.005576794967055321
v -0.0837600082159042 0.017036264762282358 0.0
v -0.0837268233299255 0.015221863053739059 0.005886953789740801
v -0.0837600082159042 0.017036264762282358 0.0
v -0.08393675833940502 0.015872575342655168 0.0
v -0.057961761951446505 0.04877005144953724 0.03396948054432869
v -0.06116402149200437 0.03306591883301732 0.04660562798380852
v -0.05627418309450147 0.040384732186794246 0.0453312061727047
v -0.05627418309450147 0.040384732186794246 0.0453312061727047
v -0.06116402149200437 0.03306591883301732 0.04660562798380852
v -0.059227876365184756 0.023511590436100942 0.05728751793503761
v -0.05627418309450147 0.040384732186794246 0.0453312061727047
v -0.059227876365184756 0.023511590436100942 0.05728751793503761
v -0.05452858656644819 0.030817046761512732 0.05563140660524368
v -0.05452858656644819 0.030817046761512732 0.05563140660524368
v -0.059227876365184756 0.023511590436100942 0.05728751793503761
v -0.05750084668397901 0.013881199061870565 0.0673922672867775
v -0.05452858656644819 0.030817046761512732 0.05563140660524368
v -0.05750084668397901 0.013881199061870565 0.0673922672867775
v -0.052951086312532404 0.021101560443639738 0.0652453601360321
v -0.052951086312532404 0.021101560443639738 0.0652453601360321
v -0.05750084668397901 0.013881199061870565 0.0673922672867775
v -0.056174907833337756 0.004646664019674059 0.07734602689743042
v -0.052951086312532404 0.021101560443639738 0.0652453601360321
v -0.056174907833337756 0.004646664019674059 0.07734602689743042
v -0.051726214587688425 0.011720594950020305 0.07462453097105026
v -0.06116402149200437 0.03306591883301732 0.04660562798380852
v -0.06324116140604016 0.01591805368661879 0.059009384363889694
v -0.059227876365184756 0.023511590436100942 0.05728751793503761
v -0.059227876365184756 0.023511590436100942 0.05728751793503761
v -0.06324116140604016 0.01591805368661879 0.059009384363889694
v -0.061372898519039126 0.006426766980439419 0.06961984932422638
v -0.059227876365184756 0.023511590436100942 0.05728751793503761
v -0.061372898519039126 0.006426766980439419 0.06961984932422638
v -0.05750084668397901 0.013881199061870565 0.0673922672867775
v -0.05750084668397901 0.013881199061870565 0.0673922672867775
v -0.061372898519039126 0.006426766980439419 0.06961984932422638
v -0.0599546283483505 -0.002616167301312087 0.080167256295681
v -0.05750084668397901 0.013881199061870565 0.0673922672867775
v -0.0599546283483505 -0.002616167301312087 0.080167256295681
v -0.056174907833337756 0.004646664019674059 0.07734602689743042
v -0.057961761951446505 0.04877005144953724 0.03396948054432869
v -0.0630751624703407 0.04157265648245808 0.03497913479804993
v -0.06116402149200437 0.03306591883301732 0.04660562798380852
v -0.06116402149200437 0.03306591883301732 0.04660562798380852
v -0.0630751624703407 0.04157265648245808 0.03497913479804993
v -0.06536249071359632 0.02539694868028162 0.04793843254446983
v -0.06116402149200437 0.03306591883301732 0.04660562798380852
v -0.06536249071359632 0.02539694868028162 0.04793843254446983
v -0.06324116140604016 0.01591805368661879 0.059009384363889694
v -0.06324116140604016 0.01591805368661879 0.059009384363889694
v -0.06536249071359632 0.02539694868028162 0.04793843254446983
v -0.0688567832112312 0.01747803576290606 0.04933520406484604
v -0.06324116140604016 0.01591805368661879 0.059009384363889694
v -0.0688567832112312 0.01747803576290606 0.04933520406484604
v -0.061372898519039126 0.006426766980439419 0.06961984932422638
v -0.061372898519039126 0.006426766980439419 0.06961984932422638
v -0.0688567832112312 0.01747803576290606 0.04933520406484604
v -0.06456279754638669 -0.0011756380554288617 0.07193034887313843
v -0.061372898519039126 0.006426766980439419 0.06961984932422638
v -0.06456279754638669 -0.0011756380554288617 0.07193034887313843
v -0.0599546283483505 -0.002616167301312087 0.080167256295681
v -0.08446933329105373 -0.0021450859494507295 0.014061120338737965
v -0.08443376421928402 -0.0022212506737560016 0.014342907816171646
v -0.08414446562528606 0.0053619751706719355 0.013829807750880718
v -0.08414446562528606 0.0053619751706719355 0.013829807750880718
v -0.08443376421928402 -0.0022212506737560016 0.014342907816171646
v -0.08310419321060177 0.003052217885851858 0.02125023677945137
v -0.08414446562528606 0.0053619751706719355 0.013829807750880718
v -0.08310419321060177 0.003052217885851858 0.02125023677945137
v -0.08204700797796245 0.0113375624641776 0.020422983914613724
v -0.08204700797796245 0.0113375624641776 0.020422983914613724
v -0.08310419321060177 0.003052217885851858 0.02125023677945137
v -0.08083571493625637 0.008455283008515828 0.027414118871092796
v -0.08204700797796245 0.0113375624641776 0.020422983914613724
v -0.08083571493625637 0.008455283008515828 0.027414118871092796
v -0.07909165322780605 0.01672461442649363 0.026407256722450256
v -0.07909165322780605 0.01672461442649363 0.026407256722450256
v -0.08083571493625637 0.008455283008515828 0.027414118871092796
v -0.07807844877243039 0.0013677491806447495 0.04094509780406952
v -0.07909165322780605 0.01672461442649363 0.026407256722450256
v -0.07807844877243039 0.0013677491806447495 0.04094509780406952
v -0.07649348676204679 0.009665328077971928 0.03962559998035431
v -0.07649348676204679 0.009665328077971928 0.03962559998035431
v -0.07807844877243039 0.0013677491806447495 0.04094509780406952
v -0.07520983368158338 -0.006890135351568455 0.053984079509973526
v -0.07649348676204679 0.009665328077971928 0.03962559998035431
v -0.07520983368158338 -0.006890135351568455 0.053984079509973526
v -0.07165336608886716 0.00940122734755277 0.05080261826515198
v -0.07165336608886716 0.00940122734755277 0.05080261826515198
v -0.07520983368158338 -0.006890135351568455 0.053984079509973526
v -0.070244126021862 -0.02413349784910677 0.07944153994321823
v -0.06005770340561864 -0.02355577796697615 0.11310668289661407
v -0.05618849024176595 -0.017436947673559175 0.1081351637840271
v -0.0591473542153835 -0.018016174435615526 0.10188080370426178
v -0.0591473542153835 -0.018016174435615526 0.10188080370426178
v -0.05618849024176595 -0.017436947673559175 0.1081351637840271
v -0.05094756558537481 -0.004864871501922604 0.09361003339290619
v -0.0591473542153835 -0.018016174435615526 0.10188080370426178
v -0.05094756558537481 -0.004864871501922604 0.09361003339290619
v -0.05915827676653859 -0.010882395319640628 0.09088794142007828
v -0.05788916721940038 -0.02146098203957079 0.1185864731669426
v -0.06087714806199071 -0.0255368649959564 0.11874224990606308
v -0.06192652136087415 -0.026868507266044596 0.12431898713111877
v -0.06192652136087415 -0.026868507266044596 0.12431898713111877
v -0.06087714806199071 -0.0255368649959564 0.11874224990606308
v -0.0667706876993179 -0.03713068738579747 0.12991100549697876
v -0.05915827676653859 -0.010882395319640628 0.09088794142007828
v -0.06467086821794507 -0.025064095854759195 0.09818881005048752
v -0.0591473542153835 -0.018016174435615526 0.10188080370426178
v -0.0591473542153835 -0.018016174435615526 0.10188080370426178
v -0.06467086821794507 -0.025064095854759195 0.09818881005048752
v -0.06472168117761609 -0.03139406815171239 0.11067422479391098
v -0.0591473542153835 -0.018016174435615526 0.10188080370426178
v -0.06472168117761609 -0.03139406815171239 0.11067422479391098
v -0.06005770340561864 -0.02355577796697615 0.11310668289661407
v -0.06005770340561864 -0.02355577796697615 0.11310668289661407
v -0.06472168117761609 -0.03139406815171239 0.11067422479391098
v -0.06513168662786481 -0.03389326483011243 0.11704915761947632
v -0.06005770340561864 -0.02355577796697615 0.11310668289661407
v -0.06513168662786481 -0.03389326483011243 0.11704915761947632
v -0.06581458449363706 -0.035837944597005816 0.12347805500030518
v -0.06941957771778104 -0.03734991326928136 0.142446368932724
v -0.06813389807939527 -0.03168574720621106 0.14152713119983673
v -0.0631734952330589 -0.027457209303975084 0.1297471523284912
v -0.0631734952330589 -0.027457209303975084 0.1297471523284912
v -0.06813389807939527 -0.03168574720621106 0.14152713119983673
v -0.0645639821887016 -0.027227407321333864 0.1349119246006012
v -0.0631734952330589 -0.027457209303975084 0.1297471523284912
v -0.0645639821887016 -0.027227407321333864 0.1349119246006012
v -0.05902979522943494 -0.022491598501801473 0.12365637719631195
v -0.05902979522943494 -0.022491598501801473 0.12365637719631195
v -0.0645639821887016 -0.027227407321333864 0.1349119246006012
v -0.060303814709186526 -0.022763079032301885 0.12849466502666473
v -0.05902979522943494 -0.022491598501801473 0.12365637719631195
v -0.060303814709186526 -0.022763079032301885 0.12849466502666473
v -0.05421835556626318 -0.017563786357641206 0.11779361218214035
v -0.05421835556626318 -0.017563786357641206 0.11779361218214035
v -0.060303814709186526 -0.022763079032301885 0.12849466502666473
v -0.05537084862589833 -0.01832664012908934 0.12232441455125809
v -0.05421835556626318 -0.017563786357641206 0.11779361218214035
v -0.05537084862589833 -0.01832664012908934 0.12232441455125809
v -0.049794528633356074 -0.013952059671282758 0.11645258963108063
v -0.0631734952330589 -0.027457209303975084 0.1297471523284912
v -0.06798452138900754 -0.037667334079742404 0.13627049326896667
v -0.06941957771778104 -0.03734991326928136 0.142446368932724
v -0.06941957771778104 -0.03734991326928136 0.142446368932724
v -0.06798452138900754 -0.037667334079742404 0.13627049326896667
v -0.07144343107938764 -0.048189293593168224 0.1487085223197937
v -0.06941957771778104 -0.03734991326928136 0.142446368932724
v -0.07144343107938764 -0.048189293593168224 0.1487085223197937
v -0.07301158457994458 -0.04695795103907582 0.1556357443332672
v -0.07301158457994458 -0.04695795103907582 0.1556357443332672
v -0.07144343107938764 -0.048189293593168224 0.1487085223197937
v -0.07247649878263471 -0.057642530649900395 0.16091464459896088
v -0.07301158457994458 -0.04695795103907582 0.1556357443332672
v -0.07247649878263471 -0.057642530649900395 0.16091464459896088
v -0.07300243526697156 -0.05705161020159717 0.1635286957025528
v -0.06905533373355863 -0.047882180660963024 0.1343245804309845
v -0.06581458449363706 -0.035837944597005816 0.12347805500030518
v -0.068291962146759 -0.046551100909709896 0.12709125876426697
v -0.068291962146759 -0.046551100909709896 0.12709125876426697
v -0.06581458449363706 -0.035837944597005816 0.12347805500030518
v -0.06513168662786481 -0.03389326483011243 0.11704915761947632
v -0.068291962146759 -0.046551100909709896 0.12709125876426697
v -0.06513168662786481 -0.03389326483011243 0.11704915761947632
v -0.06782194972038266 -0.04457983002066609 0.11992499232292175
v -0.06782194972038266 -0.04457983002066609 0.11992499232292175
v -0.06513168662786481 -0.03389326483011243 0.11704915761947632
v -0.06472168117761609 -0.03139406815171239 0.11067422479391098
v -0.06782194972038266 -0.04457983002066609 0.11992499232292175
v -0.06472168117761609 -0.03139406815171239 0.11067422479391098
v -0.06771267205476758 -0.03910289704799649 0.10592996329069138
v -0.06771267205476758 -0.03910289704799649 0.10592996329069138
v -0.06472168117761609 -0.03139406815171239 0.11067422479391098
v -0.06467086821794507 -0.025064095854759195 0.09818881005048752
v -0.06771267205476758 -0.03910289704799649 0.10592996329069138
v -0.06467086821794507 -0.025064095854759195 0.09818881005048752
v -0.06857997179031369 -0.03211542218923566 0.09245549887418747
v -0.06857997179031369 -0.03211542218923566 0.09245549887418747
v -0.06467086821794507 -0.025064095854759195 0.09818881005048752
v -0.0655177682638168 -0.017405506223440156 0.08609957993030548
v -0.06857997179031369 -0.03211542218923566 0.09245549887418747
v -0.0655177682638168 -0.017405506223440156 0.08609957993030548
v -0.070244126021862 -0.02413349784910677 0.07944153994321823
v -0.070244126021862 -0.02413349784910677 0.07944153994321823
v -0.0655177682638168 -0.017405506223440156 0.08609957993030548
v -0.06708793342113492 -0.008848816156387322 0.07433009892702103
v -0.070244126021862 -0.02413349784910677 0.07944153994321823
v -0.06708793342113492 -0.008848816156387322 0.07433009892702103
v -0.07165336608886716 0.00940122734755277 0.05080261826515198
v -0.07563450187444684 -0.04883137717843052 0.1692534238100052
v -0.074751541018486 -0.04470565542578694 0.16218434274196625
v -0.07301158457994458 -0.04695795103907582 0.1556357443332672
v -0.07301158457994458 -0.04695795103907582 0.1556357443332672
v -0.074751541018486 -0.04470565542578694 0.16218434274196625
v -0.07321655750274655 -0.04045477136969563 0.1551932543516159
v -0.07301158457994458 -0.04695795103907582 0.1556357443332672
v -0.07321655750274655 -0.04045477136969563 0.1551932543516159
v -0.06941957771778104 -0.03734991326928136 0.142446368932724
v -0.06941957771778104 -0.03734991326928136 0.142446368932724
v -0.07321655750274655 -0.04045477136969563 0.1551932543516159
v -0.07101545482873914 -0.0361053682863712 0.148299440741539
v -0.06941957771778104 -0.03734991326928136 0.142446368932724
v -0.07101545482873914 -0.0361053682863712 0.148299440741539
v -0.06813389807939527 -0.03168574720621106 0.14152713119983673
v -0.01375249866396188 0.037060245871543857 0.06701347976922989
v -0.013692467473447316 0.028470611199736574 0.0734148919582367
v 3.8779756010955716e-15 0.028205495327711085 0.07436181604862213
v 3.8779756010955716e-15 0.028205495327711085 0.07436181604862213
v -0.013692467473447316 0.028470611199736574 0.0734148919582367
v -0.013874793425202363 0.02025822736322878 0.07987231016159058
v 3.8779756010955716e-15 0.028205495327711085 0.07436181604862213
v -0.013874793425202363 0.02025822736322878 0.07987231016159058
v 3.8774894041838476e-15 0.020149106159806234 0.08045507967472076
v 3.877378866384231e-15 0.01831228472292422 0.08184432238340378
v -0.014315020292997353 0.012637869454920281 0.08644069731235504
v 3.877003207272124e-15 0.012565838173031797 0.08710810542106628
v -0.02785195782780646 0.010884216986596576 0.08655383437871933
v -0.035500977188348756 -0.0007699776906520122 0.09817101061344147
v -0.028671480715274797 0.003960568923503157 0.09388444572687149
v -0.028671480715274797 0.003960568923503157 0.09388444572687149
v -0.035500977188348756 -0.0007699776906520122 0.09817101061344147
v -0.03695985674858092 -0.005518944934010501 0.1058053970336914
v -0.051661573350429514 -0.011400360614061347 0.10334144532680511
v -0.053188540041446665 -0.01610435731709002 0.11306443065404892
v -0.04649839550256727 -0.005498749669641252 0.09875677525997162
v -0.04649839550256727 -0.005498749669641252 0.09875677525997162
v -0.053188540041446665 -0.01610435731709002 0.11306443065404892
v -0.04784965515136717 -0.010842091403901568 0.10779403895139694
v -0.04649839550256727 -0.005498749669641252 0.09875677525997162
v -0.04784965515136717 -0.010842091403901568 0.10779403895139694
v -0.04075431451201437 0.00021564163034781797 0.09441279619932175
v -0.02785195782780646 0.010884216986596576 0.08655383437871933
v -0.0345025137066841 0.005691879428923126 0.09033890068531036
v -0.035500977188348756 -0.0007699776906520122 0.09817101061344147
v -0.035500977188348756 -0.0007699776906520122 0.09817101061344147
v -0.0345025137066841 0.005691879428923126 0.09033890068531036
v -0.04192931205034254 -0.00571679230779409 0.1028166338801384
v -0.035500977188348756 -0.0007699776906520122 0.09817101061344147
v -0.04192931205034254 -0.00571679230779409 0.1028166338801384
v -0.03695985674858092 -0.005518944934010501 0.1058053970336914
v -0.04075431451201437 0.00021564163034781797 0.09441279619932175
v -0.040229082107543924 0.0075756884180009304 0.0860198587179184
v -0.04649839550256727 -0.005498749669641252 0.09875677525997162
v -0.04649839550256727 -0.005498749669641252 0.09875677525997162
v -0.040229082107543924 0.0075756884180009304 0.0860198587179184
v -0.05094756558537481 -0.004864871501922604 0.09361003339290619
v -0.04649839550256727 -0.005498749669641252 0.09875677525997162
v -0.05094756558537481 -0.004864871501922604 0.09361003339290619
v -0.051661573350429514 -0.011400360614061347 0.10334144532680511
v -0.051661573350429514 -0.011400360614061347 0.10334144532680511
v -0.05094756558537481 -0.004864871501922604 0.09361003339290619
v -0.05618849024176595 -0.017436947673559175 0.1081351637840271
v -0.051661573350429514 -0.011400360614061347 0.10334144532680511
v -0.05618849024176595 -0.017436947673559175 0.1081351637840271
v -0.05788916721940038 -0.02146098203957079 0.1185864731669426
v -0.05788916721940038 -0.02146098203957079 0.1185864731669426
v -0.05618849024176595 -0.017436947673559175 0.1081351637840271
v -0.06005770340561864 -0.02355577796697615 0.11310668289661407
v -0.05788916721940038 -0.02146098203957079 0.1185864731669426
v -0.06005770340561864 -0.02355577796697615 0.11310668289661407
v -0.06087714806199071 -0.0255368649959564 0.11874224990606308
v -0.06087714806199071 -0.0255368649959564 0.11874224990606308
v -0.06005770340561864 -0.02355577796697615 0.11310668289661407
v -0.06581458449363706 -0.035837944597005816 0.12347805500030518
v -0.06087714806199071 -0.0255368649959564 0.11874224990606308
v -0.06581458449363706 -0.035837944597005816 0.12347805500030518
v -0.0667706876993179 -0.03713068738579747 0.12991100549697876
v -0.0667706876993179 -0.03713068738579747 0.12991100549697876
v -0.06581458449363706 -0.035837944597005816 0.12347805500030518
v -0.06905533373355863 -0.047882180660963024 0.1343245804309845
v 3.8774894041838476e-15 0.020149106159806234 0.08045507967472076
v -0.013874793425202363 0.02025822736322878 0.07987231016159058
v -0.014315020292997353 0.012637869454920281 0.08644069731235504
v -0.014315020292997353 0.012637869454920281 0.08644069731235504
v -0.013874793425202363 0.02025822736322878 0.07987231016159058
v -0.02156195230782031 0.008439549244940274 0.08997569978237152
v -0.014315020292997353 0.012637869454920281 0.08644069731235504
v -0.02156195230782031 0.008439549244940274 0.08997569978237152
v -0.02250378392636775 0.002290777396410702 0.09688431769609451
v -0.02250378392636775 0.002290777396410702 0.09688431769609451
v -0.02156195230782031 0.008439549244940274 0.08997569978237152
v -0.029878046363592134 -0.001521924277767538 0.10111434012651443
v -0.02250378392636775 0.002290777396410702 0.09688431769609451
v -0.029878046363592134 -0.001521924277767538 0.10111434012651443
v -0.031231166794896112 -0.005171842873096462 0.1080114021897316
v 3.875844889716753e-15 -0.002846455434337256 0.10536055266857147
v 3.876030813448676e-15 -0.0008801879594102495 0.10203304886817932
v -0.008176090195775029 -0.0022299666889011843 0.10412106662988663
v -0.008176090195775029 -0.0022299666889011843 0.10412106662988663
v 3.876030813448676e-15 -0.0008801879594102495 0.10203304886817932
v 3.8761549037754484e-15 0.0004267008916940537 0.09982141107320786
v -0.008176090195775029 -0.0022299666889011843 0.10412106662988663
v 3.8761549037754484e-15 0.0004267008916940537 0.09982141107320786
v -0.007823084481060501 0.002861497690901158 0.09668631106615067
v -0.007823084481060501 0.002861497690901158 0.09668631106615067
v 3.8761549037754484e-15 0.0004267008916940537 0.09982141107320786
v 3.876517433876873e-15 0.005241710692644115 0.09403994679450989
v -0.007823084481060501 0.002861497690901158 0.09668631106615067
v 3.876517433876873e-15 0.005241710692644115 0.09403994679450989
v 3.8765763026667075e-15 0.006024577654898162 0.09309994429349899
v 3.8765763026667075e-15 0.006024577654898162 0.09309994429349899
v 3.877003207272124e-15 0.012565838173031797 0.08710810542106628
v -0.007424762472510334 0.009266478940844529 0.08980992436408997
v -0.007424762472510334 0.009266478940844529 0.08980992436408997
v 3.877003207272124e-15 0.012565838173031797 0.08710810542106628
v -0.014315020292997353 0.012637869454920281 0.08644069731235504
v -0.007424762472510334 0.009266478940844529 0.08980992436408997
v -0.014315020292997353 0.012637869454920281 0.08644069731235504
v -0.014972540549933903 0.005894360598176713 0.0931193009018898
v -0.014972540549933903 0.005894360598176713 0.0931193009018898
v -0.014315020292997353 0.012637869454920281 0.08644069731235504
v -0.02250378392636775 0.002290777396410702 0.09688431769609451
v -0.014972540549933903 0.005894360598176713 0.0931193009018898
v -0.02250378392636775 0.002290777396410702 0.09688431769609451
v -0.023568416014313687 -0.002336376113817094 0.10367878526449203
v -0.023568416014313687 -0.002336376113817094 0.10367878526449203
v -0.02250378392636775 0.002290777396410702 0.09688431769609451
v -0.031231166794896112 -0.005171842873096462 0.1080114021897316
v 3.875844889716753e-15 -0.002846455434337256 0.10536055266857147
v -0.008176090195775029 -0.0022299666889011843 0.10412106662988663
v 3.875788138509287e-15 -0.0031814414542168353 0.10648471862077713
v 3.875788138509287e-15 -0.0031814414542168353 0.10648471862077713
v -0.008176090195775029 -0.0022299666889011843 0.10412106662988663
v -0.008305840194225308 -0.003930534236133095 0.10818347334861755
v 3.875788138509287e-15 -0.0031814414542168353 0.10648471862077713
v -0.008305840194225308 -0.003930534236133095 0.10818347334861755
v 3.875591626865524e-15 -0.004341982305049893 0.11037934571504593
v 3.875591626865524e-15 -0.004341982305049893 0.11037934571504593
v -0.008305840194225308 -0.003930534236133095 0.10818347334861755
v -0.008393457159399983 -0.00448040850460529 0.1125132143497467
v 3.875591626865524e-15 -0.004341982305049893 0.11037934571504593
v -0.008393457159399983 -0.00448040850460529 0.1125132143497467
v 3.875545040053425e-15 -0.004254464525729414 0.11133650690317154
v 3.875545040053425e-15 -0.004254464525729414 0.11133650690317154
v -0.008393457159399983 -0.00448040850460529 0.1125132143497467
v 3.875418408627811e-15 -0.004016935825347897 0.11393430829048157
v 3.875418408627811e-15 -0.004016935825347897 0.11393430829048157
v -0.008393457159399983 -0.00448040850460529 0.1125132143497467
v -0.00841969437897205 -0.003964392933994528 0.11465305089950562
v 3.875418408627811e-15 -0.004016935825347897 0.11393430829048157
v -0.00841969437897205 -0.003964392933994528 0.11465305089950562
v 3.875362504453292e-15 -0.003403023118153212 0.11490858346223831
v -0.02504434436559676 -0.0026621725410222986 0.11997851729393005
v -0.016812158748507493 -0.001639218418858944 0.11835528910160065
v -0.016812399029731744 -0.0026167526375502326 0.11780820041894913
v -0.016812399029731744 -0.0026167526375502326 0.11780820041894913
v -0.016812158748507493 -0.001639218418858944 0.11835528910160065
v -0.00843620020896196 -0.0016282941214740263 0.11707938462495804
v 3.875240955225361e-15 -0.0016064813826233136 0.1165471002459526
v 3.875308294344668e-15 -0.0028068809770047643 0.1158546507358551
v -0.008433434180915352 -0.002630484988912938 0.1164623349905014
v -0.008433434180915352 -0.002630484988912938 0.1164623349905014
v 3.875308294344668e-15 -0.0028068809770047643 0.1158546507358551
v -0.00842808652669191 -0.003410891862586138 0.11562686413526535
v -0.008433434180915352 -0.002630484988912938 0.1164623349905014
v -0.00842808652669191 -0.003410891862586138 0.11562686413526535
v -0.01679673604667186 -0.0039824061095714534 0.11626406013965607
v -0.008176090195775029 -0.0022299666889011843 0.10412106662988663
v -0.016374995931982987 -0.0036006879527121756 0.10691751539707184
v -0.008305840194225308 -0.003930534236133095 0.10818347334861755
v -0.008305840194225308 -0.003930534236133095 0.10818347334861755
v -0.016374995931982987 -0.0036006879527121756 0.10691751539707184
v -0.016607545316219323 -0.004683484788984057 0.11061104387044907
v -0.008305840194225308 -0.003930534236133095 0.10818347334861755
v -0.016607545316219323 -0.004683484788984057 0.11061104387044907
v -0.008393457159399983 -0.00448040850460529 0.1125132143497467
v -0.008393457159399983 -0.00448040850460529 0.1125132143497467
v -0.016607545316219323 -0.004683484788984057 0.11061104387044907
v -0.01675669848918914 -0.004676950629800555 0.11443213373422623
v -0.008393457159399983 -0.00448040850460529 0.1125132143497467
v -0.01675669848918914 -0.004676950629800555 0.11443213373422623
v -0.00841969437897205 -0.003964392933994528 0.11465305089950562
v 3.875308294344668e-15 -0.0028068809770047643 0.1158546507358551
v 3.875362504453292e-15 -0.003403023118153212 0.11490858346223831
v -0.00842808652669191 -0.003410891862586138 0.11562686413526535
v -0.00842808652669191 -0.003410891862586138 0.11562686413526535
v 3.875362504453292e-15 -0.003403023118153212 0.11490858346223831
v -0.00841969437897205 -0.003964392933994528 0.11465305089950562
v -0.00842808652669191 -0.003410891862586138 0.11562686413526535
v -0.00841969437897205 -0.003964392933994528 0.11465305089950562
v -0.01679673604667186 -0.0039824061095714534 0.11626406013965607
v -0.01679673604667186 -0.0039824061095714534 0.11626406013965607
v -0.00841969437897205 -0.003964392933994528 0.11465305089950562
v -0.01675669848918914 -0.004676950629800555 0.11443213373422623
v -0.01679673604667186 -0.0039824061095714534 0.11626406013965607
v -0.01675669848918914 -0.004676950629800555 0.11443213373422623
v -0.0208953097462654 -0.004817123524844643 0.11567728966474533
v -0.0208953097462654 -0.004817123524844643 0.11567728966474533
v -0.01675669848918914 -0.004676950629800555 0.11443213373422623
v -0.016607545316219323 -0.004683484788984057 0.11061104387044907
v -0.0208953097462654 -0.004817123524844643 0.11567728966474533
v -0.016607545316219323 -0.004683484788984057 0.11061104387044907
v -0.020722663030028333 -0.005105618387460704 0.11208853870630264
v -0.020722663030028333 -0.005105618387460704 0.11208853870630264
v -0.016607545316219323 -0.004683484788984057 0.11061104387044907
v -0.016374995931982987 -0.0036006879527121756 0.10691751539707184
v -0.020722663030028333 -0.005105618387460704 0.11208853870630264
v -0.016374995931982987 -0.0036006879527121756 0.10691751539707184
v -0.02447998523712157 -0.005101602058857675 0.11036771535873413
v -0.032988779246807085 -0.0053897872567176775 0.12053536623716354
v -0.033036373555660234 -0.004294207785278555 0.12185633927583694
v -0.029023835435509668 -0.005174821242690082 0.11873135715723038
v -0.029023835435509668 -0.005174821242690082 0.11873135715723038
v -0.033036373555660234 -0.004294207785278555 0.12185633927583694
v -0.025034183636307706 -0.004095201380550858 0.11867114156484604
v -0.029023835435509668 -0.005174821242690082 0.11873135715723038
v -0.025034183636307706 -0.004095201380550858 0.11867114156484604
v -0.02498851902782916 -0.004983506631106135 0.11711118370294571
v -0.0406217575073242 0.0 0.12729384005069733
v -0.03300114721059798 -0.0006114104180596765 0.12360291182994843
v -0.033038213849067674 -0.0027615942526608684 0.12295282632112503
v -0.033038213849067674 -0.0027615942526608684 0.12295282632112503
v -0.03300114721059798 -0.0006114104180596765 0.12360291182994843
v -0.02502465434372424 -0.0005401404341682787 0.12072134763002396
v -0.033038213849067674 -0.0027615942526608684 0.12295282632112503
v -0.02502465434372424 -0.0005401404341682787 0.12072134763002396
v -0.02504434436559676 -0.0026621725410222986 0.11997851729393005
v -0.02504434436559676 -0.0026621725410222986 0.11997851729393005
v -0.02502465434372424 -0.0005401404341682787 0.12072134763002396
v -0.016807822510600083 -0.00048783572856336794 0.11864451318979263
v -0.02504434436559676 -0.0026621725410222986 0.11997851729393005
v -0.016807822510600083 -0.00048783572856336794 0.11864451318979263
v -0.016812158748507493 -0.001639218418858944 0.11835528910160065
v -0.016812158748507493 -0.001639218418858944 0.11835528910160065
v -0.016807822510600083 -0.00048783572856336794 0.11864451318979263
v -0.008436936885118481 -0.00045618557487614415 0.11739334464073181
v -0.016812158748507493 -0.001639218418858944 0.11835528910160065
v -0.008436936885118481 -0.00045618557487614415 0.11739334464073181
v -0.00843620020896196 -0.0016282941214740263 0.11707938462495804
v -0.00843620020896196 -0.0016282941214740263 0.11707938462495804
v -0.008436936885118481 -0.00045618557487614415 0.11739334464073181
v 3.875043596548651e-15 -0.0004420272016432133 0.11693832278251648
v -0.00843620020896196 -0.0016282941214740263 0.11707938462495804
v 3.875043596548651e-15 -0.0004420272016432133 0.11693832278251648
v 3.875211309072207e-15 -0.0010823297780007115 0.11684945970773697
v -0.02498851902782916 -0.004983506631106135 0.11711118370294571
v -0.024795826524496068 -0.0055561843328177886 0.1137409508228302
v -0.029023835435509668 -0.005174821242690082 0.11873135715723038
v -0.029023835435509668 -0.005174821242690082 0.11873135715723038
v -0.024795826524496068 -0.0055561843328177886 0.1137409508228302
v -0.02881347760558127 -0.006033661309629674 0.11556630581617355
v -0.029023835435509668 -0.005174821242690082 0.11873135715723038
v -0.02881347760558127 -0.006033661309629674 0.11556630581617355
v -0.032988779246807085 -0.0053897872567176775 0.12053536623716354
v -0.032988779246807085 -0.0053897872567176775 0.12053536623716354
v -0.02881347760558127 -0.006033661309629674 0.11556630581617355
v -0.03276205807924269 -0.0065365293994545885 0.11756260693073273
v -0.032988779246807085 -0.0053897872567176775 0.12053536623716354
v -0.03276205807924269 -0.0065365293994545885 0.11756260693073273
v -0.03687119111418723 -0.005627159960567947 0.12252016365528107
v -0.04192931205034254 -0.00571679230779409 0.1028166338801384
v -0.04273124039173124 -0.007975614629685872 0.10693737119436264
v -0.03695985674858092 -0.005518944934010501 0.1058053970336914
v -0.03695985674858092 -0.005518944934010501 0.1058053970336914
v -0.04273124039173124 -0.007975614629685872 0.10693737119436264
v -0.04363310337066648 -0.009672174230217927 0.1109301894903183
v -0.03695985674858092 -0.005518944934010501 0.1058053970336914
v -0.04363310337066648 -0.009672174230217927 0.1109301894903183
v -0.03777721151709555 -0.007111484184861178 0.1094374731183052
v -0.03777721151709555 -0.007111484184861178 0.1094374731183052
v -0.04363310337066648 -0.009672174230217927 0.1109301894903183
v -0.044583842158317545 -0.01076030544936656 0.11472982168197632
v -0.0758847892284393 -0.05237795040011402 0.17567504942417145
v -0.07749988883733747 -0.0450181849300861 0.17554908990859985
v -0.07563450187444684 -0.04883137717843052 0.1692534238100052
v -0.07563450187444684 -0.04883137717843052 0.1692534238100052
v -0.07749988883733747 -0.0450181849300861 0.17554908990859985
v -0.0765753164887428 -0.04141962900757786 0.16818024218082428
v -0.07563450187444684 -0.04883137717843052 0.1692534238100052
v -0.0765753164887428 -0.04141962900757786 0.16818024218082428
v -0.074751541018486 -0.04470565542578694 0.16218434274196625
v -0.074751541018486 -0.04470565542578694 0.16218434274196625
v -0.0765753164887428 -0.04141962900757786 0.16818024218082428
v -0.07497535645961759 -0.03770783171057698 0.1608799397945404
v -0.074751541018486 -0.04470565542578694 0.16218434274196625
v -0.07497535645961759 -0.03770783171057698 0.1608799397945404
v -0.07321655750274655 -0.04045477136969563 0.1551932543516159
v -0.07321655750274655 -0.04045477136969563 0.1551932543516159
v -0.07497535645961759 -0.03770783171057698 0.1608799397945404
v -0.07268922030925748 -0.03390694409608838 0.1536746621131897
v -0.07321655750274655 -0.04045477136969563 0.1551932543516159
v -0.07268922030925748 -0.03390694409608838 0.1536746621131897
v -0.07101545482873914 -0.0361053682863712 0.148299440741539
v -0.07101545482873914 -0.0361053682863712 0.148299440741539
v -0.07268922030925748 -0.03390694409608838 0.1536746621131897
v -0.06970640271902082 -0.0300424341112375 0.14659549295902252
v -0.07101545482873914 -0.0361053682863712 0.148299440741539
v -0.06970640271902082 -0.0300424341112375 0.14659549295902252
v -0.06813389807939527 -0.03168574720621106 0.14152713119983673
v -0.06813389807939527 -0.03168574720621106 0.14152713119983673
v -0.06970640271902082 -0.0300424341112375 0.14659549295902252
v -0.06602307409048078 -0.026142135262489298 0.13968411087989807
v -0.06813389807939527 -0.03168574720621106 0.14152713119983673
v -0.06602307409048078 -0.026142135262489298 0.13968411087989807
v -0.0645639821887016 -0.027227407321333864 0.1349119246006012
v -0.0645639821887016 -0.027227407321333864 0.1349119246006012
v -0.06602307409048078 -0.026142135262489298 0.13968411087989807
v -0.061641357839107486 -0.02223472483456133 0.13298705220222473
v -0.0645639821887016 -0.027227407321333864 0.1349119246006012
v -0.061641357839107486 -0.02223472483456133 0.13298705220222473
v -0.060303814709186526 -0.022763079032301885 0.12849466502666473
v -0.060303814709186526 -0.022763079032301885 0.12849466502666473
v -0.061641357839107486 -0.02223472483456133 0.13298705220222473
v -0.05658181756734845 -0.018349418416619287 0.12655839323997498
v -0.060303814709186526 -0.022763079032301885 0.12849466502666473
v -0.05658181756734845 -0.018349418416619287 0.12655839323997498
v -0.05537084862589833 -0.01832664012908934 0.12232441455125809
v -0.05537084862589833 -0.01832664012908934 0.12232441455125809
v -0.05658181756734845 -0.018349418416619287 0.12655839323997498
v -0.05087635293602941 -0.014515320770442474 0.12045422941446304
v -0.05537084862589833 -0.01832664012908934 0.12232441455125809
v -0.05087635293602941 -0.014515320770442474 0.12045422941446304
v -0.049794528633356074 -0.013952059671282758 0.11645258963108063
v -0.08038176596164699 -0.04031173139810559 0.19020840525627136
v -0.08106109499931331 -0.034494396299123736 0.18573839962482452
v -0.07934491336345668 -0.040199138224124874 0.18108847737312317
v -0.07934491336345668 -0.040199138224124874 0.18108847737312317
v -0.08106109499931331 -0.034494396299123736 0.18573839962482452
v -0.0800557285547256 -0.032006874680519076 0.1778920441865921
v -0.07934491336345668 -0.040199138224124874 0.18108847737312317
v -0.0800557285547256 -0.032006874680519076 0.1778920441865921
v -0.07837912440299984 -0.03715018555521962 0.17345917224884033
v -0.07837912440299984 -0.03715018555521962 0.17345917224884033
v -0.0800557285547256 -0.032006874680519076 0.1778920441865921
v -0.07832759618759151 -0.029444474726915335 0.17011095583438873
v -0.07837912440299984 -0.03715018555521962 0.17345917224884033
v -0.07832759618759151 -0.029444474726915335 0.17011095583438873
v -0.0767140835523605 -0.03400511294603345 0.16589343547821045
v -0.0767140835523605 -0.03400511294603345 0.16589343547821045
v -0.07832759618759151 -0.029444474726915335 0.17011095583438873
v -0.07587324082851407 -0.026825828477740267 0.16243624687194824
v -0.0767140835523605 -0.03400511294603345 0.16589343547821045
v -0.07587324082851407 -0.026825828477740267 0.16243624687194824
v -0.07434254884719846 -0.030785355716943717 0.15842510759830475
v -0.07434254884719846 -0.030785355716943717 0.15842510759830475
v -0.07587324082851407 -0.026825828477740267 0.16243624687194824
v -0.07269058376550672 -0.024170255288481695 0.1549125760793686
v -0.07434254884719846 -0.030785355716943717 0.15842510759830475
v -0.07269058376550672 -0.024170255288481695 0.1549125760793686
v -0.07125808298587796 -0.027513327077031115 0.15109215676784515
v -0.07125808298587796 -0.027513327077031115 0.15109215676784515
v -0.07269058376550672 -0.024170255288481695 0.1549125760793686
v -0.06878495961427686 -0.021498057991266233 0.14759284257888794
v -0.07125808298587796 -0.027513327077031115 0.15109215676784515
v -0.06878495961427686 -0.021498057991266233 0.14759284257888794
v -0.06746129691600797 -0.024213071912527067 0.14394208788871765
v -0.06746129691600797 -0.024213071912527067 0.14394208788871765
v -0.06878495961427686 -0.021498057991266233 0.14759284257888794
v -0.06416742503643033 -0.018829764798283563 0.14053359627723694
v -0.06746129691600797 -0.024213071912527067 0.14394208788871765
v -0.06416742503643033 -0.018829764798283563 0.14053359627723694
v -0.06295861303806302 -0.020909143611788732 0.1370268017053604
v -0.06295861303806302 -0.020909143611788732 0.1370268017053604
v -0.06416742503643033 -0.018829764798283563 0.14053359627723694
v -0.05886534228920934 -0.01618549600243567 0.13379676640033722
v -0.06295861303806302 -0.020909143611788732 0.1370268017053604
v -0.05886534228920934 -0.01618549600243567 0.13379676640033722
v -0.05777389928698537 -0.01762609742581843 0.13040468096733093
v -0.05777389928698537 -0.01762609742581843 0.13040468096733093
v -0.05886534228920934 -0.01618549600243567 0.13379676640033722
v -0.05291589722037313 -0.01358498167246579 0.12744539976119995
v -0.05777389928698537 -0.01762609742581843 0.13040468096733093
v -0.05291589722037313 -0.01358498167246579 0.12744539976119995
v -0.05194164440035818 -0.014388224110007276 0.12413585186004639
v -0.05194164440035818 -0.014388224110007276 0.12413585186004639
v -0.05291589722037313 -0.01358498167246579 0.12744539976119995
v -0.04637894779443739 -0.011046691797673694 0.12154053896665573
v -0.05194164440035818 -0.014388224110007276 0.12413585186004639
v -0.04637894779443739 -0.011046691797673694 0.12154053896665573
v -0.04552125930786131 -0.011218535713851443 0.11827900260686874
v -0.04552125930786131 -0.011218535713851443 0.11827900260686874
v -0.04637894779443739 -0.011046691797673694 0.12154053896665573
v -0.03932608664035795 -0.008588541299104684 0.11613993346691132
v -0.04552125930786131 -0.011218535713851443 0.11827900260686874
v -0.03932608664035795 -0.008588541299104684 0.11613993346691132
v -0.03858510404825209 -0.008139386773109429 0.11288971453905106
v -0.03858510404825209 -0.008139386773109429 0.11288971453905106
v -0.03932608664035795 -0.008588541299104684 0.11613993346691132
v -0.03185196593403815 -0.006227612495422358 0.11128927022218704
v -0.03858510404825209 -0.008139386773109429 0.11288971453905106
v -0.03185196593403815 -0.006227612495422358 0.11128927022218704
v -0.031231166794896112 -0.005171842873096462 0.1080114021897316
v -0.031231166794896112 -0.005171842873096462 0.1080114021897316
v -0.03185196593403815 -0.006227612495422358 0.11128927022218704
v -0.024061158299446096 -0.003980722744017836 0.10702583938837051
v -0.031231166794896112 -0.005171842873096462 0.1080114021897316
v -0.024061158299446096 -0.003980722744017836 0.10702583938837051
v -0.023568416014313687 -0.002336376113817094 0.10367878526449203
v -0.023568416014313687 -0.002336376113817094 0.10367878526449203
v -0.024061158299446096 -0.003980722744017836 0.10702583938837051
v -0.01607320271432399 -0.0018645607633516177 0.10336519777774811
v -0.023568416014313687 -0.002336376113817094 0.10367878526449203
v -0.01607320271432399 -0.0018645607633516177 0.10336519777774811
v -0.015722410753369324 0.00034753867657855126 0.09990398585796356
v -0.016812399029731744 -0.0026167526375502326 0.11780820041894913
v -0.025034183636307706 -0.004095201380550858 0.11867114156484604
v -0.02504434436559676 -0.0026621725410222986 0.11997851729393005
v -0.02504434436559676 -0.0026621725410222986 0.11997851729393005
v -0.025034183636307706 -0.004095201380550858 0.11867114156484604
v -0.033036373555660234 -0.004294207785278555 0.12185633927583694
v -0.02504434436559676 -0.0026621725410222986 0.11997851729393005
v -0.033036373555660234 -0.004294207785278555 0.12185633927583694
v -0.033038213849067674 -0.0027615942526608684 0.12295282632112503
v -0.033038213849067674 -0.0027615942526608684 0.12295282632112503
v -0.033036373555660234 -0.004294207785278555 0.12185633927583694
v -0.03687119111418723 -0.005627159960567947 0.12252016365528107
v -0.033038213849067674 -0.0027615942526608684 0.12295282632112503
v -0.03687119111418723 -0.005627159960567947 0.12252016365528107
v -0.03691777959465979 -0.0028299978002905824 0.12473340332508087
v -0.03691777959465979 -0.0028299978002905824 0.12473340332508087
v -0.03687119111418723 -0.005627159960567947 0.12252016365528107
v -0.04070518910884855 -0.002910144394263623 0.1267031878232956
v -0.03691777959465979 -0.0028299978002905824 0.12473340332508087
v -0.04070518910884855 -0.002910144394263623 0.1267031878232956
v -0.0406217575073242 0.0 0.12729384005069733
v -0.0406217575073242 0.0 0.12729384005069733
v -0.04070518910884855 -0.002910144394263623 0.1267031878232956
v -0.04108119383454321 0.0 0.1275162547826767
v -0.08284439891576763 -0.029739819467067694 0.19667433202266693
v -0.08373511582612987 -0.021091509610414488 0.19211198389530182
v -0.08255025744438167 -0.028065890073776224 0.18941955268383026
v -0.08255025744438167 -0.028065890073776224 0.18941955268383026
v -0.08373511582612987 -0.021091509610414488 0.19211198389530182
v -0.08265864849090572 -0.019712135195732103 0.18397344648838043
v -0.08255025744438167 -0.028065890073776224 0.18941955268383026
v -0.08265864849090572 -0.019712135195732103 0.18397344648838043
v -0.08150782436132427 -0.026139860972762087 0.18140292167663574
v -0.08150782436132427 -0.026139860972762087 0.18140292167663574
v -0.08265864849090572 -0.019712135195732103 0.18397344648838043
v -0.08081627637147899 -0.01830373145639895 0.17592723667621613
v -0.08150782436132427 -0.026139860972762087 0.18140292167663574
v -0.08081627637147899 -0.01830373145639895 0.17592723667621613
v -0.07972022891044613 -0.02416227199137209 0.1734611988067627
v -0.07972022891044613 -0.02416227199137209 0.1734611988067627
v -0.08081627637147899 -0.01830373145639895 0.17592723667621613
v -0.0782128199934959 -0.016879864037036882 0.1680288016796112
v -0.07972022891044613 -0.02416227199137209 0.1734611988067627
v -0.0782128199934959 -0.016879864037036882 0.1680288016796112
v -0.07718801498413083 -0.022149069234728796 0.1656426191329956
v -0.07718801498413083 -0.022149069234728796 0.1656426191329956
v -0.0782128199934959 -0.016879864037036882 0.1680288016796112
v -0.07485584169626233 -0.015454331412911403 0.1603357195854187
v -0.07718801498413083 -0.022149069234728796 0.1656426191329956
v -0.07485584169626233 -0.015454331412911403 0.1603357195854187
v -0.07391377538442609 -0.02011663652956484 0.15799829363822937
v -0.07391377538442609 -0.02011663652956484 0.15799829363822937
v -0.07485584169626233 -0.015454331412911403 0.1603357195854187
v -0.07076115906238553 -0.014041007496416558 0.15291012823581696
v -0.07391377538442609 -0.02011663652956484 0.15799829363822937
v -0.07076115906238553 -0.014041007496416558 0.15291012823581696
v -0.06990789622068402 -0.018081814050674425 0.15058593451976776
v -0.06990789622068402 -0.018081814050674425 0.15058593451976776
v -0.07076115906238553 -0.014041007496416558 0.15291012823581696
v -0.06595003604888913 -0.012653619050979604 0.14581602811813354
v -0.06990789622068402 -0.018081814050674425 0.15058593451976776
v -0.06595003604888913 -0.012653619050979604 0.14581602811813354
v -0.06518636643886563 -0.016061445698142038 0.1434660702943802
v -0.06518636643886563 -0.016061445698142038 0.1434660702943802
v -0.06595003604888913 -0.012653619050979604 0.14581602811813354
v -0.06045752763748166 -0.01130508352071046 0.1391194760799408
v -0.06518636643886563 -0.016061445698142038 0.1434660702943802
v -0.06045752763748166 -0.01130508352071046 0.1391194760799408
v -0.05978028848767278 -0.01407169271260499 0.13670307397842407
v -0.05978028848767278 -0.01407169271260499 0.13670307397842407
v -0.06045752763748166 -0.01130508352071046 0.1391194760799408
v -0.05432663485407827 -0.010007852688431733 0.13288630545139313
v -0.05978028848767278 -0.01407169271260499 0.13670307397842407
v -0.05432663485407827 -0.010007852688431733 0.13288630545139313
v -0.05372965708374975 -0.012128253467380992 0.1303618848323822
v -0.05372965708374975 -0.012128253467380992 0.1303618848323822
v -0.05432663485407827 -0.010007852688431733 0.13288630545139313
v -0.04761790111660955 -0.008773333393037312 0.12717866897583008
v -0.05372965708374975 -0.012128253467380992 0.1303618848323822
v -0.04761790111660955 -0.008773333393037312 0.12717866897583008
v -0.047094710171222666 -0.010245642624795428 0.12450460344552994
v -0.047094710171222666 -0.010245642624795428 0.12450460344552994
v -0.04761790111660955 -0.008773333393037312 0.12717866897583008
v -0.040400799363851526 -0.007612594868987793 0.1220550537109375
v -0.047094710171222666 -0.010245642624795428 0.12450460344552994
v -0.040400799363851526 -0.007612594868987793 0.1220550537109375
v -0.039946064352989176 -0.008437927812337868 0.11918989568948746
v 3.875211309072207e-15 -0.0010823297780007115 0.11684945970773697
v 3.875240955225361e-15 -0.0016064813826233136 0.1165471002459526
v -0.00843620020896196 -0.0016282941214740263 0.11707938462495804
v -0.00843620020896196 -0.0016282941214740263 0.11707938462495804
v 3.875240955225361e-15 -0.0016064813826233136 0.1165471002459526
v -0.008433434180915352 -0.002630484988912938 0.1164623349905014
v -0.00843620020896196 -0.0016282941214740263 0.11707938462495804
v -0.008433434180915352 -0.002630484988912938 0.1164623349905014
v -0.016812399029731744 -0.0026167526375502326 0.11780820041894913
v -0.016812399029731744 -0.0026167526375502326 0.11780820041894913
v -0.008433434180915352 -0.002630484988912938 0.1164623349905014
v -0.01679673604667186 -0.0039824061095714534 0.11626406013965607
v -0.016812399029731744 -0.0026167526375502326 0.11780820041894913
v -0.01679673604667186 -0.0039824061095714534 0.11626406013965607
v -0.025034183636307706 -0.004095201380550858 0.11867114156484604
v -0.025034183636307706 -0.004095201380550858 0.11867114156484604
v -0.01679673604667186 -0.0039824061095714534 0.11626406013965607
v -0.0208953097462654 -0.004817123524844643 0.11567728966474533
v -0.025034183636307706 -0.004095201380550858 0.11867114156484604
v -0.0208953097462654 -0.004817123524844643 0.11567728966474533
v -0.02498851902782916 -0.004983506631106135 0.11711118370294571
v -0.02498851902782916 -0.004983506631106135 0.11711118370294571
v -0.0208953097462654 -0.004817123524844643 0.11567728966474533
v -0.020722663030028333 -0.005105618387460704 0.11208853870630264
v -0.02498851902782916 -0.004983506631106135 0.11711118370294571
v -0.020722663030028333 -0.005105618387460704 0.11208853870630264
v -0.024795826524496068 -0.0055561843328177886 0.1137409508228302
v -0.024795826524496068 -0.0055561843328177886 0.1137409508228302
v -0.020722663030028333 -0.005105618387460704 0.11208853870630264
v -0.02447998523712157 -0.005101602058857675 0.11036771535873413
v -0.024795826524496068 -0.0055561843328177886 0.1137409508228302
v -0.02447998523712157 -0.005101602058857675 0.11036771535873413
v -0.02881347760558127 -0.006033661309629674 0.11556630581617355
v -0.02881347760558127 -0.006033661309629674 0.11556630581617355
v -0.02447998523712157 -0.005101602058857675 0.11036771535873413
v -0.03237461671233176 -0.006718715652823443 0.1144646555185318
v -0.02881347760558127 -0.006033661309629674 0.11556630581617355
v -0.03237461671233176 -0.006718715652823443 0.1144646555185318
v -0.03276205807924269 -0.0065365293994545885 0.11756260693073273
v -0.03276205807924269 -0.0065365293994545885 0.11756260693073273
v -0.03237461671233176 -0.006718715652823443 0.1144646555185318
v -0.036628413945436464 -0.007063300348818297 0.11972718685865402
v -0.03276205807924269 -0.0065365293994545885 0.11756260693073273
v -0.036628413945436464 -0.007063300348818297 0.11972718685865402
v -0.03687119111418723 -0.005627159960567947 0.12252016365528107
v -0.03687119111418723 -0.005627159960567947 0.12252016365528107
v -0.036628413945436464 -0.007063300348818297 0.11972718685865402
v -0.04066006839275358 -0.005885813850909467 0.12468066066503525
v -0.03687119111418723 -0.005627159960567947 0.12252016365528107
v -0.04066006839275358 -0.005885813850909467 0.12468066066503525
v -0.04070518910884855 -0.002910144394263623 0.1267031878232956
v -0.04070518910884855 -0.002910144394263623 0.1267031878232956
v -0.04066006839275358 -0.005885813850909467 0.12468066066503525
v -0.04791418835520742 -0.0064625702798366495 0.12950654327869415
v -0.04070518910884855 -0.002910144394263623 0.1267031878232956
v -0.04791418835520742 -0.0064625702798366495 0.12950654327869415
v -0.04796343296766279 -0.003103678580373523 0.13118787109851837
v -0.04796343296766279 -0.003103678580373523 0.13118787109851837
v -0.04791418835520742 -0.0064625702798366495 0.12950654327869415
v -0.05466896668076513 -0.007111266721040005 0.1349656581878662
v -0.04796343296766279 -0.003103678580373523 0.13118787109851837
v -0.05466896668076513 -0.007111266721040005 0.1349656581878662
v -0.0547356270253658 -0.0033382419496774647 0.13635912537574768
v -0.0547356270253658 -0.0033382419496774647 0.13635912537574768
v -0.05466896668076513 -0.007111266721040005 0.1349656581878662
v -0.060856208205223056 -0.00782311707735061 0.14099983870983124
v -0.0547356270253658 -0.0033382419496774647 0.13635912537574768
v -0.060856208205223056 -0.00782311707735061 0.14099983870983124
v -0.0609549134969711 -0.003609955077990887 0.14215916395187378
v -0.0609549134969711 -0.003609955077990887 0.14215916395187378
v -0.060856208205223056 -0.00782311707735061 0.14099983870983124
v -0.06641507148742673 -0.008589102886617177 0.1475471407175064
v -0.0609549134969711 -0.003609955077990887 0.14215916395187378
v -0.06641507148742673 -0.008589102886617177 0.1475471407175064
v -0.06656011193990705 -0.003914811182767149 0.14852620661258698
v -0.06656011193990705 -0.003914811182767149 0.14852620661258698
v -0.06641507148742673 -0.008589102886617177 0.1475471407175064
v -0.07129938155412671 -0.009399388916790478 0.15454085171222687
v -0.06656011193990705 -0.003914811182767149 0.14852620661258698
v -0.07129938155412671 -0.009399388916790478 0.15454085171222687
v -0.07150159776210782 -0.0042483047582209076 0.15539249777793884
v -0.07150159776210782 -0.0042483047582209076 0.15539249777793884
v -0.07129938155412671 -0.009399388916790478 0.15454085171222687
v -0.07546984404325482 -0.010243735276162616 0.1619131714105606
v -0.07150159776210782 -0.0042483047582209076 0.15539249777793884
v -0.07546984404325482 -0.010243735276162616 0.1619131714105606
v -0.07573548704385755 -0.004605659283697602 0.1626882553100586
v -0.07573548704385755 -0.004605659283697602 0.1626882553100586
v -0.07546984404325482 -0.010243735276162616 0.1619131714105606
v -0.07889953255653377 -0.011111130937933913 0.16959623992443085
v -0.07573548704385755 -0.004605659283697602 0.1626882553100586
v -0.07889953255653377 -0.011111130937933913 0.16959623992443085
v -0.07922875136137005 -0.004981559235602614 0.17034108936786652
v -0.07922875136137005 -0.004981559235602614 0.17034108936786652
v -0.07889953255653377 -0.011111130937933913 0.16959623992443085
v -0.0815668404102325 -0.011990359984338275 0.17752286791801453
v -0.07922875136137005 -0.004981559235602614 0.17034108936786652
v -0.0815668404102325 -0.011990359984338275 0.17752286791801453
v -0.08195350319147106 -0.005370513070374723 0.17827795445919037
v -0.08195350319147106 -0.005370513070374723 0.17827795445919037
v -0.0815668404102325 -0.011990359984338275 0.17752286791801453
v -0.08345886319875713 -0.012870053760707368 0.18562814593315125
v -0.08195350319147106 -0.005370513070374723 0.17827795445919037
v -0.08345886319875713 -0.012870053760707368 0.18562814593315125
v -0.08389108628034588 -0.005766832269728179 0.18642541766166687
v -0.08389108628034588 -0.005766832269728179 0.18642541766166687
v -0.08345886319875713 -0.012870053760707368 0.18562814593315125
v -0.08456621319055553 -0.01373892743140458 0.19384828209877014
v -0.08389108628034588 -0.005766832269728179 0.18642541766166687
v -0.08456621319055553 -0.01373892743140458 0.19384828209877014
v -0.08502716571092601 -0.00616482831537723 0.19471006095409393
v -0.08502716571092601 -0.00616482831537723 0.19471006095409393
v -0.08456621319055553 -0.01373892743140458 0.19384828209877014
v -0.08517884463071819 -0.01036559045314788 0.2019161432981491
v -0.08502716571092601 -0.00616482831537723 0.19471006095409393
v -0.08517884463071819 -0.01036559045314788 0.2019161432981491
v -0.08531111478805538 -0.006513650529086585 0.2021603137254715
v -0.03237461671233176 -0.006718715652823443 0.1144646555185318
v -0.039946064352989176 -0.008437927812337868 0.11918989568948746
v -0.036628413945436464 -0.007063300348818297 0.11972718685865402
v -0.036628413945436464 -0.007063300348818297 0.11972718685865402
v -0.039946064352989176 -0.008437927812337868 0.11918989568948746
v -0.040400799363851526 -0.007612594868987793 0.1220550537109375
v -0.036628413945436464 -0.007063300348818297 0.11972718685865402
v -0.040400799363851526 -0.007612594868987793 0.1220550537109375
v -0.04066006839275358 -0.005885813850909467 0.12468066066503525
v -0.04066006839275358 -0.005885813850909467 0.12468066066503525
v -0.040400799363851526 -0.007612594868987793 0.1220550537109375
v -0.04761790111660955 -0.008773333393037312 0.12717866897583008
v -0.04066006839275358 -0.005885813850909467 0.12468066066503525
v -0.04761790111660955 -0.008773333393037312 0.12717866897583008
v -0.04791418835520742 -0.0064625702798366495 0.12950654327869415
v -0.04791418835520742 -0.0064625702798366495 0.12950654327869415
v -0.04761790111660955 -0.008773333393037312 0.12717866897583008
v -0.05432663485407827 -0.010007852688431733 0.13288630545139313
v -0.04791418835520742 -0.0064625702798366495 0.12950654327869415
v -0.05432663485407827 -0.010007852688431733 0.13288630545139313
v -0.05466896668076513 -0.007111266721040005 0.1349656581878662
v -0.05466896668076513 -0.007111266721040005 0.1349656581878662
v -0.05432663485407827 -0.010007852688431733 0.13288630545139313
v -0.06045752763748166 -0.01130508352071046 0.1391194760799408
v -0.05466896668076513 -0.007111266721040005 0.1349656581878662
v -0.06045752763748166 -0.01130508352071046 0.1391194760799408
v -0.060856208205223056 -0.00782311707735061 0.14099983870983124
v -0.060856208205223056 -0.00782311707735061 0.14099983870983124
v -0.06045752763748166 -0.01130508352071046 0.1391194760799408
v -0.06595003604888913 -0.012653619050979604 0.14581602811813354
v -0.060856208205223056 -0.00782311707735061 0.14099983870983124
v -0.06595003604888913 -0.012653619050979604 0.14581602811813354
v -0.06641507148742673 -0.008589102886617177 0.1475471407175064
v -0.06641507148742673 -0.008589102886617177 0.1475471407175064
v -0.06595003604888913 -0.012653619050979604 0.14581602811813354
v -0.07076115906238553 -0.014041007496416558 0.15291012823581696
v -0.06641507148742673 -0.008589102886617177 0.1475471407175064
v -0.07076115906238553 -0.014041007496416558 0.15291012823581696
v -0.07129938155412671 -0.009399388916790478 0.15454085171222687
v -0.07129938155412671 -0.009399388916790478 0.15454085171222687
v -0.07076115906238553 -0.014041007496416558 0.15291012823581696
v -0.07485584169626233 -0.015454331412911403 0.1603357195854187
v -0.07129938155412671 -0.009399388916790478 0.15454085171222687
v -0.07485584169626233 -0.015454331412911403 0.1603357195854187
v -0.07546984404325482 -0.010243735276162616 0.1619131714105606
v -0.07546984404325482 -0.010243735276162616 0.1619131714105606
v -0.07485584169626233 -0.015454331412911403 0.1603357195854187
v -0.0782128199934959 -0.016879864037036882 0.1680288016796112
v -0.07546984404325482 -0.010243735276162616 0.1619131714105606
v -0.0782128199934959 -0.016879864037036882 0.1680288016796112
v -0.07889953255653377 -0.011111130937933913 0.16959623992443085
v -0.07889953255653377 -0.011111130937933913 0.16959623992443085
v -0.0782128199934959 -0.016879864037036882 0.1680288016796112
v -0.08081627637147899 -0.01830373145639895 0.17592723667621613
v -0.07889953255653377 -0.011111130937933913 0.16959623992443085
v -0.08081627637147899 -0.01830373145639895 0.17592723667621613
v -0.0815668404102325 -0.011990359984338275 0.17752286791801453
v -0.0815668404102325 -0.011990359984338275 0.17752286791801453
v -0.08081627637147899 -0.01830373145639895 0.17592723667621613
v -0.08265864849090572 -0.019712135195732103 0.18397344648838043
v -0.0815668404102325 -0.011990359984338275 0.17752286791801453
v -0.08265864849090572 -0.019712135195732103 0.18397344648838043
v -0.08345886319875713 -0.012870053760707368 0.18562814593315125
v -0.08345886319875713 -0.012870053760707368 0.18562814593315125
v -0.08265864849090572 -0.019712135195732103 0.18397344648838043
v -0.08373511582612987 -0.021091509610414488 0.19211198389530182
v -0.08345886319875713 -0.012870053760707368 0.18562814593315125
v -0.08373511582612987 -0.021091509610414488 0.19211198389530182
v -0.08456621319055553 -0.01373892743140458 0.19384828209877014
v -0.08456621319055553 -0.01373892743140458 0.19384828209877014
v -0.08373511582612987 -0.021091509610414488 0.19211198389530182
v -0.0840128436684608 -0.022272005677223188 0.1994137018918991
v -0.08456621319055553 -0.01373892743140458 0.19384828209877014
v -0.0840128436684608 -0.022272005677223188 0.1994137018918991
v -0.08442631363868709 -0.018997335806488977 0.2003355324268341
v 3.8765763026667075e-15 0.006024577654898162 0.09309994429349899
v -0.007424762472510334 0.009266478940844529 0.08980992436408997
v -0.007823084481060501 0.002861497690901158 0.09668631106615067
v -0.007823084481060501 0.002861497690901158 0.09668631106615067
v -0.007424762472510334 0.009266478940844529 0.08980992436408997
v -0.015722410753369324 0.00034753867657855126 0.09990398585796356
v -0.007823084481060501 0.002861497690901158 0.09668631106615067
v -0.015722410753369324 0.00034753867657855126 0.09990398585796356
v -0.008176090195775029 -0.0022299666889011843 0.10412106662988663
v -0.008176090195775029 -0.0022299666889011843 0.10412106662988663
v -0.015722410753369324 0.00034753867657855126 0.09990398585796356
v -0.01607320271432399 -0.0018645607633516177 0.10336519777774811
v -0.008176090195775029 -0.0022299666889011843 0.10412106662988663
v -0.01607320271432399 -0.0018645607633516177 0.10336519777774811
v -0.016374995931982987 -0.0036006879527121756 0.10691751539707184
v -0.016374995931982987 -0.0036006879527121756 0.10691751539707184
v -0.01607320271432399 -0.0018645607633516177 0.10336519777774811
v -0.024061158299446096 -0.003980722744017836 0.10702583938837051
v -0.016374995931982987 -0.0036006879527121756 0.10691751539707184
v -0.024061158299446096 -0.003980722744017836 0.10702583938837051
v -0.02447998523712157 -0.005101602058857675 0.11036771535873413
v -0.02447998523712157 -0.005101602058857675 0.11036771535873413
v -0.024061158299446096 -0.003980722744017836 0.10702583938837051
v -0.03185196593403815 -0.006227612495422358 0.11128927022218704
v -0.02447998523712157 -0.005101602058857675 0.11036771535873413
v -0.03185196593403815 -0.006227612495422358 0.11128927022218704
v -0.03237461671233176 -0.006718715652823443 0.1144646555185318
v -0.03237461671233176 -0.006718715652823443 0.1144646555185318
v -0.03185196593403815 -0.006227612495422358 0.11128927022218704
v -0.03932608664035795 -0.008588541299104684 0.11613993346691132
v -0.03237461671233176 -0.006718715652823443 0.1144646555185318
v -0.03932608664035795 -0.008588541299104684 0.11613993346691132
v -0.039946064352989176 -0.008437927812337868 0.11918989568948746
v -0.039946064352989176 -0.008437927812337868 0.11918989568948746
v -0.03932608664035795 -0.008588541299104684 0.11613993346691132
v -0.04637894779443739 -0.011046691797673694 0.12154053896665573
v -0.039946064352989176 -0.008437927812337868 0.11918989568948746
v -0.04637894779443739 -0.011046691797673694 0.12154053896665573
v -0.047094710171222666 -0.010245642624795428 0.12450460344552994
v -0.047094710171222666 -0.010245642624795428 0.12450460344552994
v -0.04637894779443739 -0.011046691797673694 0.12154053896665573
v -0.05291589722037313 -0.01358498167246579 0.12744539976119995
v -0.047094710171222666 -0.010245642624795428 0.12450460344552994
v -0.05291589722037313 -0.01358498167246579 0.12744539976119995
v -0.05372965708374975 -0.012128253467380992 0.1303618848323822
v -0.05372965708374975 -0.012128253467380992 0.1303618848323822
v -0.05291589722037313 -0.01358498167246579 0.12744539976119995
v -0.05886534228920934 -0.01618549600243567 0.13379676640033722
v -0.05372965708374975 -0.012128253467380992 0.1303618848323822
v -0.05886534228920934 -0.01618549600243567 0.13379676640033722
v -0.05978028848767278 -0.01407169271260499 0.13670307397842407
v -0.05978028848767278 -0.01407169271260499 0.13670307397842407
v -0.05886534228920934 -0.01618549600243567 0.13379676640033722
v -0.06416742503643033 -0.018829764798283563 0.14053359627723694
v -0.05978028848767278 -0.01407169271260499 0.13670307397842407
v -0.06416742503643033 -0.018829764798283563 0.14053359627723694
v -0.06518636643886563 -0.016061445698142038 0.1434660702943802
v -0.06518636643886563 -0.016061445698142038 0.1434660702943802
v -0.06416742503643033 -0.018829764798283563 0.14053359627723694
v -0.06878495961427686 -0.021498057991266233 0.14759284257888794
v -0.06518636643886563 -0.016061445698142038 0.1434660702943802
v -0.06878495961427686 -0.021498057991266233 0.14759284257888794
v -0.06990789622068402 -0.018081814050674425 0.15058593451976776
v -0.06990789622068402 -0.018081814050674425 0.15058593451976776
v -0.06878495961427686 -0.021498057991266233 0.14759284257888794
v -0.07269058376550672 -0.024170255288481695 0.1549125760793686
v -0.06990789622068402 -0.018081814050674425 0.15058593451976776
v -0.07269058376550672 -0.024170255288481695 0.1549125760793686
v -0.07391377538442609 -0.02011663652956484 0.15799829363822937
v -0.07391377538442609 -0.02011663652956484 0.15799829363822937
v -0.07269058376550672 -0.024170255288481695 0.1549125760793686
v -0.07587324082851407 -0.026825828477740267 0.16243624687194824
v -0.07391377538442609 -0.02011663652956484 0.15799829363822937
v -0.07587324082851407 -0.026825828477740267 0.16243624687194824
v -0.07718801498413083 -0.022149069234728796 0.1656426191329956
v -0.07718801498413083 -0.022149069234728796 0.1656426191329956
v -0.07587324082851407 -0.026825828477740267 0.16243624687194824
v -0.07832759618759151 -0.029444474726915335 0.17011095583438873
v -0.07718801498413083 -0.022149069234728796 0.1656426191329956
v -0.07832759618759151 -0.029444474726915335 0.17011095583438873
v -0.07972022891044613 -0.02416227199137209 0.1734611988067627
v -0.07972022891044613 -0.02416227199137209 0.1734611988067627
v -0.07832759618759151 -0.029444474726915335 0.17011095583438873
v -0.0800557285547256 -0.032006874680519076 0.1778920441865921
v -0.07972022891044613 -0.02416227199137209 0.1734611988067627
v -0.0800557285547256 -0.032006874680519076 0.1778920441865921
v -0.08150782436132427 -0.026139860972762087 0.18140292167663574
v -0.08150782436132427 -0.026139860972762087 0.18140292167663574
v -0.0800557285547256 -0.032006874680519076 0.1778920441865921
v -0.08106109499931331 -0.034494396299123736 0.18573839962482452
v -0.08150782436132427 -0.026139860972762087 0.18140292167663574
v -0.08106109499931331 -0.034494396299123736 0.18573839962482452
v -0.08255025744438167 -0.028065890073776224 0.18941955268383026
v -0.08255025744438167 -0.028065890073776224 0.18941955268383026
v -0.08106109499931331 -0.034494396299123736 0.18573839962482452
v -0.08155246824026104 -0.035837195813655826 0.19339725375175476
v -0.08255025744438167 -0.028065890073776224 0.18941955268383026
v -0.08155246824026104 -0.035837195813655826 0.19339725375175476
v -0.08234329521656032 -0.03216906636953351 0.19541190564632416
v -0.06971816718578336 -0.058635909110307645 0.14255686104297638
v -0.0699849873781204 -0.058868765830993604 0.1451718658208847
v -0.06905533373355863 -0.047882180660963024 0.1343245804309845
v -0.06905533373355863 -0.047882180660963024 0.1343245804309845
v -0.0699849873781204 -0.058868765830993604 0.1451718658208847
v -0.07011156529188153 -0.04846490547060963 0.14156176149845123
v -0.06905533373355863 -0.047882180660963024 0.1343245804309845
v -0.07011156529188153 -0.04846490547060963 0.14156176149845123
v -0.0667706876993179 -0.03713068738579747 0.12991100549697876
v -0.0667706876993179 -0.03713068738579747 0.12991100549697876
v -0.07011156529188153 -0.04846490547060963 0.14156176149845123
v -0.06798452138900754 -0.037667334079742404 0.13627049326896667
v -0.0667706876993179 -0.03713068738579747 0.12991100549697876
v -0.06798452138900754 -0.037667334079742404 0.13627049326896667
v -0.06192652136087415 -0.026868507266044596 0.12431898713111877
v -0.06192652136087415 -0.026868507266044596 0.12431898713111877
v -0.06798452138900754 -0.037667334079742404 0.13627049326896667
v -0.0631734952330589 -0.027457209303975084 0.1297471523284912
v -0.06192652136087415 -0.026868507266044596 0.12431898713111877
v -0.0631734952330589 -0.027457209303975084 0.1297471523284912
v -0.05788916721940038 -0.02146098203957079 0.1185864731669426
v -0.05788916721940038 -0.02146098203957079 0.1185864731669426
v -0.0631734952330589 -0.027457209303975084 0.1297471523284912
v -0.05902979522943494 -0.022491598501801473 0.12365637719631195
v -0.05788916721940038 -0.02146098203957079 0.1185864731669426
v -0.05902979522943494 -0.022491598501801473 0.12365637719631195
v -0.053188540041446665 -0.01610435731709002 0.11306443065404892
v -0.053188540041446665 -0.01610435731709002 0.11306443065404892
v -0.05902979522943494 -0.022491598501801473 0.12365637719631195
v -0.05421835556626318 -0.017563786357641206 0.11779361218214035
v -0.053188540041446665 -0.01610435731709002 0.11306443065404892
v -0.05421835556626318 -0.017563786357641206 0.11779361218214035
v -0.048766322433948496 -0.012712540104985227 0.11220518499612808
v -0.048766322433948496 -0.012712540104985227 0.11220518499612808
v -0.05421835556626318 -0.017563786357641206 0.11779361218214035
v -0.049794528633356074 -0.013952059671282758 0.11645258963108063
v 3.870374750943385e-15 0.08548736572265618 -2.7755575615628914e-17
v -0.00544875022023916 0.08531156927347176 0.0
v 3.877316185946134e-15 0.0849469602108001 0.008189338259398937
v 3.877316185946134e-15 0.0849469602108001 0.008189338259398937
v -0.00544875022023916 0.08531156927347176 0.0
v -0.008350750431418415 0.08473436534404748 0.00827702321112156
v 3.877316185946134e-15 0.0849469602108001 0.008189338259398937
v -0.008350750431418415 0.08473436534404748 0.00827702321112156
v 3.882080322757966e-15 0.08457610756158822 0.013809364289045334
v 3.882080322757966e-15 0.08457610756158822 0.013809364289045334
v -0.008350750431418415 0.08473436534404748 0.00827702321112156
v -0.00816592667251825 0.08324079215526574 0.018437223508954048
v 3.882080322757966e-15 0.08457610756158822 0.013809364289045334
v -0.00816592667251825 0.08324079215526574 0.018437223508954048
v 3.881865176389363e-15 0.0835203826427459 0.018138188868761063
v 3.881865176389363e-15 0.0835203826427459 0.018138188868761063
v -0.00816592667251825 0.08324079215526574 0.018437223508954048
v 3.881587349582664e-15 0.08215497434139245 0.02373683638870716
v 3.881587349582664e-15 0.08215497434139245 0.02373683638870716
v -0.00816592667251825 0.08324079215526574 0.018437223508954048
v -0.007956987246870991 0.07968232035636896 0.028377598151564598
v 3.881587349582664e-15 0.08215497434139245 0.02373683638870716
v -0.007956987246870991 0.07968232035636896 0.028377598151564598
v 3.881379402994113e-15 0.08018296957015986 0.02757495455443859
v 3.881379402994113e-15 0.08018296957015986 0.02757495455443859
v -0.007956987246870991 0.07968232035636896 0.028377598151564598
v 3.881052024759999e-15 0.07708536833524698 0.033603813499212265
v 3.881052024759999e-15 0.07708536833524698 0.033603813499212265
v -0.007956987246870991 0.07968232035636896 0.028377598151564598
v -0.007705681957304474 0.07375682890415186 0.037412405014038086
v 3.881052024759999e-15 0.07708536833524698 0.033603813499212265
v -0.007705681957304474 0.07375682890415186 0.037412405014038086
v 3.880893206082389e-15 0.07497338205575937 0.03614211082458496
v -0.00841946247965097 0.08496842533349984 0.0
v -0.014010286889970296 0.08432263880968087 0.0
v -0.008350750431418415 0.08473436534404748 0.00827702321112156
v -0.008350750431418415 0.08473436534404748 0.00827702321112156
v -0.014010286889970296 0.08432263880968087 0.0
v -0.016671136021614068 0.08341465890407555 0.008405967615544796
v -0.008350750431418415 0.08473436534404748 0.00827702321112156
v -0.016671136021614068 0.08341465890407555 0.008405967615544796
v -0.00816592667251825 0.08324079215526574 0.018437223508954048
v -0.00816592667251825 0.08324079215526574 0.018437223508954048
v -0.016671136021614068 0.08341465890407555 0.008405967615544796
v -0.01634134724736213 0.08176356554031365 0.01874849572777748
v -0.00816592667251825 0.08324079215526574 0.018437223508954048
v -0.01634134724736213 0.08176356554031365 0.01874849572777748
v -0.007956987246870991 0.07968232035636896 0.028377598151564598
v -0.024966511875390996 0.08164799213409417 0.0
v -0.030535208061337457 0.07982885092496866 0.0
v -0.024860667064785947 0.0812238156795501 0.008587554097175598
v -0.024860667064785947 0.0812238156795501 0.008587554097175598
v -0.030535208061337457 0.07982885092496866 0.0
v -0.03281995281577109 0.07818707078695292 0.008818247355520725
v -0.024860667064785947 0.0812238156795501 0.008587554097175598
v -0.03281995281577109 0.07818707078695292 0.008818247355520725
v -0.024411557242274274 0.07934345304965967 0.019130650907754898
v -0.024411557242274274 0.07934345304965967 0.019130650907754898
v -0.03281995281577109 0.07818707078695292 0.008818247355520725
v -0.03226216137409209 0.07601518929004664 0.019581766799092293
v -0.024411557242274274 0.07934345304965967 0.019130650907754898
v -0.03226216137409209 0.07601518929004664 0.019581766799092293
v -0.024144724011421193 0.07759279012680048 0.02446642331779003
v -0.024144724011421193 0.07759279012680048 0.02446642331779003
v -0.03226216137409209 0.07601518929004664 0.019581766799092293
v -0.031919624656438814 0.07409321516752237 0.025052636861801147
v -0.024144724011421193 0.07759279012680048 0.02446642331779003
v -0.031919624656438814 0.07409321516752237 0.025052636861801147
v -0.02385532669723033 0.07513678818941111 0.02975291945040226
v -0.007148275617510077 0.058074288070201825 0.052126701921224594
v 3.8799203887424674e-15 0.060601335018873166 0.05023890361189842
v -0.007420189678668972 0.06627513468265528 0.04522081837058067
v -0.007420189678668972 0.06627513468265528 0.04522081837058067
v 3.8799203887424674e-15 0.060601335018873166 0.05023890361189842
v 3.880407009170665e-15 0.0682013109326362 0.043588053435087204
v -0.007420189678668972 0.06627513468265528 0.04522081837058067
v 3.880407009170665e-15 0.0682013109326362 0.043588053435087204
v -0.007705681957304474 0.07375682890415186 0.037412405014038086
v -0.007705681957304474 0.07375682890415186 0.037412405014038086
v 3.880407009170665e-15 0.0682013109326362 0.043588053435087204
v 3.880542534442226e-15 0.07032260298728937 0.04173167794942856
v -0.007705681957304474 0.07375682890415186 0.037412405014038086
v 3.880542534442226e-15 0.07032260298728937 0.04173167794942856
v 3.880893206082389e-15 0.07497338205575937 0.03614211082458496
v -0.01634134724736213 0.08176356554031365 0.01874849572777748
v -0.01615283824503421 0.0801644623279571 0.02393980510532856
v -0.007956987246870991 0.07968232035636896 0.028377598151564598
v -0.007956987246870991 0.07968232035636896 0.028377598151564598
v -0.01615283824503421 0.0801644623279571 0.02393980510532856
v -0.01595059968531131 0.07789517194032664 0.02904871106147766
v -0.007956987246870991 0.07968232035636896 0.028377598151564598
v -0.01595059968531131 0.07789517194032664 0.02904871106147766
v -0.007705681957304474 0.07375682890415186 0.037412405014038086
v -0.007705681957304474 0.07375682890415186 0.037412405014038086
v -0.01595059968531131 0.07789517194032664 0.02904871106147766
v -0.015476220287382596 0.07145220041275019 0.03851323202252388
v -0.007705681957304474 0.07375682890415186 0.037412405014038086
v -0.015476220287382596 0.07145220041275019 0.03851323202252388
v -0.007420189678668972 0.06627513468265528 0.04522081837058067
v -0.007420189678668972 0.06627513468265528 0.04522081837058067
v -0.015476220287382596 0.07145220041275019 0.03851323202252388
v -0.01493890862911939 0.06340793520212168 0.04667363688349724
v -0.007420189678668972 0.06627513468265528 0.04522081837058067
v -0.01493890862911939 0.06340793520212168 0.04667363688349724
v -0.007148275617510077 0.058074288070201825 0.052126701921224594
v -0.007148275617510077 0.058074288070201825 0.052126701921224594
v -0.01493890862911939 0.06340793520212168 0.04667363688349724
v -0.014427814632654183 0.05472389981150623 0.0538770854473114
v -0.007148275617510077 0.058074288070201825 0.052126701921224594
v -0.014427814632654183 0.05472389981150623 0.0538770854473114
v -0.01375249866396188 0.037060245871543857 0.06701347976922989
v 3.8779756010955716e-15 0.028205495327711085 0.07436181604862213
v 3.878438504601246e-15 0.03587520867586133 0.06856099516153336
v -0.01375249866396188 0.037060245871543857 0.06701347976922989
v -0.01375249866396188 0.037060245871543857 0.06701347976922989
v 3.878438504601246e-15 0.03587520867586133 0.06856099516153336
v 3.8789479949190195e-15 0.044432677328586544 0.06232958287000656
v -0.01375249866396188 0.037060245871543857 0.06701347976922989
v 3.8789479949190195e-15 0.044432677328586544 0.06232958287000656
v -0.007148275617510077 0.058074288070201825 0.052126701921224594
v -0.007148275617510077 0.058074288070201825 0.052126701921224594
v 3.8789479949190195e-15 0.044432677328586544 0.06232958287000656
v 3.879782322372065e-15 0.058444447815418195 0.052126429975032806
v -0.007148275617510077 0.058074288070201825 0.052126701921224594
v 3.879782322372065e-15 0.058444447815418195 0.052126429975032806
v 3.8799203887424674e-15 0.060601335018873166 0.05023890361189842
v -0.05087635293602941 -0.014515320770442474 0.12045422941446304
v -0.044583842158317545 -0.01076030544936656 0.11472982168197632
v -0.049794528633356074 -0.013952059671282758 0.11645258963108063
v -0.049794528633356074 -0.013952059671282758 0.11645258963108063
v -0.044583842158317545 -0.01076030544936656 0.11472982168197632
v -0.04363310337066648 -0.009672174230217927 0.1109301894903183
v -0.049794528633356074 -0.013952059671282758 0.11645258963108063
v -0.04363310337066648 -0.009672174230217927 0.1109301894903183
v -0.048766322433948496 -0.012712540104985227 0.11220518499612808
v -0.048766322433948496 -0.012712540104985227 0.11220518499612808
v -0.04363310337066648 -0.009672174230217927 0.1109301894903183
v -0.04273124039173124 -0.007975614629685872 0.10693737119436264
v -0.048766322433948496 -0.012712540104985227 0.11220518499612808
v -0.04273124039173124 -0.007975614629685872 0.10693737119436264
v -0.04784965515136717 -0.010842091403901568 0.10779403895139694
v -0.04784965515136717 -0.010842091403901568 0.10779403895139694
v -0.04273124039173124 -0.007975614629685872 0.10693737119436264
v -0.04192931205034254 -0.00571679230779409 0.1028166338801384
v -0.04784965515136717 -0.010842091403901568 0.10779403895139694
v -0.04192931205034254 -0.00571679230779409 0.1028166338801384
v -0.04075431451201437 0.00021564163034781797 0.09441279619932175
v -0.04075431451201437 0.00021564163034781797 0.09441279619932175
v -0.04192931205034254 -0.00571679230779409 0.1028166338801384
v -0.0345025137066841 0.005691879428923126 0.09033890068531036
v -0.04075431451201437 0.00021564163034781797 0.09441279619932175
v -0.0345025137066841 0.005691879428923126 0.09033890068531036
v -0.040229082107543924 0.0075756884180009304 0.0860198587179184
v -0.040229082107543924 0.0075756884180009304 0.0860198587179184
v -0.0345025137066841 0.005691879428923126 0.09033890068531036
v -0.027500925585627542 0.018822371959686265 0.07927154749631882
v -0.040229082107543924 0.0075756884180009304 0.0860198587179184
v -0.027500925585627542 0.018822371959686265 0.07927154749631882
v -0.034160751849412904 0.02190186269581316 0.07481026649475098
v -0.034160751849412904 0.02190186269581316 0.07481026649475098
v -0.027500925585627542 0.018822371959686265 0.07927154749631882
v -0.027591839432716356 0.027448443695902804 0.07205545902252197
v -0.034160751849412904 0.02190186269581316 0.07481026649475098
v -0.027591839432716356 0.027448443695902804 0.07205545902252197
v -0.028786433860659585 0.045881118625402416 0.05742691084742546
v -0.028786433860659585 0.045881118625402416 0.05742691084742546
v -0.027591839432716356 0.027448443695902804 0.07205545902252197
v -0.021690456196665753 0.05064796283841129 0.05563484877347946
v -0.028786433860659585 0.045881118625402416 0.05742691084742546
v -0.021690456196665753 0.05064796283841129 0.05563484877347946
v -0.02970207110047339 0.05524605885148044 0.04954167455434799
v -0.02970207110047339 0.05524605885148044 0.04954167455434799
v -0.021690456196665753 0.05064796283841129 0.05563484877347946
v -0.022414015606045713 0.05971887707710261 0.04810606688261032
v -0.02970207110047339 0.05524605885148044 0.04954167455434799
v -0.022414015606045713 0.05971887707710261 0.04810606688261032
v -0.030673164874315248 0.06413500010967249 0.040690258145332336
v -0.030673164874315248 0.06413500010967249 0.040690258145332336
v -0.022414015606045713 0.05971887707710261 0.04810606688261032
v -0.023177159950137128 0.06823101639747614 0.03960020840167999
v -0.030673164874315248 0.06413500010967249 0.040690258145332336
v -0.023177159950137128 0.06823101639747614 0.03960020840167999
v -0.03154531121253966 0.07144904136657709 0.030496871098876
v -0.03154531121253966 0.07144904136657709 0.030496871098876
v -0.023177159950137128 0.06823101639747614 0.03960020840167999
v -0.02385532669723033 0.07513678818941111 0.02975291945040226
v -0.032921351492404924 0.07877340167760843 0.0
v -0.038360185921192155 0.07636766135692591 0.0
v -0.03281995281577109 0.07818707078695292 0.008818247355520725
v -0.03281995281577109 0.07818707078695292 0.008818247355520725
v -0.038360185921192155 0.07636766135692591 0.0
v -0.040452297776937464 0.07433863729238505 0.009094826877117157
v -0.03281995281577109 0.07818707078695292 0.008818247355520725
v -0.040452297776937464 0.07433863729238505 0.009094826877117157
v -0.03226216137409209 0.07601518929004664 0.019581766799092293
v -0.03226216137409209 0.07601518929004664 0.019581766799092293
v -0.040452297776937464 0.07433863729238505 0.009094826877117157
v -0.039782363921403864 0.07182485610246653 0.020099835470318794
v -0.03226216137409209 0.07601518929004664 0.019581766799092293
v -0.039782363921403864 0.07182485610246653 0.020099835470318794
v -0.031919624656438814 0.07409321516752237 0.025052636861801147
v -0.031919624656438814 0.07409321516752237 0.025052636861801147
v -0.039782363921403864 0.07182485610246653 0.020099835470318794
v -0.03889904916286467 0.06688658148050303 0.03128618001937866
v -0.04055185243487356 0.07512249797582621 0.0
v -0.045870013535022715 0.0721010416746139 0.0
v -0.040452297776937464 0.07433863729238505 0.009094826877117157
v -0.040452297776937464 0.07433863729238505 0.009094826877117157
v -0.045870013535022715 0.0721010416746139 0.0
v -0.04767008125782011 0.06972905993461603 0.009415029548108578
v -0.040452297776937464 0.07433863729238505 0.009094826877117157
v -0.04767008125782011 0.06972905993461603 0.009415029548108578
v -0.039782363921403864 0.07182485610246653 0.020099835470318794
v -0.039782363921403864 0.07182485610246653 0.020099835470318794
v -0.04767008125782011 0.06972905993461603 0.009415029548108578
v -0.04687444865703581 0.06683888286352152 0.02068338543176651
v -0.039782363921403864 0.07182485610246653 0.020099835470318794
v -0.04687444865703581 0.06683888286352152 0.02068338543176651
v -0.03889904916286467 0.06688658148050303 0.03128618001937866
v -0.03889904916286467 0.06688658148050303 0.03128618001937866
v -0.04687444865703581 0.06683888286352152 0.02068338543176651
v -0.045811519026756266 0.06152664124965663 0.03212552145123482
v -0.03889904916286467 0.06688658148050303 0.03128618001937866
v -0.045811519026756266 0.06152664124965663 0.03212552145123482
v -0.03783386200666426 0.05921922251582141 0.04179789498448372
v -0.03783386200666426 0.05921922251582141 0.04179789498448372
v -0.045811519026756266 0.06152664124965663 0.03212552145123482
v -0.04454815015196798 0.05356209352612491 0.04293441027402878
v -0.03783386200666426 0.05921922251582141 0.04179789498448372
v -0.04454815015196798 0.05356209352612491 0.04293441027402878
v -0.03666507452726363 0.05004075914621349 0.050999969244003296
v -0.03666507452726363 0.05004075914621349 0.050999969244003296
v -0.04454815015196798 0.05356209352612491 0.04293441027402878
v -0.04318648204207418 0.044177122414112056 0.052494339644908905
v -0.03666507452726363 0.05004075914621349 0.050999969244003296
v -0.04318648204207418 0.044177122414112056 0.052494339644908905
v -0.035571772605180726 0.04047043249011036 0.05927428603172302
v -0.035571772605180726 0.04047043249011036 0.05927428603172302
v -0.04318648204207418 0.044177122414112056 0.052494339644908905
v -0.041925493627786616 0.03448429331183431 0.06118863821029663
v -0.035571772605180726 0.04047043249011036 0.05927428603172302
v -0.041925493627786616 0.03448429331183431 0.06118863821029663
v -0.040320124477148035 0.0159303806722164 0.07772937417030334
v -0.02385532669723033 0.07513678818941111 0.02975291945040226
v -0.031919624656438814 0.07409321516752237 0.025052636861801147
v -0.03154531121253966 0.07144904136657709 0.030496871098876
v -0.03154531121253966 0.07144904136657709 0.030496871098876
v -0.031919624656438814 0.07409321516752237 0.025052636861801147
v -0.03889904916286467 0.06688658148050303 0.03128618001937866
v -0.03154531121253966 0.07144904136657709 0.030496871098876
v -0.03889904916286467 0.06688658148050303 0.03128618001937866
v -0.030673164874315248 0.06413500010967249 0.040690258145332336
v -0.030673164874315248 0.06413500010967249 0.040690258145332336
v -0.03889904916286467 0.06688658148050303 0.03128618001937866
v -0.03783386200666426 0.05921922251582141 0.04179789498448372
v -0.030673164874315248 0.06413500010967249 0.040690258145332336
v -0.03783386200666426 0.05921922251582141 0.04179789498448372
v -0.02970207110047339 0.05524605885148044 0.04954167455434799
v -0.02970207110047339 0.05524605885148044 0.04954167455434799
v -0.03783386200666426 0.05921922251582141 0.04179789498448372
v -0.03666507452726363 0.05004075914621349 0.050999969244003296
v -0.02970207110047339 0.05524605885148044 0.04954167455434799
v -0.03666507452726363 0.05004075914621349 0.050999969244003296
v -0.028786433860659585 0.045881118625402416 0.05742691084742546
v -0.028786433860659585 0.045881118625402416 0.05742691084742546
v -0.03666507452726363 0.05004075914621349 0.050999969244003296
v -0.035571772605180726 0.04047043249011036 0.05927428603172302
v -0.028786433860659585 0.045881118625402416 0.05742691084742546
v -0.035571772605180726 0.04047043249011036 0.05927428603172302
v -0.034160751849412904 0.02190186269581316 0.07481026649475098
v -0.034160751849412904 0.02190186269581316 0.07481026649475098
v -0.035571772605180726 0.04047043249011036 0.05927428603172302
v -0.040320124477148035 0.0159303806722164 0.07772937417030334
v -0.034160751849412904 0.02190186269581316 0.07481026649475098
v -0.040320124477148035 0.0159303806722164 0.07772937417030334
v -0.040229082107543924 0.0075756884180009304 0.0860198587179184
v -0.040229082107543924 0.0075756884180009304 0.0860198587179184
v -0.040320124477148035 0.0159303806722164 0.07772937417030334
v -0.04596037417650221 0.009595686569809907 0.08080913871526718
v -0.040229082107543924 0.0075756884180009304 0.0860198587179184
v -0.04596037417650221 0.009595686569809907 0.08080913871526718
v -0.05094756558537481 -0.004864871501922604 0.09361003339290619
v -0.05094756558537481 -0.004864871501922604 0.09361003339290619
v -0.04596037417650221 0.009595686569809907 0.08080913871526718
v -0.05100964009761808 0.002967619104310868 0.08403780311346054
v -0.05094756558537481 -0.004864871501922604 0.09361003339290619
v -0.05100964009761808 0.002967619104310868 0.08403780311346054
v -0.05915827676653859 -0.010882395319640628 0.09088794142007828
v -0.051726214587688425 0.011720594950020305 0.07462453097105026
v -0.046625830233097056 0.01852525025606154 0.07200819253921509
v -0.052951086312532404 0.021101560443639738 0.0652453601360321
v -0.052951086312532404 0.021101560443639738 0.0652453601360321
v -0.046625830233097056 0.01852525025606154 0.07200819253921509
v -0.04774191603064535 0.02799900807440279 0.06317802518606186
v -0.052951086312532404 0.021101560443639738 0.0652453601360321
v -0.04774191603064535 0.02799900807440279 0.06317802518606186
v -0.05452858656644819 0.030817046761512732 0.05563140660524368
v -0.05452858656644819 0.030817046761512732 0.05563140660524368
v -0.04774191603064535 0.02799900807440279 0.06317802518606186
v -0.04916398972272871 0.037737809121608706 0.054035734385252
v -0.05452858656644819 0.030817046761512732 0.05563140660524368
v -0.04916398972272871 0.037737809121608706 0.054035734385252
v -0.05627418309450147 0.040384732186794246 0.0453312061727047
v -0.05627418309450147 0.040384732186794246 0.0453312061727047
v -0.04916398972272871 0.037737809121608706 0.054035734385252
v -0.0507177375257015 0.04725083336234089 0.04410967975854874
v -0.05627418309450147 0.040384732186794246 0.0453312061727047
v -0.0507177375257015 0.04725083336234089 0.04410967975854874
v -0.057961761951446505 0.04877005144953724 0.03396948054432869
v -0.057961761951446505 0.04877005144953724 0.03396948054432869
v -0.0507177375257015 0.04725083336234089 0.04410967975854874
v -0.052188631147146204 0.05545511469244953 0.03301900625228882
v -0.057961761951446505 0.04877005144953724 0.03396948054432869
v -0.052188631147146204 0.05545511469244953 0.03301900625228882
v -0.05943809449672696 0.05478944629430767 0.02204061485826969
v -0.05943809449672696 0.05478944629430767 0.02204061485826969
v -0.052188631147146204 0.05545511469244953 0.03301900625228882
v -0.05344935134053228 0.0611316859722137 0.021330948919057846
v -0.05943809449672696 0.05478944629430767 0.02204061485826969
v -0.05344935134053228 0.0611316859722137 0.021330948919057846
v -0.0605489797890186 0.05846659094095225 0.010178174823522568
v -0.0605489797890186 0.05846659094095225 0.010178174823522568
v -0.05344935134053228 0.0611316859722137 0.021330948919057846
v -0.05439161509275434 0.0644156783819198 0.009776820428669453
v -0.0605489797890186 0.05846659094095225 0.010178174823522568
v -0.05439161509275434 0.0644156783819198 0.009776820428669453
v -0.05929951742291448 0.06151990965008731 0.0
v -0.05929951742291448 0.06151990965008731 0.0
v -0.05439161509275434 0.0644156783819198 0.009776820428669453
v -0.054545022547245005 0.06566984951496119 0.0
v -0.016770517453551285 0.0837182626128196 0.0
v -0.022407179698348035 0.08248405903577798 0.0
v -0.016671136021614068 0.08341465890407555 0.008405967615544796
v -0.016671136021614068 0.08341465890407555 0.008405967615544796
v -0.022407179698348035 0.08248405903577798 0.0
v -0.024860667064785947 0.0812238156795501 0.008587554097175598
v -0.016671136021614068 0.08341465890407555 0.008405967615544796
v -0.024860667064785947 0.0812238156795501 0.008587554097175598
v -0.01634134724736213 0.08176356554031365 0.01874849572777748
v -0.01634134724736213 0.08176356554031365 0.01874849572777748
v -0.024860667064785947 0.0812238156795501 0.008587554097175598
v -0.024411557242274274 0.07934345304965967 0.019130650907754898
v -0.01634134724736213 0.08176356554031365 0.01874849572777748
v -0.024411557242274274 0.07934345304965967 0.019130650907754898
v -0.01615283824503421 0.0801644623279571 0.02393980510532856
v -0.01615283824503421 0.0801644623279571 0.02393980510532856
v -0.024411557242274274 0.07934345304965967 0.019130650907754898
v -0.024144724011421193 0.07759279012680048 0.02446642331779003
v -0.01615283824503421 0.0801644623279571 0.02393980510532856
v -0.024144724011421193 0.07759279012680048 0.02446642331779003
v -0.01595059968531131 0.07789517194032664 0.02904871106147766
v -0.01595059968531131 0.07789517194032664 0.02904871106147766
v -0.024144724011421193 0.07759279012680048 0.02446642331779003
v -0.02385532669723033 0.07513678818941111 0.02975291945040226
v -0.01595059968531131 0.07789517194032664 0.02904871106147766
v -0.02385532669723033 0.07513678818941111 0.02975291945040226
v -0.015476220287382596 0.07145220041275019 0.03851323202252388
v -0.015476220287382596 0.07145220041275019 0.03851323202252388
v -0.02385532669723033 0.07513678818941111 0.02975291945040226
v -0.023177159950137128 0.06823101639747614 0.03960020840167999
v -0.015476220287382596 0.07145220041275019 0.03851323202252388
v -0.023177159950137128 0.06823101639747614 0.03960020840167999
v -0.01493890862911939 0.06340793520212168 0.04667363688349724
v -0.01493890862911939 0.06340793520212168 0.04667363688349724
v -0.023177159950137128 0.06823101639747614 0.03960020840167999
v -0.022414015606045713 0.05971887707710261 0.04810606688261032
v -0.01493890862911939 0.06340793520212168 0.04667363688349724
v -0.022414015606045713 0.05971887707710261 0.04810606688261032
v -0.014427814632654183 0.05472389981150623 0.0538770854473114
v -0.014427814632654183 0.05472389981150623 0.0538770854473114
v -0.022414015606045713 0.05971887707710261 0.04810606688261032
v -0.021690456196665753 0.05064796283841129 0.05563484877347946
v -0.014427814632654183 0.05472389981150623 0.0538770854473114
v -0.021690456196665753 0.05064796283841129 0.05563484877347946
v -0.01375249866396188 0.037060245871543857 0.06701347976922989
v -0.01375249866396188 0.037060245871543857 0.06701347976922989
v -0.021690456196665753 0.05064796283841129 0.05563484877347946
v -0.027591839432716356 0.027448443695902804 0.07205545902252197
v -0.01375249866396188 0.037060245871543857 0.06701347976922989
v -0.027591839432716356 0.027448443695902804 0.07205545902252197
v -0.013692467473447316 0.028470611199736574 0.0734148919582367
v -0.013692467473447316 0.028470611199736574 0.0734148919582367
v -0.027591839432716356 0.027448443695902804 0.07205545902252197
v -0.027500925585627542 0.018822371959686265 0.07927154749631882
v -0.013692467473447316 0.028470611199736574 0.0734148919582367
v -0.027500925585627542 0.018822371959686265 0.07927154749631882
v -0.013874793425202363 0.02025822736322878 0.07987231016159058
v -0.013874793425202363 0.02025822736322878 0.07987231016159058
v -0.027500925585627542 0.018822371959686265 0.07927154749631882
v -0.02785195782780646 0.010884216986596576 0.08655383437871933
v -0.013874793425202363 0.02025822736322878 0.07987231016159058
v -0.02785195782780646 0.010884216986596576 0.08655383437871933
v -0.02156195230782031 0.008439549244940274 0.08997569978237152
v -0.02156195230782031 0.008439549244940274 0.08997569978237152
v -0.02785195782780646 0.010884216986596576 0.08655383437871933
v -0.028671480715274797 0.003960568923503157 0.09388444572687149
v -0.02156195230782031 0.008439549244940274 0.08997569978237152
v -0.028671480715274797 0.003960568923503157 0.09388444572687149
v -0.029878046363592134 -0.001521924277767538 0.10111434012651443
v -0.029878046363592134 -0.001521924277767538 0.10111434012651443
v -0.028671480715274797 0.003960568923503157 0.09388444572687149
v -0.03695985674858092 -0.005518944934010501 0.1058053970336914
v -0.029878046363592134 -0.001521924277767538 0.10111434012651443
v -0.03695985674858092 -0.005518944934010501 0.1058053970336914
v -0.031231166794896112 -0.005171842873096462 0.1080114021897316
v -0.031231166794896112 -0.005171842873096462 0.1080114021897316
v -0.03695985674858092 -0.005518944934010501 0.1058053970336914
v -0.03777721151709555 -0.007111484184861178 0.1094374731183052
v -0.031231166794896112 -0.005171842873096462 0.1080114021897316
v -0.03777721151709555 -0.007111484184861178 0.1094374731183052
v -0.03858510404825209 -0.008139386773109429 0.11288971453905106
v -0.03858510404825209 -0.008139386773109429 0.11288971453905106
v -0.03777721151709555 -0.007111484184861178 0.1094374731183052
v -0.044583842158317545 -0.01076030544936656 0.11472982168197632
v -0.03858510404825209 -0.008139386773109429 0.11288971453905106
v -0.044583842158317545 -0.01076030544936656 0.11472982168197632
v -0.04552125930786131 -0.011218535713851443 0.11827900260686874
v -0.04552125930786131 -0.011218535713851443 0.11827900260686874
v -0.044583842158317545 -0.01076030544936656 0.11472982168197632
v -0.05087635293602941 -0.014515320770442474 0.12045422941446304
v -0.04552125930786131 -0.011218535713851443 0.11827900260686874
v -0.05087635293602941 -0.014515320770442474 0.12045422941446304
v -0.05194164440035818 -0.014388224110007276 0.12413585186004639
v -0.05194164440035818 -0.014388224110007276 0.12413585186004639
v -0.05087635293602941 -0.014515320770442474 0.12045422941446304
v -0.05658181756734845 -0.018349418416619287 0.12655839323997498
v -0.05194164440035818 -0.014388224110007276 0.12413585186004639
v -0.05658181756734845 -0.018349418416619287 0.12655839323997498
v -0.05777389928698537 -0.01762609742581843 0.13040468096733093
v -0.05777389928698537 -0.01762609742581843 0.13040468096733093
v -0.05658181756734845 -0.018349418416619287 0.12655839323997498
v -0.061641357839107486 -0.02223472483456133 0.13298705220222473
v -0.05777389928698537 -0.01762609742581843 0.13040468096733093
v -0.061641357839107486 -0.02223472483456133 0.13298705220222473
v -0.06295861303806302 -0.020909143611788732 0.1370268017053604
v -0.06295861303806302 -0.020909143611788732 0.1370268017053604
v -0.061641357839107486 -0.02223472483456133 0.13298705220222473
v -0.06602307409048078 -0.026142135262489298 0.13968411087989807
v -0.06295861303806302 -0.020909143611788732 0.1370268017053604
v -0.06602307409048078 -0.026142135262489298 0.13968411087989807
v -0.06746129691600797 -0.024213071912527067 0.14394208788871765
v -0.06746129691600797 -0.024213071912527067 0.14394208788871765
v -0.06602307409048078 -0.026142135262489298 0.13968411087989807
v -0.06970640271902082 -0.0300424341112375 0.14659549295902252
v -0.06746129691600797 -0.024213071912527067 0.14394208788871765
v -0.06970640271902082 -0.0300424341112375 0.14659549295902252
v -0.07125808298587796 -0.027513327077031115 0.15109215676784515
v -0.07125808298587796 -0.027513327077031115 0.15109215676784515
v -0.06970640271902082 -0.0300424341112375 0.14659549295902252
v -0.07268922030925748 -0.03390694409608838 0.1536746621131897
v -0.07125808298587796 -0.027513327077031115 0.15109215676784515
v -0.07268922030925748 -0.03390694409608838 0.1536746621131897
v -0.07434254884719846 -0.030785355716943717 0.15842510759830475
v -0.07434254884719846 -0.030785355716943717 0.15842510759830475
v -0.07268922030925748 -0.03390694409608838 0.1536746621131897
v -0.07497535645961759 -0.03770783171057698 0.1608799397945404
v -0.07434254884719846 -0.030785355716943717 0.15842510759830475
v -0.07497535645961759 -0.03770783171057698 0.1608799397945404
v -0.0767140835523605 -0.03400511294603345 0.16589343547821045
v -0.0767140835523605 -0.03400511294603345 0.16589343547821045
v -0.07497535645961759 -0.03770783171057698 0.1608799397945404
v -0.0765753164887428 -0.04141962900757786 0.16818024218082428
v -0.0767140835523605 -0.03400511294603345 0.16589343547821045
v -0.0765753164887428 -0.04141962900757786 0.16818024218082428
v -0.07837912440299984 -0.03715018555521962 0.17345917224884033
v -0.07837912440299984 -0.03715018555521962 0.17345917224884033
v -0.0765753164887428 -0.04141962900757786 0.16818024218082428
v -0.07749988883733747 -0.0450181849300861 0.17554908990859985
v -0.07837912440299984 -0.03715018555521962 0.17345917224884033
v -0.07749988883733747 -0.0450181849300861 0.17554908990859985
v -0.07934491336345668 -0.040199138224124874 0.18108847737312317
v -0.07934491336345668 -0.040199138224124874 0.18108847737312317
v -0.07749988883733747 -0.0450181849300861 0.17554908990859985
v -0.0790866836905479 -0.0445025451481342 0.18642982840538025
v -0.07934491336345668 -0.040199138224124874 0.18108847737312317
v -0.0790866836905479 -0.0445025451481342 0.18642982840538025
v -0.079399861395359 -0.043489124625921215 0.187343567609787
v -0.0477849096059799 0.0707415491342544 0.0
v -0.05287317931652067 0.0671291053295135 0.0
v -0.04767008125782011 0.06972905993461603 0.009415029548108578
v -0.04767008125782011 0.06972905993461603 0.009415029548108578
v -0.05287317931652067 0.0671291053295135 0.0
v -0.05439161509275434 0.0644156783819198 0.009776820428669453
v -0.04767008125782011 0.06972905993461603 0.009415029548108578
v -0.05439161509275434 0.0644156783819198 0.009776820428669453
v -0.04687444865703581 0.06683888286352152 0.02068338543176651
v -0.04687444865703581 0.06683888286352152 0.02068338543176651
v -0.05439161509275434 0.0644156783819198 0.009776820428669453
v -0.05344935134053228 0.0611316859722137 0.021330948919057846
v -0.04687444865703581 0.06683888286352152 0.02068338543176651
v -0.05344935134053228 0.0611316859722137 0.021330948919057846
v -0.045811519026756266 0.06152664124965663 0.03212552145123482
v -0.045811519026756266 0.06152664124965663 0.03212552145123482
v -0.05344935134053228 0.0611316859722137 0.021330948919057846
v -0.052188631147146204 0.05545511469244953 0.03301900625228882
v -0.045811519026756266 0.06152664124965663 0.03212552145123482
v -0.052188631147146204 0.05545511469244953 0.03301900625228882
v -0.04454815015196798 0.05356209352612491 0.04293441027402878
v -0.04454815015196798 0.05356209352612491 0.04293441027402878
v -0.052188631147146204 0.05545511469244953 0.03301900625228882
v -0.0507177375257015 0.04725083336234089 0.04410967975854874
v -0.04454815015196798 0.05356209352612491 0.04293441027402878
v -0.0507177375257015 0.04725083336234089 0.04410967975854874
v -0.04318648204207418 0.044177122414112056 0.052494339644908905
v -0.04318648204207418 0.044177122414112056 0.052494339644908905
v -0.0507177375257015 0.04725083336234089 0.04410967975854874
v -0.04916398972272871 0.037737809121608706 0.054035734385252
v -0.04318648204207418 0.044177122414112056 0.052494339644908905
v -0.04916398972272871 0.037737809121608706 0.054035734385252
v -0.041925493627786616 0.03448429331183431 0.06118863821029663
v -0.041925493627786616 0.03448429331183431 0.06118863821029663
v -0.04916398972272871 0.037737809121608706 0.054035734385252
v -0.04774191603064535 0.02799900807440279 0.06317802518606186
v -0.041925493627786616 0.03448429331183431 0.06118863821029663
v -0.04774191603064535 0.02799900807440279 0.06317802518606186
v -0.040320124477148035 0.0159303806722164 0.07772937417030334
v -0.040320124477148035 0.0159303806722164 0.07772937417030334
v -0.04774191603064535 0.02799900807440279 0.06317802518606186
v -0.046625830233097056 0.01852525025606154 0.07200819253921509
v -0.040320124477148035 0.0159303806722164 0.07772937417030334
v -0.046625830233097056 0.01852525025606154 0.07200819253921509
v -0.04596037417650221 0.009595686569809907 0.08080913871526718
v -0.04596037417650221 0.009595686569809907 0.08080913871526718
v -0.046625830233097056 0.01852525025606154 0.07200819253921509
v -0.051726214587688425 0.011720594950020305 0.07462453097105026
v -0.04596037417650221 0.009595686569809907 0.08080913871526718
v -0.051726214587688425 0.011720594950020305 0.07462453097105026
v -0.05100964009761808 0.002967619104310868 0.08403780311346054
v -0.05100964009761808 0.002967619104310868 0.08403780311346054
v -0.051726214587688425 0.011720594950020305 0.07462453097105026
v -0.056174907833337756 0.004646664019674059 0.07734602689743042
v -0.05100964009761808 0.002967619104310868 0.08403780311346054
v -0.056174907833337756 0.004646664019674059 0.07734602689743042
v -0.05915827676653859 -0.010882395319640628 0.09088794142007828
v -0.05915827676653859 -0.010882395319640628 0.09088794142007828
v -0.056174907833337756 0.004646664019674059 0.07734602689743042
v -0.0599546283483505 -0.002616167301312087 0.080167256295681
v -0.05915827676653859 -0.010882395319640628 0.09088794142007828
v -0.0599546283483505 -0.002616167301312087 0.080167256295681
v -0.0655177682638168 -0.017405506223440156 0.08609957993030548
v -0.0655177682638168 -0.017405506223440156 0.08609957993030548
v -0.0599546283483505 -0.002616167301312087 0.080167256295681
v -0.06456279754638669 -0.0011756380554288617 0.07193034887313843
v -0.0655177682638168 -0.017405506223440156 0.08609957993030548
v -0.06456279754638669 -0.0011756380554288617 0.07193034887313843
v -0.06708793342113492 -0.008848816156387322 0.07433009892702103
v -0.06708793342113492 -0.008848816156387322 0.07433009892702103
v -0.06456279754638669 -0.0011756380554288617 0.07193034887313843
v -0.0688567832112312 0.01747803576290606 0.04933520406484604
v -0.06708793342113492 -0.008848816156387322 0.07433009892702103
v -0.0688567832112312 0.01747803576290606 0.04933520406484604
v -0.07165336608886716 0.00940122734755277 0.05080261826515198
v -0.07165336608886716 0.00940122734755277 0.05080261826515198
v -0.0688567832112312 0.01747803576290606 0.04933520406484604
v -0.0712095499038696 0.026049662381410578 0.03717939928174019
v -0.07165336608886716 0.00940122734755277 0.05080261826515198
v -0.0712095499038696 0.026049662381410578 0.03717939928174019
v -0.07420714944601056 0.017919531092047677 0.038371264934539795
v -0.07420714944601056 0.017919531092047677 0.038371264934539795
v -0.0712095499038696 0.026049662381410578 0.03717939928174019
v -0.07338983565568921 0.0328598544001579 0.02451355755329132
v -0.07420714944601056 0.017919531092047677 0.038371264934539795
v -0.07338983565568921 0.0328598544001579 0.02451355755329132
v -0.07660926133394239 0.024885809049010256 0.025438982993364334
v -0.07660926133394239 0.024885809049010256 0.025438982993364334
v -0.07338983565568921 0.0328598544001579 0.02451355755329132
v -0.07509415596723554 0.0375445522367954 0.011593518778681755
v -0.07660926133394239 0.024885809049010256 0.025438982993364334
v -0.07509415596723554 0.0375445522367954 0.011593518778681755
v -0.07850780338048931 0.029804263263940787 0.012123869732022285
v -0.07850780338048931 0.029804263263940787 0.012123869732022285
v -0.07509415596723554 0.0375445522367954 0.011593518778681755
v -0.079067550599575 0.03133196011185643 0.0052759284153580666
v -0.07850780338048931 0.029804263263940787 0.012123869732022285
v -0.079067550599575 0.03133196011185643 0.0052759284153580666
v -0.0817903876304626 0.023381331935524923 0.005576794967055321
v -0.0817903876304626 0.023381331935524923 0.005576794967055321
v -0.079067550599575 0.03133196011185643 0.0052759284153580666
v -0.08163572847843166 0.025288602337241152 0.0
v -0.0817903876304626 0.023381331935524923 0.005576794967055321
v -0.08163572847843166 0.025288602337241152 0.0
v -0.08195635676383968 0.024043023586273176 0.0
v 0.034160751849412904 0.02190186269581316 0.07481026649475098
v 0.040320124477148035 0.0159303806722164 0.07772937417030334
v 0.041925493627786616 0.03448429331183431 0.06118863821029663
v 0.02970207110047339 0.05524605885148044 0.04954167455434799
v 0.030673164874315248 0.06413500010967249 0.040690258145332336
v 0.023177159950137128 0.06823101639747614 0.03960020840167999
v 3.869621738653276e-15 0.0682013109326362 0.043588053435087204
v 3.870107935565e-15 0.060601335018873166 0.05023890361189842
v 0.007148275617510077 0.058074288070201825 0.052126701921224594
v 3.868976299547468e-15 0.07708536833524698 0.033603813499212265
v 3.869135541741552e-15 0.07497338205575937 0.03614211082458496
v 0.007705681957304474 0.07375682890415186 0.037412405014038086
v 0.04637894779443739 -0.011046691797673694 0.12154053896665573
v 0.04552125930786131 -0.011218535713851443 0.11827900260686874
v 0.03858510404825209 -0.008139386773109429 0.11288971453905106
v 0.02881347760558127 -0.006033661309629674 0.11556630581617355
v 0.03276205807924269 -0.0065365293994545885 0.11756260693073273
v 0.03237461671233176 -0.006718715652823443 0.1144646555185318
v 0.020722663030028333 -0.005105618387460704 0.11208853870630264
v 0.024795826524496068 -0.0055561843328177886 0.1137409508228302
v 0.02447998523712157 -0.005101602058857675 0.11036771535873413
v 0.035500977188348756 -0.0007699776906520122 0.09817101061344147
v 0.028671480715274797 0.003960568923503157 0.09388444572687149
v 0.029878046363592134 -0.001521924277767538 0.10111434012651443
v 0.013692467473447316 0.028470611199736574 0.0734148919582367
v 0.013874793425202363 0.02025822736322878 0.07987231016159058
v 0.02785195782780646 0.010884216986596576 0.08655383437871933
v 0.068291962146759 -0.046551100909709896 0.12709125876426697
v 0.06782194972038266 -0.04457983002066609 0.11992499232292175
v 0.06472168117761609 -0.03139406815171239 0.11067422479391098
v 0.061641357839107486 -0.02223472483456133 0.13298705220222473
v 0.06295861303806302 -0.020909143611788732 0.1370268017053604
v 0.06746129691600797 -0.024213071912527067 0.14394208788871765
v 0.07520983368158338 -0.006890134885907168 0.053984079509973526
v 0.07165336608886716 0.009401228278875344 0.05080261826515198
v 0.06708793342113492 -0.008848816156387322 0.07433009892702103
v 0.07600127905607221 -0.052119474858045536 0.17609088122844696
v 0.07588323950767514 -0.052372019737958866 0.17566610872745514
v 0.07563450187444684 -0.04883138090372082 0.1692534238100052
v 0.0737369358539581 -0.029240028932690596 0.06926023960113525
v 0.07624530047178266 -0.02219486236572264 0.05737416818737984
v 0.07520983368158338 -0.006890134885907168 0.053984079509973526
v 0.08430528640747066 0.014030614867806424 0.0
v 0.08390300720930095 0.015862558037042604 0.0
v 0.0837268233299255 0.015221863053739059 0.0058869533240795135
v 0.08246187120676036 0.022425333037972433 0.0
v 0.08193531632423397 0.02403296530246733 0.0
v 0.0817903876304626 0.023381331935524923 0.005576794501394033
v 0.06143557652831075 0.059385504573583554 0.0
v 0.06079583987593648 0.05998458713293071 0.0
v 0.0605489797890186 0.05846659094095225 0.010178174823522568
v 0.055197473615407916 0.06522721797227854 0.0
v 0.05457618832588194 0.06570195406675333 0.0
v 0.05439161509275434 0.0644156783819198 0.009776820428669453
v 0.04834579303860662 0.07046275585889811 0.0
v 0.04781942442059515 0.07078689336776728 0.0
v 0.04767008125782011 0.06972905993461603 0.009415029548108578
v 0.04103594273328779 0.074964128434658 0.0
v 0.04058721661567686 0.07518179714679712 0.0
v 0.040452297776937464 0.07433863729238505 0.009094825945794582
v 0.025329818949103345 0.08163292706012719 0.0
v 0.02499127946794032 0.08171996474266045 0.0
v 0.024860667064785947 0.0812238156795501 0.008587554097175598
v 0.05936640128493306 0.0 0.14097009599208832
v 0.060806725174188586 0.0 0.14250750839710236
v 0.0609549134969711 -0.003609955077990887 0.14215916395187378
v 0.0652227625250816 0.0 0.14722123742103577
v 0.06642571091651914 0.0 0.14879494905471802
v 0.06656011193990705 -0.003914811182767149 0.14852620661258698
v 0.08511056005954738 -3.7746114567305225e-10 0.1948958933353424
v 0.08549121767282482 -3.3274831778840028e-09 0.20248785614967346
v 0.08545706421136852 -0.0028293156065046766 0.20243479311466217
v 0.08511056005954738 -3.7746114567305225e-10 0.1948958933353424
v 0.08502716571092601 -0.00616482831537723 0.19471006095409393
v 0.08506185561418529 0.0 0.19392448663711548
v 0.08506185561418529 0.0 0.19392448663711548
v 0.08502716571092601 -0.00616482831537723 0.19471006095409393
v 0.08389108628034588 -0.005766832269728179 0.18642541766166687
v 0.08506185561418529 0.0 0.19392448663711548
v 0.08389108628034588 -0.005766832269728179 0.18642541766166687
v 0.08394628763198848 0.0 0.18657582998275757
v 0.08394628763198848 0.0 0.18657582998275757
v 0.08389108628034588 -0.005766832269728179 0.18642541766166687
v 0.08377493917942043 0.0 0.18544705212116241
v 0.08377493917942043 0.0 0.18544705212116241
v 0.08389108628034588 -0.005766832269728179 0.18642541766166687
v 0.08195350319147106 -0.005370513070374723 0.17827795445919037
v 0.08377493917942043 0.0 0.18544705212116241
v 0.08195350319147106 -0.005370513070374723 0.17827795445919037
v 0.08196948468685146 0.0 0.17841024696826935
v 0.08196948468685146 0.0 0.17841024696826935
v 0.08195350319147106 -0.005370513070374723 0.17827795445919037
v 0.08163982629775997 0.0 0.17712539434432983
v 0.08163982629775997 0.0 0.17712539434432983
v 0.08195350319147106 -0.005370513070374723 0.17827795445919037
v 0.07922875136137005 -0.004981559235602614 0.17034108936786652
v 0.08163982629775997 0.0 0.17712539434432983
v 0.07922875136137005 -0.004981559235602614 0.17034108936786652
v 0.0792024508118629 0.0 0.1704750508069992
v 0.07573548704385755 -0.004605659283697602 0.1626882553100586
v 0.07567036896944043 0.0 0.16284431517124176
v 0.07922875136137005 -0.004981559235602614 0.17034108936786652
v 0.07922875136137005 -0.004981559235602614 0.17034108936786652
v 0.07567036896944043 0.0 0.16284431517124176
v 0.07868088781833645 0.0 0.16905198991298676
v 0.07922875136137005 -0.004981559235602614 0.17034108936786652
v 0.07868088781833645 0.0 0.16905198991298676
v 0.0792024508118629 0.0 0.1704750508069992
v 0.06656011193990705 -0.003914811182767149 0.14852620661258698
v 0.06642571091651914 0.0 0.14879494905471802
v 0.07150159776210782 -0.0042483047582209076 0.15539249777793884
v 0.06642571091651914 0.0 0.14879494905471802
v 0.07046516984701154 0.0 0.1540793776512146
v 0.07150159776210782 -0.0042483047582209076 0.15539249777793884
v 0.07150159776210782 -0.0042483047582209076 0.15539249777793884
v 0.07046516984701154 0.0 0.1540793776512146
v 0.07139779627323148 0.0 0.15559430420398712
v 0.07150159776210782 -0.0042483047582209076 0.15539249777793884
v 0.07139779627323148 0.0 0.15559430420398712
v 0.07573548704385755 -0.004605659283697602 0.1626882553100586
v 0.07573548704385755 -0.004605659283697602 0.1626882553100586
v 0.07139779627323148 0.0 0.15559430420398712
v 0.07496238499879834 0.0 0.1613844633102417
v 0.07573548704385755 -0.004605659283697602 0.1626882553100586
v 0.07496238499879834 0.0 0.1613844633102417
v 0.07567036896944043 0.0 0.16284431517124176
v 0.04796343296766279 -0.003103678580373523 0.13118787109851837
v 0.04070518910884855 -0.002910144394263623 0.1267031878232956
v 0.0405888110399246 0.0 0.12734845280647278
v 0.0405888110399246 0.0 0.12734845280647278
v 0.04593820497393606 0.0 0.13038834929466248
v 0.04796343296766279 -0.003103678580373523 0.13118787109851837
v 0.04796343296766279 -0.003103678580373523 0.13118787109851837
v 0.04593820497393606 0.0 0.13038834929466248
v 0.04782564193010328 0.0 0.13172826170921326
v 0.04796343296766279 -0.003103678580373523 0.13118787109851837
v 0.04782564193010328 0.0 0.13172826170921326
v 0.0547356270253658 -0.0033382419496774647 0.13635912537574768
v 0.0547356270253658 -0.0033382419496774647 0.13635912537574768
v 0.04782564193010328 0.0 0.13172826170921326
v 0.052937790751457194 0.0 0.13535743951797485
v 0.0547356270253658 -0.0033382419496774647 0.13635912537574768
v 0.052937790751457194 0.0 0.13535743951797485
v 0.054587796330451945 0.0 0.13679800927639008
v 0.032951597124338136 0.0 0.12370061874389648
v 0.03300114721059798 -0.0006114104180596765 0.12360291182994843
v 0.030638340860605226 0.0 0.12267720699310303
v 0.030638340860605226 0.0 0.12267720699310303
v 0.03300114721059798 -0.0006114104180596765 0.12360291182994843
v 0.02502465434372424 -0.0005401404341682787 0.12072134763002396
v 0.030638340860605226 0.0 0.12267720699310303
v 0.02502465434372424 -0.0005401404341682787 0.12072134763002396
v 0.024988915771245946 0.0 0.12082872539758682
v 0.024988915771245946 0.0 0.12082872539758682
v 0.02502465434372424 -0.0005401404341682787 0.12072134763002396
v 0.02247866801917552 0.0 0.12000737339258194
v 0.02247866801917552 0.0 0.12000737339258194
v 0.02502465434372424 -0.0005401404341682787 0.12072134763002396
v 0.016807822510600083 -0.00048783572856336794 0.11864451318979263
v 0.02247866801917552 0.0 0.12000737339258194
v 0.016807822510600083 -0.00048783572856336794 0.11864451318979263
v 0.01678479462862014 0.0 0.11876021325588226
v 0.01678479462862014 0.0 0.11876021325588226
v 0.016807822510600083 -0.00048783572856336794 0.11864451318979263
v 0.014056976884603493 0.0 0.11816272139549255
v 0.014056976884603493 0.0 0.11816272139549255
v 0.016807822510600083 -0.00048783572856336794 0.11864451318979263
v 0.008436936885118481 -0.00045618557487614415 0.11739334464073181
v 0.014056976884603493 0.0 0.11816272139549255
v 0.008436936885118481 -0.00045618557487614415 0.11739334464073181
v 0.008425818756222721 0.0 0.11751211434602737
v 0.008425818756222721 0.0 0.11751211434602737
v 0.008436936885118481 -0.00045618557487614415 0.11739334464073181
v 0.005536107812076804 0.0 0.11717824637889862
v 0.005536107812076804 0.0 0.11717824637889862
v 0.008436936885118481 -0.00045618557487614415 0.11739334464073181
v 3.8748826602886725e-15 -0.0004420272016432133 0.11693832278251648
v 0.005536107812076804 0.0 0.11717824637889862
v 3.8748826602886725e-15 -0.0004420272016432133 0.11693832278251648
v 3.874927553034877e-15 2.0376665036282005e-15 0.11699966341257095
v 0.00855070166289806 0.08505792170763009 0.0
v 0.008430792018771168 0.0850639417767524 -3.8922683870710667e-19
v 0.008350750431418415 0.08473436534404748 0.00827702321112156
v 0.008350750431418415 0.08473436534404748 0.00827702321112156
v 0.008430792018771168 0.0850639417767524 -3.8922683870710667e-19
v 3.870374750943385e-15 0.08548736572265618 -2.7755575615628914e-17
v 0.03335914760828017 0.07868807017803187 0.0
v 0.03295126557350157 0.0788376629352569 0.0
v 0.03281995281577109 0.07818707078695292 0.008818247355520725
v 0.03281995281577109 0.07818707078695292 0.008818247355520725
v 0.03295126557350157 0.0788376629352569 0.0
v 0.025329818949103345 0.08163292706012719 0.0
v 0.06143557652831075 0.059385504573583554 0.0
v 0.0605489797890186 0.05846659094095225 0.010178174823522568
v 0.06641354411840436 0.05368669703602787 0.0
v 0.07207438349723813 0.045894172042608226 0.0
v 0.0713786035776138 0.046873718500137294 0.0
v 0.07134796679019925 0.046305675059556926 0.004712990950793028
v 0.07134796679019925 0.046305675059556926 0.004712990950793028
v 0.0713786035776138 0.046873718500137294 0.0
v 0.06708638370037076 0.052916422486305195 0.0
v 0.07557731866836545 0.03899834305047986 0.004987132269889116
v 0.07564825564622876 0.039614737033843966 0.0
v 0.07207438349723813 0.045894172042608226 0.0
v 0.07977660745382305 0.030623791739344573 0.0
v 0.07917733490467067 0.03197610750794408 0.0
v 0.079067550599575 0.03133196011185643 0.005275927949696779
v 0.079067550599575 0.03133196011185643 0.005275927949696779
v 0.07917733490467067 0.03197610750794408 0.0
v 0.07629908621311185 0.038471203297376605 0.0
v 0.08505937457084652 0.007540789898484939 0.0
v 0.08486220240592952 0.006929016206413502 0.006203623954206705
v 0.08529276400804515 0.005532265175133939 0.0
v 0.08529276400804515 0.005532265175133939 0.0
v 0.08486220240592952 0.006929016206413502 0.006203623954206705
v 0.08532352000474926 -0.00035701240994967493 0.004289383068680763
v 0.08529276400804515 0.005532265175133939 0.0
v 0.08532352000474926 -0.00035701240994967493 0.004289383068680763
v 0.08547556400299068 -4.893750156043093e-05 -7.114848155076459e-10
v 0.0844616591930389 -0.0021624159999191744 0.014056812971830368
v 0.08480103313922878 -0.0014389901189133514 0.011232675984501839
v 0.08414446562528606 0.0053619751706719355 0.013829807750880718
v 0.08414446562528606 0.0053619751706719355 0.013829807750880718
v 0.08480103313922878 -0.0014389901189133514 0.011232675984501839
v 0.08511933684349056 -0.0007798362639732652 0.007002738304436207
v 0.08414446562528606 0.0053619751706719355 0.013829807750880718
v 0.08511933684349056 -0.0007798362639732652 0.007002738304436207
v 0.08486220240592952 0.006929016206413502 0.006203623954206705
v 0.08486220240592952 0.006929016206413502 0.006203623954206705
v 0.08511933684349056 -0.0007798362639732652 0.007002738304436207
v 0.08515873551368709 -0.0006982506019994611 0.0064791846089065075
v 0.08486220240592952 0.006929016206413502 0.006203623954206705
v 0.08515873551368709 -0.0006982506019994611 0.0064791846089065075
v 0.08532352000474926 -0.00035701240994967493 0.004289383068680763
v 0.08310419321060177 0.003052217885851858 0.02125023677945137
v 0.08391970396041866 -0.0033176564611494515 0.018566682934761047
v 0.08414446562528606 0.0053619751706719355 0.013829807750880718
v 0.08414446562528606 0.0053619751706719355 0.013829807750880718
v 0.08391970396041866 -0.0033176564611494515 0.018566682934761047
v 0.08442764729261394 -0.0022349141072481853 0.01433983352035284
v 0.08414446562528606 0.0053619751706719355 0.013829807750880718
v 0.08442764729261394 -0.0022349141072481853 0.01433983352035284
v 0.0844616591930389 -0.0021624159999191744 0.014056812971830368
v 0.08052157610654827 -0.011052933521568767 0.037449102848768234
v 0.08210201561450954 -0.007380803581327194 0.029395177960395813
v 0.0818422213196754 0.00015398704272229214 0.028455719351768494
v 0.0818422213196754 0.00015398704272229214 0.028455719351768494
v 0.08210201561450954 -0.007380803581327194 0.029395177960395813
v 0.0824739038944244 -0.0065167220309376665 0.027500025928020477
v 0.0818422213196754 0.00015398704272229214 0.028455719351768494
v 0.0824739038944244 -0.0065167220309376665 0.027500025928020477
v 0.08310419321060177 0.003052217885851858 0.02125023677945137
v 0.08310419321060177 0.003052217885851858 0.02125023677945137
v 0.0824739038944244 -0.0065167220309376665 0.027500025928020477
v 0.08336833119392391 -0.004537662956863638 0.02197353169322014
v 0.08310419321060177 0.003052217885851858 0.02125023677945137
v 0.08336833119392391 -0.004537662956863638 0.02197353169322014
v 0.08391970396041866 -0.0033176564611494515 0.018566682934761047
v 0.07897273451089855 -0.006896607112139458 0.04233340546488762
v 0.07918714731931682 -0.014370672404766072 0.04360479861497879
v 0.08016815036535259 -0.011931646615266791 0.0390794575214386
v 0.07624530047178266 -0.02219486236572264 0.05737416818737984
v 0.07749348878860471 -0.018689118325710283 0.05145953968167305
v 0.07520983368158338 -0.006890134885907168 0.053984079509973526
v 0.07520983368158338 -0.006890134885907168 0.053984079509973526
v 0.07749348878860471 -0.018689118325710283 0.05145953968167305
v 0.07782708108425138 -0.017752155661582933 0.049878764897584915
v 0.07520983368158338 -0.006890134885907168 0.053984079509973526
v 0.07782708108425138 -0.017752155661582933 0.049878764897584915
v 0.07918714731931682 -0.014370672404766072 0.04360479861497879
v 0.0710996016860008 -0.03824603185057637 0.08483073860406876
v 0.07135870307683942 -0.03718819841742513 0.08286552876234055
v 0.070244126021862 -0.02413349784910677 0.07944153994321823
v 0.070244126021862 -0.02413349784910677 0.07944153994321823
v 0.07135870307683942 -0.03718819841742513 0.08286552876234055
v 0.07259006798267362 -0.03307291492819783 0.07582118362188339
v 0.070244126021862 -0.02413349784910677 0.07944153994321823
v 0.07259006798267362 -0.03307291492819783 0.07582118362188339
v 0.0737369358539581 -0.029240028932690596 0.06926023960113525
v 0.0710996016860008 -0.03824603185057637 0.08483073860406876
v 0.070244126021862 -0.02413349784910677 0.07944153994321823
v 0.07065454870462415 -0.040063079446554156 0.08820638805627823
v 0.07065454870462415 -0.040063079446554156 0.08820638805627823
v 0.070244126021862 -0.02413349784910677 0.07944153994321823
v 0.06857997179031369 -0.03211542218923566 0.09245549887418747
v 0.07065454870462415 -0.040063079446554156 0.08820638805627823
v 0.06857997179031369 -0.03211542218923566 0.09245549887418747
v 0.06985276937484738 -0.04333655536174771 0.09428773820400238
v 0.06852729618549344 -0.05199868232011791 0.11380770057439804
v 0.06894502788782117 -0.048248000442981685 0.10458429902791977
v 0.06771267205476758 -0.03910289704799649 0.10592995584011078
v 0.06771267205476758 -0.03910289704799649 0.10592995584011078
v 0.06894502788782117 -0.048248000442981685 0.10458429902791977
v 0.06926550716161725 -0.04651401564478871 0.10094910115003586
v 0.06771267205476758 -0.03910289704799649 0.10592995584011078
v 0.06926550716161725 -0.04651401564478871 0.10094910115003586
v 0.06857997179031369 -0.03211542218923566 0.09245549887418747
v 0.06857997179031369 -0.03211542218923566 0.09245549887418747
v 0.06926550716161725 -0.04651401564478871 0.10094910115003586
v 0.06943239271640775 -0.04561104625463482 0.09905607998371124
v 0.06857997179031369 -0.03211542218923566 0.09245549887418747
v 0.06943239271640775 -0.04561104625463482 0.09905607998371124
v 0.06985276937484738 -0.04333655536174771 0.09428773820400238
v 0.06851467490196225 -0.05211203172802921 0.11408644169569016
v 0.06782194972038266 -0.04457983002066609 0.11992499232292175
v 0.06847988814115522 -0.055047664791345555 0.12298299372196198
v 0.06847988814115522 -0.055047664791345555 0.12298299372196198
v 0.06782194972038266 -0.04457983002066609 0.11992499232292175
v 0.06865458935499189 -0.05625858902931209 0.12786589562892914
v 0.06936464458703992 -0.05840671807527537 0.13931326568126678
v 0.0692036300897598 -0.05805502459406848 0.13712750375270844
v 0.068291962146759 -0.046551100909709896 0.12709125876426697
v 0.068291962146759 -0.046551100909709896 0.12709125876426697
v 0.0692036300897598 -0.05805502459406848 0.13712750375270844
v 0.06878039240837094 -0.05713057145476337 0.1313820481300354
v 0.068291962146759 -0.046551100909709896 0.12709125876426697
v 0.06878039240837094 -0.05713057145476337 0.1313820481300354
v 0.06782194972038266 -0.04457983002066609 0.11992499232292175
v 0.06782194972038266 -0.04457983002066609 0.11992499232292175
v 0.06878039240837094 -0.05713057145476337 0.1313820481300354
v 0.06870336830615995 -0.056596696376800495 0.12922927737236023
v 0.06782194972038266 -0.04457983002066609 0.11992499232292175
v 0.06870336830615995 -0.056596696376800495 0.12922927737236023
v 0.06865458935499189 -0.05625858902931209 0.12786589562892914
v 0.07019120454788205 -0.05891943722963328 0.146839901804924
v 0.07000000774860379 -0.05880083516240115 0.14509887993335724
v 0.06905533373355863 -0.047882180660963024 0.1343245804309845
v 0.06905533373355863 -0.047882180660963024 0.1343245804309845
v 0.07000000774860379 -0.05880083516240115 0.14509887993335724
v 0.06965578347444532 -0.05858731269836421 0.1419643759727478
v 0.07121810317039487 -0.058698568493127774 0.15395516157150269
v 0.07109029591083524 -0.058726057410240125 0.1530696451663971
v 0.07011156529188153 -0.04846490547060963 0.14156176149845123
v 0.07011156529188153 -0.04846490547060963 0.14156176149845123
v 0.07109029591083524 -0.058726057410240125 0.1530696451663971
v 0.07051384449005124 -0.058850042521953534 0.1490754336118698
v 0.0724665820598602 -0.057690434157848317 0.16092939674854279
v 0.07160931080579755 -0.0583826713263988 0.1561405211687088
v 0.07144343107938764 -0.048189293593168224 0.1487085223197937
v 0.07144343107938764 -0.048189293593168224 0.1487085223197937
v 0.07160931080579755 -0.0583826713263988 0.1561405211687088
v 0.07121810317039487 -0.058698568493127774 0.15395516157150269
v 0.07301158457994458 -0.04695795103907582 0.1556357443332672
v 0.07291024923324582 -0.05715541914105411 0.1630771905183792
v 0.0725460350513458 -0.05762627348303791 0.16137324273586273
v 0.07588323950767514 -0.052372019737958866 0.17566610872745514
v 0.07555142045021054 -0.053081944584846455 0.17447201907634735
v 0.07563450187444684 -0.04883138090372082 0.1692534238100052
v 0.07563450187444684 -0.04883138090372082 0.1692534238100052
v 0.07555142045021054 -0.053081944584846455 0.17447201907634735
v 0.07439176738262174 -0.05507679283618923 0.16976997256278992
v 0.07563450187444684 -0.04883138090372082 0.1692534238100052
v 0.07439176738262174 -0.05507679283618923 0.16976997256278992
v 0.07408525049686429 -0.05560407042503353 0.16852712631225586
v 0.07867239415645595 -0.04570719972252842 0.18516121804714203
v 0.07775834202766416 -0.048073954880237545 0.1821913719177246
v 0.07749988883733747 -0.0450181849300861 0.17554908990859985
v 0.07749988883733747 -0.0450181849300861 0.17554908990859985
v 0.07775834202766416 -0.048073954880237545 0.1821913719177246
v 0.07767195999622342 -0.0482976138591766 0.18191072344779968
v 0.07749988883733747 -0.0450181849300861 0.17554908990859985
v 0.07767195999622342 -0.0482976138591766 0.18191072344779968
v 0.07712183147668836 -0.04972206056118007 0.18012329936027527
v 0.07712183147668836 -0.04972206056118007 0.18012329936027527
v 0.07600127905607221 -0.052119474858045536 0.17609088122844696
v 0.07749988883733747 -0.0450181849300861 0.17554908990859985
v 0.07749988883733747 -0.0450181849300861 0.17554908990859985
v 0.07600127905607221 -0.052119474858045536 0.17609088122844696
v 0.07563450187444684 -0.04883138090372082 0.1692534238100052
v 0.07749988883733747 -0.0450181849300861 0.17554908990859985
v 0.07563450187444684 -0.04883138090372082 0.1692534238100052
v 0.074751541018486 -0.04470565542578694 0.16218434274196625
v 0.074751541018486 -0.04470565542578694 0.16218434274196625
v 0.07563450187444684 -0.04883138090372082 0.1692534238100052
v 0.07408525049686429 -0.05560407042503353 0.16852712631225586
v 0.074751541018486 -0.04470565542578694 0.16218434274196625
v 0.07408525049686429 -0.05560407042503353 0.16852712631225586
v 0.07301158457994458 -0.04695795103907582 0.1556357443332672
v 0.07301158457994458 -0.04695795103907582 0.1556357443332672
v 0.07408525049686429 -0.05560407042503353 0.16852712631225586
v 0.07400961220264432 -0.05573417246341701 0.16822046041488647
v 0.07301158457994458 -0.04695795103907582 0.1556357443332672
v 0.07400961220264432 -0.05573417246341701 0.16822046041488647
v 0.07291024923324582 -0.05715541914105411 0.1630771905183792
v 0.08015848696231838 -0.04108501225709912 0.18957652151584625
v 0.07961117476224895 -0.04278732463717457 0.18795041739940643
v 0.07934491336345668 -0.040199138224124874 0.18108847737312317
v 0.07934491336345668 -0.040199138224124874 0.18108847737312317
v 0.07961117476224895 -0.04278732463717457 0.18795041739940643
v 0.0793289020657539 -0.04366526752710339 0.1871117651462555
v 0.08153714239597316 -0.0359009653329849 0.19335702061653137
v 0.08134211599826809 -0.03663430362939832 0.19282223284244537
v 0.08106109499931331 -0.034494396299123736 0.18573839962482452
v 0.08106109499931331 -0.034494396299123736 0.18573839962482452
v 0.08134211599826809 -0.03663430362939832 0.19282223284244537
v 0.08089607954025264 -0.03831148147583005 0.19159914553165436
v 0.08348955214023586 -0.025909630581736544 0.1982080638408661
v 0.08284410834312435 -0.029739720746874785 0.1966736614704132
v 0.08255025744438167 -0.028065890073776224 0.18941955268383026
v 0.08255025744438167 -0.028065890073776224 0.18941955268383026
v 0.08284410834312435 -0.029739720746874785 0.1966736614704132
v 0.082765981554985 -0.03020335361361501 0.1964879184961319
v 0.08255025744438167 -0.028065890073776224 0.18941955268383026
v 0.082765981554985 -0.03020335361361501 0.1964879184961319
v 0.08230292797088619 -0.032350320369005175 0.1953081339597702
v 0.08441108465194698 -0.019120329990982995 0.20030279457569122
v 0.08402183651924129 -0.022281005978584272 0.19943930208683014
v 0.08373511582612987 -0.021091509610414488 0.19211198389530182
v 0.08373511582612987 -0.021091509610414488 0.19211198389530182
v 0.08402183651924129 -0.022281005978584272 0.19943930208683014
v 0.08380680531263347 -0.02402704954147337 0.1989622712135315
v 0.08504118770360942 -0.012106118723750106 0.20163318514823914
v 0.08485260605812069 -0.014489609748125066 0.20124511420726776
v 0.08456621319055553 -0.01373892743140458 0.19384828209877014
v 0.08456621319055553 -0.01373892743140458 0.19384828209877014
v 0.08485260605812069 -0.014489609748125066 0.20124511420726776
v 0.08462123572826381 -0.017413966357707963 0.20076897740364075
v 0.08511056005954738 -3.7746114567305225e-10 0.1948958933353424
v 0.08545706421136852 -0.0028293156065046766 0.20243479311466217
v 0.08502716571092601 -0.00616482831537723 0.19471006095409393
v 0.08502716571092601 -0.00616482831537723 0.19471006095409393
v 0.08545706421136852 -0.0028293156065046766 0.20243479311466217
v 0.08532087504863735 -0.006514765322208399 0.20218101143836975
v 0.08502716571092601 -0.00616482831537723 0.19471006095409393
v 0.08532087504863735 -0.006514765322208399 0.20218101143836975
v 0.08517827093601223 -0.010373447090387336 0.20191527903079987
v 0.08193531632423397 0.02403296530246733 0.0
v 0.07977660745382305 0.030623791739344573 0.0
v 0.0817903876304626 0.023381331935524923 0.005576794501394033
v 0.0817903876304626 0.023381331935524923 0.005576794501394033
v 0.07977660745382305 0.030623791739344573 0.0
v 0.079067550599575 0.03133196011185643 0.005275927949696779
v 0.0817903876304626 0.023381331935524923 0.005576794501394033
v 0.079067550599575 0.03133196011185643 0.005275927949696779
v 0.08116216957569118 0.0218103379011154 0.012676405720412731
v 0.08083571493625637 0.008455283008515828 0.027414118871092796
v 0.0818422213196754 0.00015398704272229214 0.028455719351768494
v 0.08204700797796245 0.0113375624641776 0.020422982051968575
v 0.08204700797796245 0.0113375624641776 0.020422982051968575
v 0.0818422213196754 0.00015398704272229214 0.028455719351768494
v 0.08310419321060177 0.003052217885851858 0.02125023677945137
v 0.08204700797796245 0.0113375624641776 0.020422982051968575
v 0.08310419321060177 0.003052217885851858 0.02125023677945137
v 0.08304422348737713 0.013638137839734544 0.013246553018689156
v 0.08304422348737713 0.013638137839734544 0.013246553018689156
v 0.08310419321060177 0.003052217885851858 0.02125023677945137
v 0.08414446562528606 0.0053619751706719355 0.013829807750880718
v 0.08304422348737713 0.013638137839734544 0.013246553018689156
v 0.08414446562528606 0.0053619751706719355 0.013829807750880718
v 0.0837268233299255 0.015221863053739059 0.0058869533240795135
v 0.0837268233299255 0.015221863053739059 0.0058869533240795135
v 0.08414446562528606 0.0053619751706719355 0.013829807750880718
v 0.08486220240592952 0.006929016206413502 0.006203623954206705
v 0.0837268233299255 0.015221863053739059 0.0058869533240795135
v 0.08486220240592952 0.006929016206413502 0.006203623954206705
v 0.08430528640747066 0.014030614867806424 0.0
v 0.08430528640747066 0.014030614867806424 0.0
v 0.08486220240592952 0.006929016206413502 0.006203623954206705
v 0.08505937457084652 0.007540789898484939 0.0
v 0.08390300720930095 0.015862558037042604 0.0
v 0.08246187120676036 0.022425333037972433 0.0
v 0.0837268233299255 0.015221863053739059 0.0058869533240795135
v 0.0837268233299255 0.015221863053739059 0.0058869533240795135
v 0.08246187120676036 0.022425333037972433 0.0
v 0.0817903876304626 0.023381331935524923 0.005576794501394033
v 0.0837268233299255 0.015221863053739059 0.0058869533240795135
v 0.0817903876304626 0.023381331935524923 0.005576794501394033
v 0.08304422348737713 0.013638137839734544 0.013246553018689156
v 0.08304422348737713 0.013638137839734544 0.013246553018689156
v 0.0817903876304626 0.023381331935524923 0.005576794501394033
v 0.08116216957569118 0.0218103379011154 0.012676405720412731
v 0.08304422348737713 0.013638137839734544 0.013246553018689156
v 0.08116216957569118 0.0218103379011154 0.012676405720412731
v 0.08204700797796245 0.0113375624641776 0.020422982051968575
v 0.08204700797796245 0.0113375624641776 0.020422982051968575
v 0.08116216957569118 0.0218103379011154 0.012676405720412731
v 0.07909165322780605 0.01672461442649363 0.026407256722450256
v 0.08204700797796245 0.0113375624641776 0.020422982051968575
v 0.07909165322780605 0.01672461442649363 0.026407256722450256
v 0.08083571493625637 0.008455283008515828 0.027414118871092796
v 0.07909165322780605 0.01672461442649363 0.026407256722450256
v 0.07649348676204679 0.009665328077971928 0.03962559998035431
v 0.08083571493625637 0.008455283008515828 0.027414118871092796
v 0.08083571493625637 0.008455283008515828 0.027414118871092796
v 0.07649348676204679 0.009665328077971928 0.03962559998035431
v 0.07807844877243039 0.0013677492970600713 0.04094509407877922
v 0.08083571493625637 0.008455283008515828 0.027414118871092796
v 0.07807844877243039 0.0013677492970600713 0.04094509407877922
v 0.0818422213196754 0.00015398704272229214 0.028455719351768494
v 0.0818422213196754 0.00015398704272229214 0.028455719351768494
v 0.07807844877243039 0.0013677492970600713 0.04094509407877922
v 0.07897273451089855 -0.006896607112139458 0.04233340546488762
v 0.0818422213196754 0.00015398704272229214 0.028455719351768494
v 0.07897273451089855 -0.006896607112139458 0.04233340546488762
v 0.08052157610654827 -0.011052933521568767 0.037449102848768234
v 0.08052157610654827 -0.011052933521568767 0.037449102848768234
v 0.07897273451089855 -0.006896607112139458 0.04233340546488762
v 0.08016815036535259 -0.011931646615266791 0.0390794575214386
v 0.07918714731931682 -0.014370672404766072 0.04360479861497879
v 0.07897273451089855 -0.006896607112139458 0.04233340546488762
v 0.07520983368158338 -0.006890134885907168 0.053984079509973526
v 0.07520983368158338 -0.006890134885907168 0.053984079509973526
v 0.07897273451089855 -0.006896607112139458 0.04233340546488762
v 0.07807844877243039 0.0013677492970600713 0.04094509407877922
v 0.07520983368158338 -0.006890134885907168 0.053984079509973526
v 0.07807844877243039 0.0013677492970600713 0.04094509407877922
v 0.07165336608886716 0.009401228278875344 0.05080261826515198
v 0.07165336608886716 0.009401228278875344 0.05080261826515198
v 0.07807844877243039 0.0013677492970600713 0.04094509407877922
v 0.07649348676204679 0.009665328077971928 0.03962559998035431
v 0.07165336608886716 0.009401228278875344 0.05080261826515198
v 0.07649348676204679 0.009665328077971928 0.03962559998035431
v 0.07420714944601056 0.017919531092047677 0.038371264934539795
v 0.07420714944601056 0.017919531092047677 0.038371264934539795
v 0.07649348676204679 0.009665328077971928 0.03962559998035431
v 0.07909165322780605 0.01672461442649363 0.026407256722450256
v 0.07420714944601056 0.017919531092047677 0.038371264934539795
v 0.07909165322780605 0.01672461442649363 0.026407256722450256
v 0.07660926133394239 0.024885809049010256 0.025438982993364334
v 0.07660926133394239 0.024885809049010256 0.025438982993364334
v 0.07909165322780605 0.01672461442649363 0.026407256722450256
v 0.08116216957569118 0.0218103379011154 0.012676405720412731
v 0.07660926133394239 0.024885809049010256 0.025438982993364334
v 0.08116216957569118 0.0218103379011154 0.012676405720412731
v 0.07850780338048931 0.029804263263940787 0.012123869732022285
v 0.07850780338048931 0.029804263263940787 0.012123869732022285
v 0.08116216957569118 0.0218103379011154 0.012676405720412731
v 0.079067550599575 0.03133196011185643 0.005275927949696779
v 0.07850780338048931 0.029804263263940787 0.012123869732022285
v 0.079067550599575 0.03133196011185643 0.005275927949696779
v 0.07557731866836545 0.03899834305047986 0.004987132269889116
v 0.07557731866836545 0.03899834305047986 0.004987132269889116
v 0.079067550599575 0.03133196011185643 0.005275927949696779
v 0.07629908621311185 0.038471203297376605 0.0
v 0.07557731866836545 0.03899834305047986 0.004987132269889116
v 0.07629908621311185 0.038471203297376605 0.0
v 0.07564825564622876 0.039614737033843966 0.0
v 0.06708638370037076 0.052916422486305195 0.0
v 0.06641292572021482 0.05317989736795421 0.004455918911844492
v 0.07134796679019925 0.046305675059556926 0.004712990950793028
v 0.07134796679019925 0.046305675059556926 0.004712990950793028
v 0.06641292572021482 0.05317989736795421 0.004455918911844492
v 0.07094302773475644 0.044953726232051815 0.011089772917330265
v 0.07134796679019925 0.046305675059556926 0.004712990950793028
v 0.07094302773475644 0.044953726232051815 0.011089772917330265
v 0.07509415596723554 0.0375445522367954 0.011593518778681755
v 0.07509415596723554 0.0375445522367954 0.011593518778681755
v 0.07094302773475644 0.044953726232051815 0.011089772917330265
v 0.06944251805543897 0.040561273694038356 0.023635679855942726
v 0.07509415596723554 0.0375445522367954 0.011593518778681755
v 0.06944251805543897 0.040561273694038356 0.023635679855942726
v 0.07338983565568921 0.0328598544001579 0.02451355755329132
v 0.07338983565568921 0.0328598544001579 0.02451355755329132
v 0.06944251805543897 0.040561273694038356 0.023635679855942726
v 0.06749787926673886 0.03396553173661229 0.03604889288544655
v 0.07338983565568921 0.0328598544001579 0.02451355755329132
v 0.06749787926673886 0.03396553173661229 0.03604889288544655
v 0.0712095499038696 0.026049664244055727 0.03717939928174019
v 0.0712095499038696 0.026049664244055727 0.03717939928174019
v 0.06749787926673886 0.03396553173661229 0.03604889288544655
v 0.06536249071359632 0.02539694868028162 0.04793843254446983
v 0.0712095499038696 0.026049664244055727 0.03717939928174019
v 0.06536249071359632 0.02539694868028162 0.04793843254446983
v 0.0688567832112312 0.01747803576290606 0.04933520406484604
v 0.0688567832112312 0.01747803576290606 0.04933520406484604
v 0.06536249071359632 0.02539694868028162 0.04793843254446983
v 0.06324116140604016 0.01591805554926394 0.059009384363889694
v 0.0688567832112312 0.01747803576290606 0.04933520406484604
v 0.06324116140604016 0.01591805554926394 0.059009384363889694
v 0.06456279754638669 -0.001175637822598218 0.07193034887313843
v 0.06456279754638669 -0.001175637822598218 0.07193034887313843
v 0.06324116140604016 0.01591805554926394 0.059009384363889694
v 0.061372898519039126 0.006426767446100707 0.06961984932422638
v 0.06456279754638669 -0.001175637822598218 0.07193034887313843
v 0.061372898519039126 0.006426767446100707 0.06961984932422638
v 0.0599546283483505 -0.002616167068481443 0.080167256295681
v 0.06641292572021482 0.05317989736795421 0.004455918911844492
v 0.06608150899410245 0.05195369571447368 0.010616841726005077
v 0.07094302773475644 0.044953726232051815 0.011089772917330265
v 0.07094302773475644 0.044953726232051815 0.011089772917330265
v 0.06608150899410245 0.05195369571447368 0.010616841726005077
v 0.06478201597928998 0.04790180549025532 0.022810034453868866
v 0.07094302773475644 0.044953726232051815 0.011089772917330265
v 0.06478201597928998 0.04790180549025532 0.022810034453868866
v 0.06944251805543897 0.040561273694038356 0.023635679855942726
v 0.06944251805543897 0.040561273694038356 0.023635679855942726
v 0.06478201597928998 0.04790180549025532 0.022810034453868866
v 0.0630751624703407 0.04157265648245808 0.03497913479804993
v 0.06944251805543897 0.040561273694038356 0.023635679855942726
v 0.0630751624703407 0.04157265648245808 0.03497913479804993
v 0.06749787926673886 0.03396553173661229 0.03604889288544655
v 0.06749787926673886 0.03396553173661229 0.03604889288544655
v 0.0630751624703407 0.04157265648245808 0.03497913479804993
v 0.06116402149200437 0.03306591883301732 0.04660562798380852
v 0.06749787926673886 0.03396553173661229 0.03604889288544655
v 0.06116402149200437 0.03306591883301732 0.04660562798380852
v 0.06536249071359632 0.02539694868028162 0.04793843254446983
v 0.06536249071359632 0.02539694868028162 0.04793843254446983
v 0.06116402149200437 0.03306591883301732 0.04660562798380852
v 0.059227876365184756 0.023511590436100942 0.05728751793503761
v 0.06536249071359632 0.02539694868028162 0.04793843254446983
v 0.059227876365184756 0.023511590436100942 0.05728751793503761
v 0.06324116140604016 0.01591805554926394 0.059009384363889694
v 0.06324116140604016 0.01591805554926394 0.059009384363889694
v 0.059227876365184756 0.023511590436100942 0.05728751793503761
v 0.05750084668397901 0.013881199061870565 0.0673922672867775
v 0.06324116140604016 0.01591805554926394 0.059009384363889694
v 0.05750084668397901 0.013881199061870565 0.0673922672867775
v 0.061372898519039126 0.006426767446100707 0.06961984932422638
v 0.061372898519039126 0.006426767446100707 0.06961984932422638
v 0.05750084668397901 0.013881199061870565 0.0673922672867775
v 0.056174907833337756 0.004646664019674059 0.07734602689743042
v 0.061372898519039126 0.006426767446100707 0.06961984932422638
v 0.056174907833337756 0.004646664019674059 0.07734602689743042
v 0.0599546283483505 -0.002616167068481443 0.080167256295681
v 0.06708638370037076 0.052916422486305195 0.0
v 0.06641354411840436 0.05368669703602787 0.0
v 0.06641292572021482 0.05317989736795421 0.004455918911844492
v 0.06641292572021482 0.05317989736795421 0.004455918911844492
v 0.06641354411840436 0.05368669703602787 0.0
v 0.0605489797890186 0.05846659094095225 0.010178174823522568
v 0.06641292572021482 0.05317989736795421 0.004455918911844492
v 0.0605489797890186 0.05846659094095225 0.010178174823522568
v 0.06608150899410245 0.05195369571447368 0.010616841726005077
v 0.06608150899410245 0.05195369571447368 0.010616841726005077
v 0.0605489797890186 0.05846659094095225 0.010178174823522568
v 0.05943809449672696 0.05478944629430767 0.02204061485826969
v 0.06608150899410245 0.05195369571447368 0.010616841726005077
v 0.05943809449672696 0.05478944629430767 0.02204061485826969
v 0.06478201597928998 0.04790180549025532 0.022810034453868866
v 0.06478201597928998 0.04790180549025532 0.022810034453868866
v 0.05943809449672696 0.05478944629430767 0.02204061485826969
v 0.057961761951446505 0.04877005144953724 0.03396948054432869
v 0.06478201597928998 0.04790180549025532 0.022810034453868866
v 0.057961761951446505 0.04877005144953724 0.03396948054432869
v 0.0630751624703407 0.04157265648245808 0.03497913479804993
v 0.0630751624703407 0.04157265648245808 0.03497913479804993
v 0.057961761951446505 0.04877005144953724 0.03396948054432869
v 0.05627418309450147 0.040384732186794246 0.0453312061727047
v 0.0630751624703407 0.04157265648245808 0.03497913479804993
v 0.05627418309450147 0.040384732186794246 0.0453312061727047
v 0.06116402149200437 0.03306591883301732 0.04660562798380852
v 0.06116402149200437 0.03306591883301732 0.04660562798380852
v 0.05627418309450147 0.040384732186794246 0.0453312061727047
v 0.05452858656644819 0.030817046761512732 0.055631402879953384
v 0.06116402149200437 0.03306591883301732 0.04660562798380852
v 0.05452858656644819 0.030817046761512732 0.055631402879953384
v 0.059227876365184756 0.023511590436100942 0.05728751793503761
v 0.059227876365184756 0.023511590436100942 0.05728751793503761
v 0.05452858656644819 0.030817046761512732 0.055631402879953384
v 0.052951086312532404 0.021101560443639738 0.0652453601360321
v 0.059227876365184756 0.023511590436100942 0.05728751793503761
v 0.052951086312532404 0.021101560443639738 0.0652453601360321
v 0.05750084668397901 0.013881199061870565 0.0673922672867775
v 0.05750084668397901 0.013881199061870565 0.0673922672867775
v 0.052951086312532404 0.021101560443639738 0.0652453601360321
v 0.051726214587688425 0.011720594950020305 0.07462453097105026
v 0.05750084668397901 0.013881199061870565 0.0673922672867775
v 0.051726214587688425 0.011720594950020305 0.07462453097105026
v 0.056174907833337756 0.004646664019674059 0.07734602689743042
v 0.056174907833337756 0.004646664019674059 0.07734602689743042
v 0.051726214587688425 0.011720594950020305 0.07462453097105026
v 0.05100964009761808 0.0029676193371415117 0.08403780311346054
v 0.056174907833337756 0.004646664019674059 0.07734602689743042
v 0.05100964009761808 0.0029676193371415117 0.08403780311346054
v 0.0599546283483505 -0.002616167068481443 0.080167256295681
v 0.0599546283483505 -0.002616167068481443 0.080167256295681
v 0.05100964009761808 0.0029676193371415117 0.08403780311346054
v 0.05915827676653859 -0.010882395319640628 0.09088794142007828
v 0.0599546283483505 -0.002616167068481443 0.080167256295681
v 0.05915827676653859 -0.010882395319640628 0.09088794142007828
v 0.06467086821794507 -0.025064095854759195 0.09818881005048752
v 0.0737369358539581 -0.029240028932690596 0.06926023960113525
v 0.07520983368158338 -0.006890134885907168 0.053984079509973526
v 0.070244126021862 -0.02413349784910677 0.07944153994321823
v 0.070244126021862 -0.02413349784910677 0.07944153994321823
v 0.07520983368158338 -0.006890134885907168 0.053984079509973526
v 0.06708793342113492 -0.008848816156387322 0.07433009892702103
v 0.070244126021862 -0.02413349784910677 0.07944153994321823
v 0.06708793342113492 -0.008848816156387322 0.07433009892702103
v 0.06857997179031369 -0.03211542218923566 0.09245549887418747
v 0.06857997179031369 -0.03211542218923566 0.09245549887418747
v 0.06708793342113492 -0.008848816156387322 0.07433009892702103
v 0.0655177682638168 -0.017405506223440156 0.08609957993030548
v 0.06857997179031369 -0.03211542218923566 0.09245549887418747
v 0.0655177682638168 -0.017405506223440156 0.08609957993030548
v 0.06771267205476758 -0.03910289704799649 0.10592995584011078
v 0.07207438349723813 0.045894172042608226 0.0
v 0.07134796679019925 0.046305675059556926 0.004712990950793028
v 0.07557731866836545 0.03899834305047986 0.004987132269889116
v 0.07557731866836545 0.03899834305047986 0.004987132269889116
v 0.07134796679019925 0.046305675059556926 0.004712990950793028
v 0.07509415596723554 0.0375445522367954 0.011593518778681755
v 0.07557731866836545 0.03899834305047986 0.004987132269889116
v 0.07509415596723554 0.0375445522367954 0.011593518778681755
v 0.07850780338048931 0.029804263263940787 0.012123869732022285
v 0.07850780338048931 0.029804263263940787 0.012123869732022285
v 0.07509415596723554 0.0375445522367954 0.011593518778681755
v 0.07338983565568921 0.0328598544001579 0.02451355755329132
v 0.07850780338048931 0.029804263263940787 0.012123869732022285
v 0.07338983565568921 0.0328598544001579 0.02451355755329132
v 0.07660926133394239 0.024885809049010256 0.025438982993364334
v 0.07660926133394239 0.024885809049010256 0.025438982993364334
v 0.07338983565568921 0.0328598544001579 0.02451355755329132
v 0.0712095499038696 0.026049664244055727 0.03717939928174019
v 0.07660926133394239 0.024885809049010256 0.025438982993364334
v 0.0712095499038696 0.026049664244055727 0.03717939928174019
v 0.07420714944601056 0.017919531092047677 0.038371264934539795
v 0.07420714944601056 0.017919531092047677 0.038371264934539795
v 0.0712095499038696 0.026049664244055727 0.03717939928174019
v 0.0688567832112312 0.01747803576290606 0.04933520406484604
v 0.07420714944601056 0.017919531092047677 0.038371264934539795
v 0.0688567832112312 0.01747803576290606 0.04933520406484604
v 0.07165336608886716 0.009401228278875344 0.05080261826515198
v 0.07165336608886716 0.009401228278875344 0.05080261826515198
v 0.0688567832112312 0.01747803576290606 0.04933520406484604
v 0.06456279754638669 -0.001175637822598218 0.07193034887313843
v 0.07165336608886716 0.009401228278875344 0.05080261826515198
v 0.06456279754638669 -0.001175637822598218 0.07193034887313843
v 0.06708793342113492 -0.008848816156387322 0.07433009892702103
v 0.06708793342113492 -0.008848816156387322 0.07433009892702103
v 0.06456279754638669 -0.001175637822598218 0.07193034887313843
v 0.0599546283483505 -0.002616167068481443 0.080167256295681
v 0.06708793342113492 -0.008848816156387322 0.07433009892702103
v 0.0599546283483505 -0.002616167068481443 0.080167256295681
v 0.0655177682638168 -0.017405506223440156 0.08609957993030548
v 0.0655177682638168 -0.017405506223440156 0.08609957993030548
v 0.0599546283483505 -0.002616167068481443 0.080167256295681
v 0.06467086821794507 -0.025064095854759195 0.09818881005048752
v 0.0655177682638168 -0.017405506223440156 0.08609957993030548
v 0.06467086821794507 -0.025064095854759195 0.09818881005048752
v 0.06771267205476758 -0.03910289704799649 0.10592995584011078
v 0.0591473542153835 -0.018016174435615526 0.10188080370426178
v 0.05094756558537481 -0.004864871036261317 0.09361003339290619
v 0.051661573350429514 -0.011400360614061347 0.10334144532680511
v 0.06192652136087415 -0.026868507266044596 0.12431898713111877
v 0.0631734952330589 -0.027457209303975084 0.1297471523284912
v 0.06941957771778104 -0.03734991326928136 0.142446368932724
v 0.05777389928698537 -0.01762609742581843 0.13040468096733093
v 0.06295861303806302 -0.020909143611788732 0.1370268017053604
v 0.05658181756734845 -0.018349418416619287 0.12655839323997498
v 0.05658181756734845 -0.018349418416619287 0.12655839323997498
v 0.06295861303806302 -0.020909143611788732 0.1370268017053604
v 0.061641357839107486 -0.02223472483456133 0.13298705220222473
v 0.05658181756734845 -0.018349418416619287 0.12655839323997498
v 0.061641357839107486 -0.02223472483456133 0.13298705220222473
v 0.05537084862589833 -0.01832664012908934 0.12232441455125809
v 0.07269058376550672 -0.024170255288481695 0.1549125760793686
v 0.06746129691600797 -0.024213071912527067 0.14394208788871765
v 0.06878495961427686 -0.021498057991266233 0.14759284257888794
v 0.06878495961427686 -0.021498057991266233 0.14759284257888794
v 0.06746129691600797 -0.024213071912527067 0.14394208788871765
v 0.06295861303806302 -0.020909143611788732 0.1370268017053604
v 0.06878495961427686 -0.021498057991266233 0.14759284257888794
v 0.06295861303806302 -0.020909143611788732 0.1370268017053604
v 0.06416742503643033 -0.018829764798283563 0.14053359627723694
v 0.06416742503643033 -0.018829764798283563 0.14053359627723694
v 0.06295861303806302 -0.020909143611788732 0.1370268017053604
v 0.05777389928698537 -0.01762609742581843 0.13040468096733093
v 0.06416742503643033 -0.018829764798283563 0.14053359627723694
v 0.05777389928698537 -0.01762609742581843 0.13040468096733093
v 0.05886534228920934 -0.01618549600243567 0.13379676640033722
v 0.07718801498413083 -0.022149069234728796 0.1656426191329956
v 0.07269058376550672 -0.024170255288481695 0.1549125760793686
v 0.07391377538442609 -0.02011663652956484 0.15799829363822937
v 0.07391377538442609 -0.02011663652956484 0.15799829363822937
v 0.07269058376550672 -0.024170255288481695 0.1549125760793686
v 0.06878495961427686 -0.021498057991266233 0.14759284257888794
v 0.07391377538442609 -0.02011663652956484 0.15799829363822937
v 0.06878495961427686 -0.021498057991266233 0.14759284257888794
v 0.06990789622068402 -0.018081814050674425 0.15058593451976776
v 0.06990789622068402 -0.018081814050674425 0.15058593451976776
v 0.06878495961427686 -0.021498057991266233 0.14759284257888794
v 0.06416742503643033 -0.018829764798283563 0.14053359627723694
v 0.06990789622068402 -0.018081814050674425 0.15058593451976776
v 0.06416742503643033 -0.018829764798283563 0.14053359627723694
v 0.06518636643886563 -0.016061445698142038 0.1434660702943802
v 0.06518636643886563 -0.016061445698142038 0.1434660702943802
v 0.06416742503643033 -0.018829764798283563 0.14053359627723694
v 0.05886534228920934 -0.01618549600243567 0.13379676640033722
v 0.06518636643886563 -0.016061445698142038 0.1434660702943802
v 0.05886534228920934 -0.01618549600243567 0.13379676640033722
v 0.05978028848767278 -0.01407169271260499 0.13670307397842407
v 0.07011156529188153 -0.04846490547060963 0.14156176149845123
v 0.06581458449363706 -0.035837944597005816 0.12347805500030518
v 0.0667706876993179 -0.03713068738579747 0.12991100549697876
v 0.0667706876993179 -0.03713068738579747 0.12991100549697876
v 0.06581458449363706 -0.035837944597005816 0.12347805500030518
v 0.06005770340561864 -0.02355577796697615 0.11310668289661407
v 0.0667706876993179 -0.03713068738579747 0.12991100549697876
v 0.06005770340561864 -0.02355577796697615 0.11310668289661407
v 0.06087714806199071 -0.0255368649959564 0.11874224990606308
v 0.06192652136087415 -0.026868507266044596 0.12431898713111877
v 0.06941957771778104 -0.03734991326928136 0.142446368932724
v 0.06798452138900754 -0.037667334079742404 0.13627049326896667
v 0.06798452138900754 -0.037667334079742404 0.13627049326896667
v 0.06941957771778104 -0.03734991326928136 0.142446368932724
v 0.07301158457994458 -0.04695795103907582 0.1556357443332672
v 0.06798452138900754 -0.037667334079742404 0.13627049326896667
v 0.07301158457994458 -0.04695795103907582 0.1556357443332672
v 0.07144343107938764 -0.048189293593168224 0.1487085223197937
v 0.07144343107938764 -0.048189293593168224 0.1487085223197937
v 0.07301158457994458 -0.04695795103907582 0.1556357443332672
v 0.0725460350513458 -0.05762627348303791 0.16137324273586273
v 0.07144343107938764 -0.048189293593168224 0.1487085223197937
v 0.0725460350513458 -0.05762627348303791 0.16137324273586273
v 0.0724665820598602 -0.057690434157848317 0.16092939674854279
v 0.07121810317039487 -0.058698568493127774 0.15395516157150269
v 0.07011156529188153 -0.04846490547060963 0.14156176149845123
v 0.07144343107938764 -0.048189293593168224 0.1487085223197937
v 0.07144343107938764 -0.048189293593168224 0.1487085223197937
v 0.07011156529188153 -0.04846490547060963 0.14156176149845123
v 0.0667706876993179 -0.03713068738579747 0.12991100549697876
v 0.07144343107938764 -0.048189293593168224 0.1487085223197937
v 0.0667706876993179 -0.03713068738579747 0.12991100549697876
v 0.06798452138900754 -0.037667334079742404 0.13627049326896667
v 0.06798452138900754 -0.037667334079742404 0.13627049326896667
v 0.0667706876993179 -0.03713068738579747 0.12991100549697876
v 0.06087714806199071 -0.0255368649959564 0.11874224990606308
v 0.06798452138900754 -0.037667334079742404 0.13627049326896667
v 0.06087714806199071 -0.0255368649959564 0.11874224990606308
v 0.06192652136087415 -0.026868507266044596 0.12431898713111877
v 0.06965578347444532 -0.05858731269836421 0.1419643759727478
v 0.06936464458703992 -0.05840671807527537 0.13931326568126678
v 0.06905533373355863 -0.047882180660963024 0.1343245804309845
v 0.06905533373355863 -0.047882180660963024 0.1343245804309845
v 0.06936464458703992 -0.05840671807527537 0.13931326568126678
v 0.068291962146759 -0.046551100909709896 0.12709125876426697
v 0.06905533373355863 -0.047882180660963024 0.1343245804309845
v 0.068291962146759 -0.046551100909709896 0.12709125876426697
v 0.06513168662786481 -0.03389326483011243 0.11704915761947632
v 0.06513168662786481 -0.03389326483011243 0.11704915761947632
v 0.068291962146759 -0.046551100909709896 0.12709125876426697
v 0.06472168117761609 -0.03139406815171239 0.11067422479391098
v 0.06513168662786481 -0.03389326483011243 0.11704915761947632
v 0.06472168117761609 -0.03139406815171239 0.11067422479391098
v 0.0591473542153835 -0.018016174435615526 0.10188080370426178
v 0.08089607954025264 -0.03831148147583005 0.19159914553165436
v 0.08015848696231838 -0.04108501225709912 0.18957652151584625
v 0.08106109499931331 -0.034494396299123736 0.18573839962482452
v 0.08106109499931331 -0.034494396299123736 0.18573839962482452
v 0.08015848696231838 -0.04108501225709912 0.18957652151584625
v 0.07934491336345668 -0.040199138224124874 0.18108847737312317
v 0.08106109499931331 -0.034494396299123736 0.18573839962482452
v 0.07934491336345668 -0.040199138224124874 0.18108847737312317
v 0.07837912440299984 -0.03715018555521962 0.17345917224884033
v 0.07837912440299984 -0.03715018555521962 0.17345917224884033
v 0.07934491336345668 -0.040199138224124874 0.18108847737312317
v 0.0765753164887428 -0.04141962900757786 0.16818024218082428
v 0.07837912440299984 -0.03715018555521962 0.17345917224884033
v 0.0765753164887428 -0.04141962900757786 0.16818024218082428
v 0.07497535645961759 -0.03770783171057698 0.1608799397945404
v 0.07497535645961759 -0.03770783171057698 0.1608799397945404
v 0.0765753164887428 -0.04141962900757786 0.16818024218082428
v 0.07321655750274655 -0.04045477136969563 0.1551932543516159
v 0.07497535645961759 -0.03770783171057698 0.1608799397945404
v 0.07321655750274655 -0.04045477136969563 0.1551932543516159
v 0.07101545482873914 -0.0361053682863712 0.148299440741539
v 0.08081627637147899 -0.01830373145639895 0.17592723667621613
v 0.07718801498413083 -0.022149069234728796 0.1656426191329956
v 0.0782128199934959 -0.016879864037036882 0.1680288016796112
v 0.0782128199934959 -0.016879864037036882 0.1680288016796112
v 0.07718801498413083 -0.022149069234728796 0.1656426191329956
v 0.07391377538442609 -0.02011663652956484 0.15799829363822937
v 0.0782128199934959 -0.016879864037036882 0.1680288016796112
v 0.07391377538442609 -0.02011663652956484 0.15799829363822937
v 0.07485584169626233 -0.015454331412911403 0.1603357195854187
v 0.07485584169626233 -0.015454331412911403 0.1603357195854187
v 0.07391377538442609 -0.02011663652956484 0.15799829363822937
v 0.06990789622068402 -0.018081814050674425 0.15058593451976776
v 0.07485584169626233 -0.015454331412911403 0.1603357195854187
v 0.06990789622068402 -0.018081814050674425 0.15058593451976776
v 0.07076115906238553 -0.014041007496416558 0.15291012823581696
v 0.07076115906238553 -0.014041007496416558 0.15291012823581696
v 0.06990789622068402 -0.018081814050674425 0.15058593451976776
v 0.06518636643886563 -0.016061445698142038 0.1434660702943802
v 0.07076115906238553 -0.014041007496416558 0.15291012823581696
v 0.06518636643886563 -0.016061445698142038 0.1434660702943802
v 0.06595003604888913 -0.012653619050979604 0.14581602811813354
v 0.06595003604888913 -0.012653619050979604 0.14581602811813354
v 0.06518636643886563 -0.016061445698142038 0.1434660702943802
v 0.05978028848767278 -0.01407169271260499 0.13670307397842407
v 0.06595003604888913 -0.012653619050979604 0.14581602811813354
v 0.05978028848767278 -0.01407169271260499 0.13670307397842407
v 0.06045752763748166 -0.01130508352071046 0.1391194760799408
v 0.08345886319875713 -0.012870053760707368 0.18562814593315125
v 0.08081627637147899 -0.01830373145639895 0.17592723667621613
v 0.0815668404102325 -0.011990359984338275 0.17752286791801453
v 0.0815668404102325 -0.011990359984338275 0.17752286791801453
v 0.08081627637147899 -0.01830373145639895 0.17592723667621613
v 0.0782128199934959 -0.016879864037036882 0.1680288016796112
v 0.0815668404102325 -0.011990359984338275 0.17752286791801453
v 0.0782128199934959 -0.016879864037036882 0.1680288016796112
v 0.07889953255653377 -0.011111130937933913 0.16959623992443085
v 0.07889953255653377 -0.011111130937933913 0.16959623992443085
v 0.0782128199934959 -0.016879864037036882 0.1680288016796112
v 0.07485584169626233 -0.015454331412911403 0.1603357195854187
v 0.07889953255653377 -0.011111130937933913 0.16959623992443085
v 0.07485584169626233 -0.015454331412911403 0.1603357195854187
v 0.07546984404325482 -0.010243735276162616 0.1619131714105606
v 0.07546984404325482 -0.010243735276162616 0.1619131714105606
v 0.07485584169626233 -0.015454331412911403 0.1603357195854187
v 0.07076115906238553 -0.014041007496416558 0.15291012823581696
v 0.07546984404325482 -0.010243735276162616 0.1619131714105606
v 0.07076115906238553 -0.014041007496416558 0.15291012823581696
v 0.07129938155412671 -0.009399388916790478 0.15454085171222687
v 0.07129938155412671 -0.009399388916790478 0.15454085171222687
v 0.07076115906238553 -0.014041007496416558 0.15291012823581696
v 0.06595003604888913 -0.012653619050979604 0.14581602811813354
v 0.07129938155412671 -0.009399388916790478 0.15454085171222687
v 0.06595003604888913 -0.012653619050979604 0.14581602811813354
v 0.06641507148742673 -0.008589102886617177 0.1475471407175064
v 0.06641507148742673 -0.008589102886617177 0.1475471407175064
v 0.06595003604888913 -0.012653619050979604 0.14581602811813354
v 0.06045752763748166 -0.01130508352071046 0.1391194760799408
v 0.06641507148742673 -0.008589102886617177 0.1475471407175064
v 0.06045752763748166 -0.01130508352071046 0.1391194760799408
v 0.060856208205223056 -0.00782311707735061 0.14099983870983124
v 0.05618849024176595 -0.017436947673559175 0.1081351563334465
v 0.053188540041446665 -0.01610435731709002 0.11306443065404892
v 0.05788916721940038 -0.02146098203957079 0.1185864731669426
v 0.05788916721940038 -0.02146098203957079 0.1185864731669426
v 0.053188540041446665 -0.01610435731709002 0.11306443065404892
v 0.05421835556626318 -0.017563786357641206 0.11779361218214035
v 0.05788916721940038 -0.02146098203957079 0.1185864731669426
v 0.05421835556626318 -0.017563786357641206 0.11779361218214035
v 0.05902979522943494 -0.022491598501801473 0.12365637719631195
v 0.05902979522943494 -0.022491598501801473 0.12365637719631195
v 0.05421835556626318 -0.017563786357641206 0.11779361218214035
v 0.05537084862589833 -0.01832664012908934 0.12232441455125809
v 0.05902979522943494 -0.022491598501801473 0.12365637719631195
v 0.05537084862589833 -0.01832664012908934 0.12232441455125809
v 0.060303814709186526 -0.022763079032301885 0.12849466502666473
v 0.060303814709186526 -0.022763079032301885 0.12849466502666473
v 0.05537084862589833 -0.01832664012908934 0.12232441455125809
v 0.061641357839107486 -0.02223472483456133 0.13298705220222473
v 0.060303814709186526 -0.022763079032301885 0.12849466502666473
v 0.061641357839107486 -0.02223472483456133 0.13298705220222473
v 0.06602307409048078 -0.026142135262489298 0.13968411087989807
v 0.06602307409048078 -0.026142135262489298 0.13968411087989807
v 0.061641357839107486 -0.02223472483456133 0.13298705220222473
v 0.06746129691600797 -0.024213071912527067 0.14394208788871765
v 0.06602307409048078 -0.026142135262489298 0.13968411087989807
v 0.06746129691600797 -0.024213071912527067 0.14394208788871765
v 0.07125808298587796 -0.027513327077031115 0.15109215676784515
v 0.07125808298587796 -0.027513327077031115 0.15109215676784515
v 0.06746129691600797 -0.024213071912527067 0.14394208788871765
v 0.07269058376550672 -0.024170255288481695 0.1549125760793686
v 0.07125808298587796 -0.027513327077031115 0.15109215676784515
v 0.07269058376550672 -0.024170255288481695 0.1549125760793686
v 0.07587324082851407 -0.026825828477740267 0.16243624687194824
v 0.07587324082851407 -0.026825828477740267 0.16243624687194824
v 0.07269058376550672 -0.024170255288481695 0.1549125760793686
v 0.07718801498413083 -0.022149069234728796 0.1656426191329956
v 0.07587324082851407 -0.026825828477740267 0.16243624687194824
v 0.07718801498413083 -0.022149069234728796 0.1656426191329956
v 0.07972022891044613 -0.02416227199137209 0.1734611988067627
v 0.07972022891044613 -0.02416227199137209 0.1734611988067627
v 0.07718801498413083 -0.022149069234728796 0.1656426191329956
v 0.08081627637147899 -0.01830373145639895 0.17592723667621613
v 0.07972022891044613 -0.02416227199137209 0.1734611988067627
v 0.08081627637147899 -0.01830373145639895 0.17592723667621613
v 0.08265864849090572 -0.019712135195732103 0.18397344648838043
v 0.08265864849090572 -0.019712135195732103 0.18397344648838043
v 0.08081627637147899 -0.01830373145639895 0.17592723667621613
v 0.08345886319875713 -0.012870053760707368 0.18562814593315125
v 0.08265864849090572 -0.019712135195732103 0.18397344648838043
v 0.08345886319875713 -0.012870053760707368 0.18562814593315125
v 0.08456621319055553 -0.01373892743140458 0.19384828209877014
v 0.08380680531263347 -0.02402704954147337 0.1989622712135315
v 0.08348955214023586 -0.025909630581736544 0.1982080638408661
v 0.08373511582612987 -0.021091509610414488 0.19211198389530182
v 0.08373511582612987 -0.021091509610414488 0.19211198389530182
v 0.08348955214023586 -0.025909630581736544 0.1982080638408661
v 0.08255025744438167 -0.028065890073776224 0.18941955268383026
v 0.08373511582612987 -0.021091509610414488 0.19211198389530182
v 0.08255025744438167 -0.028065890073776224 0.18941955268383026
v 0.08150782436132427 -0.026139860972762087 0.18140292167663574
v 0.08150782436132427 -0.026139860972762087 0.18140292167663574
v 0.08255025744438167 -0.028065890073776224 0.18941955268383026
v 0.0800557285547256 -0.032006874680519076 0.1778920441865921
v 0.08150782436132427 -0.026139860972762087 0.18140292167663574
v 0.0800557285547256 -0.032006874680519076 0.1778920441865921
v 0.07832759618759151 -0.029444474726915335 0.17011095583438873
v 0.07832759618759151 -0.029444474726915335 0.17011095583438873
v 0.0800557285547256 -0.032006874680519076 0.1778920441865921
v 0.0767140835523605 -0.03400511294603345 0.16589343547821045
v 0.07832759618759151 -0.029444474726915335 0.17011095583438873
v 0.0767140835523605 -0.03400511294603345 0.16589343547821045
v 0.07434254884719846 -0.030785355716943717 0.15842510759830475
v 0.07434254884719846 -0.030785355716943717 0.15842510759830475
v 0.0767140835523605 -0.03400511294603345 0.16589343547821045
v 0.07268922030925748 -0.03390694409608838 0.1536746621131897
v 0.07434254884719846 -0.030785355716943717 0.15842510759830475
v 0.07268922030925748 -0.03390694409608838 0.1536746621131897
v 0.06970640271902082 -0.0300424341112375 0.14659549295902252
v 0.06970640271902082 -0.0300424341112375 0.14659549295902252
v 0.07268922030925748 -0.03390694409608838 0.1536746621131897
v 0.06813389807939527 -0.03168574720621106 0.14152713119983673
v 0.06970640271902082 -0.0300424341112375 0.14659549295902252
v 0.06813389807939527 -0.03168574720621106 0.14152713119983673
v 0.0645639821887016 -0.027227407321333864 0.1349119246006012
v 0.06941957771778104 -0.03734991326928136 0.142446368932724
v 0.07101545482873914 -0.0361053682863712 0.148299440741539
v 0.07301158457994458 -0.04695795103907582 0.1556357443332672
v 0.07301158457994458 -0.04695795103907582 0.1556357443332672
v 0.07101545482873914 -0.0361053682863712 0.148299440741539
v 0.07321655750274655 -0.04045477136969563 0.1551932543516159
v 0.07301158457994458 -0.04695795103907582 0.1556357443332672
v 0.07321655750274655 -0.04045477136969563 0.1551932543516159
v 0.074751541018486 -0.04470565542578694 0.16218434274196625
v 0.074751541018486 -0.04470565542578694 0.16218434274196625
v 0.07321655750274655 -0.04045477136969563 0.1551932543516159
v 0.0765753164887428 -0.04141962900757786 0.16818024218082428
v 0.074751541018486 -0.04470565542578694 0.16218434274196625
v 0.0765753164887428 -0.04141962900757786 0.16818024218082428
v 0.07749988883733747 -0.0450181849300861 0.17554908990859985
v 0.07749988883733747 -0.0450181849300861 0.17554908990859985
v 0.0765753164887428 -0.04141962900757786 0.16818024218082428
v 0.07934491336345668 -0.040199138224124874 0.18108847737312317
v 0.07749988883733747 -0.0450181849300861 0.17554908990859985
v 0.07934491336345668 -0.040199138224124874 0.18108847737312317
v 0.07867239415645595 -0.04570719972252842 0.18516121804714203
v 0.07867239415645595 -0.04570719972252842 0.18516121804714203
v 0.07934491336345668 -0.040199138224124874 0.18108847737312317
v 0.0793289020657539 -0.04366526752710339 0.1871117651462555
v 0.0631734952330589 -0.027457209303975084 0.1297471523284912
v 0.0645639821887016 -0.027227407321333864 0.1349119246006012
v 0.06941957771778104 -0.03734991326928136 0.142446368932724
v 0.06941957771778104 -0.03734991326928136 0.142446368932724
v 0.0645639821887016 -0.027227407321333864 0.1349119246006012
v 0.06813389807939527 -0.03168574720621106 0.14152713119983673
v 0.06941957771778104 -0.03734991326928136 0.142446368932724
v 0.06813389807939527 -0.03168574720621106 0.14152713119983673
v 0.07101545482873914 -0.0361053682863712 0.148299440741539
v 0.07101545482873914 -0.0361053682863712 0.148299440741539
v 0.06813389807939527 -0.03168574720621106 0.14152713119983673
v 0.07268922030925748 -0.03390694409608838 0.1536746621131897
v 0.07101545482873914 -0.0361053682863712 0.148299440741539
v 0.07268922030925748 -0.03390694409608838 0.1536746621131897
v 0.07497535645961759 -0.03770783171057698 0.1608799397945404
v 0.07497535645961759 -0.03770783171057698 0.1608799397945404
v 0.07268922030925748 -0.03390694409608838 0.1536746621131897
v 0.0767140835523605 -0.03400511294603345 0.16589343547821045
v 0.07497535645961759 -0.03770783171057698 0.1608799397945404
v 0.0767140835523605 -0.03400511294603345 0.16589343547821045
v 0.07837912440299984 -0.03715018555521962 0.17345917224884033
v 0.07837912440299984 -0.03715018555521962 0.17345917224884033
v 0.0767140835523605 -0.03400511294603345 0.16589343547821045
v 0.0800557285547256 -0.032006874680519076 0.1778920441865921
v 0.07837912440299984 -0.03715018555521962 0.17345917224884033
v 0.0800557285547256 -0.032006874680519076 0.1778920441865921
v 0.08106109499931331 -0.034494396299123736 0.18573839962482452
v 0.08106109499931331 -0.034494396299123736 0.18573839962482452
v 0.0800557285547256 -0.032006874680519076 0.1778920441865921
v 0.08255025744438167 -0.028065890073776224 0.18941955268383026
v 0.08106109499931331 -0.034494396299123736 0.18573839962482452
v 0.08255025744438167 -0.028065890073776224 0.18941955268383026
v 0.08153714239597316 -0.0359009653329849 0.19335702061653137
v 0.08153714239597316 -0.0359009653329849 0.19335702061653137
v 0.08255025744438167 -0.028065890073776224 0.18941955268383026
v 0.08230292797088619 -0.032350320369005175 0.1953081339597702
v 0.060856208205223056 -0.00782311707735061 0.14099983870983124
v 0.06656011193990705 -0.003914811182767149 0.14852620661258698
v 0.06641507148742673 -0.008589102886617177 0.1475471407175064
v 0.06641507148742673 -0.008589102886617177 0.1475471407175064
v 0.06656011193990705 -0.003914811182767149 0.14852620661258698
v 0.07150159776210782 -0.0042483047582209076 0.15539249777793884
v 0.06641507148742673 -0.008589102886617177 0.1475471407175064
v 0.07150159776210782 -0.0042483047582209076 0.15539249777793884
v 0.07129938155412671 -0.009399388916790478 0.15454085171222687
v 0.07129938155412671 -0.009399388916790478 0.15454085171222687
v 0.07150159776210782 -0.0042483047582209076 0.15539249777793884
v 0.07573548704385755 -0.004605659283697602 0.1626882553100586
v 0.07129938155412671 -0.009399388916790478 0.15454085171222687
v 0.07573548704385755 -0.004605659283697602 0.1626882553100586
v 0.07546984404325482 -0.010243735276162616 0.1619131714105606
v 0.07546984404325482 -0.010243735276162616 0.1619131714105606
v 0.07573548704385755 -0.004605659283697602 0.1626882553100586
v 0.07922875136137005 -0.004981559235602614 0.17034108936786652
v 0.07546984404325482 -0.010243735276162616 0.1619131714105606
v 0.07922875136137005 -0.004981559235602614 0.17034108936786652
v 0.07889953255653377 -0.011111130937933913 0.16959623992443085
v 0.07889953255653377 -0.011111130937933913 0.16959623992443085
v 0.07922875136137005 -0.004981559235602614 0.17034108936786652
v 0.08195350319147106 -0.005370513070374723 0.17827795445919037
v 0.07889953255653377 -0.011111130937933913 0.16959623992443085
v 0.08195350319147106 -0.005370513070374723 0.17827795445919037
v 0.0815668404102325 -0.011990359984338275 0.17752286791801453
v 0.0815668404102325 -0.011990359984338275 0.17752286791801453
v 0.08195350319147106 -0.005370513070374723 0.17827795445919037
v 0.08389108628034588 -0.005766832269728179 0.18642541766166687
v 0.0815668404102325 -0.011990359984338275 0.17752286791801453
v 0.08389108628034588 -0.005766832269728179 0.18642541766166687
v 0.08345886319875713 -0.012870053760707368 0.18562814593315125
v 0.08345886319875713 -0.012870053760707368 0.18562814593315125
v 0.08389108628034588 -0.005766832269728179 0.18642541766166687
v 0.08502716571092601 -0.00616482831537723 0.19471006095409393
v 0.08345886319875713 -0.012870053760707368 0.18562814593315125
v 0.08502716571092601 -0.00616482831537723 0.19471006095409393
v 0.08456621319055553 -0.01373892743140458 0.19384828209877014
v 0.08456621319055553 -0.01373892743140458 0.19384828209877014
v 0.08502716571092601 -0.00616482831537723 0.19471006095409393
v 0.08517827093601223 -0.010373447090387336 0.20191527903079987
v 0.08456621319055553 -0.01373892743140458 0.19384828209877014
v 0.08517827093601223 -0.010373447090387336 0.20191527903079987
v 0.08504118770360942 -0.012106118723750106 0.20163318514823914
v 0.06005770340561864 -0.02355577796697615 0.11310668289661407
v 0.05618849024176595 -0.017436947673559175 0.1081351563334465
v 0.06087714806199071 -0.0255368649959564 0.11874224990606308
v 0.06087714806199071 -0.0255368649959564 0.11874224990606308
v 0.05618849024176595 -0.017436947673559175 0.1081351563334465
v 0.05788916721940038 -0.02146098203957079 0.1185864731669426
v 0.06087714806199071 -0.0255368649959564 0.11874224990606308
v 0.05788916721940038 -0.02146098203957079 0.1185864731669426
v 0.06192652136087415 -0.026868507266044596 0.12431898713111877
v 0.06192652136087415 -0.026868507266044596 0.12431898713111877
v 0.05788916721940038 -0.02146098203957079 0.1185864731669426
v 0.05902979522943494 -0.022491598501801473 0.12365637719631195
v 0.06192652136087415 -0.026868507266044596 0.12431898713111877
v 0.05902979522943494 -0.022491598501801473 0.12365637719631195
v 0.0631734952330589 -0.027457209303975084 0.1297471523284912
v 0.0631734952330589 -0.027457209303975084 0.1297471523284912
v 0.05902979522943494 -0.022491598501801473 0.12365637719631195
v 0.060303814709186526 -0.022763079032301885 0.12849466502666473
v 0.0631734952330589 -0.027457209303975084 0.1297471523284912
v 0.060303814709186526 -0.022763079032301885 0.12849466502666473
v 0.0645639821887016 -0.027227407321333864 0.1349119246006012
v 0.0645639821887016 -0.027227407321333864 0.1349119246006012
v 0.060303814709186526 -0.022763079032301885 0.12849466502666473
v 0.06602307409048078 -0.026142135262489298 0.13968411087989807
v 0.0645639821887016 -0.027227407321333864 0.1349119246006012
v 0.06602307409048078 -0.026142135262489298 0.13968411087989807
v 0.06970640271902082 -0.0300424341112375 0.14659549295902252
v 0.06970640271902082 -0.0300424341112375 0.14659549295902252
v 0.06602307409048078 -0.026142135262489298 0.13968411087989807
v 0.07125808298587796 -0.027513327077031115 0.15109215676784515
v 0.06970640271902082 -0.0300424341112375 0.14659549295902252
v 0.07125808298587796 -0.027513327077031115 0.15109215676784515
v 0.07434254884719846 -0.030785355716943717 0.15842510759830475
v 0.07434254884719846 -0.030785355716943717 0.15842510759830475
v 0.07125808298587796 -0.027513327077031115 0.15109215676784515
v 0.07587324082851407 -0.026825828477740267 0.16243624687194824
v 0.07434254884719846 -0.030785355716943717 0.15842510759830475
v 0.07587324082851407 -0.026825828477740267 0.16243624687194824
v 0.07832759618759151 -0.029444474726915335 0.17011095583438873
v 0.07832759618759151 -0.029444474726915335 0.17011095583438873
v 0.07587324082851407 -0.026825828477740267 0.16243624687194824
v 0.07972022891044613 -0.02416227199137209 0.1734611988067627
v 0.07832759618759151 -0.029444474726915335 0.17011095583438873
v 0.07972022891044613 -0.02416227199137209 0.1734611988067627
v 0.08150782436132427 -0.026139860972762087 0.18140292167663574
v 0.08150782436132427 -0.026139860972762087 0.18140292167663574
v 0.07972022891044613 -0.02416227199137209 0.1734611988067627
v 0.08265864849090572 -0.019712135195732103 0.18397344648838043
v 0.08150782436132427 -0.026139860972762087 0.18140292167663574
v 0.08265864849090572 -0.019712135195732103 0.18397344648838043
v 0.08373511582612987 -0.021091509610414488 0.19211198389530182
v 0.08373511582612987 -0.021091509610414488 0.19211198389530182
v 0.08265864849090572 -0.019712135195732103 0.18397344648838043
v 0.08456621319055553 -0.01373892743140458 0.19384828209877014
v 0.08373511582612987 -0.021091509610414488 0.19211198389530182
v 0.08456621319055553 -0.01373892743140458 0.19384828209877014
v 0.08441108465194698 -0.019120329990982995 0.20030279457569122
v 0.08441108465194698 -0.019120329990982995 0.20030279457569122
v 0.08456621319055553 -0.01373892743140458 0.19384828209877014
v 0.08462123572826381 -0.017413966357707963 0.20076897740364075
v 3.872052723211896e-15 0.028205495327711085 0.07436181604862213
v 3.87253892012362e-15 0.020149106159806234 0.08045507967472076
v 0.014315020292997353 0.012637869454920281 0.08644069731235504
v 3.87264988143971e-15 0.01831228472292422 0.08184432238340378
v 3.873025117035344e-15 0.012565838173031797 0.08710810542106628
v 0.007424762472510334 0.009266478940844529 0.08980992436408997
v 0.040229082107543924 0.0075756884180009304 0.0860198587179184
v 0.05094756558537481 -0.004864871036261317 0.09361003339290619
v 0.05100964009761808 0.0029676193371415117 0.08403780311346054
v 0.05100964009761808 0.0029676193371415117 0.08403780311346054
v 0.05094756558537481 -0.004864871036261317 0.09361003339290619
v 0.0591473542153835 -0.018016174435615526 0.10188080370426178
v 0.05100964009761808 0.0029676193371415117 0.08403780311346054
v 0.0591473542153835 -0.018016174435615526 0.10188080370426178
v 0.05915827676653859 -0.010882395319640628 0.09088794142007828
v 0.05915827676653859 -0.010882395319640628 0.09088794142007828
v 0.0591473542153835 -0.018016174435615526 0.10188080370426178
v 0.06472168117761609 -0.03139406815171239 0.11067422479391098
v 0.05915827676653859 -0.010882395319640628 0.09088794142007828
v 0.06472168117761609 -0.03139406815171239 0.11067422479391098
v 0.06467086821794507 -0.025064095854759195 0.09818881005048752
v 0.06467086821794507 -0.025064095854759195 0.09818881005048752
v 0.06472168117761609 -0.03139406815171239 0.11067422479391098
v 0.06782194972038266 -0.04457983002066609 0.11992499232292175
v 0.06467086821794507 -0.025064095854759195 0.09818881005048752
v 0.06782194972038266 -0.04457983002066609 0.11992499232292175
v 0.06771267205476758 -0.03910289704799649 0.10592995584011078
v 0.06771267205476758 -0.03910289704799649 0.10592995584011078
v 0.06782194972038266 -0.04457983002066609 0.11992499232292175
v 0.06851467490196225 -0.05211203172802921 0.11408644169569016
v 0.06771267205476758 -0.03910289704799649 0.10592995584011078
v 0.06851467490196225 -0.05211203172802921 0.11408644169569016
v 0.06852729618549344 -0.05199868232011791 0.11380770057439804
v 0.01375249866396188 0.037060245871543857 0.06701347976922989
v 0.013692467473447316 0.028470611199736574 0.0734148919582367
v 0.027500925585627542 0.018822371959686265 0.07927154749631882
v 0.027500925585627542 0.018822371959686265 0.07927154749631882
v 0.013692467473447316 0.028470611199736574 0.0734148919582367
v 0.02785195782780646 0.010884216986596576 0.08655383437871933
v 0.027500925585627542 0.018822371959686265 0.07927154749631882
v 0.02785195782780646 0.010884216986596576 0.08655383437871933
v 0.040229082107543924 0.0075756884180009304 0.0860198587179184
v 0.04784965515136717 -0.010842091403901568 0.10779403895139694
v 0.04649839550256727 -0.005498749669641252 0.09875677525997162
v 0.04192931205034254 -0.00571679230779409 0.1028166338801384
v 0.04192931205034254 -0.00571679230779409 0.1028166338801384
v 0.04649839550256727 -0.005498749669641252 0.09875677525997162
v 0.04075431451201437 0.00021564167400356366 0.09441279619932175
v 0.04192931205034254 -0.00571679230779409 0.1028166338801384
v 0.04075431451201437 0.00021564167400356366 0.09441279619932175
v 0.035500977188348756 -0.0007699776906520122 0.09817101061344147
v 0.035500977188348756 -0.0007699776906520122 0.09817101061344147
v 0.04075431451201437 0.00021564167400356366 0.09441279619932175
v 0.0345025137066841 0.005691879894584413 0.09033890068531036
v 0.035500977188348756 -0.0007699776906520122 0.09817101061344147
v 0.0345025137066841 0.005691879894584413 0.09033890068531036
v 0.028671480715274797 0.003960568923503157 0.09388444572687149
v 0.04784965515136717 -0.010842091403901568 0.10779403895139694
v 0.051661573350429514 -0.011400360614061347 0.10334144532680511
v 0.04649839550256727 -0.005498749669641252 0.09875677525997162
v 0.04649839550256727 -0.005498749669641252 0.09875677525997162
v 0.051661573350429514 -0.011400360614061347 0.10334144532680511
v 0.05094756558537481 -0.004864871036261317 0.09361003339290619
v 0.04649839550256727 -0.005498749669641252 0.09875677525997162
v 0.05094756558537481 -0.004864871036261317 0.09361003339290619
v 0.04075431451201437 0.00021564167400356366 0.09441279619932175
v 0.04075431451201437 0.00021564167400356366 0.09441279619932175
v 0.05094756558537481 -0.004864871036261317 0.09361003339290619
v 0.040229082107543924 0.0075756884180009304 0.0860198587179184
v 0.04075431451201437 0.00021564167400356366 0.09441279619932175
v 0.040229082107543924 0.0075756884180009304 0.0860198587179184
v 0.0345025137066841 0.005691879894584413 0.09033890068531036
v 0.0345025137066841 0.005691879894584413 0.09033890068531036
v 0.040229082107543924 0.0075756884180009304 0.0860198587179184
v 0.02785195782780646 0.010884216986596576 0.08655383437871933
v 0.0345025137066841 0.005691879894584413 0.09033890068531036
v 0.02785195782780646 0.010884216986596576 0.08655383437871933
v 0.028671480715274797 0.003960568923503157 0.09388444572687149
v 0.007424762472510334 0.009266478940844529 0.08980992436408997
v 3.873025117035344e-15 0.012565838173031797 0.08710810542106628
v 0.007823084481060501 0.002861497690901158 0.09668631106615067
v 0.007823084481060501 0.002861497690901158 0.09668631106615067
v 3.873025117035344e-15 0.012565838173031797 0.08710810542106628
v 3.8734524451572336e-15 0.006024577654898162 0.09309994429349899
v 0.007823084481060501 0.002861497690901158 0.09668631106615067
v 3.8734524451572336e-15 0.006024577654898162 0.09309994429349899
v 3.873511313947068e-15 0.005241710692644115 0.09403994679450989
v 3.873873420532019e-15 0.0004267008916940537 0.09982141107320786
v 3.873997510858792e-15 -0.0008801879594102495 0.10203304886817932
v 0.008176090195775029 -0.0022299666889011843 0.10412106662988663
v 0.008176090195775029 -0.0022299666889011843 0.10412106662988663
v 3.873997510858792e-15 -0.0008801879594102495 0.10203304886817932
v 3.874183858107188e-15 -0.002846455434337256 0.10536055266857147
v 0.008176090195775029 -0.0022299666889011843 0.10412106662988663
v 3.874183858107188e-15 -0.002846455434337256 0.10536055266857147
v 0.008305840194225308 -0.003930534236133095 0.10818347334861755
v 0.008305840194225308 -0.003930534236133095 0.10818347334861755
v 3.874183858107188e-15 -0.002846455434337256 0.10536055266857147
v 3.87424018579818e-15 -0.0031814414542168353 0.10648471862077713
v 0.008305840194225308 -0.003930534236133095 0.10818347334861755
v 3.87424018579818e-15 -0.0031814414542168353 0.10648471862077713
v 0.008393457159399983 -0.00448040850460529 0.1125132143497467
v 3.87424018579818e-15 -0.0031814414542168353 0.10648471862077713
v 3.874436697441943e-15 -0.004341982305049893 0.11037934571504593
v 0.008393457159399983 -0.00448040850460529 0.1125132143497467
v 0.008393457159399983 -0.00448040850460529 0.1125132143497467
v 3.874436697441943e-15 -0.004341982305049893 0.11037934571504593
v 3.874483284254042e-15 -0.004254464525729414 0.11133650690317154
v 0.008393457159399983 -0.00448040850460529 0.1125132143497467
v 3.874483284254042e-15 -0.004254464525729414 0.11133650690317154
v 0.00841969437897205 -0.003964392933994528 0.11465305089950562
v 0.00841969437897205 -0.003964392933994528 0.11465305089950562
v 3.874483284254042e-15 -0.004254464525729414 0.11133650690317154
v 3.8746099156796566e-15 -0.004016935825347897 0.11393430829048157
v 0.00843620020896196 -0.0016282941214740263 0.11707938462495804
v 3.87478779259858e-15 -0.0016064813826233136 0.1165471002459526
v 3.87481701523526e-15 -0.0010823297780007115 0.11684945970773697
v 0.016374995931982987 -0.0036006879527121756 0.10691751539707184
v 0.008176090195775029 -0.0022299666889011843 0.10412106662988663
v 0.016607545316219323 -0.004683484788984057 0.11061104387044907
v 0.016607545316219323 -0.004683484788984057 0.11061104387044907
v 0.008176090195775029 -0.0022299666889011843 0.10412106662988663
v 0.008305840194225308 -0.003930534236133095 0.10818347334861755
v 0.016607545316219323 -0.004683484788984057 0.11061104387044907
v 0.008305840194225308 -0.003930534236133095 0.10818347334861755
v 0.01675669848918914 -0.004676950629800555 0.11443213373422623
v 0.01675669848918914 -0.004676950629800555 0.11443213373422623
v 0.008305840194225308 -0.003930534236133095 0.10818347334861755
v 0.008393457159399983 -0.00448040850460529 0.1125132143497467
v 0.01675669848918914 -0.004676950629800555 0.11443213373422623
v 0.008393457159399983 -0.00448040850460529 0.1125132143497467
v 0.01679673604667186 -0.0039824061095714534 0.11626406013965607
v 0.01679673604667186 -0.0039824061095714534 0.11626406013965607
v 0.008393457159399983 -0.00448040850460529 0.1125132143497467
v 0.00841969437897205 -0.003964392933994528 0.11465305089950562
v 0.01679673604667186 -0.0039824061095714534 0.11626406013965607
v 0.00841969437897205 -0.003964392933994528 0.11465305089950562
v 0.00842808652669191 -0.003410891862586138 0.11562686413526535
v 0.00842808652669191 -0.003410891862586138 0.11562686413526535
v 0.00841969437897205 -0.003964392933994528 0.11465305089950562
v 3.8746099156796566e-15 -0.004016935825347897 0.11393430829048157
v 0.00842808652669191 -0.003410891862586138 0.11562686413526535
v 3.8746099156796566e-15 -0.004016935825347897 0.11393430829048157
v 3.874665819854175e-15 -0.003403023118153212 0.11490858346223831
v 3.87253892012362e-15 0.020149106159806234 0.08045507967472076
v 3.87264988143971e-15 0.01831228472292422 0.08184432238340378
v 0.014315020292997353 0.012637869454920281 0.08644069731235504
v 0.014315020292997353 0.012637869454920281 0.08644069731235504
v 3.87264988143971e-15 0.01831228472292422 0.08184432238340378
v 0.007424762472510334 0.009266478940844529 0.08980992436408997
v 0.014315020292997353 0.012637869454920281 0.08644069731235504
v 0.007424762472510334 0.009266478940844529 0.08980992436408997
v 0.014972540549933903 0.005894360598176713 0.0931193009018898
v 0.014972540549933903 0.005894360598176713 0.0931193009018898
v 0.007424762472510334 0.009266478940844529 0.08980992436408997
v 0.007823084481060501 0.002861497690901158 0.09668631106615067
v 0.014972540549933903 0.005894360598176713 0.0931193009018898
v 0.007823084481060501 0.002861497690901158 0.09668631106615067
v 0.015722410753369324 0.00034753867657855126 0.09990398585796356
v 0.015722410753369324 0.00034753867657855126 0.09990398585796356
v 0.007823084481060501 0.002861497690901158 0.09668631106615067
v 0.01607320271432399 -0.0018645607633516177 0.10336519777774811
v 0.015722410753369324 0.00034753867657855126 0.09990398585796356
v 0.01607320271432399 -0.0018645607633516177 0.10336519777774811
v 0.024061158299446096 -0.003980722744017836 0.10702583938837051
v 0.024061158299446096 -0.003980722744017836 0.10702583938837051
v 0.01607320271432399 -0.0018645607633516177 0.10336519777774811
v 0.02447998523712157 -0.005101602058857675 0.11036771535873413
v 0.024061158299446096 -0.003980722744017836 0.10702583938837051
v 0.02447998523712157 -0.005101602058857675 0.11036771535873413
v 0.03237461671233176 -0.006718715652823443 0.1144646555185318
v 0.03237461671233176 -0.006718715652823443 0.1144646555185318
v 0.02447998523712157 -0.005101602058857675 0.11036771535873413
v 0.024795826524496068 -0.0055561843328177886 0.1137409508228302
v 0.03237461671233176 -0.006718715652823443 0.1144646555185318
v 0.024795826524496068 -0.0055561843328177886 0.1137409508228302
v 0.02881347760558127 -0.006033661309629674 0.11556630581617355
v 0.02504434436559676 -0.0026621725410222986 0.11997851729393005
v 0.016812399029731744 -0.0026167526375502326 0.11780820041894913
v 0.016812158748507493 -0.001639218418858944 0.11835528910160065
v 0.016812158748507493 -0.001639218418858944 0.11835528910160065
v 0.016812399029731744 -0.0026167526375502326 0.11780820041894913
v 0.008433434180915352 -0.002630484988912938 0.1164623349905014
v 0.016812158748507493 -0.001639218418858944 0.11835528910160065
v 0.008433434180915352 -0.002630484988912938 0.1164623349905014
v 0.00843620020896196 -0.0016282941214740263 0.11707938462495804
v 0.00843620020896196 -0.0016282941214740263 0.11707938462495804
v 0.008433434180915352 -0.002630484988912938 0.1164623349905014
v 3.874720453479273e-15 -0.0028068809770047643 0.1158546507358551
v 0.00843620020896196 -0.0016282941214740263 0.11707938462495804
v 3.874720453479273e-15 -0.0028068809770047643 0.1158546507358551
v 3.87478779259858e-15 -0.0016064813826233136 0.1165471002459526
v 0.03691777959465979 -0.0028299978002905824 0.12473340332508087
v 0.033038213849067674 -0.0027615942526608684 0.12295282632112503
v 0.03300114721059798 -0.0006114104180596765 0.12360291182994843
v 0.03300114721059798 -0.0006114104180596765 0.12360291182994843
v 0.033038213849067674 -0.0027615942526608684 0.12295282632112503
v 0.02504434436559676 -0.0026621725410222986 0.11997851729393005
v 0.03300114721059798 -0.0006114104180596765 0.12360291182994843
v 0.02504434436559676 -0.0026621725410222986 0.11997851729393005
v 0.02502465434372424 -0.0005401404341682787 0.12072134763002396
v 0.02502465434372424 -0.0005401404341682787 0.12072134763002396
v 0.02504434436559676 -0.0026621725410222986 0.11997851729393005
v 0.016812158748507493 -0.001639218418858944 0.11835528910160065
v 0.02502465434372424 -0.0005401404341682787 0.12072134763002396
v 0.016812158748507493 -0.001639218418858944 0.11835528910160065
v 0.016807822510600083 -0.00048783572856336794 0.11864451318979263
v 0.016807822510600083 -0.00048783572856336794 0.11864451318979263
v 0.016812158748507493 -0.001639218418858944 0.11835528910160065
v 0.00843620020896196 -0.0016282941214740263 0.11707938462495804
v 0.016807822510600083 -0.00048783572856336794 0.11864451318979263
v 0.00843620020896196 -0.0016282941214740263 0.11707938462495804
v 0.008436936885118481 -0.00045618557487614415 0.11739334464073181
v 0.008436936885118481 -0.00045618557487614415 0.11739334464073181
v 0.00843620020896196 -0.0016282941214740263 0.11707938462495804
v 3.87481701523526e-15 -0.0010823297780007115 0.11684945970773697
v 0.008436936885118481 -0.00045618557487614415 0.11739334464073181
v 3.87481701523526e-15 -0.0010823297780007115 0.11684945970773697
v 3.8748826602886725e-15 -0.0004420272016432133 0.11693832278251648
v 0.020722663030028333 -0.005105618387460704 0.11208853870630264
v 0.0208953097462654 -0.004817123524844643 0.11567728966474533
v 0.024795826524496068 -0.0055561843328177886 0.1137409508228302
v 0.024795826524496068 -0.0055561843328177886 0.1137409508228302
v 0.0208953097462654 -0.004817123524844643 0.11567728966474533
v 0.02498851902782916 -0.004983506631106135 0.11711118370294571
v 0.024795826524496068 -0.0055561843328177886 0.1137409508228302
v 0.02498851902782916 -0.004983506631106135 0.11711118370294571
v 0.02881347760558127 -0.006033661309629674 0.11556630581617355
v 0.02881347760558127 -0.006033661309629674 0.11556630581617355
v 0.02498851902782916 -0.004983506631106135 0.11711118370294571
v 0.029023835435509668 -0.005174821242690082 0.11873135715723038
v 0.02881347760558127 -0.006033661309629674 0.11556630581617355
v 0.029023835435509668 -0.005174821242690082 0.11873135715723038
v 0.03276205807924269 -0.0065365293994545885 0.11756260693073273
v 0.03858510404825209 -0.008139386773109429 0.11288971453905106
v 0.04552125930786131 -0.011218535713851443 0.11827900260686874
v 0.03777721151709555 -0.007111484184861178 0.1094374731183052
v 0.03777721151709555 -0.007111484184861178 0.1094374731183052
v 0.04552125930786131 -0.011218535713851443 0.11827900260686874
v 0.044583842158317545 -0.010760304518043986 0.11472982168197632
v 0.03777721151709555 -0.007111484184861178 0.1094374731183052
v 0.044583842158317545 -0.010760304518043986 0.11472982168197632
v 0.03695985674858092 -0.005518944934010501 0.1058053970336914
v 0.03695985674858092 -0.005518944934010501 0.1058053970336914
v 0.044583842158317545 -0.010760304518043986 0.11472982168197632
v 0.04363310337066648 -0.009672174230217927 0.1109301894903183
v 0.03695985674858092 -0.005518944934010501 0.1058053970336914
v 0.04363310337066648 -0.009672174230217927 0.1109301894903183
v 0.04273124039173124 -0.007975614629685872 0.10693737119436264
v 0.048766322433948496 -0.012712540104985227 0.11220518499612808
v 0.04273124039173124 -0.007975614629685872 0.10693737119436264
v 0.049794528633356074 -0.013952059671282758 0.11645258963108063
v 0.049794528633356074 -0.013952059671282758 0.11645258963108063
v 0.04273124039173124 -0.007975614629685872 0.10693737119436264
v 0.04363310337066648 -0.009672174230217927 0.1109301894903183
v 0.049794528633356074 -0.013952059671282758 0.11645258963108063
v 0.04363310337066648 -0.009672174230217927 0.1109301894903183
v 0.05087635293602941 -0.014515320770442474 0.12045422941446304
v 0.05087635293602941 -0.014515320770442474 0.12045422941446304
v 0.04363310337066648 -0.009672174230217927 0.1109301894903183
v 0.044583842158317545 -0.010760304518043986 0.11472982168197632
v 0.05087635293602941 -0.014515320770442474 0.12045422941446304
v 0.044583842158317545 -0.010760304518043986 0.11472982168197632
v 0.05194164440035818 -0.014388224110007276 0.12413585186004639
v 0.05194164440035818 -0.014388224110007276 0.12413585186004639
v 0.044583842158317545 -0.010760304518043986 0.11472982168197632
v 0.04552125930786131 -0.011218535713851443 0.11827900260686874
v 0.05194164440035818 -0.014388224110007276 0.12413585186004639
v 0.04552125930786131 -0.011218535713851443 0.11827900260686874
v 0.05291589722037313 -0.01358498167246579 0.12744539976119995
v 0.05291589722037313 -0.01358498167246579 0.12744539976119995
v 0.04552125930786131 -0.011218535713851443 0.11827900260686874
v 0.04637894779443739 -0.011046691797673694 0.12154053896665573
v 0.05291589722037313 -0.01358498167246579 0.12744539976119995
v 0.04637894779443739 -0.011046691797673694 0.12154053896665573
v 0.05372965708374975 -0.012128253467380992 0.1303618848323822
v 0.05432663485407827 -0.010007852688431733 0.13288630545139313
v 0.05372965708374975 -0.012128253467380992 0.1303618848323822
v 0.047094710171222666 -0.010245643556118003 0.12450460344552994
v 0.047094710171222666 -0.010245643556118003 0.12450460344552994
v 0.05372965708374975 -0.012128253467380992 0.1303618848323822
v 0.04637894779443739 -0.011046691797673694 0.12154053896665573
v 0.047094710171222666 -0.010245643556118003 0.12450460344552994
v 0.04637894779443739 -0.011046691797673694 0.12154053896665573
v 0.03932608664035795 -0.008588541299104684 0.11613993346691132
v 0.03932608664035795 -0.008588541299104684 0.11613993346691132
v 0.04637894779443739 -0.011046691797673694 0.12154053896665573
v 0.03858510404825209 -0.008139386773109429 0.11288971453905106
v 0.03932608664035795 -0.008588541299104684 0.11613993346691132
v 0.03858510404825209 -0.008139386773109429 0.11288971453905106
v 0.031231166794896112 -0.005171842873096462 0.1080114021897316
v 0.031231166794896112 -0.005171842873096462 0.1080114021897316
v 0.03858510404825209 -0.008139386773109429 0.11288971453905106
v 0.03777721151709555 -0.007111484184861178 0.1094374731183052
v 0.031231166794896112 -0.005171842873096462 0.1080114021897316
v 0.03777721151709555 -0.007111484184861178 0.1094374731183052
v 0.029878046363592134 -0.001521924277767538 0.10111434012651443
v 0.029878046363592134 -0.001521924277767538 0.10111434012651443
v 0.03777721151709555 -0.007111484184861178 0.1094374731183052
v 0.03695985674858092 -0.005518944934010501 0.1058053970336914
v 0.029878046363592134 -0.001521924277767538 0.10111434012651443
v 0.03695985674858092 -0.005518944934010501 0.1058053970336914
v 0.035500977188348756 -0.0007699776906520122 0.09817101061344147
v 0.035500977188348756 -0.0007699776906520122 0.09817101061344147
v 0.03695985674858092 -0.005518944934010501 0.1058053970336914
v 0.04273124039173124 -0.007975614629685872 0.10693737119436264
v 0.035500977188348756 -0.0007699776906520122 0.09817101061344147
v 0.04273124039173124 -0.007975614629685872 0.10693737119436264
v 0.04192931205034254 -0.00571679230779409 0.1028166338801384
v 0.04192931205034254 -0.00571679230779409 0.1028166338801384
v 0.04273124039173124 -0.007975614629685872 0.10693737119436264
v 0.048766322433948496 -0.012712540104985227 0.11220518499612808
v 0.04192931205034254 -0.00571679230779409 0.1028166338801384
v 0.048766322433948496 -0.012712540104985227 0.11220518499612808
v 0.04784965515136717 -0.010842091403901568 0.10779403895139694
v 0.03276205807924269 -0.0065365293994545885 0.11756260693073273
v 0.039946064352989176 -0.008437927812337868 0.11918989568948746
v 0.03237461671233176 -0.006718715652823443 0.1144646555185318
v 0.03237461671233176 -0.006718715652823443 0.1144646555185318
v 0.039946064352989176 -0.008437927812337868 0.11918989568948746
v 0.03185196593403815 -0.006227612495422358 0.11128927022218704
v 0.03237461671233176 -0.006718715652823443 0.1144646555185318
v 0.03185196593403815 -0.006227612495422358 0.11128927022218704
v 0.024061158299446096 -0.003980722744017836 0.10702583938837051
v 0.024061158299446096 -0.003980722744017836 0.10702583938837051
v 0.03185196593403815 -0.006227612495422358 0.11128927022218704
v 0.023568416014313687 -0.002336376113817094 0.10367878526449203
v 0.024061158299446096 -0.003980722744017836 0.10702583938837051
v 0.023568416014313687 -0.002336376113817094 0.10367878526449203
v 0.015722410753369324 0.00034753867657855126 0.09990398585796356
v 0.015722410753369324 0.00034753867657855126 0.09990398585796356
v 0.023568416014313687 -0.002336376113817094 0.10367878526449203
v 0.02250378392636775 0.002290777396410702 0.09688431769609451
v 0.015722410753369324 0.00034753867657855126 0.09990398585796356
v 0.02250378392636775 0.002290777396410702 0.09688431769609451
v 0.014972540549933903 0.005894360598176713 0.0931193009018898
v 0.014972540549933903 0.005894360598176713 0.0931193009018898
v 0.02250378392636775 0.002290777396410702 0.09688431769609451
v 0.02156195230782031 0.008439549244940274 0.08997569978237152
v 0.014972540549933903 0.005894360598176713 0.0931193009018898
v 0.02156195230782031 0.008439549244940274 0.08997569978237152
v 0.014315020292997353 0.012637869454920281 0.08644069731235504
v 0.025034183636307706 -0.004095201380550858 0.11867114156484604
v 0.033036373555660234 -0.004294207785278555 0.12185633927583694
v 0.032988779246807085 -0.0053897872567176775 0.12053536623716354
v 0.032988779246807085 -0.0053897872567176775 0.12053536623716354
v 0.033036373555660234 -0.004294207785278555 0.12185633927583694
v 0.03687119111418723 -0.005627159960567947 0.12252016365528107
v 0.032988779246807085 -0.0053897872567176775 0.12053536623716354
v 0.03687119111418723 -0.005627159960567947 0.12252016365528107
v 0.036628413945436464 -0.007063300348818297 0.11972718685865402
v 0.036628413945436464 -0.007063300348818297 0.11972718685865402
v 0.03687119111418723 -0.005627159960567947 0.12252016365528107
v 0.040400799363851526 -0.007612594868987793 0.1220550537109375
v 0.04791418835520742 -0.0064625702798366495 0.12950654327869415
v 0.040400799363851526 -0.007612594868987793 0.1220550537109375
v 0.04066006839275358 -0.005885813850909467 0.12468066066503525
v 0.04066006839275358 -0.005885813850909467 0.12468066066503525
v 0.040400799363851526 -0.007612594868987793 0.1220550537109375
v 0.03687119111418723 -0.005627159960567947 0.12252016365528107
v 0.04066006839275358 -0.005885813850909467 0.12468066066503525
v 0.03687119111418723 -0.005627159960567947 0.12252016365528107
v 0.03691777959465979 -0.0028299978002905824 0.12473340332508087
v 0.03691777959465979 -0.0028299978002905824 0.12473340332508087
v 0.03687119111418723 -0.005627159960567947 0.12252016365528107
v 0.033036373555660234 -0.004294207785278555 0.12185633927583694
v 0.03691777959465979 -0.0028299978002905824 0.12473340332508087
v 0.033036373555660234 -0.004294207785278555 0.12185633927583694
v 0.033038213849067674 -0.0027615942526608684 0.12295282632112503
v 0.033038213849067674 -0.0027615942526608684 0.12295282632112503
v 0.033036373555660234 -0.004294207785278555 0.12185633927583694
v 0.025034183636307706 -0.004095201380550858 0.11867114156484604
v 0.033038213849067674 -0.0027615942526608684 0.12295282632112503
v 0.025034183636307706 -0.004095201380550858 0.11867114156484604
v 0.02504434436559676 -0.0026621725410222986 0.11997851729393005
v 0.02504434436559676 -0.0026621725410222986 0.11997851729393005
v 0.025034183636307706 -0.004095201380550858 0.11867114156484604
v 0.01679673604667186 -0.0039824061095714534 0.11626406013965607
v 0.02504434436559676 -0.0026621725410222986 0.11997851729393005
v 0.01679673604667186 -0.0039824061095714534 0.11626406013965607
v 0.016812399029731744 -0.0026167526375502326 0.11780820041894913
v 0.016812399029731744 -0.0026167526375502326 0.11780820041894913
v 0.01679673604667186 -0.0039824061095714534 0.11626406013965607
v 0.00842808652669191 -0.003410891862586138 0.11562686413526535
v 0.016812399029731744 -0.0026167526375502326 0.11780820041894913
v 0.00842808652669191 -0.003410891862586138 0.11562686413526535
v 0.008433434180915352 -0.002630484988912938 0.1164623349905014
v 0.008433434180915352 -0.002630484988912938 0.1164623349905014
v 0.00842808652669191 -0.003410891862586138 0.11562686413526535
v 3.874665819854175e-15 -0.003403023118153212 0.11490858346223831
v 0.008433434180915352 -0.002630484988912938 0.1164623349905014
v 3.874665819854175e-15 -0.003403023118153212 0.11490858346223831
v 3.874720453479273e-15 -0.0028068809770047643 0.1158546507358551
v 0.032951597124338136 0.0 0.12370061874389648
v 0.03845107182860373 0.0 0.12613365054130554
v 0.03300114721059798 -0.0006114104180596765 0.12360291182994843
v 0.03300114721059798 -0.0006114104180596765 0.12360291182994843
v 0.03845107182860373 0.0 0.12613365054130554
v 0.0405888110399246 0.0 0.12734845280647278
v 0.03300114721059798 -0.0006114104180596765 0.12360291182994843
v 0.0405888110399246 0.0 0.12734845280647278
v 0.03691777959465979 -0.0028299978002905824 0.12473340332508087
v 0.03691777959465979 -0.0028299978002905824 0.12473340332508087
v 0.0405888110399246 0.0 0.12734845280647278
v 0.04070518910884855 -0.002910144394263623 0.1267031878232956
v 0.03691777959465979 -0.0028299978002905824 0.12473340332508087
v 0.04070518910884855 -0.002910144394263623 0.1267031878232956
v 0.04066006839275358 -0.005885813850909467 0.12468066066503525
v 0.04066006839275358 -0.005885813850909467 0.12468066066503525
v 0.04070518910884855 -0.002910144394263623 0.1267031878232956
v 0.04796343296766279 -0.003103678580373523 0.13118787109851837
v 0.04066006839275358 -0.005885813850909467 0.12468066066503525
v 0.04796343296766279 -0.003103678580373523 0.13118787109851837
v 0.04791418835520742 -0.0064625702798366495 0.12950654327869415
v 0.04791418835520742 -0.0064625702798366495 0.12950654327869415
v 0.04796343296766279 -0.003103678580373523 0.13118787109851837
v 0.0547356270253658 -0.0033382419496774647 0.13635912537574768
v 3.873511313947068e-15 0.005241710692644115 0.09403994679450989
v 3.873873420532019e-15 0.0004267008916940537 0.09982141107320786
v 0.007823084481060501 0.002861497690901158 0.09668631106615067
v 0.007823084481060501 0.002861497690901158 0.09668631106615067
v 3.873873420532019e-15 0.0004267008916940537 0.09982141107320786
v 0.008176090195775029 -0.0022299666889011843 0.10412106662988663
v 0.007823084481060501 0.002861497690901158 0.09668631106615067
v 0.008176090195775029 -0.0022299666889011843 0.10412106662988663
v 0.01607320271432399 -0.0018645607633516177 0.10336519777774811
v 0.01607320271432399 -0.0018645607633516177 0.10336519777774811
v 0.008176090195775029 -0.0022299666889011843 0.10412106662988663
v 0.016374995931982987 -0.0036006879527121756 0.10691751539707184
v 0.01607320271432399 -0.0018645607633516177 0.10336519777774811
v 0.016374995931982987 -0.0036006879527121756 0.10691751539707184
v 0.02447998523712157 -0.005101602058857675 0.11036771535873413
v 0.02447998523712157 -0.005101602058857675 0.11036771535873413
v 0.016374995931982987 -0.0036006879527121756 0.10691751539707184
v 0.016607545316219323 -0.004683484788984057 0.11061104387044907
v 0.02447998523712157 -0.005101602058857675 0.11036771535873413
v 0.016607545316219323 -0.004683484788984057 0.11061104387044907
v 0.020722663030028333 -0.005105618387460704 0.11208853870630264
v 0.020722663030028333 -0.005105618387460704 0.11208853870630264
v 0.016607545316219323 -0.004683484788984057 0.11061104387044907
v 0.01675669848918914 -0.004676950629800555 0.11443213373422623
v 0.020722663030028333 -0.005105618387460704 0.11208853870630264
v 0.01675669848918914 -0.004676950629800555 0.11443213373422623
v 0.0208953097462654 -0.004817123524844643 0.11567728966474533
v 0.0208953097462654 -0.004817123524844643 0.11567728966474533
v 0.01675669848918914 -0.004676950629800555 0.11443213373422623
v 0.01679673604667186 -0.0039824061095714534 0.11626406013965607
v 0.0208953097462654 -0.004817123524844643 0.11567728966474533
v 0.01679673604667186 -0.0039824061095714534 0.11626406013965607
v 0.02498851902782916 -0.004983506631106135 0.11711118370294571
v 0.02498851902782916 -0.004983506631106135 0.11711118370294571
v 0.01679673604667186 -0.0039824061095714534 0.11626406013965607
v 0.025034183636307706 -0.004095201380550858 0.11867114156484604
v 0.02498851902782916 -0.004983506631106135 0.11711118370294571
v 0.025034183636307706 -0.004095201380550858 0.11867114156484604
v 0.029023835435509668 -0.005174821242690082 0.11873135715723038
v 0.029023835435509668 -0.005174821242690082 0.11873135715723038
v 0.025034183636307706 -0.004095201380550858 0.11867114156484604
v 0.032988779246807085 -0.0053897872567176775 0.12053536623716354
v 0.029023835435509668 -0.005174821242690082 0.11873135715723038
v 0.032988779246807085 -0.0053897872567176775 0.12053536623716354
v 0.03276205807924269 -0.0065365293994545885 0.11756260693073273
v 0.03276205807924269 -0.0065365293994545885 0.11756260693073273
v 0.032988779246807085 -0.0053897872567176775 0.12053536623716354
v 0.036628413945436464 -0.007063300348818297 0.11972718685865402
v 0.03276205807924269 -0.0065365293994545885 0.11756260693073273
v 0.036628413945436464 -0.007063300348818297 0.11972718685865402
v 0.039946064352989176 -0.008437927812337868 0.11918989568948746
v 0.039946064352989176 -0.008437927812337868 0.11918989568948746
v 0.036628413945436464 -0.007063300348818297 0.11972718685865402
v 0.040400799363851526 -0.007612594868987793 0.1220550537109375
v 0.039946064352989176 -0.008437927812337868 0.11918989568948746
v 0.040400799363851526 -0.007612594868987793 0.1220550537109375
v 0.04761790111660955 -0.008773333393037312 0.12717866897583008
v 0.04761790111660955 -0.008773333393037312 0.12717866897583008
v 0.040400799363851526 -0.007612594868987793 0.1220550537109375
v 0.04791418835520742 -0.0064625702798366495 0.12950654327869415
v 0.04761790111660955 -0.008773333393037312 0.12717866897583008
v 0.04791418835520742 -0.0064625702798366495 0.12950654327869415
v 0.05466896668076513 -0.007111266721040005 0.1349656581878662
v 0.05466896668076513 -0.007111266721040005 0.1349656581878662
v 0.04791418835520742 -0.0064625702798366495 0.12950654327869415
v 0.0547356270253658 -0.0033382419496774647 0.13635912537574768
v 0.05466896668076513 -0.007111266721040005 0.1349656581878662
v 0.0547356270253658 -0.0033382419496774647 0.13635912537574768
v 0.0609549134969711 -0.003609955077990887 0.14215916395187378
v 0.0609549134969711 -0.003609955077990887 0.14215916395187378
v 0.0547356270253658 -0.0033382419496774647 0.13635912537574768
v 0.054587796330451945 0.0 0.13679800927639008
v 0.0609549134969711 -0.003609955077990887 0.14215916395187378
v 0.054587796330451945 0.0 0.13679800927639008
v 0.05936640128493306 0.0 0.14097009599208832
v 0.07051384449005124 -0.058850042521953534 0.1490754336118698
v 0.07019120454788205 -0.05891943722963328 0.146839901804924
v 0.07011156529188153 -0.04846490547060963 0.14156176149845123
v 0.07011156529188153 -0.04846490547060963 0.14156176149845123
v 0.07019120454788205 -0.05891943722963328 0.146839901804924
v 0.06905533373355863 -0.047882180660963024 0.1343245804309845
v 0.07011156529188153 -0.04846490547060963 0.14156176149845123
v 0.06905533373355863 -0.047882180660963024 0.1343245804309845
v 0.06581458449363706 -0.035837944597005816 0.12347805500030518
v 0.06581458449363706 -0.035837944597005816 0.12347805500030518
v 0.06905533373355863 -0.047882180660963024 0.1343245804309845
v 0.06513168662786481 -0.03389326483011243 0.11704915761947632
v 0.06581458449363706 -0.035837944597005816 0.12347805500030518
v 0.06513168662786481 -0.03389326483011243 0.11704915761947632
v 0.06005770340561864 -0.02355577796697615 0.11310668289661407
v 0.06005770340561864 -0.02355577796697615 0.11310668289661407
v 0.06513168662786481 -0.03389326483011243 0.11704915761947632
v 0.0591473542153835 -0.018016174435615526 0.10188080370426178
v 0.06005770340561864 -0.02355577796697615 0.11310668289661407
v 0.0591473542153835 -0.018016174435615526 0.10188080370426178
v 0.05618849024176595 -0.017436947673559175 0.1081351563334465
v 0.05618849024176595 -0.017436947673559175 0.1081351563334465
v 0.0591473542153835 -0.018016174435615526 0.10188080370426178
v 0.051661573350429514 -0.011400360614061347 0.10334144532680511
v 0.05618849024176595 -0.017436947673559175 0.1081351563334465
v 0.051661573350429514 -0.011400360614061347 0.10334144532680511
v 0.053188540041446665 -0.01610435731709002 0.11306443065404892
v 0.053188540041446665 -0.01610435731709002 0.11306443065404892
v 0.051661573350429514 -0.011400360614061347 0.10334144532680511
v 0.04784965515136717 -0.010842091403901568 0.10779403895139694
v 0.053188540041446665 -0.01610435731709002 0.11306443065404892
v 0.04784965515136717 -0.010842091403901568 0.10779403895139694
v 0.05421835556626318 -0.017563786357641206 0.11779361218214035
v 0.05421835556626318 -0.017563786357641206 0.11779361218214035
v 0.04784965515136717 -0.010842091403901568 0.10779403895139694
v 0.048766322433948496 -0.012712540104985227 0.11220518499612808
v 0.05421835556626318 -0.017563786357641206 0.11779361218214035
v 0.048766322433948496 -0.012712540104985227 0.11220518499612808
v 0.05537084862589833 -0.01832664012908934 0.12232441455125809
v 0.05537084862589833 -0.01832664012908934 0.12232441455125809
v 0.048766322433948496 -0.012712540104985227 0.11220518499612808
v 0.049794528633356074 -0.013952059671282758 0.11645258963108063
v 0.05537084862589833 -0.01832664012908934 0.12232441455125809
v 0.049794528633356074 -0.013952059671282758 0.11645258963108063
v 0.05658181756734845 -0.018349418416619287 0.12655839323997498
v 0.05658181756734845 -0.018349418416619287 0.12655839323997498
v 0.049794528633356074 -0.013952059671282758 0.11645258963108063
v 0.05087635293602941 -0.014515320770442474 0.12045422941446304
v 0.05658181756734845 -0.018349418416619287 0.12655839323997498
v 0.05087635293602941 -0.014515320770442474 0.12045422941446304
v 0.05777389928698537 -0.01762609742581843 0.13040468096733093
v 0.05777389928698537 -0.01762609742581843 0.13040468096733093
v 0.05087635293602941 -0.014515320770442474 0.12045422941446304
v 0.05194164440035818 -0.014388224110007276 0.12413585186004639
v 0.05777389928698537 -0.01762609742581843 0.13040468096733093
v 0.05194164440035818 -0.014388224110007276 0.12413585186004639
v 0.05886534228920934 -0.01618549600243567 0.13379676640033722
v 0.05886534228920934 -0.01618549600243567 0.13379676640033722
v 0.05194164440035818 -0.014388224110007276 0.12413585186004639
v 0.05291589722037313 -0.01358498167246579 0.12744539976119995
v 0.05886534228920934 -0.01618549600243567 0.13379676640033722
v 0.05291589722037313 -0.01358498167246579 0.12744539976119995
v 0.05978028848767278 -0.01407169271260499 0.13670307397842407
v 0.05978028848767278 -0.01407169271260499 0.13670307397842407
v 0.05291589722037313 -0.01358498167246579 0.12744539976119995
v 0.05372965708374975 -0.012128253467380992 0.1303618848323822
v 0.05978028848767278 -0.01407169271260499 0.13670307397842407
v 0.05372965708374975 -0.012128253467380992 0.1303618848323822
v 0.06045752763748166 -0.01130508352071046 0.1391194760799408
v 0.06045752763748166 -0.01130508352071046 0.1391194760799408
v 0.05372965708374975 -0.012128253467380992 0.1303618848323822
v 0.05432663485407827 -0.010007852688431733 0.13288630545139313
v 0.06045752763748166 -0.01130508352071046 0.1391194760799408
v 0.05432663485407827 -0.010007852688431733 0.13288630545139313
v 0.060856208205223056 -0.00782311707735061 0.14099983870983124
v 3.870374750943385e-15 0.08548736572265618 -2.7755575615628914e-17
v 3.868935641966e-15 0.0849469602108001 0.008189338259398937
v 0.008350750431418415 0.08473436534404748 0.00827702321112156
v 0.008350750431418415 0.08473436534404748 0.00827702321112156
v 3.868935641966e-15 0.0849469602108001 0.008189338259398937
v 3.867948425065975e-15 0.08457610756158822 0.013809364289045334
v 0.008350750431418415 0.08473436534404748 0.00827702321112156
v 3.867948425065975e-15 0.08457610756158822 0.013809364289045334
v 0.00816592667251825 0.08324079215526574 0.018437223508954048
v 0.00816592667251825 0.08324079215526574 0.018437223508954048
v 3.867948425065975e-15 0.08457610756158822 0.013809364289045334
v 3.868163147918104e-15 0.0835203826427459 0.018138187006115913
v 0.00816592667251825 0.08324079215526574 0.018437223508954048
v 3.868163147918104e-15 0.0835203826427459 0.018138187006115913
v 0.007956987246870991 0.07968232035636896 0.028377598151564598
v 0.007956987246870991 0.07968232035636896 0.028377598151564598
v 3.868163147918104e-15 0.0835203826427459 0.018138187006115913
v 3.8684409747248035e-15 0.08215497434139245 0.02373683638870716
v 3.868976299547468e-15 0.07708536833524698 0.033603813499212265
v 0.007705681957304474 0.07375682890415186 0.037412405014038086
v 3.868649344829828e-15 0.08018296957015986 0.02757495455443859
v 0.02499127946794032 0.08171996474266045 0.0
v 0.017015708610415452 0.0837703496217727 0.0
v 0.024860667064785947 0.0812238156795501 0.008587554097175598
v 0.024860667064785947 0.0812238156795501 0.008587554097175598
v 0.017015708610415452 0.0837703496217727 0.0
v 0.016671136021614068 0.08341465890407555 0.008405967615544796
v 0.024860667064785947 0.0812238156795501 0.008587554097175598
v 0.016671136021614068 0.08341465890407555 0.008405967615544796
v 0.024411557242274274 0.07934345304965967 0.019130650907754898
v 0.024411557242274274 0.07934345304965967 0.019130650907754898
v 0.016671136021614068 0.08341465890407555 0.008405967615544796
v 0.01634134724736213 0.08176356554031365 0.01874849572777748
v 0.024411557242274274 0.07934345304965967 0.019130650907754898
v 0.01634134724736213 0.08176356554031365 0.01874849572777748
v 0.024144724011421193 0.07759279012680048 0.02446642331779003
v 0.024144724011421193 0.07759279012680048 0.02446642331779003
v 0.01634134724736213 0.08176356554031365 0.01874849572777748
v 0.01615283824503421 0.0801644623279571 0.02393980510532856
v 0.024144724011421193 0.07759279012680048 0.02446642331779003
v 0.01615283824503421 0.0801644623279571 0.02393980510532856
v 0.02385532669723033 0.07513678818941111 0.02975291945040226
v 0.02385532669723033 0.07513678818941111 0.02975291945040226
v 0.01615283824503421 0.0801644623279571 0.02393980510532856
v 0.01595059968531131 0.07789517194032664 0.02904871106147766
v 0.02385532669723033 0.07513678818941111 0.02975291945040226
v 0.01595059968531131 0.07789517194032664 0.02904871106147766
v 0.023177159950137128 0.06823101639747614 0.03960020840167999
v 3.869135541741552e-15 0.07497338205575937 0.03614211082458496
v 3.869485789865242e-15 0.07032260298728937 0.04173167794942856
v 0.007705681957304474 0.07375682890415186 0.037412405014038086
v 0.007705681957304474 0.07375682890415186 0.037412405014038086
v 3.869485789865242e-15 0.07032260298728937 0.04173167794942856
v 0.007420189678668972 0.06627513468265528 0.04522081837058067
v 0.007705681957304474 0.07375682890415186 0.037412405014038086
v 0.007420189678668972 0.06627513468265528 0.04522081837058067
v 0.01493890862911939 0.06340793520212168 0.04667363688349724
v 0.01493890862911939 0.06340793520212168 0.04667363688349724
v 0.007420189678668972 0.06627513468265528 0.04522081837058067
v 0.014427814632654183 0.05472389981150623 0.0538770854473114
v 0.01493890862911939 0.06340793520212168 0.04667363688349724
v 0.014427814632654183 0.05472389981150623 0.0538770854473114
v 0.021690456196665753 0.05064796283841129 0.05563484877347946
v 3.869485789865242e-15 0.07032260298728937 0.04173167794942856
v 3.869621738653276e-15 0.0682013109326362 0.043588053435087204
v 0.007420189678668972 0.06627513468265528 0.04522081837058067
v 0.007420189678668972 0.06627513468265528 0.04522081837058067
v 3.869621738653276e-15 0.0682013109326362 0.043588053435087204
v 0.007148275617510077 0.058074288070201825 0.052126701921224594
v 0.007420189678668972 0.06627513468265528 0.04522081837058067
v 0.007148275617510077 0.058074288070201825 0.052126701921224594
v 0.014427814632654183 0.05472389981150623 0.0538770854473114
v 0.014427814632654183 0.05472389981150623 0.0538770854473114
v 0.007148275617510077 0.058074288070201825 0.052126701921224594
v 0.01375249866396188 0.037060245871543857 0.06701347976922989
v 0.014427814632654183 0.05472389981150623 0.0538770854473114
v 0.01375249866396188 0.037060245871543857 0.06701347976922989
v 0.021690456196665753 0.05064796283841129 0.05563484877347946
v 3.870107935565e-15 0.060601335018873166 0.05023890361189842
v 3.8702460019354024e-15 0.058444447815418195 0.052126429975032806
v 0.007148275617510077 0.058074288070201825 0.052126701921224594
v 0.007148275617510077 0.058074288070201825 0.052126701921224594
v 3.8702460019354024e-15 0.058444447815418195 0.052126429975032806
v 3.871080329388448e-15 0.044432677328586544 0.06232958287000656
v 0.007148275617510077 0.058074288070201825 0.052126701921224594
v 3.871080329388448e-15 0.044432677328586544 0.06232958287000656
v 0.01375249866396188 0.037060245871543857 0.06701347976922989
v 0.01375249866396188 0.037060245871543857 0.06701347976922989
v 3.871080329388448e-15 0.044432677328586544 0.06232958287000656
v 3.871589819706221e-15 0.03587520867586133 0.06856099516153336
v 0.01375249866396188 0.037060245871543857 0.06701347976922989
v 3.871589819706221e-15 0.03587520867586133 0.06856099516153336
v 0.013692467473447316 0.028470611199736574 0.0734148919582367
v 0.013692467473447316 0.028470611199736574 0.0734148919582367
v 3.871589819706221e-15 0.03587520867586133 0.06856099516153336
v 3.872052723211896e-15 0.028205495327711085 0.07436181604862213
v 0.013692467473447316 0.028470611199736574 0.0734148919582367
v 3.872052723211896e-15 0.028205495327711085 0.07436181604862213
v 0.013874793425202363 0.02025822736322878 0.07987231016159058
v 0.013874793425202363 0.02025822736322878 0.07987231016159058
v 3.872052723211896e-15 0.028205495327711085 0.07436181604862213
v 0.014315020292997353 0.012637869454920281 0.08644069731235504
v 0.013874793425202363 0.02025822736322878 0.07987231016159058
v 0.014315020292997353 0.012637869454920281 0.08644069731235504
v 0.02785195782780646 0.010884216986596576 0.08655383437871933
v 0.02785195782780646 0.010884216986596576 0.08655383437871933
v 0.014315020292997353 0.012637869454920281 0.08644069731235504
v 0.02156195230782031 0.008439549244940274 0.08997569978237152
v 0.02785195782780646 0.010884216986596576 0.08655383437871933
v 0.02156195230782031 0.008439549244940274 0.08997569978237152
v 0.028671480715274797 0.003960568923503157 0.09388444572687149
v 0.028671480715274797 0.003960568923503157 0.09388444572687149
v 0.02156195230782031 0.008439549244940274 0.08997569978237152
v 0.02250378392636775 0.002290777396410702 0.09688431769609451
v 0.028671480715274797 0.003960568923503157 0.09388444572687149
v 0.02250378392636775 0.002290777396410702 0.09688431769609451
v 0.029878046363592134 -0.001521924277767538 0.10111434012651443
v 0.029878046363592134 -0.001521924277767538 0.10111434012651443
v 0.02250378392636775 0.002290777396410702 0.09688431769609451
v 0.023568416014313687 -0.002336376113817094 0.10367878526449203
v 0.029878046363592134 -0.001521924277767538 0.10111434012651443
v 0.023568416014313687 -0.002336376113817094 0.10367878526449203
v 0.031231166794896112 -0.005171842873096462 0.1080114021897316
v 0.031231166794896112 -0.005171842873096462 0.1080114021897316
v 0.023568416014313687 -0.002336376113817094 0.10367878526449203
v 0.03185196593403815 -0.006227612495422358 0.11128927022218704
v 0.031231166794896112 -0.005171842873096462 0.1080114021897316
v 0.03185196593403815 -0.006227612495422358 0.11128927022218704
v 0.03932608664035795 -0.008588541299104684 0.11613993346691132
v 0.03932608664035795 -0.008588541299104684 0.11613993346691132
v 0.03185196593403815 -0.006227612495422358 0.11128927022218704
v 0.039946064352989176 -0.008437927812337868 0.11918989568948746
v 0.03932608664035795 -0.008588541299104684 0.11613993346691132
v 0.039946064352989176 -0.008437927812337868 0.11918989568948746
v 0.047094710171222666 -0.010245643556118003 0.12450460344552994
v 0.047094710171222666 -0.010245643556118003 0.12450460344552994
v 0.039946064352989176 -0.008437927812337868 0.11918989568948746
v 0.04761790111660955 -0.008773333393037312 0.12717866897583008
v 0.047094710171222666 -0.010245643556118003 0.12450460344552994
v 0.04761790111660955 -0.008773333393037312 0.12717866897583008
v 0.05432663485407827 -0.010007852688431733 0.13288630545139313
v 0.05432663485407827 -0.010007852688431733 0.13288630545139313
v 0.04761790111660955 -0.008773333393037312 0.12717866897583008
v 0.05466896668076513 -0.007111266721040005 0.1349656581878662
v 0.05432663485407827 -0.010007852688431733 0.13288630545139313
v 0.05466896668076513 -0.007111266721040005 0.1349656581878662
v 0.060856208205223056 -0.00782311707735061 0.14099983870983124
v 0.060856208205223056 -0.00782311707735061 0.14099983870983124
v 0.05466896668076513 -0.007111266721040005 0.1349656581878662
v 0.0609549134969711 -0.003609955077990887 0.14215916395187378
v 0.060856208205223056 -0.00782311707735061 0.14099983870983124
v 0.0609549134969711 -0.003609955077990887 0.14215916395187378
v 0.06656011193990705 -0.003914811182767149 0.14852620661258698
v 0.06656011193990705 -0.003914811182767149 0.14852620661258698
v 0.0609549134969711 -0.003609955077990887 0.14215916395187378
v 0.060806725174188586 0.0 0.14250750839710236
v 0.06656011193990705 -0.003914811182767149 0.14852620661258698
v 0.060806725174188586 0.0 0.14250750839710236
v 0.0652227625250816 0.0 0.14722123742103577
v 0.023177159950137128 0.06823101639747614 0.03960020840167999
v 0.030673164874315248 0.06413500010967249 0.040690258145332336
v 0.02385532669723033 0.07513678818941111 0.02975291945040226
v 0.02385532669723033 0.07513678818941111 0.02975291945040226
v 0.030673164874315248 0.06413500010967249 0.040690258145332336
v 0.03154531121253966 0.07144904136657709 0.030496871098876
v 0.02385532669723033 0.07513678818941111 0.02975291945040226
v 0.03154531121253966 0.07144904136657709 0.030496871098876
v 0.024144724011421193 0.07759279012680048 0.02446642331779003
v 0.024144724011421193 0.07759279012680048 0.02446642331779003
v 0.03154531121253966 0.07144904136657709 0.030496871098876
v 0.031919624656438814 0.07409321516752237 0.025052636861801147
v 0.024144724011421193 0.07759279012680048 0.02446642331779003
v 0.031919624656438814 0.07409321516752237 0.025052636861801147
v 0.024411557242274274 0.07934345304965967 0.019130650907754898
v 0.024411557242274274 0.07934345304965967 0.019130650907754898
v 0.031919624656438814 0.07409321516752237 0.025052636861801147
v 0.03226216137409209 0.07601518929004664 0.019581766799092293
v 0.024411557242274274 0.07934345304965967 0.019130650907754898
v 0.03226216137409209 0.07601518929004664 0.019581766799092293
v 0.024860667064785947 0.0812238156795501 0.008587554097175598
v 0.04058721661567686 0.07518179714679712 0.0
v 0.03335914760828017 0.07868807017803187 0.0
v 0.040452297776937464 0.07433863729238505 0.009094825945794582
v 0.040452297776937464 0.07433863729238505 0.009094825945794582
v 0.03335914760828017 0.07868807017803187 0.0
v 0.03281995281577109 0.07818707078695292 0.008818247355520725
v 0.040452297776937464 0.07433863729238505 0.009094825945794582
v 0.03281995281577109 0.07818707078695292 0.008818247355520725
v 0.039782363921403864 0.07182485610246653 0.020099835470318794
v 0.025329818949103345 0.08163292706012719 0.0
v 0.024860667064785947 0.0812238156795501 0.008587554097175598
v 0.03281995281577109 0.07818707078695292 0.008818247355520725
v 0.03281995281577109 0.07818707078695292 0.008818247355520725
v 0.024860667064785947 0.0812238156795501 0.008587554097175598
v 0.03226216137409209 0.07601518929004664 0.019581766799092293
v 0.03281995281577109 0.07818707078695292 0.008818247355520725
v 0.03226216137409209 0.07601518929004664 0.019581766799092293
v 0.039782363921403864 0.07182485610246653 0.020099835470318794
v 0.039782363921403864 0.07182485610246653 0.020099835470318794
v 0.03226216137409209 0.07601518929004664 0.019581766799092293
v 0.031919624656438814 0.07409321516752237 0.025052636861801147
v 0.039782363921403864 0.07182485610246653 0.020099835470318794
v 0.031919624656438814 0.07409321516752237 0.025052636861801147
v 0.03889904916286467 0.06688658148050303 0.03128618001937866
v 0.03889904916286467 0.06688658148050303 0.03128618001937866
v 0.031919624656438814 0.07409321516752237 0.025052636861801147
v 0.03154531121253966 0.07144904136657709 0.030496871098876
v 0.03889904916286467 0.06688658148050303 0.03128618001937866
v 0.03154531121253966 0.07144904136657709 0.030496871098876
v 0.03783386200666426 0.05921922251582141 0.04179789498448372
v 0.03783386200666426 0.05921922251582141 0.04179789498448372
v 0.03154531121253966 0.07144904136657709 0.030496871098876
v 0.030673164874315248 0.06413500010967249 0.040690258145332336
v 0.03783386200666426 0.05921922251582141 0.04179789498448372
v 0.030673164874315248 0.06413500010967249 0.040690258145332336
v 0.03666507452726363 0.05004075914621349 0.050999969244003296
v 0.03666507452726363 0.05004075914621349 0.050999969244003296
v 0.030673164874315248 0.06413500010967249 0.040690258145332336
v 0.02970207110047339 0.05524605885148044 0.04954167455434799
v 0.03666507452726363 0.05004075914621349 0.050999969244003296
v 0.02970207110047339 0.05524605885148044 0.04954167455434799
v 0.035571772605180726 0.04047043249011036 0.05927428603172302
v 0.05457618832588194 0.06570195406675333 0.0
v 0.04834579303860662 0.07046275585889811 0.0
v 0.05439161509275434 0.0644156783819198 0.009776820428669453
v 0.05439161509275434 0.0644156783819198 0.009776820428669453
v 0.04834579303860662 0.07046275585889811 0.0
v 0.04767008125782011 0.06972905993461603 0.009415029548108578
v 0.05439161509275434 0.0644156783819198 0.009776820428669453
v 0.04767008125782011 0.06972905993461603 0.009415029548108578
v 0.05344935134053228 0.0611316859722137 0.021330948919057846
v 0.05344935134053228 0.0611316859722137 0.021330948919057846
v 0.04767008125782011 0.06972905993461603 0.009415029548108578
v 0.04687444865703581 0.06683888286352152 0.02068338543176651
v 0.05344935134053228 0.0611316859722137 0.021330948919057846
v 0.04687444865703581 0.06683888286352152 0.02068338543176651
v 0.052188631147146204 0.05545511469244953 0.03301900625228882
v 0.052188631147146204 0.05545511469244953 0.03301900625228882
v 0.04687444865703581 0.06683888286352152 0.02068338543176651
v 0.045811519026756266 0.06152664497494693 0.03212552145123482
v 0.052188631147146204 0.05545511469244953 0.03301900625228882
v 0.045811519026756266 0.06152664497494693 0.03212552145123482
v 0.0507177375257015 0.04725083336234089 0.04410967975854874
v 0.0507177375257015 0.04725083336234089 0.04410967975854874
v 0.045811519026756266 0.06152664497494693 0.03212552145123482
v 0.04454815015196798 0.05356209352612491 0.04293441027402878
v 0.0507177375257015 0.04725083336234089 0.04410967975854874
v 0.04454815015196798 0.05356209352612491 0.04293441027402878
v 0.04916398972272871 0.037737812846899005 0.054035734385252
v 0.04916398972272871 0.037737812846899005 0.054035734385252
v 0.04454815015196798 0.05356209352612491 0.04293441027402878
v 0.04318648204207418 0.044177122414112056 0.052494339644908905
v 0.04916398972272871 0.037737812846899005 0.054035734385252
v 0.04318648204207418 0.044177122414112056 0.052494339644908905
v 0.04774191603064535 0.02799900807440279 0.06317802518606186
v 0.04774191603064535 0.02799900807440279 0.06317802518606186
v 0.04318648204207418 0.044177122414112056 0.052494339644908905
v 0.041925493627786616 0.03448429331183431 0.06118863821029663
v 0.04774191603064535 0.02799900807440279 0.06317802518606186
v 0.041925493627786616 0.03448429331183431 0.06118863821029663
v 0.046625830233097056 0.01852525025606154 0.07200819253921509
v 0.046625830233097056 0.01852525025606154 0.07200819253921509
v 0.041925493627786616 0.03448429331183431 0.06118863821029663
v 0.040320124477148035 0.0159303806722164 0.07772937417030334
v 0.046625830233097056 0.01852525025606154 0.07200819253921509
v 0.040320124477148035 0.0159303806722164 0.07772937417030334
v 0.04596037417650221 0.009595686569809907 0.08080913871526718
v 0.04781942442059515 0.07078689336776728 0.0
v 0.04103594273328779 0.074964128434658 0.0
v 0.04767008125782011 0.06972905993461603 0.009415029548108578
v 0.04767008125782011 0.06972905993461603 0.009415029548108578
v 0.04103594273328779 0.074964128434658 0.0
v 0.040452297776937464 0.07433863729238505 0.009094825945794582
v 0.04767008125782011 0.06972905993461603 0.009415029548108578
v 0.040452297776937464 0.07433863729238505 0.009094825945794582
v 0.04687444865703581 0.06683888286352152 0.02068338543176651
v 0.04687444865703581 0.06683888286352152 0.02068338543176651
v 0.040452297776937464 0.07433863729238505 0.009094825945794582
v 0.039782363921403864 0.07182485610246653 0.020099835470318794
v 0.04687444865703581 0.06683888286352152 0.02068338543176651
v 0.039782363921403864 0.07182485610246653 0.020099835470318794
v 0.045811519026756266 0.06152664497494693 0.03212552145123482
v 0.045811519026756266 0.06152664497494693 0.03212552145123482
v 0.039782363921403864 0.07182485610246653 0.020099835470318794
v 0.03889904916286467 0.06688658148050303 0.03128618001937866
v 0.045811519026756266 0.06152664497494693 0.03212552145123482
v 0.03889904916286467 0.06688658148050303 0.03128618001937866
v 0.04454815015196798 0.05356209352612491 0.04293441027402878
v 0.04454815015196798 0.05356209352612491 0.04293441027402878
v 0.03889904916286467 0.06688658148050303 0.03128618001937866
v 0.03783386200666426 0.05921922251582141 0.04179789498448372
v 0.04454815015196798 0.05356209352612491 0.04293441027402878
v 0.03783386200666426 0.05921922251582141 0.04179789498448372
v 0.04318648204207418 0.044177122414112056 0.052494339644908905
v 0.04318648204207418 0.044177122414112056 0.052494339644908905
v 0.03783386200666426 0.05921922251582141 0.04179789498448372
v 0.03666507452726363 0.05004075914621349 0.050999969244003296
v 0.04318648204207418 0.044177122414112056 0.052494339644908905
v 0.03666507452726363 0.05004075914621349 0.050999969244003296
v 0.041925493627786616 0.03448429331183431 0.06118863821029663
v 0.041925493627786616 0.03448429331183431 0.06118863821029663
v 0.03666507452726363 0.05004075914621349 0.050999969244003296
v 0.035571772605180726 0.04047043249011036 0.05927428603172302
v 0.041925493627786616 0.03448429331183431 0.06118863821029663
v 0.035571772605180726 0.04047043249011036 0.05927428603172302
v 0.034160751849412904 0.02190186269581316 0.07481026649475098
v 3.8684409747248035e-15 0.08215497434139245 0.02373683638870716
v 3.868649344829828e-15 0.08018296957015986 0.02757495455443859
v 0.007956987246870991 0.07968232035636896 0.028377598151564598
v 0.007956987246870991 0.07968232035636896 0.028377598151564598
v 3.868649344829828e-15 0.08018296957015986 0.02757495455443859
v 0.007705681957304474 0.07375682890415186 0.037412405014038086
v 0.007956987246870991 0.07968232035636896 0.028377598151564598
v 0.007705681957304474 0.07375682890415186 0.037412405014038086
v 0.015476220287382596 0.07145220041275019 0.03851322829723358
v 0.015476220287382596 0.07145220041275019 0.03851322829723358
v 0.007705681957304474 0.07375682890415186 0.037412405014038086
v 0.01493890862911939 0.06340793520212168 0.04667363688349724
v 0.015476220287382596 0.07145220041275019 0.03851322829723358
v 0.01493890862911939 0.06340793520212168 0.04667363688349724
v 0.022414015606045713 0.05971887707710261 0.04810606688261032
v 0.022414015606045713 0.05971887707710261 0.04810606688261032
v 0.01493890862911939 0.06340793520212168 0.04667363688349724
v 0.021690456196665753 0.05064796283841129 0.05563484877347946
v 0.022414015606045713 0.05971887707710261 0.04810606688261032
v 0.021690456196665753 0.05064796283841129 0.05563484877347946
v 0.028786433860659585 0.045881118625402416 0.05742691084742546
v 0.028786433860659585 0.045881118625402416 0.05742691084742546
v 0.021690456196665753 0.05064796283841129 0.05563484877347946
v 0.01375249866396188 0.037060245871543857 0.06701347976922989
v 0.028786433860659585 0.045881118625402416 0.05742691084742546
v 0.01375249866396188 0.037060245871543857 0.06701347976922989
v 0.027591839432716356 0.027448443695902804 0.07205545902252197
v 0.027591839432716356 0.027448443695902804 0.07205545902252197
v 0.01375249866396188 0.037060245871543857 0.06701347976922989
v 0.027500925585627542 0.018822371959686265 0.07927154749631882
v 0.017015708610415452 0.0837703496217727 0.0
v 0.00855070166289806 0.08505792170763009 0.0
v 0.016671136021614068 0.08341465890407555 0.008405967615544796
v 0.016671136021614068 0.08341465890407555 0.008405967615544796
v 0.00855070166289806 0.08505792170763009 0.0
v 0.008350750431418415 0.08473436534404748 0.00827702321112156
v 0.016671136021614068 0.08341465890407555 0.008405967615544796
v 0.008350750431418415 0.08473436534404748 0.00827702321112156
v 0.01634134724736213 0.08176356554031365 0.01874849572777748
v 0.01634134724736213 0.08176356554031365 0.01874849572777748
v 0.008350750431418415 0.08473436534404748 0.00827702321112156
v 0.00816592667251825 0.08324079215526574 0.018437223508954048
v 0.01634134724736213 0.08176356554031365 0.01874849572777748
v 0.00816592667251825 0.08324079215526574 0.018437223508954048
v 0.01615283824503421 0.0801644623279571 0.02393980510532856
v 0.01615283824503421 0.0801644623279571 0.02393980510532856
v 0.00816592667251825 0.08324079215526574 0.018437223508954048
v 0.007956987246870991 0.07968232035636896 0.028377598151564598
v 0.01615283824503421 0.0801644623279571 0.02393980510532856
v 0.007956987246870991 0.07968232035636896 0.028377598151564598
v 0.01595059968531131 0.07789517194032664 0.02904871106147766
v 0.01595059968531131 0.07789517194032664 0.02904871106147766
v 0.007956987246870991 0.07968232035636896 0.028377598151564598
v 0.015476220287382596 0.07145220041275019 0.03851322829723358
v 0.01595059968531131 0.07789517194032664 0.02904871106147766
v 0.015476220287382596 0.07145220041275019 0.03851322829723358
v 0.023177159950137128 0.06823101639747614 0.03960020840167999
v 0.023177159950137128 0.06823101639747614 0.03960020840167999
v 0.015476220287382596 0.07145220041275019 0.03851322829723358
v 0.022414015606045713 0.05971887707710261 0.04810606688261032
v 0.023177159950137128 0.06823101639747614 0.03960020840167999
v 0.022414015606045713 0.05971887707710261 0.04810606688261032
v 0.02970207110047339 0.05524605885148044 0.04954167455434799
v 0.02970207110047339 0.05524605885148044 0.04954167455434799
v 0.022414015606045713 0.05971887707710261 0.04810606688261032
v 0.028786433860659585 0.045881118625402416 0.05742691084742546
v 0.02970207110047339 0.05524605885148044 0.04954167455434799
v 0.028786433860659585 0.045881118625402416 0.05742691084742546
v 0.035571772605180726 0.04047043249011036 0.05927428603172302
v 0.035571772605180726 0.04047043249011036 0.05927428603172302
v 0.028786433860659585 0.045881118625402416 0.05742691084742546
v 0.027591839432716356 0.027448443695902804 0.07205545902252197
v 0.035571772605180726 0.04047043249011036 0.05927428603172302
v 0.027591839432716356 0.027448443695902804 0.07205545902252197
v 0.034160751849412904 0.02190186269581316 0.07481026649475098
v 0.034160751849412904 0.02190186269581316 0.07481026649475098
v 0.027591839432716356 0.027448443695902804 0.07205545902252197
v 0.027500925585627542 0.018822371959686265 0.07927154749631882
v 0.034160751849412904 0.02190186269581316 0.07481026649475098
v 0.027500925585627542 0.018822371959686265 0.07927154749631882
v 0.040320124477148035 0.0159303806722164 0.07772937417030334
v 0.040320124477148035 0.0159303806722164 0.07772937417030334
v 0.027500925585627542 0.018822371959686265 0.07927154749631882
v 0.040229082107543924 0.0075756884180009304 0.0860198587179184
v 0.040320124477148035 0.0159303806722164 0.07772937417030334
v 0.040229082107543924 0.0075756884180009304 0.0860198587179184
v 0.04596037417650221 0.009595686569809907 0.08080913871526718
v 0.04596037417650221 0.009595686569809907 0.08080913871526718
v 0.040229082107543924 0.0075756884180009304 0.0860198587179184
v 0.05100964009761808 0.0029676193371415117 0.08403780311346054
v 0.04596037417650221 0.009595686569809907 0.08080913871526718
v 0.05100964009761808 0.0029676193371415117 0.08403780311346054
v 0.046625830233097056 0.01852525025606154 0.07200819253921509
v 0.046625830233097056 0.01852525025606154 0.07200819253921509
v 0.05100964009761808 0.0029676193371415117 0.08403780311346054
v 0.051726214587688425 0.011720594950020305 0.07462453097105026
v 0.046625830233097056 0.01852525025606154 0.07200819253921509
v 0.051726214587688425 0.011720594950020305 0.07462453097105026
v 0.04774191603064535 0.02799900807440279 0.06317802518606186
v 0.04774191603064535 0.02799900807440279 0.06317802518606186
v 0.051726214587688425 0.011720594950020305 0.07462453097105026
v 0.052951086312532404 0.021101560443639738 0.0652453601360321
v 0.04774191603064535 0.02799900807440279 0.06317802518606186
v 0.052951086312532404 0.021101560443639738 0.0652453601360321
v 0.04916398972272871 0.037737812846899005 0.054035734385252
v 0.04916398972272871 0.037737812846899005 0.054035734385252
v 0.052951086312532404 0.021101560443639738 0.0652453601360321
v 0.05452858656644819 0.030817046761512732 0.055631402879953384
v 0.04916398972272871 0.037737812846899005 0.054035734385252
v 0.05452858656644819 0.030817046761512732 0.055631402879953384
v 0.0507177375257015 0.04725083336234089 0.04410967975854874
v 0.0507177375257015 0.04725083336234089 0.04410967975854874
v 0.05452858656644819 0.030817046761512732 0.055631402879953384
v 0.05627418309450147 0.040384732186794246 0.0453312061727047
v 0.0507177375257015 0.04725083336234089 0.04410967975854874
v 0.05627418309450147 0.040384732186794246 0.0453312061727047
v 0.052188631147146204 0.05545511469244953 0.03301900625228882
v 0.052188631147146204 0.05545511469244953 0.03301900625228882
v 0.05627418309450147 0.040384732186794246 0.0453312061727047
v 0.057961761951446505 0.04877005144953724 0.03396948054432869
v 0.052188631147146204 0.05545511469244953 0.03301900625228882
v 0.057961761951446505 0.04877005144953724 0.03396948054432869
v 0.05344935134053228 0.0611316859722137 0.021330948919057846
v 0.05344935134053228 0.0611316859722137 0.021330948919057846
v 0.057961761951446505 0.04877005144953724 0.03396948054432869
v 0.05943809449672696 0.05478944629430767 0.02204061485826969
v 0.05344935134053228 0.0611316859722137 0.021330948919057846
v 0.05943809449672696 0.05478944629430767 0.02204061485826969
v 0.05439161509275434 0.0644156783819198 0.009776820428669453
v 0.05439161509275434 0.0644156783819198 0.009776820428669453
v 0.05943809449672696 0.05478944629430767 0.02204061485826969
v 0.0605489797890186 0.05846659094095225 0.010178174823522568
v 0.05439161509275434 0.0644156783819198 0.009776820428669453
v 0.0605489797890186 0.05846659094095225 0.010178174823522568
v 0.055197473615407916 0.06522721797227854 0.0
v 0.055197473615407916 0.06522721797227854 0.0
v 0.0605489797890186 0.05846659094095225 0.010178174823522568
v 0.06079583987593648 0.05998458713293071 0.0
v -0.02500000037252902 0.0 0.0
v -0.02500000037252902 0.0 -0.009999999776482582
v -0.024569924920797338 -0.004617237951606509 0.0
v -0.024569924920797338 -0.004617237951606509 0.0
v -0.02500000037252902 0.0 -0.009999999776482582
v -0.023311804980039586 -0.00903104152530431 -0.009999999776482582
v -0.024569924920797338 -0.004617237951606509 0.0
v -0.023311804980039586 -0.00903104152530431 -0.009999999776482582
v -0.023383809253573407 -0.008842980489134782 0.0
v -0.023383809253573407 -0.008842980489134782 0.0
v -0.023311804980039586 -0.00903104152530431 -0.009999999776482582
v -0.023295747116208066 -0.0090231942012906 0.0
v -0.023295747116208066 -0.0090231942012906 0.0
v -0.023311804980039586 -0.00903104152530431 -0.009999999776482582
v -0.021345173940062512 -0.013014895841479291 0.0
v -0.021345173940062512 -0.013014895841479291 0.0
v -0.023311804980039586 -0.00903104152530431 -0.009999999776482582
v -0.018475223332643502 -0.016842391341924653 -0.009999999776482582
v -0.021345173940062512 -0.013014895841479291 0.0
v -0.018475223332643502 -0.016842391341924653 -0.009999999776482582
v -0.01857119053602218 -0.0167367998510599 0.0
v -0.01113113015890121 -0.0223488789051771 0.0
v -0.011500335298478598 -0.022198166698217375 0.0
v -0.011143459007143969 -0.02237908169627188 -0.009999999776482582
v -0.011143459007143969 -0.02237908169627188 -0.009999999776482582
v -0.011500335298478598 -0.022198166698217375 0.0
v -0.01516053453087806 -0.01987894810736178 0.0
v -0.011143459007143969 -0.02237908169627188 -0.009999999776482582
v -0.01516053453087806 -0.01987894810736178 0.0
v -0.018475223332643502 -0.016842391341924653 -0.009999999776482582
v -0.018475223332643502 -0.016842391341924653 -0.009999999776482582
v -0.01516053453087806 -0.01987894810736178 0.0
v -0.018466660752892487 -0.01683309860527514 0.0
v -0.018475223332643502 -0.016842391341924653 -0.009999999776482582
v -0.018466660752892487 -0.01683309860527514 0.0
v -0.01857119053602218 -0.0167367998510599 0.0
v -0.01113113015890121 -0.0223488789051771 0.0
v -0.011143459007143969 -0.02237908169627188 -0.009999999776482582
v -0.007319868542253968 -0.023904658854007704 0.0
v -0.007319868542253968 -0.023904658854007704 0.0
v -0.011143459007143969 -0.02237908169627188 -0.009999999776482582
v -0.0023067090660333625 -0.02489335462450979 -0.009999999776482582
v -0.007319868542253968 -0.023904658854007704 0.0
v -0.0023067090660333625 -0.02489335462450979 -0.009999999776482582
v -0.0029761695768684136 -0.024822404608130434 0.0
v 0.006824596785008905 -0.023997182026505453 0.0
v 0.006166005507111547 -0.024227917194366438 0.0
v 0.006841574795544144 -0.024045640602707846 -0.009999999776482582
v 0.006841574795544144 -0.024045640602707846 -0.009999999776482582
v 0.006166005507111547 -0.024227917194366438 0.0
v 0.0014912141487002366 -0.024955663830041865 0.0
v 0.006841574795544144 -0.024045640602707846 -0.009999999776482582
v 0.0014912141487002366 -0.024955663830041865 0.0
v -0.0023067090660333625 -0.02489335462450979 -0.009999999776482582
v -0.0023067090660333625 -0.02489335462450979 -0.009999999776482582
v 0.0014912141487002366 -0.024955663830041865 0.0
v -0.0023051896132528773 -0.02484242059290407 0.0
v -0.0023067090660333625 -0.02489335462450979 -0.009999999776482582
v -0.0023051896132528773 -0.02484242059290407 0.0
v -0.0029761695768684136 -0.024822404608130434 0.0
v 0.006824596785008905 -0.023997182026505453 0.0
v 0.006841574795544144 -0.024045640602707846 -0.009999999776482582
v 0.010302065871655936 -0.02277885936200617 0.0
v 0.010302065871655936 -0.02277885936200617 0.0
v 0.006841574795544144 -0.024045640602707846 -0.009999999776482582
v 0.015065865591168397 -0.019950430840253816 -0.009999999776482582
v 0.010302065871655936 -0.02277885936200617 0.0
v 0.015065865591168397 -0.019950430840253816 -0.009999999776482582
v 0.014343771152198308 -0.020475877448916418 0.0
v 0.021186141297221173 -0.013122317381203164 0.0
v 0.020637212321162213 -0.01411054003983735 0.0
v 0.021255427971482267 -0.013160804286599149 -0.009999999776482582
v 0.021255427971482267 -0.013160804286599149 -0.009999999776482582
v 0.020637212321162213 -0.01411054003983735 0.0
v 0.017677670344710343 -0.017677670344710336 0.0
v 0.021255427971482267 -0.013160804286599149 -0.009999999776482582
v 0.017677670344710343 -0.017677670344710336 0.0
v 0.015065865591168397 -0.019950430840253816 -0.009999999776482582
v 0.015065865591168397 -0.019950430840253816 -0.009999999776482582
v 0.017677670344710343 -0.017677670344710336 0.0
v 0.015026166103780263 -0.019903130829334245 0.0
v 0.015065865591168397 -0.019950430840253816 -0.009999999776482582
v 0.015026166103780263 -0.019903130829334245 0.0
v 0.014343771152198308 -0.020475877448916418 0.0
v 0.021186141297221173 -0.013122317381203164 0.0
v 0.021255427971482267 -0.013160804286599149 -0.009999999776482582
v 0.022885018959641446 -0.010063861496746531 0.0
v 0.022885018959641446 -0.010063861496746531 0.0
v 0.021255427971482267 -0.013160804286599149 -0.009999999776482582
v 0.02457432821393012 -0.004593737889081236 -0.009999999776482582
v 0.022885018959641446 -0.010063861496746531 0.0
v 0.02457432821393012 -0.004593737889081236 -0.009999999776482582
v 0.024313725531101216 -0.005818142089992757 0.0
v 0.02447672002017497 0.004571783356368538 0.0
v 0.02480652555823325 0.0031055174767971013 0.0
v 0.02457432821393012 0.004593737889081236 -0.009999999776482582
v 0.02457432821393012 0.004593737889081236 -0.009999999776482582
v 0.02480652555823325 0.0031055174767971013 0.0
v 0.024957915768027295 -0.0014526816084980954 0.0
v 0.02457432821393012 0.004593737889081236 -0.009999999776482582
v 0.024957915768027295 -0.0014526816084980954 0.0
v 0.02457432821393012 -0.004593737889081236 -0.009999999776482582
v 0.02457432821393012 -0.004593737889081236 -0.009999999776482582
v 0.024957915768027295 -0.0014526816084980954 0.0
v 0.024496108293533315 -0.004582195542752739 0.0
v 0.02457432821393012 -0.004593737889081236 -0.009999999776482582
v 0.024496108293533315 -0.004582195542752739 0.0
v 0.024313725531101216 -0.005818142089992757 0.0
v 0.02447672002017497 0.004571783356368538 0.0
v 0.02457432821393012 0.004593737889081236 -0.009999999776482582
v 0.02374703064560889 0.007815882563590996 0.0
v 0.02374703064560889 0.007815882563590996 0.0
v 0.02457432821393012 0.004593737889081236 -0.009999999776482582
v 0.021255427971482267 0.013160804286599149 -0.009999999776482582
v 0.02374703064560889 0.007815882563590996 0.0
v 0.021255427971482267 0.013160804286599149 -0.009999999776482582
v 0.02219840884208678 0.011499866843223563 0.0
v 0.015007451176643365 0.019869351759552942 0.0
v 0.016422273591160767 0.0188500229269266 0.0
v 0.015065865591168397 0.019950430840253816 -0.009999999776482582
v 0.015065865591168397 0.019950430840253816 -0.009999999776482582
v 0.016422273591160767 0.0188500229269266 0.0
v 0.019619513303041448 0.015494901686906802 0.0
v 0.015065865591168397 0.019950430840253816 -0.009999999776482582
v 0.019619513303041448 0.015494901686906802 0.0
v 0.021255427971482267 0.013160804286599149 -0.009999999776482582
v 0.021255427971482267 0.013160804286599149 -0.009999999776482582
v 0.019619513303041448 0.015494901686906802 0.0
v 0.021164234727621068 0.013101935386657704 0.0
v 0.021255427971482267 0.013160804286599149 -0.009999999776482582
v 0.021164234727621068 0.013101935386657704 0.0
v 0.02219840884208678 0.011499866843223563 0.0
v 0.015007451176643365 0.019869351759552942 0.0
v 0.015065865591168397 0.019950430840253816 -0.009999999776482582
v 0.01268213521689176 0.021544657647609693 0.0
v 0.01268213521689176 0.021544657647609693 0.0
v 0.015065865591168397 0.019950430840253816 -0.009999999776482582
v 0.006841574795544144 0.024045640602707846 -0.009999999776482582
v 0.01268213521689176 0.021544657647609693 0.0
v 0.006841574795544144 0.024045640602707846 -0.009999999776482582
v 0.008515818044543263 0.023504998534917814 0.0
v -0.0022959301713854066 0.024786235764622667 0.0
v -0.0001778008299879729 0.024999376386404017 0.0
v -0.0023067090660333625 0.02489335462450979 -0.009999999776482582
v -0.0023067090660333625 0.02489335462450979 -0.009999999776482582
v -0.0001778008299879729 0.024999376386404017 0.0
v 0.00420321663841605 0.02464414946734903 0.0
v -0.0023067090660333625 0.02489335462450979 -0.009999999776482582
v 0.00420321663841605 0.02464414946734903 0.0
v 0.006841574795544144 0.024045640602707846 -0.009999999776482582
v 0.006841574795544144 0.024045640602707846 -0.009999999776482582
v 0.00420321663841605 0.02464414946734903 0.0
v 0.006817277986556289 0.023953659459948522 0.0
v 0.006841574795544144 0.024045640602707846 -0.009999999776482582
v 0.006817277986556289 0.023953659459948522 0.0
v 0.008515818044543263 0.023504998534917814 0.0
v -0.0022959301713854066 0.024786235764622667 0.0
v -0.0023067090660333625 0.02489335462450979 -0.009999999776482582
v -0.004806607495993374 0.02453359588980673 0.0
v -0.004806607495993374 0.02453359588980673 0.0
v -0.0023067090660333625 0.02489335462450979 -0.009999999776482582
v -0.011143459007143969 0.02237908169627188 -0.009999999776482582
v -0.004806607495993374 0.02453359588980673 0.0
v -0.011143459007143969 0.02237908169627188 -0.009999999776482582
v -0.009016737341880795 0.02331734634935854 0.0
v -0.018395651131868355 0.016770135611295686 0.0
v -0.01687029004096984 0.018449958413839326 0.0
v -0.018475223332643502 0.016842391341924653 -0.009999999776482582
v -0.018475223332643502 0.016842391341924653 -0.009999999776482582
v -0.01687029004096984 0.018449958413839326 0.0
v -0.013169480487704272 0.021250111982226354 0.0
v -0.018475223332643502 0.016842391341924653 -0.009999999776482582
v -0.013169480487704272 0.021250111982226354 0.0
v -0.011143459007143969 0.02237908169627188 -0.009999999776482582
v -0.011143459007143969 0.02237908169627188 -0.009999999776482582
v -0.013169480487704272 0.021250111982226354 0.0
v -0.011095419526100153 0.022282578051090223 0.0
v -0.011143459007143969 0.02237908169627188 -0.009999999776482582
v -0.011095419526100153 0.022282578051090223 0.0
v -0.009016737341880795 0.02331734634935854 0.0
v -0.018395651131868355 0.016770135611295686 0.0
v -0.018475223332643502 0.016842391341924653 -0.009999999776482582
v -0.01998743787407874 0.015017162077128875 0.0
v -0.01998743787407874 0.015017162077128875 0.0
v -0.018475223332643502 0.016842391341924653 -0.009999999776482582
v -0.023311804980039586 0.00903104152530431 -0.009999999776482582
v -0.01998743787407874 0.015017162077128875 0.0
v -0.023311804980039586 0.00903104152530431 -0.009999999776482582
v -0.02219816669821738 0.011500335298478595 0.0
v -0.02500000037252902 0.0 0.0
v -0.02482265979051589 0.002974105766043065 0.0
v -0.02500000037252902 0.0 -0.009999999776482582
v -0.02500000037252902 0.0 -0.009999999776482582
v -0.02482265979051589 0.002974105766043065 0.0
v -0.023905253037810315 0.007317932788282627 0.0
v -0.02500000037252902 0.0 -0.009999999776482582
v -0.023905253037810315 0.007317932788282627 0.0
v -0.023311804980039586 0.00903104152530431 -0.009999999776482582
v -0.023311804980039586 0.00903104152530431 -0.009999999776482582
v -0.023905253037810315 0.007317932788282627 0.0
v -0.02322113700211047 0.00899403449147939 0.0
v -0.023311804980039586 0.00903104152530431 -0.009999999776482582
v -0.02322113700211047 0.00899403449147939 0.0
v -0.02219816669821738 0.011500335298478595 0.0
v -0.056730452924966784 -0.06463742256164545 0.0
v -0.04999684542417524 -0.07013227045536036 -5.405569325489523e-10
v -0.04986497759819029 -0.07067788392305369 0.013738208450376987
v -0.06837256252765653 -0.051814392209053 0.0
v -0.06461928784847257 -0.05638420209288593 0.0
v -0.06393165141344068 -0.056997109204530674 0.013829353265464306
v -0.06393165141344068 -0.056997109204530674 0.013829353265464306
v -0.06461928784847257 -0.05638420209288593 0.0
v -0.06286726891994474 -0.058517377823591184 0.0
v -0.06393165141344068 -0.056997109204530674 0.013829353265464306
v -0.06286726891994474 -0.058517377823591184 0.0
v -0.0570455230772495 -0.06433459371328348 0.013784770853817463
v -0.0570455230772495 -0.06433459371328348 0.013784770853817463
v -0.06286726891994474 -0.058517377823591184 0.0
v -0.05752305686473844 -0.0638469830155372 0.0
v -0.0570455230772495 -0.06433459371328348 0.013784770853817463
v -0.05752305686473844 -0.0638469830155372 0.0
v -0.056730452924966784 -0.06463742256164545 0.0
v -0.07520223408937451 -0.04034892842173573 0.01391196995973587
v -0.07317394018173215 -0.044617060571908916 0.0
v -0.07002744078636167 -0.04898482561111447 0.013871010392904282
v -0.07002744078636167 -0.04898482561111447 0.013871010392904282
v -0.07317394018173215 -0.044617060571908916 0.0
v -0.07081310451030728 -0.04815598204731938 0.0
v -0.07002744078636167 -0.04898482561111447 0.013871010392904282
v -0.07081310451030728 -0.04815598204731938 0.0
v -0.06837256252765653 -0.051814392209053 0.0
v -0.0760187283158302 -0.03927005454897878 0.0
v -0.07579975575208661 -0.03962121531367299 0.0068866475485265255
v -0.07722957432270047 -0.03699417039752004 0.0
v -0.07722957432270047 -0.03699417039752004 0.0
v -0.07579975575208661 -0.03962121531367299 0.0068866475485265255
v -0.07991798222064968 -0.03025710396468637 0.006919367704540491
v -0.07722957432270047 -0.03699417039752004 0.0
v -0.07991798222064968 -0.03025710396468637 0.006919367704540491
v -0.08016105741262432 -0.029841706156730628 0.0
v -0.08287950605154033 -0.02047129720449446 0.006953350733965635
v -0.08299806714057918 -0.0206607226282358 0.0
v -0.07991798222064968 -0.03025710396468637 0.006919367704540491
v -0.07991798222064968 -0.03025710396468637 0.006919367704540491
v -0.08299806714057918 -0.0206607226282358 0.0
v -0.08052422106266018 -0.02895563282072542 0.0
v -0.07991798222064968 -0.03025710396468637 0.006919367704540491
v -0.08052422106266018 -0.02895563282072542 0.0
v -0.08016105741262432 -0.029841706156730628 0.0
v -0.08540399372577663 -0.0036095215473324034 0.0
v -0.08484005928039547 -0.00983402039855718 0.0
v -0.08463133126497265 -0.010406359098851672 0.006987389642745256
v -0.08463133126497265 -0.010406359098851672 0.006987389642745256
v -0.08484005928039547 -0.00983402039855718 0.0
v -0.08462545275688167 -0.012202695012092582 0.0
v -0.08463133126497265 -0.010406359098851672 0.006987389642745256
v -0.08462545275688167 -0.012202695012092582 0.0
v -0.08287950605154033 -0.02047129720449446 0.006953350733965635
v -0.08287950605154033 -0.02047129720449446 0.006953350733965635
v -0.08462545275688167 -0.012202695012092582 0.0
v -0.08312844485044475 -0.019983109086751924 0.0
v -0.08287950605154033 -0.02047129720449446 0.006953350733965635
v -0.08312844485044475 -0.019983109086751924 0.0
v -0.08299806714057918 -0.0206607226282358 0.0
v -0.08469738811254497 -0.0016567370621487485 0.012254364788532257
v -0.08512763679027553 -0.0007623863057233388 0.007004936691373587
v -0.08463133126497265 -0.010406359098851672 0.006987389642745256
v -0.08463133126497265 -0.010406359098851672 0.006987389642745256
v -0.08512763679027553 -0.0007623863057233388 0.007004936691373587
v -0.08517041057348247 -0.0006734703783877189 0.00648304121568799
v -0.08463133126497265 -0.010406359098851672 0.006987389642745256
v -0.08517041057348247 -0.0006734703783877189 0.00648304121568799
v -0.08540399372577663 -0.0036095215473324034 0.0
v -0.08540399372577663 -0.0036095215473324034 0.0
v -0.08517041057348247 -0.0006734703783877189 0.00648304121568799
v -0.08527016639709468 -0.00046610768185928426 0.005265917629003525
v -0.08540399372577663 -0.0036095215473324034 0.0
v -0.08527016639709468 -0.00046610768185928426 0.005265917629003525
v -0.08547555655241008 -4.8930145567282994e-05 -4.0169093051822813e-10
v -0.08224908262491222 -0.014086393639445294 0.027500011026859283
v -0.0824739038944244 -0.0065167220309376665 0.027500025928020477
v -0.08401595056056972 -0.011640924960374823 0.014042843133211136
v -0.08401595056056972 -0.011640924960374823 0.014042843133211136
v -0.0824739038944244 -0.0065167220309376665 0.027500025928020477
v -0.08338037878274913 -0.004506160039454695 0.02198627218604088
v -0.08338037878274913 -0.004506160039454695 0.02198627218604088
v -0.0837619230151176 -0.0036598816514015167 0.019665442407131195
v -0.08401595056056972 -0.011640924960374823 0.014042843133211136
v -0.08401595056056972 -0.011640924960374823 0.014042843133211136
v -0.0837619230151176 -0.0036598816514015167 0.019665442407131195
v -0.08443376421928402 -0.0022212506737560016 0.014342907816171646
v -0.08401595056056972 -0.011640924960374823 0.014042843133211136
v -0.08443376421928402 -0.0022212506737560016 0.014342907816171646
v -0.08446933329105373 -0.0021450859494507295 0.014061120338737965
v -0.08037850260734554 -0.025062642991542795 0.027499999850988388
v -0.08118738234043117 -0.021853053942322714 0.027500003576278687
v -0.08228968083858486 -0.021548699587583525 0.013998925685882568
v -0.08228968083858486 -0.021548699587583525 0.013998925685882568
v -0.08118738234043117 -0.021853053942322714 0.027500003576278687
v -0.08198387175798412 -0.01602648943662642 0.027500009164214134
v -0.08228968083858486 -0.021548699587583525 0.013998925685882568
v -0.08198387175798412 -0.01602648943662642 0.027500009164214134
v -0.08401595056056972 -0.011640924960374823 0.014042843133211136
v -0.08401595056056972 -0.011640924960374823 0.014042843133211136
v -0.08198387175798412 -0.01602648943662642 0.027500009164214134
v -0.08203776180744167 -0.01563227921724318 0.027500009164214134
v -0.08401595056056972 -0.011640924960374823 0.014042843133211136
v -0.08203776180744167 -0.01563227921724318 0.027500009164214134
v -0.08224908262491222 -0.014086393639445294 0.027500011026859283
v -0.08037850260734554 -0.025062642991542795 0.027499999850988388
v -0.08228968083858486 -0.021548699587583525 0.013998925685882568
v -0.08029513061046596 -0.025393452495336512 0.027499999850988388
v -0.08029513061046596 -0.025393452495336512 0.027499999850988388
v -0.08228968083858486 -0.021548699587583525 0.013998925685882568
v -0.0793272033333778 -0.031166449189186072 0.013954493217170238
v -0.08029513061046596 -0.025393452495336512 0.027499999850988388
v -0.0793272033333778 -0.031166449189186072 0.013954493217170238
v -0.07923626899719234 -0.029594952240586257 0.02749999612569809
v -0.07350891083478925 -0.04289563745260235 0.027499981224536896
v -0.07632451504468915 -0.03735276684164998 0.027499986812472343
v -0.07520223408937451 -0.04034892842173573 0.01391196995973587
v -0.07520223408937451 -0.04034892842173573 0.01391196995973587
v -0.07632451504468915 -0.03735276684164998 0.027499986812472343
v -0.07740936428308484 -0.03446238487958905 0.027499990537762642
v -0.07520223408937451 -0.04034892842173573 0.01391196995973587
v -0.07740936428308484 -0.03446238487958905 0.027499990537762642
v -0.0793272033333778 -0.031166449189186072 0.013954493217170238
v -0.0793272033333778 -0.031166449189186072 0.013954493217170238
v -0.07740936428308484 -0.03446238487958905 0.027499990537762642
v -0.0775092542171478 -0.034196246415376635 0.027499990537762642
v -0.0793272033333778 -0.031166449189186072 0.013954493217170238
v -0.0775092542171478 -0.034196246415376635 0.027499990537762642
v -0.07923626899719234 -0.029594952240586257 0.02749999612569809
v -0.06845148652791974 -0.051231391727924305 0.027499970048666
v -0.06854366511106488 -0.051087986677885014 0.027499970048666
v -0.07002744078636167 -0.04898482561111447 0.013871010392904282
v -0.07002744078636167 -0.04898482561111447 0.013871010392904282
v -0.06854366511106488 -0.051087986677885014 0.027499970048666
v -0.0723755210638046 -0.04512686282396313 0.027499977499246597
v -0.07002744078636167 -0.04898482561111447 0.013871010392904282
v -0.0723755210638046 -0.04512686282396313 0.027499977499246597
v -0.07520223408937451 -0.04034892842173573 0.01391196995973587
v -0.07520223408937451 -0.04034892842173573 0.01391196995973587
v -0.0723755210638046 -0.04512686282396313 0.027499977499246597
v -0.07340592890977857 -0.043098378926515545 0.027499981224536896
v -0.07520223408937451 -0.04034892842173573 0.01391196995973587
v -0.07340592890977857 -0.043098378926515545 0.027499981224536896
v -0.07350891083478925 -0.04289563745260235 0.027499981224536896
v -0.06837256252765653 -0.051814392209053 0.0
v -0.06393165141344068 -0.056997109204530674 0.013829353265464306
v -0.07002744078636167 -0.04898482561111447 0.013871010392904282
v -0.07002744078636167 -0.04898482561111447 0.013871010392904282
v -0.06393165141344068 -0.056997109204530674 0.013829353265464306
v -0.06792297959327695 -0.05205358192324634 0.027499970048666
v -0.07002744078636167 -0.04898482561111447 0.013871010392904282
v -0.06792297959327695 -0.05205358192324634 0.027499970048666
v -0.06845148652791974 -0.051231391727924305 0.027499970048666
v -0.056203298270702334 -0.06581117212772364 0.02749994955956936
v -0.05624186620116231 -0.06576947122812266 0.02749994955956936
v -0.0570455230772495 -0.06433459371328348 0.013784770853817463
v -0.0570455230772495 -0.06433459371328348 0.013784770853817463
v -0.05624186620116231 -0.06576947122812266 0.02749994955956936
v -0.06255245953798291 -0.05894732475280757 0.027499960735440254
v -0.0570455230772495 -0.06433459371328348 0.013784770853817463
v -0.06255245953798291 -0.05894732475280757 0.027499960735440254
v -0.06393165141344068 -0.056997109204530674 0.013829353265464306
v -0.06393165141344068 -0.056997109204530674 0.013829353265464306
v -0.06255245953798291 -0.05894732475280757 0.027499960735440254
v -0.06273499131202695 -0.058713022619485807 0.027499960735440254
v -0.06393165141344068 -0.056997109204530674 0.013829353265464306
v -0.06273499131202695 -0.058713022619485807 0.027499960735440254
v -0.06792297959327695 -0.05205358192324634 0.027499970048666
v -0.056730452924966784 -0.06463742256164545 0.0
v -0.04986497759819029 -0.07067788392305369 0.013738208450376987
v -0.0570455230772495 -0.06433459371328348 0.013784770853817463
v -0.0570455230772495 -0.06433459371328348 0.013784770853817463
v -0.04986497759819029 -0.07067788392305369 0.013738208450376987
v -0.049860719591379145 -0.07069548964500422 0.014181563630700111
v -0.0570455230772495 -0.06433459371328348 0.013784770853817463
v -0.049860719591379145 -0.07069548964500422 0.014181563630700111
v -0.049742430448532084 -0.07120872288942331 0.019420789554715157
v -0.049742430448532084 -0.07120872288942331 0.019420789554715157
v -0.049560025334358195 -0.07200014591217035 0.02749990113079548
v -0.0570455230772495 -0.06433459371328348 0.013784770853817463
v -0.0570455230772495 -0.06433459371328348 0.013784770853817463
v -0.049560025334358195 -0.07200014591217035 0.02749990113079548
v -0.056189153343439074 -0.06582646071910853 0.02749994955956936
v -0.0570455230772495 -0.06433459371328348 0.013784770853817463
v -0.056189153343439074 -0.06582646071910853 0.02749994955956936
v -0.056203298270702334 -0.06581117212772364 0.02749994955956936
v -0.0760187283158302 -0.03927005454897878 0.0
v -0.07317394018173215 -0.044617060571908916 0.0
v -0.07579975575208661 -0.03962121531367299 0.0068866475485265255
v -0.07579975575208661 -0.03962121531367299 0.0068866475485265255
v -0.07317394018173215 -0.044617060571908916 0.0
v -0.07520223408937451 -0.04034892842173573 0.01391196995973587
v -0.07579975575208661 -0.03962121531367299 0.0068866475485265255
v -0.07520223408937451 -0.04034892842173573 0.01391196995973587
v -0.07991798222064968 -0.03025710396468637 0.006919367704540491
v -0.07991798222064968 -0.03025710396468637 0.006919367704540491
v -0.07520223408937451 -0.04034892842173573 0.01391196995973587
v -0.0793272033333778 -0.031166449189186072 0.013954493217170238
v -0.07991798222064968 -0.03025710396468637 0.006919367704540491
v -0.0793272033333778 -0.031166449189186072 0.013954493217170238
v -0.08287950605154033 -0.02047129720449446 0.006953350733965635
v -0.08287950605154033 -0.02047129720449446 0.006953350733965635
v -0.0793272033333778 -0.031166449189186072 0.013954493217170238
v -0.08228968083858486 -0.021548699587583525 0.013998925685882568
v -0.08287950605154033 -0.02047129720449446 0.006953350733965635
v -0.08228968083858486 -0.021548699587583525 0.013998925685882568
v -0.08463133126497265 -0.010406359098851672 0.006987389642745256
v -0.08463133126497265 -0.010406359098851672 0.006987389642745256
v -0.08228968083858486 -0.021548699587583525 0.013998925685882568
v -0.08401595056056972 -0.011640924960374823 0.014042843133211136
v -0.08463133126497265 -0.010406359098851672 0.006987389642745256
v -0.08401595056056972 -0.011640924960374823 0.014042843133211136
v -0.08469738811254497 -0.0016567370621487485 0.012254364788532257
v -0.08469738811254497 -0.0016567370621487485 0.012254364788532257
v -0.08401595056056972 -0.011640924960374823 0.014042843133211136
v -0.08446933329105373 -0.0021450859494507295 0.014061120338737965
v -0.060818132013082477 -0.0720109269022941 0.09503207355737686
v -0.06470920890569684 -0.06504720449447626 0.09140697121620178
v -0.06900693476200101 -0.05295059084892269 0.05972500145435333
v -0.07619605958461759 -0.051784150302410084 0.17686784267425537
v -0.07608735561370847 -0.05199152603745456 0.17645128071308136
v -0.0759099945425987 -0.05583716928958889 0.18626390397548676
v -0.07475949823856351 -0.05452465638518329 0.17136287689208984
v -0.07448322325944898 -0.05494602397084232 0.1701701581478119
v -0.07435356825590131 -0.05926402658224101 0.17980141937732697
v -0.07338312268257138 -0.05662387982010837 0.16542084515094757
v -0.07300243526697156 -0.05705161020159717 0.1635286957025528
v -0.07289659231901166 -0.06180431693792338 0.17291665077209473
v -0.07210385054349897 -0.05806122720241542 0.159062460064888
v -0.07169409096240995 -0.05833134800195689 0.15664511919021606
v -0.07158465683460233 -0.06348135322332377 0.16573955118656158
v -0.07095877826213834 -0.05881607905030246 0.15230721235275269
v -0.07059276849031446 -0.05883588269352908 0.1496252864599228
v -0.07045111060142514 -0.06435189396142954 0.15838585793972015
v -0.06993568688631055 -0.042955771088600124 0.09354251623153687
v -0.0705461725592613 -0.04050512239336964 0.0890248566865921
v -0.06982132792472837 -0.04844073578715321 0.09361793100833893
v -0.08210273087024685 -0.007377809379249805 0.029396818950772285
v -0.0824739038944244 -0.0065167220309376665 0.027500025928020477
v -0.08224908262491222 -0.014086393639445294 0.027500011026859283
v -0.06273499131202695 -0.058713022619485807 0.027499960735440254
v -0.06255245953798291 -0.05894732475280757 0.027499960735440254
v -0.06120980903506276 -0.06252824515104288 0.04555434361100197
v -0.04818592965602873 -0.07862298935651774 0.06199944019317627
v -0.04798305034637449 -0.07968447357416147 0.06622132658958435
v -0.05380490794777868 -0.07386269420385355 0.06488626450300217
v -0.04468514770269392 -0.10217985510826103 0.189071923494339
v -0.044719573110342005 -0.10201384127140037 0.19202376902103424
v -0.049961183220148066 -0.0974967032670974 0.18690955638885498
v -0.044862885028123835 -0.1010771542787551 0.19983208179473877
v -0.04490242153406141 -0.1008100137114524 0.20182694494724274
v -0.05033911019563673 -0.09644827991724007 0.19645342230796814
v -0.04780909419059751 -0.06704303622245783 0.256777822971344
v -0.047941699624061564 -0.06478581577539438 0.2580825686454773
v -0.05485941469669339 -0.0625957921147346 0.25165677070617676
v -0.059386812150478335 0.0 0.26483583450317383
v -0.06461821496486661 0.0 0.2591460645198822
v -0.0644222944974899 -0.01661601290106772 0.2582361102104187
v -0.07045150548219678 0.0 0.251531183719635
v -0.07080885767936704 0.0 0.25094255805015564
v -0.07058963924646375 -0.015928313136100755 0.24998708069324493
v -0.0749707370996475 0.0 0.2440870702266693
v -0.07594670355319974 0.0 0.2420463263988495
v -0.07573552429676053 -0.01520376745611428 0.24109238386154175
v -0.07871195673942562 0.0 0.23626413941383362
v -0.08002655208110805 0.0 0.23262663185596466
v -0.0797941461205482 -0.01444479078054427 0.23168575763702393
v -0.08165268599987026 0.0 0.228127121925354
v -0.08299818634986873 0.0 0.2228081226348877
v -0.08272010833024974 -0.013657260686159124 0.22190049290657043
v -0.08377604931592937 0.0 0.2197331190109253
v -0.08482864499092098 0.0 0.21271905303001404
v -0.08448509871959682 -0.012850242666900148 0.2118661254644394
v -0.08517884463071819 -0.01036559045314788 0.2019161432981491
v -0.08448509871959682 -0.012850242666900148 0.2118661254644394
v -0.08531111478805538 -0.006513650529086585 0.2021603137254715
v -0.08531111478805538 -0.006513650529086585 0.2021603137254715
v -0.08448509871959682 -0.012850242666900148 0.2118661254644394
v -0.08482864499092098 0.0 0.21271905303001404
v -0.08531111478805538 -0.006513650529086585 0.2021603137254715
v -0.08482864499092098 0.0 0.21271905303001404
v -0.08547437191009517 -0.0017595146782696234 0.20246167480945587
v -0.08547437191009517 -0.0017595146782696234 0.20246167480945587
v -0.08482864499092098 0.0 0.21271905303001404
v -0.08506216108798977 0.0 0.2111630141735077
v -0.08547437191009517 -0.0017595146782696234 0.20246167480945587
v -0.08506216108798977 0.0 0.2111630141735077
v -0.08549121767282482 -3.3274831778840028e-09 0.20248785614967346
v -0.07045150548219678 0.0 0.251531183719635
v -0.07058963924646375 -0.015928313136100755 0.24998708069324493
v -0.06524113565683362 0.0 0.2584685683250427
v -0.04974787309765814 -0.019396595656871782 0.2717675268650055
v -0.049781177192926386 -0.017848838120698915 0.2719331383705139
v -0.05732122436165807 -0.017267387360334382 0.26571086049079895
v -0.05732122436165807 -0.017267387360334382 0.26571086049079895
v -0.049781177192926386 -0.017848838120698915 0.2719331383705139
v -0.04984518140554426 -0.01487430930137633 0.2722513973712921
v -0.05732122436165807 -0.017267387360334382 0.26571086049079895
v -0.04984518140554426 -0.01487430930137633 0.2722513973712921
v -0.05747641995549199 0.0 0.26653870940208435
v -0.05747641995549199 0.0 0.26653870940208435
v -0.04984518140554426 -0.01487430930137633 0.2722513973712921
v -0.04991379007697103 -0.008606698364019387 0.2725301682949066
v -0.05747641995549199 0.0 0.26653870940208435
v -0.04991379007697103 -0.008606698364019387 0.2725301682949066
v -0.05292096734046934 0.0 0.2705993354320526
v -0.05292096734046934 0.0 0.2705993354320526
v -0.04991379007697103 -0.008606698364019387 0.2725301682949066
v -0.04998844489455221 -0.0017864360706880676 0.27283355593681335
v -0.05292096734046934 0.0 0.2705993354320526
v -0.04998844489455221 -0.0017864360706880676 0.27283355593681335
v -0.049995459616184214 9.902372671843899e-11 0.27285733819007874
v -0.04974787309765814 -0.019396595656871782 0.2717675268650055
v -0.05732122436165807 -0.017267387360334382 0.26571086049079895
v -0.04961352050304411 -0.02564048022031782 0.2710994780063629
v -0.04961352050304411 -0.02564048022031782 0.2710994780063629
v -0.05732122436165807 -0.017267387360334382 0.26571086049079895
v -0.0570309907197952 -0.02678498439490793 0.26446786522865295
v -0.04961352050304411 -0.02564048022031782 0.2710994780063629
v -0.0570309907197952 -0.02678498439490793 0.26446786522865295
v -0.04955279454588888 -0.027653461322188357 0.2707432210445404
v -0.049119189381599405 -0.040674313902854885 0.26801857352256775
v -0.04924542084336279 -0.037347864359617206 0.2688738703727722
v -0.05662721395492551 -0.03617833182215688 0.26254716515541077
v -0.05662721395492551 -0.03617833182215688 0.26254716515541077
v -0.04924542084336279 -0.037347864359617206 0.2688738703727722
v -0.04931819066405294 -0.03543019294738767 0.26936694979667664
v -0.05662721395492551 -0.03617833182215688 0.26254716515541077
v -0.04931819066405294 -0.03543019294738767 0.26936694979667664
v -0.0570309907197952 -0.02678498439490793 0.26446786522865295
v -0.0570309907197952 -0.02678498439490793 0.26446786522865295
v -0.04931819066405294 -0.03543019294738767 0.26936694979667664
v -0.04947857931256292 -0.03011359646916387 0.27030783891677856
v -0.0570309907197952 -0.02678498439490793 0.26446786522865295
v -0.04947857931256292 -0.03011359646916387 0.27030783891677856
v -0.04955279454588888 -0.027653461322188357 0.2707432210445404
v -0.049119189381599405 -0.040674313902854885 0.26801857352256775
v -0.05662721395492551 -0.03617833182215688 0.26254716515541077
v -0.048978522419929484 -0.04438109323382374 0.26706549525260925
v -0.048978522419929484 -0.04438109323382374 0.26706549525260925
v -0.05662721395492551 -0.03617833182215688 0.26254716515541077
v -0.056120682507753344 -0.04536141827702519 0.2598375678062439
v -0.048978522419929484 -0.04438109323382374 0.26706549525260925
v -0.056120682507753344 -0.04536141827702519 0.2598375678062439
v -0.048867084085941294 -0.04684809595346447 0.26620492339134216
v -0.0482155494391918 -0.06012416630983348 0.2607771158218384
v -0.04842808097600935 -0.05604100599884983 0.26263314485549927
v -0.05552531778812406 -0.054217174649238545 0.2562350928783417
v -0.05552531778812406 -0.054217174649238545 0.2562350928783417
v -0.04842808097600935 -0.05604100599884983 0.26263314485549927
v -0.04860775917768476 -0.0525889582931995 0.2642022967338562
v -0.05552531778812406 -0.054217174649238545 0.2562350928783417
v -0.04860775917768476 -0.0525889582931995 0.2642022967338562
v -0.056120682507753344 -0.04536141827702519 0.2598375678062439
v -0.056120682507753344 -0.04536141827702519 0.2598375678062439
v -0.04860775917768476 -0.0525889582931995 0.2642022967338562
v -0.04868055507540701 -0.05097746104001995 0.2647644579410553
v -0.056120682507753344 -0.04536141827702519 0.2598375678062439
v -0.04868055507540701 -0.05097746104001995 0.2647644579410553
v -0.048867084085941294 -0.04684809595346447 0.26620492339134216
v -0.05485941469669339 -0.0625957921147346 0.25165677070617676
v -0.047941699624061564 -0.06478581577539438 0.2580825686454773
v -0.05552531778812406 -0.054217174649238545 0.2562350928783417
v -0.05552531778812406 -0.054217174649238545 0.2562350928783417
v -0.047941699624061564 -0.06478581577539438 0.2580825686454773
v -0.048173602670431116 -0.06083819642662997 0.2603644132614136
v -0.05552531778812406 -0.054217174649238545 0.2562350928783417
v -0.048173602670431116 -0.06083819642662997 0.2603644132614136
v -0.0482155494391918 -0.06012416630983348 0.2607771158218384
v -0.05341334268450735 -0.07721956074237818 0.2394777238368988
v -0.046898551285266855 -0.08015976846218104 0.2458333522081375
v -0.046976611018180826 -0.07917375862598414 0.24694675207138062
v -0.046976611018180826 -0.07917375862598414 0.24694675207138062
v -0.04704039543867109 -0.07828987389802927 0.24774590134620667
v -0.05341334268450735 -0.07721956074237818 0.2394777238368988
v -0.05341334268450735 -0.07721956074237818 0.2394777238368988
v -0.04704039543867109 -0.07828987389802927 0.24774590134620667
v -0.04739410802721975 -0.07338814437389368 0.25217777490615845
v -0.05341334268450735 -0.07721956074237818 0.2394777238368988
v -0.04739410802721975 -0.07338814437389368 0.25217777490615845
v -0.054146260023117045 -0.07032246142625803 0.2460627257823944
v -0.054146260023117045 -0.07032246142625803 0.2460627257823944
v -0.04739410802721975 -0.07338814437389368 0.25217777490615845
v -0.047424692660570124 -0.07292050868272776 0.25251680612564087
v -0.054146260023117045 -0.07032246142625803 0.2460627257823944
v -0.047424692660570124 -0.07292050868272776 0.25251680612564087
v -0.05485941469669339 -0.0625957921147346 0.25165677070617676
v -0.05485941469669339 -0.0625957921147346 0.25165677070617676
v -0.047424692660570124 -0.07292050868272776 0.25251680612564087
v -0.04761636257171629 -0.06998990476131434 0.25464141368865967
v -0.05485941469669339 -0.0625957921147346 0.25165677070617676
v -0.04761636257171629 -0.06998990476131434 0.25464141368865967
v -0.04780909419059751 -0.06704303622245783 0.256777822971344
v -0.046898551285266855 -0.08015976846218104 0.2458333522081375
v -0.05341334268450735 -0.07721956074237818 0.2394777238368988
v -0.04656241834163664 -0.08440561592578881 0.2410389930009842
v -0.04656241834163664 -0.08440561592578881 0.2410389930009842
v -0.05341334268450735 -0.07721956074237818 0.2394777238368988
v -0.052689600735902765 -0.08314111828804009 0.23199982941150665
v -0.04656241834163664 -0.08440561592578881 0.2410389930009842
v -0.052689600735902765 -0.08314111828804009 0.23199982941150665
v -0.046476729214191416 -0.08539493381977074 0.23963133990764618
v -0.045920684933662394 -0.09157884865999215 0.22982428967952728
v -0.04595727473497389 -0.09119278192520135 0.2305290549993515
v -0.05200148746371267 -0.08800431340932839 0.2237851470708847
v -0.05200148746371267 -0.08800431340932839 0.2237851470708847
v -0.04595727473497389 -0.09119278192520135 0.2305290549993515
v -0.04615799710154531 -0.08907492458820336 0.23439526557922363
v -0.05200148746371267 -0.08800431340932839 0.2237851470708847
v -0.04615799710154531 -0.08907492458820336 0.23439526557922363
v -0.052689600735902765 -0.08314111828804009 0.23199982941150665
v -0.052689600735902765 -0.08314111828804009 0.23199982941150665
v -0.04615799710154531 -0.08907492458820336 0.23439526557922363
v -0.04638995602726934 -0.0863968059420585 0.23820582032203674
v -0.052689600735902765 -0.08314111828804009 0.23199982941150665
v -0.04638995602726934 -0.0863968059420585 0.23820582032203674
v -0.046476729214191416 -0.08539493381977074 0.23963133990764618
v -0.045920684933662394 -0.09157884865999215 0.22982428967952728
v -0.05200148746371267 -0.08800431340932839 0.2237851470708847
v -0.04577266424894331 -0.0931406840682029 0.22697311639785767
v -0.04577266424894331 -0.0931406840682029 0.22697311639785767
v -0.05200148746371267 -0.08800431340932839 0.2237851470708847
v -0.05137034133076666 -0.09180086851119988 0.21501396596431732
v -0.04577266424894331 -0.0931406840682029 0.22697311639785767
v -0.05137034133076666 -0.09180086851119988 0.21501396596431732
v -0.04550678655505178 -0.09570670872926705 0.22086939215660095
v -0.04513356462121008 -0.09900994598865501 0.21044042706489563
v -0.045165155082941034 -0.0987607315182685 0.21157671511173248
v -0.05081215873360632 -0.0945849418640136 0.20585668087005615
v -0.05081215873360632 -0.0945849418640136 0.20585668087005615
v -0.045165155082941034 -0.0987607315182685 0.21157671511173248
v -0.04545135423541067 -0.09624169766902917 0.21959681808948517
v -0.05081215873360632 -0.0945849418640136 0.20585668087005615
v -0.04545135423541067 -0.09624169766902917 0.21959681808948517
v -0.05137034133076666 -0.09180086851119988 0.21501396596431732
v -0.05137034133076666 -0.09180086851119988 0.21501396596431732
v -0.04545135423541067 -0.09624169766902917 0.21959681808948517
v -0.04550132155418394 -0.09575945138931267 0.22074393928050995
v -0.05137034133076666 -0.09180086851119988 0.21501396596431732
v -0.04550132155418394 -0.09575945138931267 0.22074393928050995
v -0.04550678655505178 -0.09570670872926705 0.22086939215660095
v -0.05033911019563673 -0.09644827991724007 0.19645342230796814
v -0.04490242153406141 -0.1008100137114524 0.20182694494724274
v -0.05081215873360632 -0.0945849418640136 0.20585668087005615
v -0.05081215873360632 -0.0945849418640136 0.20585668087005615
v -0.04490242153406141 -0.1008100137114524 0.20182694494724274
v -0.044923093169927576 -0.10067034512758247 0.2028699517250061
v -0.05081215873360632 -0.0945849418640136 0.20585668087005615
v -0.044923093169927576 -0.10067034512758247 0.2028699517250061
v -0.04513356462121008 -0.09900994598865501 0.21044042706489563
v -0.049961183220148066 -0.0974967032670974 0.18690955638885498
v -0.044719573110342005 -0.10201384127140037 0.19202376902103424
v -0.05033911019563673 -0.09644827991724007 0.19645342230796814
v -0.05033911019563673 -0.09644827991724007 0.19645342230796814
v -0.044719573110342005 -0.10201384127140037 0.19202376902103424
v -0.04473593086004255 -0.10193495452404014 0.19342634081840515
v -0.05033911019563673 -0.09644827991724007 0.19645342230796814
v -0.04473593086004255 -0.10193495452404014 0.19342634081840515
v -0.044862885028123835 -0.1010771542787551 0.19983208179473877
v -0.044580306857824305 -0.10234652459621421 0.17206864058971405
v -0.04460046440362928 -0.10243806242942802 0.17825952172279358
v -0.0496866889297962 -0.09783428907394402 0.17729951441287994
v -0.0496866889297962 -0.09783428907394402 0.17729951441287994
v -0.04460046440362928 -0.10243806242942802 0.17825952172279358
v -0.044613149017095545 -0.10249567031860343 0.18215563893318176
v -0.0496866889297962 -0.09783428907394402 0.17729951441287994
v -0.044613149017095545 -0.10249567031860343 0.18215563893318176
v -0.049961183220148066 -0.0974967032670974 0.18690955638885498
v -0.049961183220148066 -0.0974967032670974 0.18690955638885498
v -0.044613149017095545 -0.10249567031860343 0.18215563893318176
v -0.04461650177836416 -0.10251089930534354 0.1831856220960617
v -0.049961183220148066 -0.0974967032670974 0.18690955638885498
v -0.04461650177836416 -0.10251089930534354 0.1831856220960617
v -0.04468514770269392 -0.10217985510826103 0.189071923494339
v -0.049469269812107065 -0.0967480763792991 0.15807215869426727
v -0.049696676433086374 -0.09383006393909447 0.13901562988758087
v -0.04483981058001516 -0.09952652454376212 0.14664047956466675
v -0.04483981058001516 -0.09952652454376212 0.14664047956466675
v -0.04464652016758917 -0.10137856006622306 0.15994666516780853
v -0.049469269812107065 -0.0967480763792991 0.15807215869426727
v -0.049469269812107065 -0.0967480763792991 0.15807215869426727
v -0.04464652016758917 -0.10137856006622306 0.15994666516780853
v -0.044633008539676645 -0.1015761196613311 0.16242071986198425
v -0.049469269812107065 -0.0967480763792991 0.15807215869426727
v -0.044633008539676645 -0.1015761196613311 0.16242071986198425
v -0.0496866889297962 -0.09783428907394402 0.17729951441287994
v -0.0496866889297962 -0.09783428907394402 0.17729951441287994
v -0.044633008539676645 -0.1015761196613311 0.16242071986198425
v -0.04460553079843519 -0.10197778791189185 0.16745087504386902
v -0.0496866889297962 -0.09783428907394402 0.17729951441287994
v -0.04460553079843519 -0.10197778791189185 0.16745087504386902
v -0.044580306857824305 -0.10234652459621421 0.17206864058971405
v -0.05512163788080213 -0.0837611407041549 0.11631670594215393
v -0.04547950252890585 -0.09468363970518105 0.12354056537151337
v -0.05438249930739401 -0.08818028122186654 0.13444365561008453
v -0.05438249930739401 -0.08818028122186654 0.13444365561008453
v -0.04547950252890585 -0.09468363970518105 0.12354056537151337
v -0.04543647542595861 -0.09498440474271767 0.12478892505168915
v -0.04519477114081381 -0.09667398780584328 0.13180190324783325
v -0.04493019729852674 -0.09880014508962623 0.14286193251609802
v -0.049696676433086374 -0.09383006393909447 0.13901562988758087
v -0.049696676433086374 -0.09383006393909447 0.13901562988758087
v -0.04493019729852674 -0.09880014508962623 0.14286193251609802
v -0.04485586658120153 -0.0993974953889846 0.14596928656101227
v -0.049696676433086374 -0.09383006393909447 0.13901562988758087
v -0.04485586658120153 -0.0993974953889846 0.14596928656101227
v -0.04483981058001516 -0.09952652454376212 0.14664047956466675
v -0.04746851697564123 -0.08237657696008675 0.07692871242761612
v -0.04719378054141996 -0.08401548117399209 0.082942895591259
v -0.05629907920956609 -0.07851000130176539 0.09848681837320328
v -0.05629907920956609 -0.07851000130176539 0.09848681837320328
v -0.04719378054141996 -0.08401548117399209 0.082942895591259
v -0.046214230358600596 -0.08985890448093407 0.10438603907823563
v -0.05629907920956609 -0.07851000130176539 0.09848681837320328
v -0.046214230358600596 -0.08985890448093407 0.10438603907823563
v -0.05512163788080213 -0.0837611407041549 0.11631670594215393
v -0.05512163788080213 -0.0837611407041549 0.11631670594215393
v -0.046214230358600596 -0.08985890448093407 0.10438603907823563
v -0.045910537242889383 -0.09167056530714028 0.11103415489196777
v -0.05512163788080213 -0.0837611407041549 0.11631670594215393
v -0.045910537242889383 -0.09167056530714028 0.11103415489196777
v -0.04547950252890585 -0.09468363970518105 0.12354056537151337
v -0.0491078123450279 -0.07406423985958094 0.040862422436475754
v -0.049074646085500696 -0.07421563565731043 0.041842490434646606
v -0.0551178306341171 -0.06925197690725321 0.04633702337741852
v -0.0551178306341171 -0.06925197690725321 0.04633702337741852
v -0.049074646085500696 -0.07421563565731043 0.041842490434646606
v -0.048855941742658594 -0.0752750933170318 0.04697537422180176
v -0.0551178306341171 -0.06925197690725321 0.04633702337741852
v -0.048855941742658594 -0.0752750933170318 0.04697537422180176
v -0.05380490794777868 -0.07386269420385355 0.06488626450300217
v -0.05380490794777868 -0.07386269420385355 0.06488626450300217
v -0.048855941742658594 -0.0752750933170318 0.04697537422180176
v -0.04844941198825834 -0.07724443078041071 0.05651646479964256
v -0.05380490794777868 -0.07386269420385355 0.06488626450300217
v -0.04844941198825834 -0.07724443078041071 0.05651646479964256
v -0.04818592965602873 -0.07862298935651774 0.06199944019317627
v -0.049560025334358195 -0.07200014591217035 0.02749990113079548
v -0.0491078123450279 -0.07406423985958094 0.040862422436475754
v -0.056189153343439074 -0.06582646071910853 0.02749994955956936
v -0.056189153343439074 -0.06582646071910853 0.02749994955956936
v -0.0491078123450279 -0.07406423985958094 0.040862422436475754
v -0.0551178306341171 -0.06925197690725321 0.04633702337741852
v -0.056189153343439074 -0.06582646071910853 0.02749994955956936
v -0.0551178306341171 -0.06925197690725321 0.04633702337741852
v -0.056203298270702334 -0.06581117212772364 0.02749994955956936
v -0.056203298270702334 -0.06581117212772364 0.02749994955956936
v -0.0551178306341171 -0.06925197690725321 0.04633702337741852
v -0.05624186620116231 -0.06576947122812266 0.02749994955956936
v -0.06854366511106488 -0.051087986677885014 0.027499970048666
v -0.06845148652791974 -0.051231391727924305 0.027499970048666
v -0.06668125092983243 -0.055283717811107594 0.04470081627368927
v -0.06668125092983243 -0.055283717811107594 0.04470081627368927
v -0.06845148652791974 -0.051231391727924305 0.027499970048666
v -0.06792297959327695 -0.05205358192324634 0.027499970048666
v -0.07350891083478925 -0.04289563745260235 0.027499981224536896
v -0.07340592890977857 -0.043098378926515545 0.027499981224536896
v -0.07138162106275556 -0.04751065000891682 0.043805304914712906
v -0.07138162106275556 -0.04751065000891682 0.043805304914712906
v -0.07340592890977857 -0.043098378926515545 0.027499981224536896
v -0.0723755210638046 -0.04512686282396313 0.027499977499246597
v -0.0775092542171478 -0.034196246415376635 0.027499990537762642
v -0.07740936428308484 -0.03446238487958905 0.027499990537762642
v -0.07516024261713025 -0.03923956304788587 0.042893875390291214
v -0.07516024261713025 -0.03923956304788587 0.042893875390291214
v -0.07740936428308484 -0.03446238487958905 0.027499990537762642
v -0.07632451504468915 -0.03735276684164998 0.027499986812472343
v -0.08037850260734554 -0.025062642991542795 0.027499999850988388
v -0.08029513061046596 -0.025393452495336512 0.027499999850988388
v -0.07788752764463422 -0.030551047995686507 0.04198594391345978
v -0.07788752764463422 -0.030551047995686507 0.04198594391345978
v -0.08029513061046596 -0.025393452495336512 0.027499999850988388
v -0.07923626899719234 -0.029594952240586257 0.02749999612569809
v -0.07948296517133709 -0.021573785692453367 0.041092656552791595
v -0.08198387175798412 -0.01602648943662642 0.027500009164214134
v -0.08118738234043117 -0.021853053942322714 0.027500003576278687
v -0.08198387175798412 -0.01602648943662642 0.027500009164214134
v -0.07948296517133709 -0.021573785692453367 0.041092656552791595
v -0.08203776180744167 -0.01563227921724318 0.027500009164214134
v -0.08210273087024685 -0.007377809379249805 0.029396818950772285
v -0.08224908262491222 -0.014086393639445294 0.027500011026859283
v -0.08061697334051128 -0.010824631899595252 0.036989446729421616
v -0.08061697334051128 -0.010824631899595252 0.036989446729421616
v -0.08224908262491222 -0.014086393639445294 0.027500011026859283
v -0.08203776180744167 -0.01563227921724318 0.027500009164214134
v -0.08061697334051128 -0.010824631899595252 0.036989446729421616
v -0.08203776180744167 -0.01563227921724318 0.027500009164214134
v -0.07992718368768688 -0.012533568777143945 0.0401790551841259
v -0.07992718368768688 -0.012533568777143945 0.0401790551841259
v -0.08203776180744167 -0.01563227921724318 0.027500009164214134
v -0.07948296517133709 -0.021573785692453367 0.041092656552791595
v -0.07992718368768688 -0.012533568777143945 0.0401790551841259
v -0.07948296517133709 -0.021573785692453367 0.041092656552791595
v -0.07918615639209743 -0.014369440264999856 0.04360557720065117
v -0.07402797043323514 -0.028345830738544443 0.06776580214500427
v -0.07671291381120679 -0.02801927924156187 0.05424408242106438
v -0.07243539392948148 -0.03358540311455724 0.07669109851121902
v -0.07243539392948148 -0.03358540311455724 0.07669109851121902
v -0.07671291381120679 -0.02801927924156187 0.05424408242106438
v -0.071710430085659 -0.04181716591119763 0.08029522001743317
v -0.07243539392948148 -0.03358540311455724 0.07669109851121902
v -0.071710430085659 -0.04181716591119763 0.08029522001743317
v -0.07151839882135388 -0.03660232573747632 0.08183024078607559
v -0.07402797043323514 -0.028345830738544443 0.06776580214500427
v -0.0762384235858917 -0.022197416052222235 0.057371314615011215
v -0.07671291381120679 -0.02801927924156187 0.05424408242106438
v -0.07671291381120679 -0.02801927924156187 0.05424408242106438
v -0.0762384235858917 -0.022197416052222235 0.057371314615011215
v -0.07728208601474759 -0.01929446682333945 0.052463602274656296
v -0.07671291381120679 -0.02801927924156187 0.05424408242106438
v -0.07728208601474759 -0.01929446682333945 0.052463602274656296
v -0.07948296517133709 -0.021573785692453367 0.041092656552791595
v -0.07948296517133709 -0.021573785692453367 0.041092656552791595
v -0.07728208601474759 -0.01929446682333945 0.052463602274656296
v -0.07796537876129148 -0.01739387027919291 0.04925046116113663
v -0.07948296517133709 -0.021573785692453367 0.041092656552791595
v -0.07796537876129148 -0.01739387027919291 0.04925046116113663
v -0.07918615639209743 -0.014369440264999856 0.04360557720065117
v -0.06982132792472837 -0.04844073578715321 0.09361793100833893
v -0.0705461725592613 -0.04050512239336964 0.0890248566865921
v -0.071710430085659 -0.04181716591119763 0.08029522001743317
v -0.071710430085659 -0.04181716591119763 0.08029522001743317
v -0.0705461725592613 -0.04050512239336964 0.0890248566865921
v -0.07111182808876035 -0.03823441267013547 0.08483891189098358
v -0.071710430085659 -0.04181716591119763 0.08029522001743317
v -0.07111182808876035 -0.03823441267013547 0.08483891189098358
v -0.07151839882135388 -0.03660232573747632 0.08183024078607559
v -0.06799611449241635 -0.05938762798905368 0.12149886786937714
v -0.06853575259447095 -0.05232606828212734 0.11487346142530441
v -0.06853688508272168 -0.05442051962018009 0.10733266174793243
v -0.06853688508272168 -0.05442051962018009 0.10733266174793243
v -0.06853575259447095 -0.05232606828212734 0.11487346142530441
v -0.06854747980833051 -0.051963500678539234 0.11381933093070984
v -0.06853688508272168 -0.05442051962018009 0.10733266174793243
v -0.06854747980833051 -0.051963500678539234 0.11381933093070984
v -0.06856411695480344 -0.05144943669438358 0.11232472211122513
v -0.06856411695480344 -0.05144943669438358 0.11232472211122513
v -0.06913844496011731 -0.04703467339277264 0.10190022736787796
v -0.06853688508272168 -0.05442051962018009 0.10733266174793243
v -0.06853688508272168 -0.05442051962018009 0.10733266174793243
v -0.06913844496011731 -0.04703467339277264 0.10190022736787796
v -0.06915879994630811 -0.04693052172660824 0.10168682038784027
v -0.06853688508272168 -0.05442051962018009 0.10733266174793243
v -0.06915879994630811 -0.04693052172660824 0.10168682038784027
v -0.06982132792472837 -0.04844073578715321 0.09361793100833893
v -0.06982132792472837 -0.04844073578715321 0.09361793100833893
v -0.06915879994630811 -0.04693052172660824 0.10168682038784027
v -0.06941114366054532 -0.045639451593160595 0.0990414097905159
v -0.06982132792472837 -0.04844073578715321 0.09361793100833893
v -0.06941114366054532 -0.045639451593160595 0.0990414097905159
v -0.06993568688631055 -0.042955771088600124 0.09354251623153687
v -0.06918288022279737 -0.058103550225496244 0.13712164759635925
v -0.0687117055058479 -0.05685112625360485 0.13006465137004852
v -0.06830838322639463 -0.06291808933019633 0.1360872983932495
v -0.0687117055058479 -0.05685112625360485 0.13006465137004852
v -0.06868686527013776 -0.05663068965077396 0.12922191619873047
v -0.06830838322639463 -0.06291808933019633 0.1360872983932495
v -0.06830838322639463 -0.06291808933019633 0.1360872983932495
v -0.06868686527013776 -0.05663068965077396 0.12922191619873047
v -0.06866621226072309 -0.05644741281867023 0.12852126359939575
v -0.06830838322639463 -0.06291808933019633 0.1360872983932495
v -0.06866621226072309 -0.05644741281867023 0.12852126359939575
v -0.06799611449241635 -0.05938762798905368 0.12149886786937714
v -0.06799611449241635 -0.05938762798905368 0.12149886786937714
v -0.06866621226072309 -0.05644741281867023 0.12852126359939575
v -0.0684612691402435 -0.05462859570980068 0.12156787514686584
v -0.06799611449241635 -0.05938762798905368 0.12149886786937714
v -0.0684612691402435 -0.05462859570980068 0.12156787514686584
v -0.06853575259447095 -0.05232606828212734 0.11487346142530441
v -0.07045111060142514 -0.06435189396142954 0.15838585793972015
v -0.07059276849031446 -0.05883588269352908 0.1496252864599228
v -0.06951856613159177 -0.06449274718761439 0.15094918012619019
v -0.07059276849031446 -0.05883588269352908 0.1496252864599228
v -0.0699849873781204 -0.058868765830993604 0.1451718658208847
v -0.06951856613159177 -0.06449274718761439 0.15094918012619019
v -0.06951856613159177 -0.06449274718761439 0.15094918012619019
v -0.0699849873781204 -0.058868765830993604 0.1451718658208847
v -0.06971816718578336 -0.058635909110307645 0.14255686104297638
v -0.06951856613159177 -0.06449274718761439 0.15094918012619019
v -0.06971816718578336 -0.058635909110307645 0.14255686104297638
v -0.06830838322639463 -0.06291808933019633 0.1360872983932495
v -0.06830838322639463 -0.06291808933019633 0.1360872983932495
v -0.06971816718578336 -0.058635909110307645 0.14255686104297638
v -0.06921940296888349 -0.05820063129067416 0.1376686692237854
v -0.06830838322639463 -0.06291808933019633 0.1360872983932495
v -0.06921940296888349 -0.05820063129067416 0.1376686692237854
v -0.06918288022279737 -0.058103550225496244 0.13712164759635925
v -0.07158465683460233 -0.06348135322332377 0.16573955118656158
v -0.07169409096240995 -0.05833134800195689 0.15664511919021606
v -0.07045111060142514 -0.06435189396142954 0.15838585793972015
v -0.07045111060142514 -0.06435189396142954 0.15838585793972015
v -0.07169409096240995 -0.05833134800195689 0.15664511919021606
v -0.07108764350414273 -0.05873113125562663 0.1530674397945404
v -0.07045111060142514 -0.06435189396142954 0.15838585793972015
v -0.07108764350414273 -0.05873113125562663 0.1530674397945404
v -0.07095877826213834 -0.05881607905030246 0.15230721235275269
v -0.07289659231901166 -0.06180431693792338 0.17291665077209473
v -0.07300243526697156 -0.05705161020159717 0.1635286957025528
v -0.07158465683460233 -0.06348135322332377 0.16573955118656158
v -0.07158465683460233 -0.06348135322332377 0.16573955118656158
v -0.07300243526697156 -0.05705161020159717 0.1635286957025528
v -0.07247649878263471 -0.057642530649900395 0.16091464459896088
v -0.07158465683460233 -0.06348135322332377 0.16573955118656158
v -0.07247649878263471 -0.057642530649900395 0.16091464459896088
v -0.07210385054349897 -0.05806122720241542 0.159062460064888
v -0.07435356825590131 -0.05926402658224101 0.17980141937732697
v -0.07448322325944898 -0.05494602397084232 0.1701701581478119
v -0.07289659231901166 -0.06180431693792338 0.17291665077209473
v -0.07289659231901166 -0.06180431693792338 0.17291665077209473
v -0.07448322325944898 -0.05494602397084232 0.1701701581478119
v -0.07409681379795072 -0.05553537234663959 0.16850195825099945
v -0.07289659231901166 -0.06180431693792338 0.17291665077209473
v -0.07409681379795072 -0.05553537234663959 0.16850195825099945
v -0.07338312268257138 -0.05662387982010837 0.16542084515094757
v -0.0759099945425987 -0.05583716928958889 0.18626390397548676
v -0.07608735561370847 -0.05199152603745456 0.17645128071308136
v -0.07435356825590131 -0.05926402658224101 0.17980141937732697
v -0.07435356825590131 -0.05926402658224101 0.17980141937732697
v -0.07608735561370847 -0.05199152603745456 0.17645128071308136
v -0.0758847892284393 -0.05237795040011402 0.17567504942417145
v -0.07435356825590131 -0.05926402658224101 0.17980141937732697
v -0.0758847892284393 -0.05237795040011402 0.17567504942417145
v -0.07475949823856351 -0.05452465638518329 0.17136287689208984
v -0.0790866836905479 -0.0445025451481342 0.18642982840538025
v -0.07750836014747617 -0.05154201388359066 0.1921730935573578
v -0.079399861395359 -0.043489124625921215 0.187343567609787
v -0.079399861395359 -0.043489124625921215 0.187343567609787
v -0.07750836014747617 -0.05154201388359066 0.1921730935573578
v -0.07908274233341213 -0.0464408956468105 0.19741392135620117
v -0.079399861395359 -0.043489124625921215 0.187343567609787
v -0.07908274233341213 -0.0464408956468105 0.19741392135620117
v -0.07961204648017879 -0.0428025163710117 0.1879626363515854
v -0.0790866836905479 -0.0445025451481342 0.18642982840538025
v -0.07775936275720594 -0.04813287779688832 0.18223632872104645
v -0.07750836014747617 -0.05154201388359066 0.1921730935573578
v -0.07750836014747617 -0.05154201388359066 0.1921730935573578
v -0.07775936275720594 -0.04813287779688832 0.18223632872104645
v -0.0777526721358299 -0.04815118014812466 0.18221518397331238
v -0.07750836014747617 -0.05154201388359066 0.1921730935573578
v -0.0777526721358299 -0.04815118014812466 0.18221518397331238
v -0.0759099945425987 -0.05583716928958889 0.18626390397548676
v -0.0759099945425987 -0.05583716928958889 0.18626390397548676
v -0.0777526721358299 -0.04815118014812466 0.18221518397331238
v -0.07762812077999112 -0.04849183186888691 0.18182168900966644
v -0.0759099945425987 -0.05583716928958889 0.18626390397548676
v -0.07762812077999112 -0.04849183186888691 0.18182168900966644
v -0.07619605958461759 -0.051784150302410084 0.17686784267425537
v -0.08189289271831508 -0.034240283071994754 0.20558461546897888
v -0.08234329521656032 -0.03216906636953351 0.19541190564632416
v -0.08056531101465221 -0.04063292592763897 0.20190094411373138
v -0.08056531101465221 -0.04063292592763897 0.20190094411373138
v -0.08234329521656032 -0.03216906636953351 0.19541190564632416
v -0.08155246824026104 -0.035837195813655826 0.19339725375175476
v -0.08155246824026104 -0.035837195813655826 0.19339725375175476
v -0.08134289830923076 -0.036638185381889316 0.19282642006874084
v -0.08056531101465221 -0.04063292592763897 0.20190094411373138
v -0.08056531101465221 -0.04063292592763897 0.20190094411373138
v -0.08134289830923076 -0.036638185381889316 0.19282642006874084
v -0.08095356076955791 -0.03812628611922261 0.1917659044265747
v -0.08056531101465221 -0.04063292592763897 0.20190094411373138
v -0.08095356076955791 -0.03812628611922261 0.1917659044265747
v -0.07908274233341213 -0.0464408956468105 0.19741392135620117
v -0.07908274233341213 -0.0464408956468105 0.19741392135620117
v -0.08095356076955791 -0.03812628611922261 0.1917659044265747
v -0.08038176596164699 -0.04031173139810559 0.19020840525627136
v -0.07908274233341213 -0.0464408956468105 0.19741392135620117
v -0.08038176596164699 -0.04031173139810559 0.19020840525627136
v -0.07961204648017879 -0.0428025163710117 0.1879626363515854
v -0.06792297959327695 -0.05205358192324634 0.027499970048666
v -0.06273499131202695 -0.058713022619485807 0.027499960735440254
v -0.06668125092983243 -0.055283717811107594 0.04470081627368927
v -0.06668125092983243 -0.055283717811107594 0.04470081627368927
v -0.06273499131202695 -0.058713022619485807 0.027499960735440254
v -0.06120980903506276 -0.06252824515104288 0.04555434361100197
v -0.06668125092983243 -0.055283717811107594 0.04470081627368927
v -0.06120980903506276 -0.06252824515104288 0.04555434361100197
v -0.06460722535848615 -0.06042394042015071 0.0615411251783371
v -0.06460722535848615 -0.06042394042015071 0.0615411251783371
v -0.06120980903506276 -0.06252824515104288 0.04555434361100197
v -0.05949184298515317 -0.06739223748445505 0.06327982991933823
v -0.06460722535848615 -0.06042394042015071 0.0615411251783371
v -0.05949184298515317 -0.06739223748445505 0.06327982991933823
v -0.05629907920956609 -0.07851000130176539 0.09848681837320328
v -0.06255245953798291 -0.05894732475280757 0.027499960735440254
v -0.05624186620116231 -0.06576947122812266 0.02749994955956936
v -0.06120980903506276 -0.06252824515104288 0.04555434361100197
v -0.06120980903506276 -0.06252824515104288 0.04555434361100197
v -0.05624186620116231 -0.06576947122812266 0.02749994955956936
v -0.0551178306341171 -0.06925197690725321 0.04633702337741852
v -0.06120980903506276 -0.06252824515104288 0.04555434361100197
v -0.0551178306341171 -0.06925197690725321 0.04633702337741852
v -0.05949184298515317 -0.06739223748445505 0.06327982991933823
v -0.05949184298515317 -0.06739223748445505 0.06327982991933823
v -0.0551178306341171 -0.06925197690725321 0.04633702337741852
v -0.05380490794777868 -0.07386269420385355 0.06488626450300217
v -0.05949184298515317 -0.06739223748445505 0.06327982991933823
v -0.05380490794777868 -0.07386269420385355 0.06488626450300217
v -0.05629907920956609 -0.07851000130176539 0.09848681837320328
v -0.05629907920956609 -0.07851000130176539 0.09848681837320328
v -0.05380490794777868 -0.07386269420385355 0.06488626450300217
v -0.04798305034637449 -0.07968447357416147 0.06622132658958435
v -0.05629907920956609 -0.07851000130176539 0.09848681837320328
v -0.04798305034637449 -0.07968447357416147 0.06622132658958435
v -0.04746851697564123 -0.08237657696008675 0.07692871242761612
v -0.06470920890569684 -0.06504720449447626 0.09140697121620178
v -0.060818132013082477 -0.0720109269022941 0.09503207355737686
v -0.06313996016979215 -0.07077555358409876 0.10757080465555191
v -0.06313996016979215 -0.07077555358409876 0.10757080465555191
v -0.060818132013082477 -0.0720109269022941 0.09503207355737686
v -0.05943496897816655 -0.07748635113239283 0.11206156760454178
v -0.06313996016979215 -0.07077555358409876 0.10757080465555191
v -0.05943496897816655 -0.07748635113239283 0.11206156760454178
v -0.062156792730092975 -0.07570809125900263 0.12410751730203629
v -0.062156792730092975 -0.07570809125900263 0.12410751730203629
v -0.05943496897816655 -0.07748635113239283 0.11206156760454178
v -0.058576352894306155 -0.08214132487773888 0.12943103909492493
v -0.062156792730092975 -0.07570809125900263 0.12410751730203629
v -0.058576352894306155 -0.08214132487773888 0.12943103909492493
v -0.061895068734884234 -0.07942084223031992 0.1410142332315445
v -0.061895068734884234 -0.07942084223031992 0.1410142332315445
v -0.058576352894306155 -0.08214132487773888 0.12943103909492493
v -0.058363795280456515 -0.08553419262170785 0.14713457226753235
v -0.061895068734884234 -0.07942084223031992 0.1410142332315445
v -0.058363795280456515 -0.08553419262170785 0.14713457226753235
v -0.062426049262285205 -0.08147213608026498 0.1581762731075287
v -0.062426049262285205 -0.08147213608026498 0.1581762731075287
v -0.058363795280456515 -0.08553419262170785 0.14713457226753235
v -0.05885787680745122 -0.08720273524522774 0.16505330801010132
v -0.062426049262285205 -0.08147213608026498 0.1581762731075287
v -0.05885787680745122 -0.08720273524522774 0.16505330801010132
v -0.06370482593774793 -0.08133483678102486 0.1753627508878708
v -0.07080885767936704 0.0 0.25094255805015564
v -0.0749707370996475 0.0 0.2440870702266693
v -0.07058963924646375 -0.015928313136100755 0.24998708069324493
v -0.07058963924646375 -0.015928313136100755 0.24998708069324493
v -0.0749707370996475 0.0 0.2440870702266693
v -0.07573552429676053 -0.01520376745611428 0.24109238386154175
v -0.07058963924646375 -0.015928313136100755 0.24998708069324493
v -0.07573552429676053 -0.01520376745611428 0.24109238386154175
v -0.07018758356571195 -0.024791518226265886 0.2486608475446701
v -0.07018758356571195 -0.024791518226265886 0.2486608475446701
v -0.07573552429676053 -0.01520376745611428 0.24109238386154175
v -0.07527709007263181 -0.02371509186923502 0.23973920941352844
v -0.07018758356571195 -0.024791518226265886 0.2486608475446701
v -0.07527709007263181 -0.02371509186923502 0.23973920941352844
v -0.06960546225309369 -0.033498875796794864 0.24663622677326202
v -0.06960546225309369 -0.033498875796794864 0.24663622677326202
v -0.07527709007263181 -0.02371509186923502 0.23973920941352844
v -0.07461114227771756 -0.03205632045865056 0.23767811059951782
v -0.06960546225309369 -0.033498875796794864 0.24663622677326202
v -0.07461114227771756 -0.03205632045865056 0.23767811059951782
v -0.06886086612939832 -0.04195369407534596 0.2438221573829651
v -0.06886086612939832 -0.04195369407534596 0.2438221573829651
v -0.07461114227771756 -0.03205632045865056 0.23767811059951782
v -0.07375772297382352 -0.040125519037246676 0.23482774198055267
v -0.06886086612939832 -0.04195369407534596 0.2438221573829651
v -0.07375772297382352 -0.040125519037246676 0.23482774198055267
v -0.06797756254673001 -0.050035517662763554 0.24014322459697723
v -0.06797756254673001 -0.050035517662763554 0.24014322459697723
v -0.07375772297382352 -0.040125519037246676 0.23482774198055267
v -0.07274504005908963 -0.047800384461879696 0.231126606464386
v -0.06797756254673001 -0.050035517662763554 0.24014322459697723
v -0.07274504005908963 -0.047800384461879696 0.231126606464386
v -0.06698562949895856 -0.05760149285197254 0.23554852604866028
v -0.06698562949895856 -0.05760149285197254 0.23554852604866028
v -0.07274504005908963 -0.047800384461879696 0.231126606464386
v -0.07160899043083188 -0.05494112521409984 0.22653956711292267
v -0.06698562949895856 -0.05760149285197254 0.23554852604866028
v -0.07160899043083188 -0.05494112521409984 0.22653956711292267
v -0.0659208223223686 -0.06449592858552927 0.23002825677394867
v -0.0659208223223686 -0.06449592858552927 0.23002825677394867
v -0.07160899043083188 -0.05494112521409984 0.22653956711292267
v -0.07039185613393781 -0.06140103191137309 0.2210717648267746
v -0.0659208223223686 -0.06449592858552927 0.23002825677394867
v -0.07039185613393781 -0.06140103191137309 0.2210717648267746
v -0.06482239812612531 -0.07056941837072367 0.2236272543668747
v -0.06482239812612531 -0.07056941837072367 0.2236272543668747
v -0.07039185613393781 -0.06140103191137309 0.2210717648267746
v -0.0691394358873367 -0.06704402714967722 0.2147781103849411
v -0.06482239812612531 -0.07056941837072367 0.2236272543668747
v -0.0691394358873367 -0.06704402714967722 0.2147781103849411
v -0.06372932344675061 -0.07570625841617579 0.2164483666419983
v -0.06372932344675061 -0.07570625841617579 0.2164483666419983
v -0.0691394358873367 -0.06704402714967722 0.2147781103849411
v -0.06789655238389966 -0.07176864892244333 0.20776419341564178
v -0.06372932344675061 -0.07570625841617579 0.2164483666419983
v -0.06789655238389966 -0.07176864892244333 0.20776419341564178
v -0.06267593801021573 -0.07984784245491022 0.20863762497901917
v -0.06267593801021573 -0.07984784245491022 0.20863762497901917
v -0.06789655238389966 -0.07176864892244333 0.20776419341564178
v -0.06670242547988889 -0.07552739232778544 0.20017166435718536
v -0.06267593801021573 -0.07984784245491022 0.20863762497901917
v -0.06670242547988889 -0.07552739232778544 0.20017166435718536
v -0.0616902448236942 -0.08299929648637765 0.20035585761070251
v -0.0616902448236942 -0.08299929648637765 0.20035585761070251
v -0.06670242547988889 -0.07552739232778544 0.20017166435718536
v -0.06558891385793683 -0.07833100110292429 0.19215258955955505
v -0.0616902448236942 -0.08299929648637765 0.20035585761070251
v -0.06558891385793683 -0.07833100110292429 0.19215258955955505
v -0.060795221477746936 -0.08521839976310723 0.1917513757944107
v -0.060795221477746936 -0.08521839976310723 0.1917513757944107
v -0.06558891385793683 -0.07833100110292429 0.19215258955955505
v -0.06458204239606855 -0.08023802936077112 0.18384571373462677
v -0.060795221477746936 -0.08521839976310723 0.1917513757944107
v -0.06458204239606855 -0.08023802936077112 0.18384571373462677
v -0.06001151725649831 -0.08659376204013818 0.18294423818588257
v -0.06001151725649831 -0.08659376204013818 0.18294423818588257
v -0.06458204239606855 -0.08023802936077112 0.18384571373462677
v -0.06370482593774793 -0.08133483678102486 0.1753627508878708
v -0.06001151725649831 -0.08659376204013818 0.18294423818588257
v -0.06370482593774793 -0.08133483678102486 0.1753627508878708
v -0.05935933068394658 -0.0872239172458648 0.17402367293834686
v -0.05935933068394658 -0.0872239172458648 0.17402367293834686
v -0.06370482593774793 -0.08133483678102486 0.1753627508878708
v -0.05885787680745122 -0.08720273524522774 0.16505330801010132
v -0.06461821496486661 0.0 0.2591460645198822
v -0.06524113565683362 0.0 0.2584685683250427
v -0.0644222944974899 -0.01661601290106772 0.2582361102104187
v -0.0644222944974899 -0.01661601290106772 0.2582361102104187
v -0.06524113565683362 0.0 0.2584685683250427
v -0.07058963924646375 -0.015928313136100755 0.24998708069324493
v -0.0644222944974899 -0.01661601290106772 0.2582361102104187
v -0.07058963924646375 -0.015928313136100755 0.24998708069324493
v -0.06407589465379712 -0.025814559310674647 0.25694870948791504
v -0.06407589465379712 -0.025814559310674647 0.25694870948791504
v -0.07058963924646375 -0.015928313136100755 0.24998708069324493
v -0.07018758356571195 -0.024791518226265886 0.2486608475446701
v -0.06407589465379712 -0.025814559310674647 0.25694870948791504
v -0.07018758356571195 -0.024791518226265886 0.2486608475446701
v -0.06358072161674497 -0.03487254306674001 0.2549726963043213
v -0.06358072161674497 -0.03487254306674001 0.2549726963043213
v -0.07018758356571195 -0.024791518226265886 0.2486608475446701
v -0.06960546225309369 -0.033498875796794864 0.24663622677326202
v -0.06358072161674497 -0.03487254306674001 0.2549726963043213
v -0.06960546225309369 -0.033498875796794864 0.24663622677326202
v -0.06295128911733625 -0.04369857162237164 0.2522071301937103
v -0.06295128911733625 -0.04369857162237164 0.2522071301937103
v -0.06960546225309369 -0.033498875796794864 0.24663622677326202
v -0.06886086612939832 -0.04195369407534596 0.2438221573829651
v -0.06295128911733625 -0.04369857162237164 0.2522071301937103
v -0.06886086612939832 -0.04195369407534596 0.2438221573829651
v -0.06220660731196401 -0.05217394232749935 0.24856245517730713
v -0.06220660731196401 -0.05217394232749935 0.24856245517730713
v -0.06886086612939832 -0.04195369407534596 0.2438221573829651
v -0.06797756254673001 -0.050035517662763554 0.24014322459697723
v -0.06220660731196401 -0.05217394232749935 0.24856245517730713
v -0.06797756254673001 -0.050035517662763554 0.24014322459697723
v -0.06137087941169736 -0.060152459889650296 0.24397176504135132
v -0.06137087941169736 -0.060152459889650296 0.24397176504135132
v -0.06797756254673001 -0.050035517662763554 0.24014322459697723
v -0.06698562949895856 -0.05760149285197254 0.23554852604866028
v -0.06137087941169736 -0.060152459889650296 0.24397176504135132
v -0.06698562949895856 -0.05760149285197254 0.23554852604866028
v -0.06047352030873296 -0.06746906787157053 0.23841027915477753
v -0.06047352030873296 -0.06746906787157053 0.23841027915477753
v -0.06698562949895856 -0.05760149285197254 0.23554852604866028
v -0.0659208223223686 -0.06449592858552927 0.23002825677394867
v -0.06047352030873296 -0.06746906787157053 0.23841027915477753
v -0.0659208223223686 -0.06449592858552927 0.23002825677394867
v -0.05954770371317861 -0.07396050542592997 0.2319127768278122
v -0.05954770371317861 -0.07396050542592997 0.2319127768278122
v -0.0659208223223686 -0.06449592858552927 0.23002825677394867
v -0.06482239812612531 -0.07056941837072367 0.2236272543668747
v -0.05954770371317861 -0.07396050542592997 0.2319127768278122
v -0.06482239812612531 -0.07056941837072367 0.2236272543668747
v -0.05862708762288091 -0.07949624210596079 0.2245796173810959
v -0.05862708762288091 -0.07949624210596079 0.2245796173810959
v -0.06482239812612531 -0.07056941837072367 0.2236272543668747
v -0.06372932344675061 -0.07570625841617579 0.2164483666419983
v -0.05862708762288091 -0.07949624210596079 0.2245796173810959
v -0.06372932344675061 -0.07570625841617579 0.2164483666419983
v -0.05774176120758054 -0.08400588482618325 0.21656164526939392
v -0.05774176120758054 -0.08400588482618325 0.21656164526939392
v -0.06372932344675061 -0.07570625841617579 0.2164483666419983
v -0.06267593801021573 -0.07984784245491022 0.20863762497901917
v -0.05774176120758054 -0.08400588482618325 0.21656164526939392
v -0.06267593801021573 -0.07984784245491022 0.20863762497901917
v -0.056916221976280185 -0.08748824149370187 0.20802906155586243
v -0.056916221976280185 -0.08748824149370187 0.20802906155586243
v -0.06267593801021573 -0.07984784245491022 0.20863762497901917
v -0.0616902448236942 -0.08299929648637765 0.20035585761070251
v -0.056916221976280185 -0.08748824149370187 0.20802906155586243
v -0.0616902448236942 -0.08299929648637765 0.20035585761070251
v -0.05617010220885274 -0.08999960869550698 0.1991407722234726
v -0.05617010220885274 -0.08999960869550698 0.1991407722234726
v -0.0616902448236942 -0.08299929648637765 0.20035585761070251
v -0.060795221477746936 -0.08521839976310723 0.1917513757944107
v -0.05617010220885274 -0.08999960869550698 0.1991407722234726
v -0.060795221477746936 -0.08521839976310723 0.1917513757944107
v -0.05552043393254277 -0.09163039177656167 0.19002628326416016
v -0.05552043393254277 -0.09163039177656167 0.19002628326416016
v -0.060795221477746936 -0.08521839976310723 0.1917513757944107
v -0.06001151725649831 -0.08659376204013818 0.18294423818588257
v -0.05552043393254277 -0.09163039177656167 0.19002628326416016
v -0.06001151725649831 -0.08659376204013818 0.18294423818588257
v -0.0549833998084068 -0.09248278290033334 0.18078234791755676
v -0.0549833998084068 -0.09248278290033334 0.18078234791755676
v -0.06001151725649831 -0.08659376204013818 0.18294423818588257
v -0.05935933068394658 -0.0872239172458648 0.17402367293834686
v -0.0549833998084068 -0.09248278290033334 0.18078234791755676
v -0.05935933068394658 -0.0872239172458648 0.17402367293834686
v -0.054574131965637186 -0.09265543520450585 0.17147764563560486
v -0.054574131965637186 -0.09265543520450585 0.17147764563560486
v -0.05935933068394658 -0.0872239172458648 0.17402367293834686
v -0.05885787680745122 -0.08720273524522774 0.16505330801010132
v -0.054574131965637186 -0.09265543520450585 0.17147764563560486
v -0.05885787680745122 -0.08720273524522774 0.16505330801010132
v -0.054183028638362864 -0.0913084149360656 0.1528676152229309
v -0.054183028638362864 -0.0913084149360656 0.1528676152229309
v -0.05885787680745122 -0.08720273524522774 0.16505330801010132
v -0.058363795280456515 -0.08553419262170785 0.14713457226753235
v -0.054183028638362864 -0.0913084149360656 0.1528676152229309
v -0.058363795280456515 -0.08553419262170785 0.14713457226753235
v -0.05438249930739401 -0.08818028122186654 0.13444365561008453
v -0.05438249930739401 -0.08818028122186654 0.13444365561008453
v -0.058363795280456515 -0.08553419262170785 0.14713457226753235
v -0.058576352894306155 -0.08214132487773888 0.12943103909492493
v -0.05438249930739401 -0.08818028122186654 0.13444365561008453
v -0.058576352894306155 -0.08214132487773888 0.12943103909492493
v -0.05512163788080213 -0.0837611407041549 0.11631670594215393
v -0.05512163788080213 -0.0837611407041549 0.11631670594215393
v -0.058576352894306155 -0.08214132487773888 0.12943103909492493
v -0.05943496897816655 -0.07748635113239283 0.11206156760454178
v -0.05512163788080213 -0.0837611407041549 0.11631670594215393
v -0.05943496897816655 -0.07748635113239283 0.11206156760454178
v -0.05629907920956609 -0.07851000130176539 0.09848681837320328
v -0.05629907920956609 -0.07851000130176539 0.09848681837320328
v -0.05943496897816655 -0.07748635113239283 0.11206156760454178
v -0.060818132013082477 -0.0720109269022941 0.09503207355737686
v -0.05629907920956609 -0.07851000130176539 0.09848681837320328
v -0.060818132013082477 -0.0720109269022941 0.09503207355737686
v -0.06460722535848615 -0.06042394042015071 0.0615411251783371
v -0.06460722535848615 -0.06042394042015071 0.0615411251783371
v -0.060818132013082477 -0.0720109269022941 0.09503207355737686
v -0.06900693476200101 -0.05295059084892269 0.05972500145435333
v -0.06460722535848615 -0.06042394042015071 0.0615411251783371
v -0.06900693476200101 -0.05295059084892269 0.05972500145435333
v -0.06668125092983243 -0.055283717811107594 0.04470081627368927
v -0.06668125092983243 -0.055283717811107594 0.04470081627368927
v -0.06900693476200101 -0.05295059084892269 0.05972500145435333
v -0.07138162106275556 -0.04751065000891682 0.043805304914712906
v -0.06668125092983243 -0.055283717811107594 0.04470081627368927
v -0.07138162106275556 -0.04751065000891682 0.043805304914712906
v -0.06854366511106488 -0.051087986677885014 0.027499970048666
v -0.06854366511106488 -0.051087986677885014 0.027499970048666
v -0.07138162106275556 -0.04751065000891682 0.043805304914712906
v -0.0723755210638046 -0.04512686282396313 0.027499977499246597
v -0.05747641995549199 0.0 0.26653870940208435
v -0.059386812150478335 0.0 0.26483583450317383
v -0.05732122436165807 -0.017267387360334382 0.26571086049079895
v -0.05732122436165807 -0.017267387360334382 0.26571086049079895
v -0.059386812150478335 0.0 0.26483583450317383
v -0.0644222944974899 -0.01661601290106772 0.2582361102104187
v -0.05732122436165807 -0.017267387360334382 0.26571086049079895
v -0.0644222944974899 -0.01661601290106772 0.2582361102104187
v -0.0570309907197952 -0.02678498439490793 0.26446786522865295
v -0.0570309907197952 -0.02678498439490793 0.26446786522865295
v -0.0644222944974899 -0.01661601290106772 0.2582361102104187
v -0.06407589465379712 -0.025814559310674647 0.25694870948791504
v -0.0570309907197952 -0.02678498439490793 0.26446786522865295
v -0.06407589465379712 -0.025814559310674647 0.25694870948791504
v -0.05662721395492551 -0.03617833182215688 0.26254716515541077
v -0.05662721395492551 -0.03617833182215688 0.26254716515541077
v -0.06407589465379712 -0.025814559310674647 0.25694870948791504
v -0.06358072161674497 -0.03487254306674001 0.2549726963043213
v -0.05662721395492551 -0.03617833182215688 0.26254716515541077
v -0.06358072161674497 -0.03487254306674001 0.2549726963043213
v -0.056120682507753344 -0.04536141827702519 0.2598375678062439
v -0.056120682507753344 -0.04536141827702519 0.2598375678062439
v -0.06358072161674497 -0.03487254306674001 0.2549726963043213
v -0.06295128911733625 -0.04369857162237164 0.2522071301937103
v -0.056120682507753344 -0.04536141827702519 0.2598375678062439
v -0.06295128911733625 -0.04369857162237164 0.2522071301937103
v -0.05552531778812406 -0.054217174649238545 0.2562350928783417
v -0.05552531778812406 -0.054217174649238545 0.2562350928783417
v -0.06295128911733625 -0.04369857162237164 0.2522071301937103
v -0.06220660731196401 -0.05217394232749935 0.24856245517730713
v -0.05552531778812406 -0.054217174649238545 0.2562350928783417
v -0.06220660731196401 -0.05217394232749935 0.24856245517730713
v -0.05485941469669339 -0.0625957921147346 0.25165677070617676
v -0.05485941469669339 -0.0625957921147346 0.25165677070617676
v -0.06220660731196401 -0.05217394232749935 0.24856245517730713
v -0.06137087941169736 -0.060152459889650296 0.24397176504135132
v -0.05485941469669339 -0.0625957921147346 0.25165677070617676
v -0.06137087941169736 -0.060152459889650296 0.24397176504135132
v -0.054146260023117045 -0.07032246142625803 0.2460627257823944
v -0.054146260023117045 -0.07032246142625803 0.2460627257823944
v -0.06137087941169736 -0.060152459889650296 0.24397176504135132
v -0.06047352030873296 -0.06746906787157053 0.23841027915477753
v -0.054146260023117045 -0.07032246142625803 0.2460627257823944
v -0.06047352030873296 -0.06746906787157053 0.23841027915477753
v -0.05341334268450735 -0.07721956074237818 0.2394777238368988
v -0.05341334268450735 -0.07721956074237818 0.2394777238368988
v -0.06047352030873296 -0.06746906787157053 0.23841027915477753
v -0.05954770371317861 -0.07396050542592997 0.2319127768278122
v -0.05341334268450735 -0.07721956074237818 0.2394777238368988
v -0.05954770371317861 -0.07396050542592997 0.2319127768278122
v -0.052689600735902765 -0.08314111828804009 0.23199982941150665
v -0.052689600735902765 -0.08314111828804009 0.23199982941150665
v -0.05954770371317861 -0.07396050542592997 0.2319127768278122
v -0.05862708762288091 -0.07949624210596079 0.2245796173810959
v -0.052689600735902765 -0.08314111828804009 0.23199982941150665
v -0.05862708762288091 -0.07949624210596079 0.2245796173810959
v -0.05200148746371267 -0.08800431340932839 0.2237851470708847
v -0.05200148746371267 -0.08800431340932839 0.2237851470708847
v -0.05862708762288091 -0.07949624210596079 0.2245796173810959
v -0.05774176120758054 -0.08400588482618325 0.21656164526939392
v -0.05200148746371267 -0.08800431340932839 0.2237851470708847
v -0.05774176120758054 -0.08400588482618325 0.21656164526939392
v -0.05137034133076666 -0.09180086851119988 0.21501396596431732
v -0.05137034133076666 -0.09180086851119988 0.21501396596431732
v -0.05774176120758054 -0.08400588482618325 0.21656164526939392
v -0.056916221976280185 -0.08748824149370187 0.20802906155586243
v -0.05137034133076666 -0.09180086851119988 0.21501396596431732
v -0.056916221976280185 -0.08748824149370187 0.20802906155586243
v -0.05081215873360632 -0.0945849418640136 0.20585668087005615
v -0.05081215873360632 -0.0945849418640136 0.20585668087005615
v -0.056916221976280185 -0.08748824149370187 0.20802906155586243
v -0.05617010220885274 -0.08999960869550698 0.1991407722234726
v -0.05081215873360632 -0.0945849418640136 0.20585668087005615
v -0.05617010220885274 -0.08999960869550698 0.1991407722234726
v -0.05033911019563673 -0.09644827991724007 0.19645342230796814
v -0.05033911019563673 -0.09644827991724007 0.19645342230796814
v -0.05617010220885274 -0.08999960869550698 0.1991407722234726
v -0.05552043393254277 -0.09163039177656167 0.19002628326416016
v -0.05033911019563673 -0.09644827991724007 0.19645342230796814
v -0.05552043393254277 -0.09163039177656167 0.19002628326416016
v -0.049961183220148066 -0.0974967032670974 0.18690955638885498
v -0.049961183220148066 -0.0974967032670974 0.18690955638885498
v -0.05552043393254277 -0.09163039177656167 0.19002628326416016
v -0.0549833998084068 -0.09248278290033334 0.18078234791755676
v -0.049961183220148066 -0.0974967032670974 0.18690955638885498
v -0.0549833998084068 -0.09248278290033334 0.18078234791755676
v -0.0496866889297962 -0.09783428907394402 0.17729951441287994
v -0.0496866889297962 -0.09783428907394402 0.17729951441287994
v -0.0549833998084068 -0.09248278290033334 0.18078234791755676
v -0.054574131965637186 -0.09265543520450585 0.17147764563560486
v -0.0496866889297962 -0.09783428907394402 0.17729951441287994
v -0.054574131965637186 -0.09265543520450585 0.17147764563560486
v -0.049469269812107065 -0.0967480763792991 0.15807215869426727
v -0.049469269812107065 -0.0967480763792991 0.15807215869426727
v -0.054574131965637186 -0.09265543520450585 0.17147764563560486
v -0.054183028638362864 -0.0913084149360656 0.1528676152229309
v -0.049469269812107065 -0.0967480763792991 0.15807215869426727
v -0.054183028638362864 -0.0913084149360656 0.1528676152229309
v -0.049696676433086374 -0.09383006393909447 0.13901562988758087
v -0.049696676433086374 -0.09383006393909447 0.13901562988758087
v -0.054183028638362864 -0.0913084149360656 0.1528676152229309
v -0.05438249930739401 -0.08818028122186654 0.13444365561008453
v -0.049696676433086374 -0.09383006393909447 0.13901562988758087
v -0.05438249930739401 -0.08818028122186654 0.13444365561008453
v -0.04519477114081381 -0.09667398780584328 0.13180190324783325
v -0.04519477114081381 -0.09667398780584328 0.13180190324783325
v -0.05438249930739401 -0.08818028122186654 0.13444365561008453
v -0.04543647542595861 -0.09498440474271767 0.12478892505168915
v -0.08370225131511684 -0.024731893092393854 0.198721244931221
v -0.08352511376142498 -0.025765979662537554 0.19829857349395752
v -0.08301245421171184 -0.027395153418183306 0.20845389366149902
v -0.08301245421171184 -0.027395153418183306 0.20845389366149902
v -0.08352511376142498 -0.025765979662537554 0.19829857349395752
v -0.08284439891576763 -0.029739819467067694 0.19667433202266693
v -0.08301245421171184 -0.027395153418183306 0.20845389366149902
v -0.08284439891576763 -0.029739819467067694 0.19667433202266693
v -0.08189289271831508 -0.034240283071994754 0.20558461546897888
v -0.08189289271831508 -0.034240283071994754 0.20558461546897888
v -0.08284439891576763 -0.029739819467067694 0.19667433202266693
v -0.08275687694549556 -0.030250765383243537 0.19646549224853516
v -0.08189289271831508 -0.034240283071994754 0.20558461546897888
v -0.08275687694549556 -0.030250765383243537 0.19646549224853516
v -0.08234329521656032 -0.03216906636953351 0.19541190564632416
v -0.08370225131511684 -0.024731893092393854 0.198721244931221
v -0.08301245421171184 -0.027395153418183306 0.20845389366149902
v -0.0840128436684608 -0.022272005677223188 0.1994137018918991
v -0.0840128436684608 -0.022272005677223188 0.1994137018918991
v -0.08301245421171184 -0.027395153418183306 0.20845389366149902
v -0.08388438820838924 -0.020226076245307905 0.21052980422973633
v -0.0840128436684608 -0.022272005677223188 0.1994137018918991
v -0.08388438820838924 -0.020226076245307905 0.21052980422973633
v -0.08442631363868709 -0.018997335806488977 0.2003355324268341
v -0.08517884463071819 -0.01036559045314788 0.2019161432981491
v -0.08504685014486309 -0.012021785601973525 0.20164407789707184
v -0.08448509871959682 -0.012850242666900148 0.2118661254644394
v -0.08448509871959682 -0.012850242666900148 0.2118661254644394
v -0.08504685014486309 -0.012021785601973525 0.20164407789707184
v -0.08485027402639385 -0.014488258399069299 0.20123890042304993
v -0.08448509871959682 -0.012850242666900148 0.2118661254644394
v -0.08485027402639385 -0.014488258399069299 0.20123890042304993
v -0.08388438820838924 -0.020226076245307905 0.21052980422973633
v -0.08388438820838924 -0.020226076245307905 0.21052980422973633
v -0.08485027402639385 -0.014488258399069299 0.20123890042304993
v -0.08460148423910137 -0.017610007897019372 0.20072607696056366
v -0.08388438820838924 -0.020226076245307905 0.21052980422973633
v -0.08460148423910137 -0.017610007897019372 0.20072607696056366
v -0.08442631363868709 -0.018997335806488977 0.2003355324268341
v -0.08002655208110805 0.0 0.23262663185596466
v -0.08165268599987026 0.0 0.228127121925354
v -0.0797941461205482 -0.01444479078054427 0.23168575763702393
v -0.0797941461205482 -0.01444479078054427 0.23168575763702393
v -0.08165268599987026 0.0 0.228127121925354
v -0.08272010833024974 -0.013657260686159124 0.22190049290657043
v -0.0797941461205482 -0.01444479078054427 0.23168575763702393
v -0.08272010833024974 -0.013657260686159124 0.22190049290657043
v -0.0792807042598724 -0.02258882671594618 0.23032191395759583
v -0.0792807042598724 -0.02258882671594618 0.23032191395759583
v -0.08272010833024974 -0.013657260686159124 0.22190049290657043
v -0.08215750753879543 -0.021421371027827246 0.2205432802438736
v -0.0792807042598724 -0.02258882671594618 0.23032191395759583
v -0.08215750753879543 -0.021421371027827246 0.2205432802438736
v -0.07853577286005016 -0.030549533665180182 0.22824032604694366
v -0.07853577286005016 -0.030549533665180182 0.22824032604694366
v -0.08215750753879543 -0.021421371027827246 0.2205432802438736
v -0.08134235441684719 -0.02898992970585821 0.21845777332782745
v -0.07853577286005016 -0.030549533665180182 0.22824032604694366
v -0.08134235441684719 -0.02898992970585821 0.21845777332782745
v -0.07758121937513349 -0.038219820708036395 0.22536905109882355
v -0.07758121937513349 -0.038219820708036395 0.22536905109882355
v -0.08134235441684719 -0.02898992970585821 0.21845777332782745
v -0.0802976936101913 -0.03625076636672017 0.2155812531709671
v -0.07758121937513349 -0.038219820708036395 0.22536905109882355
v -0.0802976936101913 -0.03625076636672017 0.2155812531709671
v -0.07644934952259061 -0.04547541216015812 0.2216603308916092
v -0.07644934952259061 -0.04547541216015812 0.2216603308916092
v -0.0802976936101913 -0.03625076636672017 0.2155812531709671
v -0.07905964553356166 -0.043077521026134456 0.21187946200370789
v -0.07644934952259061 -0.04547541216015812 0.2216603308916092
v -0.07905964553356166 -0.043077521026134456 0.21187946200370789
v -0.07518184185028073 -0.052179325371980625 0.21709460020065308
v -0.07518184185028073 -0.052179325371980625 0.21709460020065308
v -0.07905964553356166 -0.043077521026134456 0.21187946200370789
v -0.07767559587955472 -0.04933575168251987 0.20734819769859314
v -0.07518184185028073 -0.052179325371980625 0.21709460020065308
v -0.07767559587955472 -0.04933575168251987 0.20734819769859314
v -0.07382773607969281 -0.05819342285394664 0.21169187128543854
v -0.07382773607969281 -0.05819342285394664 0.21169187128543854
v -0.07767559587955472 -0.04933575168251987 0.20734819769859314
v -0.07620154321193692 -0.054895490407943684 0.20202228426933289
v -0.07382773607969281 -0.05819342285394664 0.21169187128543854
v -0.07620154321193692 -0.054895490407943684 0.20202228426933289
v -0.07243973761796949 -0.06339445710182184 0.20551718771457672
v -0.07243973761796949 -0.06339445710182184 0.20551718771457672
v -0.07620154321193692 -0.054895490407943684 0.20202228426933289
v -0.07469754666090009 -0.05964581668376918 0.19597692787647247
v -0.07243973761796949 -0.06339445710182184 0.20551718771457672
v -0.07469754666090009 -0.05964581668376918 0.19597692787647247
v -0.07106914371252057 -0.06769460439682001 0.1986790895462036
v -0.07106914371252057 -0.06769460439682001 0.1986790895462036
v -0.07469754666090009 -0.05964581668376918 0.19597692787647247
v -0.07322192192077634 -0.06351195275783533 0.18932385742664337
v -0.07106914371252057 -0.06769460439682001 0.1986790895462036
v -0.07322192192077634 -0.06351195275783533 0.18932385742664337
v -0.06976064294576642 -0.07105678319931025 0.19131523370742798
v -0.06976064294576642 -0.07105678319931025 0.19131523370742798
v -0.07322192192077634 -0.06351195275783533 0.18932385742664337
v -0.0718254670500755 -0.06646654754877085 0.1821971833705902
v -0.06976064294576642 -0.07105678319931025 0.19131523370742798
v -0.0718254670500755 -0.06646654754877085 0.1821971833705902
v -0.06855033338069913 -0.07349663972854609 0.18356965482234955
v -0.06855033338069913 -0.07349663972854609 0.18356965482234955
v -0.0718254670500755 -0.06646654754877085 0.1821971833705902
v -0.07054884731769559 -0.06852945685386652 0.17473353445529938
v -0.06855033338069913 -0.07349663972854609 0.18356965482234955
v -0.07054884731769559 -0.06852945685386652 0.17473353445529938
v -0.06746695935726163 -0.07507282495498652 0.1755724847316742
v -0.06746695935726163 -0.07507282495498652 0.1755724847316742
v -0.07054884731769559 -0.06852945685386652 0.17473353445529938
v -0.06942326575517652 -0.06975872069597239 0.1670553982257843
v -0.06746695935726163 -0.07507282495498652 0.1755724847316742
v -0.06942326575517652 -0.06975872069597239 0.1670553982257843
v -0.06653466820716855 -0.0758689790964126 0.16742822527885437
v -0.06653466820716855 -0.0758689790964126 0.16742822527885437
v -0.06942326575517652 -0.06975872069597239 0.1670553982257843
v -0.06847271323204038 -0.07023479789495463 0.15926122665405273
v -0.06653466820716855 -0.0758689790964126 0.16742822527885437
v -0.06847271323204038 -0.07023479789495463 0.15926122665405273
v -0.06520765274763105 -0.07548100501298899 0.1509864628314972
v -0.06520765274763105 -0.07548100501298899 0.1509864628314972
v -0.06847271323204038 -0.07023479789495463 0.15926122665405273
v -0.06716945767402646 -0.0692733228206634 0.1435970962047577
v -0.06520765274763105 -0.07548100501298899 0.1509864628314972
v -0.06716945767402646 -0.0692733228206634 0.1435970962047577
v -0.06469903886318204 -0.0729877278208732 0.13463757932186127
v -0.06469903886318204 -0.0729877278208732 0.13463757932186127
v -0.06716945767402646 -0.0692733228206634 0.1435970962047577
v -0.0667353346943855 -0.06628414243459696 0.12810896337032318
v -0.06469903886318204 -0.0729877278208732 0.13463757932186127
v -0.0667353346943855 -0.06628414243459696 0.12810896337032318
v -0.06503766030073163 -0.06890191137790674 0.11859273165464401
v -0.06503766030073163 -0.06890191137790674 0.11859273165464401
v -0.0667353346943855 -0.06628414243459696 0.12810896337032318
v -0.06716927140951154 -0.06177736073732371 0.11298061162233353
v -0.06503766030073163 -0.06890191137790674 0.11859273165464401
v -0.06716927140951154 -0.06177736073732371 0.11298061162233353
v -0.06614058464765546 -0.06365200132131571 0.10295023024082184
v -0.06614058464765546 -0.06365200132131571 0.10295023024082184
v -0.06716927140951154 -0.06177736073732371 0.11298061162233353
v -0.06837560981512067 -0.05617552250623699 0.09828189015388489
v -0.06614058464765546 -0.06365200132131571 0.10295023024082184
v -0.06837560981512067 -0.05617552250623699 0.09828189015388489
v -0.06786491721868512 -0.05764393880963321 0.08770106732845306
v -0.06786491721868512 -0.05764393880963321 0.08770106732845306
v -0.06837560981512067 -0.05617552250623699 0.09828189015388489
v -0.07021024078130719 -0.049866214394569355 0.08398300409317017
v -0.06786491721868512 -0.05764393880963321 0.08770106732845306
v -0.07021024078130719 -0.049866214394569355 0.08398300409317017
v -0.07255623489618299 -0.04500094428658482 0.057881131768226624
v -0.07255623489618299 -0.04500094428658482 0.057881131768226624
v -0.07021024078130719 -0.049866214394569355 0.08398300409317017
v -0.07514595240354535 -0.03665045276284215 0.05604684725403786
v -0.07255623489618299 -0.04500094428658482 0.057881131768226624
v -0.07514595240354535 -0.03665045276284215 0.05604684725403786
v -0.07516024261713025 -0.03923956304788587 0.042893875390291214
v -0.07516024261713025 -0.03923956304788587 0.042893875390291214
v -0.07514595240354535 -0.03665045276284215 0.05604684725403786
v -0.07788752764463422 -0.030551047995686507 0.04198594391345978
v -0.07516024261713025 -0.03923956304788587 0.042893875390291214
v -0.07788752764463422 -0.030551047995686507 0.04198594391345978
v -0.0775092542171478 -0.034196246415376635 0.027499990537762642
v -0.0775092542171478 -0.034196246415376635 0.027499990537762642
v -0.07788752764463422 -0.030551047995686507 0.04198594391345978
v -0.07923626899719234 -0.029594952240586257 0.02749999612569809
v -0.08299818634986873 0.0 0.2228081226348877
v -0.08377604931592937 0.0 0.2197331190109253
v -0.08272010833024974 -0.013657260686159124 0.22190049290657043
v -0.08272010833024974 -0.013657260686159124 0.22190049290657043
v -0.08377604931592937 0.0 0.2197331190109253
v -0.08448509871959682 -0.012850242666900148 0.2118661254644394
v -0.08272010833024974 -0.013657260686159124 0.22190049290657043
v -0.08448509871959682 -0.012850242666900148 0.2118661254644394
v -0.08215750753879543 -0.021421371027827246 0.2205432802438736
v -0.08215750753879543 -0.021421371027827246 0.2205432802438736
v -0.08448509871959682 -0.012850242666900148 0.2118661254644394
v -0.08388438820838924 -0.020226076245307905 0.21052980422973633
v -0.08215750753879543 -0.021421371027827246 0.2205432802438736
v -0.08388438820838924 -0.020226076245307905 0.21052980422973633
v -0.08134235441684719 -0.02898992970585821 0.21845777332782745
v -0.08134235441684719 -0.02898992970585821 0.21845777332782745
v -0.08388438820838924 -0.020226076245307905 0.21052980422973633
v -0.08301245421171184 -0.027395153418183306 0.20845389366149902
v -0.08134235441684719 -0.02898992970585821 0.21845777332782745
v -0.08301245421171184 -0.027395153418183306 0.20845389366149902
v -0.0802976936101913 -0.03625076636672017 0.2155812531709671
v -0.0802976936101913 -0.03625076636672017 0.2155812531709671
v -0.08301245421171184 -0.027395153418183306 0.20845389366149902
v -0.08189289271831508 -0.034240283071994754 0.20558461546897888
v -0.0802976936101913 -0.03625076636672017 0.2155812531709671
v -0.08189289271831508 -0.034240283071994754 0.20558461546897888
v -0.07905964553356166 -0.043077521026134456 0.21187946200370789
v -0.07905964553356166 -0.043077521026134456 0.21187946200370789
v -0.08189289271831508 -0.034240283071994754 0.20558461546897888
v -0.08056531101465221 -0.04063292592763897 0.20190094411373138
v -0.07905964553356166 -0.043077521026134456 0.21187946200370789
v -0.08056531101465221 -0.04063292592763897 0.20190094411373138
v -0.07767559587955472 -0.04933575168251987 0.20734819769859314
v -0.07767559587955472 -0.04933575168251987 0.20734819769859314
v -0.08056531101465221 -0.04063292592763897 0.20190094411373138
v -0.07908274233341213 -0.0464408956468105 0.19741392135620117
v -0.07767559587955472 -0.04933575168251987 0.20734819769859314
v -0.07908274233341213 -0.0464408956468105 0.19741392135620117
v -0.07620154321193692 -0.054895490407943684 0.20202228426933289
v -0.07620154321193692 -0.054895490407943684 0.20202228426933289
v -0.07908274233341213 -0.0464408956468105 0.19741392135620117
v -0.07750836014747617 -0.05154201388359066 0.1921730935573578
v -0.07620154321193692 -0.054895490407943684 0.20202228426933289
v -0.07750836014747617 -0.05154201388359066 0.1921730935573578
v -0.07469754666090009 -0.05964581668376918 0.19597692787647247
v -0.07469754666090009 -0.05964581668376918 0.19597692787647247
v -0.07750836014747617 -0.05154201388359066 0.1921730935573578
v -0.0759099945425987 -0.05583716928958889 0.18626390397548676
v -0.07469754666090009 -0.05964581668376918 0.19597692787647247
v -0.0759099945425987 -0.05583716928958889 0.18626390397548676
v -0.07322192192077634 -0.06351195275783533 0.18932385742664337
v -0.07322192192077634 -0.06351195275783533 0.18932385742664337
v -0.0759099945425987 -0.05583716928958889 0.18626390397548676
v -0.07435356825590131 -0.05926402658224101 0.17980141937732697
v -0.07322192192077634 -0.06351195275783533 0.18932385742664337
v -0.07435356825590131 -0.05926402658224101 0.17980141937732697
v -0.0718254670500755 -0.06646654754877085 0.1821971833705902
v -0.0718254670500755 -0.06646654754877085 0.1821971833705902
v -0.07435356825590131 -0.05926402658224101 0.17980141937732697
v -0.07289659231901166 -0.06180431693792338 0.17291665077209473
v -0.0718254670500755 -0.06646654754877085 0.1821971833705902
v -0.07289659231901166 -0.06180431693792338 0.17291665077209473
v -0.07054884731769559 -0.06852945685386652 0.17473353445529938
v -0.07054884731769559 -0.06852945685386652 0.17473353445529938
v -0.07289659231901166 -0.06180431693792338 0.17291665077209473
v -0.07158465683460233 -0.06348135322332377 0.16573955118656158
v -0.07054884731769559 -0.06852945685386652 0.17473353445529938
v -0.07158465683460233 -0.06348135322332377 0.16573955118656158
v -0.06942326575517652 -0.06975872069597239 0.1670553982257843
v -0.06942326575517652 -0.06975872069597239 0.1670553982257843
v -0.07158465683460233 -0.06348135322332377 0.16573955118656158
v -0.07045111060142514 -0.06435189396142954 0.15838585793972015
v -0.06942326575517652 -0.06975872069597239 0.1670553982257843
v -0.07045111060142514 -0.06435189396142954 0.15838585793972015
v -0.06847271323204038 -0.07023479789495463 0.15926122665405273
v -0.06847271323204038 -0.07023479789495463 0.15926122665405273
v -0.07045111060142514 -0.06435189396142954 0.15838585793972015
v -0.06951856613159177 -0.06449274718761439 0.15094918012619019
v -0.06847271323204038 -0.07023479789495463 0.15926122665405273
v -0.06951856613159177 -0.06449274718761439 0.15094918012619019
v -0.06716945767402646 -0.0692733228206634 0.1435970962047577
v -0.06716945767402646 -0.0692733228206634 0.1435970962047577
v -0.06951856613159177 -0.06449274718761439 0.15094918012619019
v -0.06830838322639463 -0.06291808933019633 0.1360872983932495
v -0.06716945767402646 -0.0692733228206634 0.1435970962047577
v -0.06830838322639463 -0.06291808933019633 0.1360872983932495
v -0.0667353346943855 -0.06628414243459696 0.12810896337032318
v -0.0667353346943855 -0.06628414243459696 0.12810896337032318
v -0.06830838322639463 -0.06291808933019633 0.1360872983932495
v -0.06799611449241635 -0.05938762798905368 0.12149886786937714
v -0.0667353346943855 -0.06628414243459696 0.12810896337032318
v -0.06799611449241635 -0.05938762798905368 0.12149886786937714
v -0.06716927140951154 -0.06177736073732371 0.11298061162233353
v -0.06716927140951154 -0.06177736073732371 0.11298061162233353
v -0.06799611449241635 -0.05938762798905368 0.12149886786937714
v -0.06853688508272168 -0.05442051962018009 0.10733266174793243
v -0.06716927140951154 -0.06177736073732371 0.11298061162233353
v -0.06853688508272168 -0.05442051962018009 0.10733266174793243
v -0.06837560981512067 -0.05617552250623699 0.09828189015388489
v -0.06837560981512067 -0.05617552250623699 0.09828189015388489
v -0.06853688508272168 -0.05442051962018009 0.10733266174793243
v -0.06982132792472837 -0.04844073578715321 0.09361793100833893
v -0.06837560981512067 -0.05617552250623699 0.09828189015388489
v -0.06982132792472837 -0.04844073578715321 0.09361793100833893
v -0.07021024078130719 -0.049866214394569355 0.08398300409317017
v -0.07021024078130719 -0.049866214394569355 0.08398300409317017
v -0.06982132792472837 -0.04844073578715321 0.09361793100833893
v -0.071710430085659 -0.04181716591119763 0.08029522001743317
v -0.07021024078130719 -0.049866214394569355 0.08398300409317017
v -0.071710430085659 -0.04181716591119763 0.08029522001743317
v -0.07514595240354535 -0.03665045276284215 0.05604684725403786
v -0.07514595240354535 -0.03665045276284215 0.05604684725403786
v -0.071710430085659 -0.04181716591119763 0.08029522001743317
v -0.07671291381120679 -0.02801927924156187 0.05424408242106438
v -0.07514595240354535 -0.03665045276284215 0.05604684725403786
v -0.07671291381120679 -0.02801927924156187 0.05424408242106438
v -0.07788752764463422 -0.030551047995686507 0.04198594391345978
v -0.07788752764463422 -0.030551047995686507 0.04198594391345978
v -0.07671291381120679 -0.02801927924156187 0.05424408242106438
v -0.07948296517133709 -0.021573785692453367 0.041092656552791595
v -0.07788752764463422 -0.030551047995686507 0.04198594391345978
v -0.07948296517133709 -0.021573785692453367 0.041092656552791595
v -0.08037850260734554 -0.025062642991542795 0.027499999850988388
v -0.08037850260734554 -0.025062642991542795 0.027499999850988388
v -0.07948296517133709 -0.021573785692453367 0.041092656552791595
v -0.08118738234043117 -0.021853053942322714 0.027500003576278687
v -0.07594670355319974 0.0 0.2420463263988495
v -0.07871195673942562 0.0 0.23626413941383362
v -0.07573552429676053 -0.01520376745611428 0.24109238386154175
v -0.07573552429676053 -0.01520376745611428 0.24109238386154175
v -0.07871195673942562 0.0 0.23626413941383362
v -0.0797941461205482 -0.01444479078054427 0.23168575763702393
v -0.07573552429676053 -0.01520376745611428 0.24109238386154175
v -0.0797941461205482 -0.01444479078054427 0.23168575763702393
v -0.07527709007263181 -0.02371509186923502 0.23973920941352844
v -0.07527709007263181 -0.02371509186923502 0.23973920941352844
v -0.0797941461205482 -0.01444479078054427 0.23168575763702393
v -0.0792807042598724 -0.02258882671594618 0.23032191395759583
v -0.07527709007263181 -0.02371509186923502 0.23973920941352844
v -0.0792807042598724 -0.02258882671594618 0.23032191395759583
v -0.07461114227771756 -0.03205632045865056 0.23767811059951782
v -0.07461114227771756 -0.03205632045865056 0.23767811059951782
v -0.0792807042598724 -0.02258882671594618 0.23032191395759583
v -0.07853577286005016 -0.030549533665180182 0.22824032604694366
v -0.07461114227771756 -0.03205632045865056 0.23767811059951782
v -0.07853577286005016 -0.030549533665180182 0.22824032604694366
v -0.07375772297382352 -0.040125519037246676 0.23482774198055267
v -0.07375772297382352 -0.040125519037246676 0.23482774198055267
v -0.07853577286005016 -0.030549533665180182 0.22824032604694366
v -0.07758121937513349 -0.038219820708036395 0.22536905109882355
v -0.07375772297382352 -0.040125519037246676 0.23482774198055267
v -0.07758121937513349 -0.038219820708036395 0.22536905109882355
v -0.07274504005908963 -0.047800384461879696 0.231126606464386
v -0.07274504005908963 -0.047800384461879696 0.231126606464386
v -0.07758121937513349 -0.038219820708036395 0.22536905109882355
v -0.07644934952259061 -0.04547541216015812 0.2216603308916092
v -0.07274504005908963 -0.047800384461879696 0.231126606464386
v -0.07644934952259061 -0.04547541216015812 0.2216603308916092
v -0.07160899043083188 -0.05494112521409984 0.22653956711292267
v -0.07160899043083188 -0.05494112521409984 0.22653956711292267
v -0.07644934952259061 -0.04547541216015812 0.2216603308916092
v -0.07518184185028073 -0.052179325371980625 0.21709460020065308
v -0.07160899043083188 -0.05494112521409984 0.22653956711292267
v -0.07518184185028073 -0.052179325371980625 0.21709460020065308
v -0.07039185613393781 -0.06140103191137309 0.2210717648267746
v -0.07039185613393781 -0.06140103191137309 0.2210717648267746
v -0.07518184185028073 -0.052179325371980625 0.21709460020065308
v -0.07382773607969281 -0.05819342285394664 0.21169187128543854
v -0.07039185613393781 -0.06140103191137309 0.2210717648267746
v -0.07382773607969281 -0.05819342285394664 0.21169187128543854
v -0.0691394358873367 -0.06704402714967722 0.2147781103849411
v -0.0691394358873367 -0.06704402714967722 0.2147781103849411
v -0.07382773607969281 -0.05819342285394664 0.21169187128543854
v -0.07243973761796949 -0.06339445710182184 0.20551718771457672
v -0.0691394358873367 -0.06704402714967722 0.2147781103849411
v -0.07243973761796949 -0.06339445710182184 0.20551718771457672
v -0.06789655238389966 -0.07176864892244333 0.20776419341564178
v -0.06789655238389966 -0.07176864892244333 0.20776419341564178
v -0.07243973761796949 -0.06339445710182184 0.20551718771457672
v -0.07106914371252057 -0.06769460439682001 0.1986790895462036
v -0.06789655238389966 -0.07176864892244333 0.20776419341564178
v -0.07106914371252057 -0.06769460439682001 0.1986790895462036
v -0.06670242547988889 -0.07552739232778544 0.20017166435718536
v -0.06670242547988889 -0.07552739232778544 0.20017166435718536
v -0.07106914371252057 -0.06769460439682001 0.1986790895462036
v -0.06976064294576642 -0.07105678319931025 0.19131523370742798
v -0.06670242547988889 -0.07552739232778544 0.20017166435718536
v -0.06976064294576642 -0.07105678319931025 0.19131523370742798
v -0.06558891385793683 -0.07833100110292429 0.19215258955955505
v -0.06558891385793683 -0.07833100110292429 0.19215258955955505
v -0.06976064294576642 -0.07105678319931025 0.19131523370742798
v -0.06855033338069913 -0.07349663972854609 0.18356965482234955
v -0.06558891385793683 -0.07833100110292429 0.19215258955955505
v -0.06855033338069913 -0.07349663972854609 0.18356965482234955
v -0.06458204239606855 -0.08023802936077112 0.18384571373462677
v -0.06458204239606855 -0.08023802936077112 0.18384571373462677
v -0.06855033338069913 -0.07349663972854609 0.18356965482234955
v -0.06746695935726163 -0.07507282495498652 0.1755724847316742
v -0.06458204239606855 -0.08023802936077112 0.18384571373462677
v -0.06746695935726163 -0.07507282495498652 0.1755724847316742
v -0.06370482593774793 -0.08133483678102486 0.1753627508878708
v -0.06370482593774793 -0.08133483678102486 0.1753627508878708
v -0.06746695935726163 -0.07507282495498652 0.1755724847316742
v -0.06653466820716855 -0.0758689790964126 0.16742822527885437
v -0.06370482593774793 -0.08133483678102486 0.1753627508878708
v -0.06653466820716855 -0.0758689790964126 0.16742822527885437
v -0.062426049262285205 -0.08147213608026498 0.1581762731075287
v -0.062426049262285205 -0.08147213608026498 0.1581762731075287
v -0.06653466820716855 -0.0758689790964126 0.16742822527885437
v -0.06520765274763105 -0.07548100501298899 0.1509864628314972
v -0.062426049262285205 -0.08147213608026498 0.1581762731075287
v -0.06520765274763105 -0.07548100501298899 0.1509864628314972
v -0.061895068734884234 -0.07942084223031992 0.1410142332315445
v -0.061895068734884234 -0.07942084223031992 0.1410142332315445
v -0.06520765274763105 -0.07548100501298899 0.1509864628314972
v -0.06469903886318204 -0.0729877278208732 0.13463757932186127
v -0.061895068734884234 -0.07942084223031992 0.1410142332315445
v -0.06469903886318204 -0.0729877278208732 0.13463757932186127
v -0.062156792730092975 -0.07570809125900263 0.12410751730203629
v -0.062156792730092975 -0.07570809125900263 0.12410751730203629
v -0.06469903886318204 -0.0729877278208732 0.13463757932186127
v -0.06503766030073163 -0.06890191137790674 0.11859273165464401
v -0.062156792730092975 -0.07570809125900263 0.12410751730203629
v -0.06503766030073163 -0.06890191137790674 0.11859273165464401
v -0.06313996016979215 -0.07077555358409876 0.10757080465555191
v -0.06313996016979215 -0.07077555358409876 0.10757080465555191
v -0.06503766030073163 -0.06890191137790674 0.11859273165464401
v -0.06614058464765546 -0.06365200132131571 0.10295023024082184
v -0.06313996016979215 -0.07077555358409876 0.10757080465555191
v -0.06614058464765546 -0.06365200132131571 0.10295023024082184
v -0.06470920890569684 -0.06504720449447626 0.09140697121620178
v -0.06470920890569684 -0.06504720449447626 0.09140697121620178
v -0.06614058464765546 -0.06365200132131571 0.10295023024082184
v -0.06786491721868512 -0.05764393880963321 0.08770106732845306
v -0.06470920890569684 -0.06504720449447626 0.09140697121620178
v -0.06786491721868512 -0.05764393880963321 0.08770106732845306
v -0.06900693476200101 -0.05295059084892269 0.05972500145435333
v -0.06900693476200101 -0.05295059084892269 0.05972500145435333
v -0.06786491721868512 -0.05764393880963321 0.08770106732845306
v -0.07255623489618299 -0.04500094428658482 0.057881131768226624
v -0.06900693476200101 -0.05295059084892269 0.05972500145435333
v -0.07255623489618299 -0.04500094428658482 0.057881131768226624
v -0.07138162106275556 -0.04751065000891682 0.043805304914712906
v -0.07138162106275556 -0.04751065000891682 0.043805304914712906
v -0.07255623489618299 -0.04500094428658482 0.057881131768226624
v -0.07516024261713025 -0.03923956304788587 0.042893875390291214
v -0.07138162106275556 -0.04751065000891682 0.043805304914712906
v -0.07516024261713025 -0.03923956304788587 0.042893875390291214
v -0.07350891083478925 -0.04289563745260235 0.027499981224536896
v -0.07350891083478925 -0.04289563745260235 0.027499981224536896
v -0.07516024261713025 -0.03923956304788587 0.042893875390291214
v -0.07632451504468915 -0.03735276684164998 0.027499986812472343
v 0.07567036896944043 0.0 0.16284431517124176
v 0.07496238499879834 0.0 0.1613844633102417
v 0.0215446576476097 0.0 0.1898178607225418
v 0.06508348137140271 -3.009054978519996e-07 0.2586574852466583
v 0.07057077437639234 -2.0520043619853807e-07 0.2513614594936371
v 0.018449958413839333 0.0 0.2193702906370163
v 0.018449958413839333 0.0 0.2193702906370163
v 0.07057077437639234 -2.0520043619853807e-07 0.2513614594936371
v 0.07082079350948331 -1.9448553700840405e-07 0.25094982981681824
v 0.018449958413839333 0.0 0.2193702906370163
v 0.07082079350948331 -1.9448553700840405e-07 0.25094982981681824
v 0.02125011198222636 0.0 0.21566948294639587
v 0.02125011198222636 0.0 0.21566948294639587
v 0.07082079350948331 -1.9448553700840405e-07 0.25094982981681824
v 0.07482188194990155 -2.3010525040945124e-08 0.24436233937740326
v 0.02125011198222636 0.0 0.21566948294639587
v 0.07482188194990155 -2.3010525040945124e-08 0.24436233937740326
v 0.02228257805109023 0.0 0.2135954201221466
v 0.016770135611295693 0.0 0.2208956480026245
v 0.01501716207712888 0.0 0.2224874347448349
v 0.05205135419964788 -1.3810231180855216e-08 0.2712905704975128
v 0.030638340860605226 0.0 0.12267720699310303
v 0.024988915771245946 0.0 0.12082872539758682
v 0.007815882563591 0.0 0.17875297367572784
v 0.007815882563591 0.0 0.17875297367572784
v 0.024988915771245946 0.0 0.12082872539758682
v 0.02247866801917552 0.0 0.12000737339258194
v 0.007815882563591 0.0 0.17875297367572784
v 0.02247866801917552 0.0 0.12000737339258194
v 0.00457178335636854 0.0 0.17802327871322632
v 0.02247866801917552 0.0 0.12000737339258194
v 0.01678479462862014 0.0 0.11876021325588226
v 0.00457178335636854 0.0 0.17802327871322632
v 0.00457178335636854 0.0 0.17802327871322632
v 0.01678479462862014 0.0 0.11876021325588226
v 0.014056976884603493 0.0 0.11816272139549255
v 0.00457178335636854 0.0 0.17802327871322632
v 0.014056976884603493 0.0 0.11816272139549255
v 0.0031055174767971026 0.0 0.1776934713125229
v 0.011499866843223567 0.0 0.18030159175395966
v 0.01310193538665771 0.0 0.18133576214313507
v 0.04593820497393606 0.0 0.13038834929466248
v 0.04593820497393606 0.0 0.13038834929466248
v 0.01310193538665771 0.0 0.18133576214313507
v 0.04782564193010328 0.0 0.13172826170921326
v 0.04782564193010328 0.0 0.13172826170921326
v 0.01310193538665771 0.0 0.18133576214313507
v 0.015494901686906808 0.0 0.1828804910182953
v 0.04782564193010328 0.0 0.13172826170921326
v 0.015494901686906808 0.0 0.1828804910182953
v 0.052937790751457194 0.0 0.13535743951797485
v 0.018850022926926606 0.0 0.18607772886753082
v 0.0652227625250816 0.0 0.14722123742103577
v 0.015494901686906808 0.0 0.1828804910182953
v 0.015494901686906808 0.0 0.1828804910182953
v 0.0652227625250816 0.0 0.14722123742103577
v 0.060806725174188586 0.0 0.14250750839710236
v 0.060806725174188586 0.0 0.14250750839710236
v 0.05936640128493306 0.0 0.14097009599208832
v 0.015494901686906808 0.0 0.1828804910182953
v 0.015494901686906808 0.0 0.1828804910182953
v 0.05936640128493306 0.0 0.14097009599208832
v 0.054587796330451945 0.0 0.13679800927639008
v 0.015494901686906808 0.0 0.1828804910182953
v 0.054587796330451945 0.0 0.13679800927639008
v 0.052937790751457194 0.0 0.13535743951797485
v 0.0215446576476097 0.0 0.1898178607225418
v 0.07496238499879834 0.0 0.1613844633102417
v 0.019869351759552945 0.0 0.18749254941940308
v 0.05205135419964788 -1.3810231180855216e-08 0.2712905704975128
v 0.01501716207712888 0.0 0.2224874347448349
v 0.04999542608857153 -9.46690295600127e-11 0.2728573679924011
v 0.017388118430972092 0.0 0.286305695772171
v 0.007317932788282629 0.0 0.22640524804592133
v 0.0029741057660430657 0.0 0.22732265293598175
v 0.0 0.0 0.22750000655651093
v 0.008701818995177742 0.0 0.2875768840312958
v 0.0029741057660430657 0.0 0.22732265293598175
v 0.0029741057660430657 0.0 0.22732265293598175
v 0.008701818995177742 0.0 0.2875768840312958
v 0.013342878781259055 0.0 0.2868976891040802
v 0.0029741057660430657 0.0 0.22732265293598175
v 0.013342878781259055 0.0 0.2868976891040802
v 0.017388118430972092 0.0 0.286305695772171
v -0.01759462989866733 0.0 0.2862638533115387
v -0.00461723795160651 0.0 0.2270699292421341
v -0.026190048083662976 0.0 0.28411051630973816
v -0.026190048083662976 0.0 0.28411051630973816
v -0.00461723795160651 0.0 0.2270699292421341
v -0.026417842134833325 0.0 0.284029096364975
v -0.026417842134833325 0.0 0.284029096364975
v -0.00461723795160651 0.0 0.2270699292421341
v -0.0344804674386978 0.0 0.2811470627784729
v -0.0344804674386978 0.0 0.2811470627784729
v -0.00461723795160651 0.0 0.2270699292421341
v -0.008842980489134785 0.0 0.22588381171226501
v -0.0344804674386978 0.0 0.2811470627784729
v -0.008842980489134785 0.0 0.22588381171226501
v -0.03885846212506293 0.0 0.27907833456993103
v -0.03885846212506293 0.0 0.27907833456993103
v -0.008842980489134785 0.0 0.22588381171226501
v -0.009023194201290604 0.0 0.22579574584960938
v -0.03885846212506293 0.0 0.27907833456993103
v -0.009023194201290604 0.0 0.22579574584960938
v -0.04242018610239027 0.0 0.2773953378200531
v -0.04242018610239027 0.0 0.2773953378200531
v -0.009023194201290604 0.0 0.22579574584960938
v -0.013014895841479296 0.0 0.22384516894817352
v -0.04242018610239027 0.0 0.2773953378200531
v -0.013014895841479296 0.0 0.22384516894817352
v -0.049995459616184214 9.902372671843899e-11 0.27285733819007874
v 0.04593820497393606 0.0 0.13038834929466248
v 0.0405888110399246 0.0 0.12734845280647278
v 0.011499866843223567 0.0 0.18030159175395966
v 0.011499866843223567 0.0 0.18030159175395966
v 0.0405888110399246 0.0 0.12734845280647278
v 0.03845107182860373 0.0 0.12613365054130554
v 0.011499866843223567 0.0 0.18030159175395966
v 0.03845107182860373 0.0 0.12613365054130554
v 0.007815882563591 0.0 0.17875297367572784
v 0.007815882563591 0.0 0.17875297367572784
v 0.03845107182860373 0.0 0.12613365054130554
v 0.032951597124338136 0.0 0.12370061874389648
v 0.007815882563591 0.0 0.17875297367572784
v 0.032951597124338136 0.0 0.12370061874389648
v 0.030638340860605226 0.0 0.12267720699310303
v -0.01759462989866733 0.0 0.2862638533115387
v -0.01334226038306951 0.0 0.28689777851104736
v -0.00461723795160651 0.0 0.2270699292421341
v -0.00461723795160651 0.0 0.2270699292421341
v -0.01334226038306951 0.0 0.28689777851104736
v -0.008931060321629044 0.0 0.28755539655685425
v -0.00461723795160651 0.0 0.2270699292421341
v -0.008931060321629044 0.0 0.28755539655685425
v 0.0 0.0 0.22750000655651093
v 0.0 0.0 0.22750000655651093
v -0.008931060321629044 0.0 0.28755539655685425
v -0.00016259941912721834 0.0 0.2879999577999115
v 0.0 0.0 0.22750000655651093
v -0.00016259941912721834 0.0 0.2879999577999115
v 0.008701818995177742 0.0 0.2875768840312958
v -0.03331544622778891 0.0 0.12375687807798386
v -0.0406217575073242 0.0 0.12729384005069733
v -0.010063861496746535 0.0 0.17961497604846954
v -0.010063861496746535 0.0 0.17961497604846954
v -0.0406217575073242 0.0 0.12729384005069733
v -0.01312231738120317 0.0 0.18131385743618011
v 0.07496238499879834 0.0 0.1613844633102417
v 0.07139779627323148 0.0 0.15559430420398712
v 0.019869351759552945 0.0 0.18749254941940308
v 0.019869351759552945 0.0 0.18749254941940308
v 0.07139779627323148 0.0 0.15559430420398712
v 0.07046516984701154 0.0 0.1540793776512146
v 0.019869351759552945 0.0 0.18749254941940308
v 0.07046516984701154 0.0 0.1540793776512146
v 0.018850022926926606 0.0 0.18607772886753082
v 0.018850022926926606 0.0 0.18607772886753082
v 0.07046516984701154 0.0 0.1540793776512146
v 0.06642571091651914 0.0 0.14879494905471802
v 0.018850022926926606 0.0 0.18607772886753082
v 0.06642571091651914 0.0 0.14879494905471802
v 0.0652227625250816 0.0 0.14722123742103577
v 0.07567036896944043 0.0 0.16284431517124176
v 0.0215446576476097 0.0 0.1898178607225418
v 0.07868088781833645 0.0 0.16905198991298676
v 0.07868088781833645 0.0 0.16905198991298676
v 0.0215446576476097 0.0 0.1898178607225418
v 0.02350499853491782 0.0 0.19398418068885803
v 0.07868088781833645 0.0 0.16905198991298676
v 0.02350499853491782 0.0 0.19398418068885803
v 0.0792024508118629 0.0 0.1704750508069992
v 0.05205135419964788 -1.3810231180855216e-08 0.2712905704975128
v 0.05748450756072995 -1.4745928922366137e-07 0.2665466368198395
v 0.016770135611295693 0.0 0.2208956480026245
v 0.016770135611295693 0.0 0.2208956480026245
v 0.05748450756072995 -1.4745928922366137e-07 0.2665466368198395
v 0.058880805969238253 -1.8180652716637256e-07 0.26532748341560364
v 0.016770135611295693 0.0 0.2208956480026245
v 0.058880805969238253 -1.8180652716637256e-07 0.26532748341560364
v 0.018449958413839333 0.0 0.2193702906370163
v 0.018449958413839333 0.0 0.2193702906370163
v 0.058880805969238253 -1.8180652716637256e-07 0.26532748341560364
v 0.06462419778108594 -2.9208678142822443e-07 0.2591513693332672
v 0.018449958413839333 0.0 0.2193702906370163
v 0.06462419778108594 -2.9208678142822443e-07 0.2591513693332672
v 0.06508348137140271 -3.009054978519996e-07 0.2586574852466583
v 0.024644149467349042 0.0 0.19829678535461426
v 0.08511056005954738 -3.7746114567305225e-10 0.1948958933353424
v 0.08506185561418529 0.0 0.19392448663711548
v 0.08511056005954738 -3.7746114567305225e-10 0.1948958933353424
v 0.024644149467349042 0.0 0.19829678535461426
v 0.08549121767282482 -3.3274831778840028e-09 0.20248785614967346
v 0.08549121767282482 -3.3274831778840028e-09 0.20248785614967346
v 0.024644149467349042 0.0 0.19829678535461426
v 0.024999376386404027 0.0 0.20267780125141144
v 0.08549121767282482 -3.3274831778840028e-09 0.20248785614967346
v 0.024999376386404027 0.0 0.20267780125141144
v 0.08505715429782863 -1.1040428660180615e-07 0.2111932635307312
v 0.08505715429782863 -1.1040428660180615e-07 0.2111932635307312
v 0.024999376386404027 0.0 0.20267780125141144
v 0.024786235764622678 0.0 0.2047959268093109
v 0.08505715429782863 -1.1040428660180615e-07 0.2111932635307312
v 0.024786235764622678 0.0 0.2047959268093109
v 0.08482623845338817 -1.3651622055022006e-07 0.21271860599517822
v 0.08482623845338817 -1.3651622055022006e-07 0.21271860599517822
v 0.024786235764622678 0.0 0.2047959268093109
v 0.024533595889806737 0.0 0.2073066085577011
v 0.08482623845338817 -1.3651622055022006e-07 0.21271860599517822
v 0.024533595889806737 0.0 0.2073066085577011
v 0.08373133093118663 -2.603291022751362e-07 0.21995121240615845
v 0.017388118430972092 0.0 0.286305695772171
v 0.02590094693005084 0.0 0.2841978669166565
v 0.007317932788282629 0.0 0.22640524804592133
v 0.007317932788282629 0.0 0.22640524804592133
v 0.02590094693005084 0.0 0.2841978669166565
v 0.02641346864402293 0.0 0.28401610255241394
v 0.007317932788282629 0.0 0.22640524804592133
v 0.02641346864402293 0.0 0.28401610255241394
v 0.008994034491479393 0.0 0.22572113573551178
v 0.008994034491479393 0.0 0.22572113573551178
v 0.02641346864402293 0.0 0.28401610255241394
v 0.0342215485870838 0.0 0.2812468707561493
v 0.008994034491479393 0.0 0.22572113573551178
v 0.0342215485870838 0.0 0.2812468707561493
v 0.011500335298478598 0.0 0.22469817101955414
v 0.011500335298478598 0.0 0.22469817101955414
v 0.0342215485870838 0.0 0.2812468707561493
v 0.03885592147707938 0.0 0.2790721356868744
v 0.011500335298478598 0.0 0.22469817101955414
v 0.03885592147707938 0.0 0.2790721356868744
v 0.01501716207712888 0.0 0.2224874347448349
v 0.01501716207712888 0.0 0.2224874347448349
v 0.03885592147707938 0.0 0.2790721356868744
v 0.04223484918475149 0.0 0.27748653292655945
v 0.01501716207712888 0.0 0.2224874347448349
v 0.04223484918475149 0.0 0.27748653292655945
v 0.04999542608857153 -9.46690295600127e-11 0.2728573679924011
v -0.07045150548219678 0.0 0.251531183719635
v -0.06524113565683362 0.0 0.2584685683250427
v -0.019878948107361783 0.0 0.21766053140163422
v -0.019878948107361783 0.0 0.21766053140163422
v -0.06524113565683362 0.0 0.2584685683250427
v -0.06461821496486661 0.0 0.2591460645198822
v -0.019878948107361783 0.0 0.21766053140163422
v -0.06461821496486661 0.0 0.2591460645198822
v -0.016833098605275147 0.0 0.2209666669368744
v -0.016833098605275147 0.0 0.2209666669368744
v -0.06461821496486661 0.0 0.2591460645198822
v -0.059386812150478335 0.0 0.26483583450317383
v -0.016833098605275147 0.0 0.2209666669368744
v -0.059386812150478335 0.0 0.26483583450317383
v -0.016736799851059907 0.0 0.22107118368148804
v -0.016736799851059907 0.0 0.22107118368148804
v -0.059386812150478335 0.0 0.26483583450317383
v -0.05747641995549199 0.0 0.26653870940208435
v -0.016736799851059907 0.0 0.22107118368148804
v -0.05747641995549199 0.0 0.26653870940208435
v -0.013014895841479296 0.0 0.22384516894817352
v -0.013014895841479296 0.0 0.22384516894817352
v -0.05747641995549199 0.0 0.26653870940208435
v -0.05292096734046934 0.0 0.2705993354320526
v -0.013014895841479296 0.0 0.22384516894817352
v -0.05292096734046934 0.0 0.2705993354320526
v -0.049995459616184214 9.902372671843899e-11 0.27285733819007874
v 3.874927553034877e-15 2.0376665036282005e-15 0.11699966341257095
v -0.0014526816084980958 0.0 0.1775420904159546
v 0.005536107812076804 0.0 0.11717824637889862
v 0.005536107812076804 0.0 0.11717824637889862
v -0.0014526816084980958 0.0 0.1775420904159546
v 0.0031055174767971026 0.0 0.1776934713125229
v 0.005536107812076804 0.0 0.11717824637889862
v 0.0031055174767971026 0.0 0.1776934713125229
v 0.008425818756222721 0.0 0.11751211434602737
v 0.008425818756222721 0.0 0.11751211434602737
v 0.0031055174767971026 0.0 0.1776934713125229
v 0.014056976884603493 0.0 0.11816272139549255
v -0.02219816669821738 0.0 0.21400032937526703
v -0.022348878905177106 0.0 0.21363112330436707
v -0.07871195673942562 0.0 0.23626413941383362
v -0.07871195673942562 0.0 0.23626413941383362
v -0.022348878905177106 0.0 0.21363112330436707
v -0.08002655208110805 0.0 0.23262663185596466
v -0.08002655208110805 0.0 0.23262663185596466
v -0.022348878905177106 0.0 0.21363112330436707
v -0.02390465885400771 0.0 0.20981986820697784
v -0.08002655208110805 0.0 0.23262663185596466
v -0.02390465885400771 0.0 0.20981986820697784
v -0.08165268599987026 0.0 0.228127121925354
v -0.024822404608130445 0.0 0.20547616481781006
v -0.08377604931592937 0.0 0.2197331190109253
v -0.02390465885400771 0.0 0.20981986820697784
v -0.02390465885400771 0.0 0.20981986820697784
v -0.08377604931592937 0.0 0.2197331190109253
v -0.08299818634986873 0.0 0.2228081226348877
v -0.02390465885400771 0.0 0.20981986820697784
v -0.08299818634986873 0.0 0.2228081226348877
v -0.08165268599987026 0.0 0.228127121925354
v -0.02484242059290408 0.0 0.2048051953315735
v -0.08506216108798977 0.0 0.2111630141735077
v -0.024822404608130445 0.0 0.20547616481781006
v -0.024822404608130445 0.0 0.20547616481781006
v -0.08506216108798977 0.0 0.2111630141735077
v -0.08482864499092098 0.0 0.21271905303001404
v -0.024822404608130445 0.0 0.20547616481781006
v -0.08482864499092098 0.0 0.21271905303001404
v -0.08377604931592937 0.0 0.2197331190109253
v -0.08430431783199306 0.0 0.18829649686813354
v -0.08507505059242244 0.0 0.19490285217761993
v -0.024955663830041875 0.0 0.20100878179073334
v -0.024955663830041875 0.0 0.20100878179073334
v -0.08507505059242244 0.0 0.19490285217761993
v -0.08530626446008678 0.0 0.19688473641872406
v -0.024955663830041875 0.0 0.20100878179073334
v -0.08530626446008678 0.0 0.19688473641872406
v -0.02484242059290408 0.0 0.2048051953315735
v -0.02484242059290408 0.0 0.2048051953315735
v -0.08530626446008678 0.0 0.19688473641872406
v -0.08549121767282482 -3.3274831778840028e-09 0.20248785614967346
v -0.02484242059290408 0.0 0.2048051953315735
v -0.08549121767282482 -3.3274831778840028e-09 0.20248785614967346
v -0.08506216108798977 0.0 0.2111630141735077
v -0.016987845301628106 0.0 0.1187041774392128
v -0.02501474879682063 0.0 0.12075210362672806
v -0.010063861496746535 0.0 0.17961497604846954
v -0.02501474879682063 0.0 0.12075210362672806
v -0.025255700573325147 0.0 0.12081357836723328
v -0.010063861496746535 0.0 0.17961497604846954
v -0.010063861496746535 0.0 0.17961497604846954
v -0.025255700573325147 0.0 0.12081357836723328
v -0.03298185765743254 0.0 0.12363506108522415
v -0.010063861496746535 0.0 0.17961497604846954
v -0.03298185765743254 0.0 0.12363506108522415
v -0.03331544622778891 0.0 0.12375687807798386
v -0.010063861496746535 0.0 0.17961497604846954
v -0.005818142089992759 0.0 0.17818626761436462
v -0.016987845301628106 0.0 0.1187041774392128
v -0.016987845301628106 0.0 0.1187041774392128
v -0.005818142089992759 0.0 0.17818626761436462
v -0.004582195542752741 0.0 0.17800389230251312
v -0.016987845301628106 0.0 0.1187041774392128
v -0.004582195542752741 0.0 0.17800389230251312
v -0.008557660505175587 0.0 0.11743015050888062
v -0.008557660505175587 0.0 0.11743015050888062
v -0.004582195542752741 0.0 0.17800389230251312
v -0.0014526816084980958 0.0 0.1775420904159546
v -0.008557660505175587 0.0 0.11743015050888062
v -0.0014526816084980958 0.0 0.1775420904159546
v -0.008436433970928189 2.886534097776473e-17 0.11742404848337173
v -0.008436433970928189 2.886534097776473e-17 0.11742404848337173
v -0.0014526816084980958 0.0 0.1775420904159546
v 3.874927553034877e-15 2.0376665036282005e-15 0.11699966341257095
v 0.08506185561418529 0.0 0.19392448663711548
v 0.08394628763198848 0.0 0.18657582998275757
v 0.024644149467349042 0.0 0.19829678535461426
v 0.024644149467349042 0.0 0.19829678535461426
v 0.08394628763198848 0.0 0.18657582998275757
v 0.08377493917942043 0.0 0.18544705212116241
v 0.024644149467349042 0.0 0.19829678535461426
v 0.08377493917942043 0.0 0.18544705212116241
v 0.02395365945994853 0.0 0.19568271934986115
v 0.02395365945994853 0.0 0.19568271934986115
v 0.08377493917942043 0.0 0.18544705212116241
v 0.08196948468685146 0.0 0.17841024696826935
v 0.02395365945994853 0.0 0.19568271934986115
v 0.08196948468685146 0.0 0.17841024696826935
v 0.02350499853491782 0.0 0.19398418068885803
v 0.02350499853491782 0.0 0.19398418068885803
v 0.08196948468685146 0.0 0.17841024696826935
v 0.08163982629775997 0.0 0.17712539434432983
v 0.02350499853491782 0.0 0.19398418068885803
v 0.08163982629775997 0.0 0.17712539434432983
v 0.0792024508118629 0.0 0.1704750508069992
v 0.023317346349358548 0.0 0.21151673793792725
v 0.08152821660041805 -2.419519375962407e-07 0.22852544486522675
v 0.024533595889806737 0.0 0.2073066085577011
v 0.024533595889806737 0.0 0.2073066085577011
v 0.08152821660041805 -2.419519375962407e-07 0.22852544486522675
v 0.08299741148948665 -2.542070944855366e-07 0.22280755639076233
v 0.024533595889806737 0.0 0.2073066085577011
v 0.08299741148948665 -2.542070944855366e-07 0.22280755639076233
v 0.08373133093118663 -2.603291022751362e-07 0.21995121240615845
v 0.07482188194990155 -2.3010525040945124e-08 0.24436233937740326
v 0.0759446248412132 -3.615982535620785e-08 0.2420448660850525
v 0.02228257805109023 0.0 0.2135954201221466
v 0.02228257805109023 0.0 0.2135954201221466
v 0.0759446248412132 -3.615982535620785e-08 0.2420448660850525
v 0.07847239077091213 -6.57643539625496e-08 0.23682725429534912
v 0.02228257805109023 0.0 0.2135954201221466
v 0.07847239077091213 -6.57643539625496e-08 0.23682725429534912
v 0.023317346349358548 0.0 0.21151673793792725
v 0.023317346349358548 0.0 0.21151673793792725
v 0.07847239077091213 -6.57643539625496e-08 0.23682725429534912
v 0.08001976460218425 -1.5498007144287827e-07 0.23262348771095276
v 0.023317346349358548 0.0 0.21151673793792725
v 0.08001976460218425 -1.5498007144287827e-07 0.23262348771095276
v 0.08152821660041805 -2.419519375962407e-07 0.22852544486522675
v -0.07871195673942562 0.0 0.23626413941383362
v -0.07594670355319974 0.0 0.2420463263988495
v -0.02219816669821738 0.0 0.21400032937526703
v -0.02219816669821738 0.0 0.21400032937526703
v -0.07594670355319974 0.0 0.2420463263988495
v -0.0749707370996475 0.0 0.2440870702266693
v -0.02219816669821738 0.0 0.21400032937526703
v -0.0749707370996475 0.0 0.2440870702266693
v -0.019878948107361783 0.0 0.21766053140163422
v -0.019878948107361783 0.0 0.21766053140163422
v -0.0749707370996475 0.0 0.2440870702266693
v -0.07080885767936704 0.0 0.25094255805015564
v -0.019878948107361783 0.0 0.21766053140163422
v -0.07080885767936704 0.0 0.25094255805015564
v -0.07045150548219678 0.0 0.251531183719635
v -0.022778859362006177 0.0 0.19219793379306793
v -0.07631685584783551 0.0 0.1639638990163803
v -0.02399718202650546 0.0 0.19567540287971497
v -0.02399718202650546 0.0 0.19567540287971497
v -0.07631685584783551 0.0 0.1639638990163803
v -0.07920625060796734 0.0 0.17047792673110962
v -0.07920625060796734 0.0 0.17047792673110962
v -0.07979485392570491 0.0 0.17180491983890533
v -0.02399718202650546 0.0 0.19567540287971497
v -0.02399718202650546 0.0 0.19567540287971497
v -0.07979485392570491 0.0 0.17180491983890533
v -0.08196555078029628 0.0 0.17841553688049316
v -0.02399718202650546 0.0 0.19567540287971497
v -0.08196555078029628 0.0 0.17841553688049316
v -0.024227917194366445 0.0 0.19633398950099945
v -0.024227917194366445 0.0 0.19633398950099945
v -0.08196555078029628 0.0 0.17841553688049316
v -0.08245454728603359 0.0 0.17990471422672272
v -0.024227917194366445 0.0 0.19633398950099945
v -0.08245454728603359 0.0 0.17990471422672272
v -0.024955663830041875 0.0 0.20100878179073334
v -0.024955663830041875 0.0 0.20100878179073334
v -0.08245454728603359 0.0 0.17990471422672272
v -0.08392672985792156 0.0 0.1865835040807724
v -0.024955663830041875 0.0 0.20100878179073334
v -0.08392672985792156 0.0 0.1865835040807724
v -0.08430431783199306 0.0 0.18829649686813354
v -0.020475877448916425 0.0 0.18815623223781586
v -0.07205373793840406 0.0 0.15647758543491364
v -0.022778859362006177 0.0 0.19219793379306793
v -0.022778859362006177 0.0 0.19219793379306793
v -0.07205373793840406 0.0 0.15647758543491364
v -0.07567922025918958 0.0 0.16284418106079102
v -0.022778859362006177 0.0 0.19219793379306793
v -0.07567922025918958 0.0 0.16284418106079102
v -0.07631685584783551 0.0 0.1639638990163803
v -0.0406217575073242 0.0 0.12729384005069733
v -0.04108119383454321 0.0 0.1275162547826767
v -0.01312231738120317 0.0 0.18131385743618011
v -0.01312231738120317 0.0 0.18131385743618011
v -0.04108119383454321 0.0 0.1275162547826767
v -0.04786042869091032 0.0 0.1316824108362198
v -0.01312231738120317 0.0 0.18131385743618011
v -0.04786042869091032 0.0 0.1316824108362198
v -0.014110540039837353 0.0 0.18186278641223907
v -0.014110540039837353 0.0 0.18186278641223907
v -0.04786042869091032 0.0 0.1316824108362198
v -0.048358820378780344 0.0 0.13198870420455933
v -0.014110540039837353 0.0 0.18186278641223907
v -0.048358820378780344 0.0 0.13198870420455933
v -0.017677670344710343 0.0 0.18482233583927155
v -0.017677670344710343 0.0 0.18482233583927155
v -0.048358820378780344 0.0 0.13198870420455933
v -0.05462147668004034 0.0 0.13676263391971588
v -0.017677670344710343 0.0 0.18482233583927155
v -0.05462147668004034 0.0 0.13676263391971588
v -0.05517215281724927 0.0 0.13718239963054657
v -0.01990313082933425 0.0 0.1874738335609436
v -0.06708343327045438 0.0 0.1494903415441513
v -0.020475877448916425 0.0 0.18815623223781586
v -0.020475877448916425 0.0 0.18815623223781586
v -0.06708343327045438 0.0 0.1494903415441513
v -0.07141885906457898 0.0 0.15558508038520813
v -0.020475877448916425 0.0 0.18815623223781586
v -0.07141885906457898 0.0 0.15558508038520813
v -0.07205373793840406 0.0 0.15647758543491364
v -0.05517215281724927 0.0 0.13718239963054657
v -0.060838725417852374 0.0 0.14248104393482208
v -0.017677670344710343 0.0 0.18482233583927155
v -0.017677670344710343 0.0 0.18482233583927155
v -0.060838725417852374 0.0 0.14248104393482208
v -0.061463706195354434 0.0 0.1430654525756836
v -0.017677670344710343 0.0 0.18482233583927155
v -0.061463706195354434 0.0 0.1430654525756836
v -0.01990313082933425 0.0 0.1874738335609436
v -0.01990313082933425 0.0 0.1874738335609436
v -0.061463706195354434 0.0 0.1430654525756836
v -0.06645714491605756 0.0 0.14877432584762573
v -0.01990313082933425 0.0 0.1874738335609436
v -0.06645714491605756 0.0 0.14877432584762573
v -0.06708343327045438 0.0 0.1494903415441513
v 0.0679231062531471 -0.05205352231860157 0.027499984949827194
v 0.06845154613256452 -0.051231443881988484 0.027499986812472343
v 0.06685943156480786 -0.054870780557393986 0.04318035766482353
v 0.08373133093118663 -2.603291022751362e-07 0.21995121240615845
v 0.08299741148948665 -2.542070944855366e-07 0.22280755639076233
v 0.08271493017673488 -0.013750603422522534 0.22188825905323029
v 0.08152821660041805 -2.419519375962407e-07 0.22852544486522675
v 0.08001976460218425 -1.5498007144287827e-07 0.23262348771095276
v 0.07978942990303035 -0.01454261504113673 0.23167337477207184
v 0.07847239077091213 -6.57643539625496e-08 0.23682725429534912
v 0.0759446248412132 -3.615982535620785e-08 0.2420448660850525
v 0.07573132216930387 -0.015305918641388404 0.24108004570007324
v 0.06508348137140271 -3.009054978519996e-07 0.2586574852466583
v 0.06462419778108594 -2.9208678142822443e-07 0.2591513693332672
v 0.06441907584667203 -0.016726234927773462 0.2582244277000427
v 0.058880805969238253 -1.8180652716637256e-07 0.26532748341560364
v 0.05748450756072995 -1.4745928922366137e-07 0.2665466368198395
v 0.05731845274567601 -0.01738134585320948 0.2656995952129364
v 0.044856466352939585 -0.09939417988061897 0.14596985280513763
v 0.044957008212804773 -0.09858182817697517 0.14170391857624054
v 0.04972356557846067 -0.09360998123884194 0.13788749277591705
v 0.04893588647246359 -0.0748776420950889 0.045253936201334
v 0.048975612968206385 -0.07468277961015696 0.04434937983751297
v 0.055227801203727694 -0.06888981908559794 0.04466550797224045
v 0.055227801203727694 -0.06888981908559794 0.04466550797224045
v 0.048975612968206385 -0.07468277961015696 0.04434937983751297
v 0.04910024628043173 -0.07410760968923563 0.04085470363497734
v 0.05620329082012174 -0.06581118702888483 0.027499955147504807
v 0.049479417502880076 -0.07235780358314509 0.03022303245961666
v 0.05618914216756818 -0.06582648307085032 0.027499955147504807
v 0.05618914216756818 -0.06582648307085032 0.027499955147504807
v 0.049479417502880076 -0.07235780358314509 0.03022303245961666
v 0.049560021609067896 -0.07200017571449274 0.02749989740550518
v 0.04893588647246359 -0.0748776420950889 0.045253936201334
v 0.055227801203727694 -0.06888981908559794 0.04466550797224045
v 0.04829454421997068 -0.07802341133356089 0.059856779873371124
v 0.04829454421997068 -0.07802341133356089 0.059856779873371124
v 0.055227801203727694 -0.06888981908559794 0.04466550797224045
v 0.0539174824953079 -0.07344511896371836 0.06334630399942398
v 0.04829454421997068 -0.07802341133356089 0.059856779873371124
v 0.0539174824953079 -0.07344511896371836 0.06334630399942398
v 0.048190146684646586 -0.07857675850391382 0.06201111152768135
v 0.046286314725875834 -0.0894613862037658 0.10303022712469101
v 0.047188423573970774 -0.08400657027959817 0.08294504135847092
v 0.056397058069705935 -0.07811459898948664 0.09722064435482025
v 0.056397058069705935 -0.07811459898948664 0.09722064435482025
v 0.047188423573970774 -0.08400657027959817 0.08294504135847092
v 0.04734954610466955 -0.08303230255842202 0.07935769110918045
v 0.056397058069705935 -0.07811459898948664 0.09722064435482025
v 0.04734954610466955 -0.08303230255842202 0.07935769110918045
v 0.0539174824953079 -0.07344511896371836 0.06334630399942398
v 0.0539174824953079 -0.07344511896371836 0.06334630399942398
v 0.04734954610466955 -0.08303230255842202 0.07935769110918045
v 0.0480631925165653 -0.079249657690525 0.064630888402462
v 0.0539174824953079 -0.07344511896371836 0.06334630399942398
v 0.0480631925165653 -0.079249657690525 0.064630888402462
v 0.048190146684646586 -0.07857675850391382 0.06201111152768135
v 0.046286314725875834 -0.0894613862037658 0.10303022712469101
v 0.056397058069705935 -0.07811459898948664 0.09722064435482025
v 0.0457993187010288 -0.09240611642599099 0.11387301236391068
v 0.0457993187010288 -0.09240611642599099 0.11387301236391068
v 0.056397058069705935 -0.07811459898948664 0.09722064435482025
v 0.055186647921800586 -0.0834373012185096 0.11513892561197281
v 0.0457993187010288 -0.09240611642599099 0.11387301236391068
v 0.055186647921800586 -0.0834373012185096 0.11513892561197281
v 0.045518189668655375 -0.0943967550992965 0.12227629870176315
v 0.045518189668655375 -0.0943967550992965 0.12227629870176315
v 0.055186647921800586 -0.0834373012185096 0.11513892561197281
v 0.04543420672416685 -0.09499144554138177 0.12478674203157425
v 0.04543420672416685 -0.09499144554138177 0.12478674203157425
v 0.055186647921800586 -0.0834373012185096 0.11513892561197281
v 0.054412268102169016 -0.08794840425252907 0.13335415720939636
v 0.04543420672416685 -0.09499144554138177 0.12478674203157425
v 0.054412268102169016 -0.08794840425252907 0.13335415720939636
v 0.04516858235001562 -0.0968722999095916 0.13272659480571747
v 0.044856466352939585 -0.09939417988061897 0.14596985280513763
v 0.04972356557846067 -0.09360998123884194 0.13788749277591705
v 0.044836167246103266 -0.09955820441246024 0.1468311846256256
v 0.044836167246103266 -0.09955820441246024 0.1468311846256256
v 0.04972356557846067 -0.09360998123884194 0.13788749277591705
v 0.049470361322164515 -0.0966330170631408 0.15704405307769775
v 0.044836167246103266 -0.09955820441246024 0.1468311846256256
v 0.049470361322164515 -0.0966330170631408 0.15704405307769775
v 0.04464897885918615 -0.101351112127304 0.15969830751419067
v 0.044599633663892725 -0.10244496166706077 0.1782597154378891
v 0.04458092525601385 -0.10232021659612647 0.17153477668762207
v 0.04966614767909048 -0.09783295542001717 0.1763814389705658
v 0.04966614767909048 -0.09783295542001717 0.1763814389705658
v 0.04458092525601385 -0.10232021659612647 0.17153477668762207
v 0.04460440948605535 -0.10198580473661414 0.16745036840438843
v 0.04966614767909048 -0.09783295542001717 0.1763814389705658
v 0.04460440948605535 -0.10198580473661414 0.16745036840438843
v 0.049470361322164515 -0.0966330170631408 0.15704405307769775
v 0.049470361322164515 -0.0966330170631408 0.15704405307769775
v 0.04460440948605535 -0.10198580473661414 0.16745036840438843
v 0.044639401137828806 -0.10148749500513068 0.16136407852172852
v 0.049470361322164515 -0.0966330170631408 0.15704405307769775
v 0.044639401137828806 -0.10148749500513068 0.16136407852172852
v 0.04464897885918615 -0.101351112127304 0.15969830751419067
v 0.044707171618938425 -0.10208281874656669 0.19114290177822113
v 0.04468426853418348 -0.10218818485736839 0.18907281756401062
v 0.04993230849504469 -0.097554363310337 0.18605196475982666
v 0.04993230849504469 -0.097554363310337 0.18605196475982666
v 0.04468426853418348 -0.10218818485736839 0.18907281756401062
v 0.04461139813065527 -0.10252338647842399 0.18248745799064636
v 0.04993230849504469 -0.097554363310337 0.18605196475982666
v 0.04461139813065527 -0.10252338647842399 0.18248745799064636
v 0.04966614767909048 -0.09783295542001717 0.1763814389705658
v 0.04966614767909048 -0.09783295542001717 0.1763814389705658
v 0.04461139813065527 -0.10252338647842399 0.18248745799064636
v 0.04460785165429113 -0.10249974578618995 0.18121306598186493
v 0.04966614767909048 -0.09783295542001717 0.1763814389705658
v 0.04460785165429113 -0.10249974578618995 0.18121306598186493
v 0.044599633663892725 -0.10244496166706077 0.1782597154378891
v 0.044707171618938425 -0.10208281874656669 0.19114290177822113
v 0.04993230849504469 -0.097554363310337 0.18605196475982666
v 0.044723790138959864 -0.10200638324022285 0.19264455139636993
v 0.044723790138959864 -0.10200638324022285 0.19264455139636993
v 0.04993230849504469 -0.097554363310337 0.18605196475982666
v 0.05030379071831701 -0.09656549245119088 0.1956610381603241
v 0.044723790138959864 -0.10200638324022285 0.19264455139636993
v 0.05030379071831701 -0.09656549245119088 0.1956610381603241
v 0.044861458241939524 -0.10109212249517432 0.19983452558517456
v 0.04514158144593237 -0.09895652532577506 0.21082784235477448
v 0.045131247490644434 -0.09903714060783378 0.2104465216398239
v 0.05077230557799337 -0.09476095438003533 0.20513515174388885
v 0.05077230557799337 -0.09476095438003533 0.20513515174388885
v 0.045131247490644434 -0.09903714060783378 0.2104465216398239
v 0.044904325157403925 -0.10080745071172706 0.20207324624061584
v 0.05077230557799337 -0.09476095438003533 0.20513515174388885
v 0.044904325157403925 -0.10080745071172706 0.20207324624061584
v 0.05030379071831701 -0.09656549245119088 0.1956610381603241
v 0.05030379071831701 -0.09656549245119088 0.1956610381603241
v 0.044904325157403925 -0.10080745071172706 0.20207324624061584
v 0.04488402232527731 -0.1009422540664672 0.20101307332515717
v 0.05030379071831701 -0.09656549245119088 0.1956610381603241
v 0.04488402232527731 -0.1009422540664672 0.20101307332515717
v 0.044861458241939524 -0.10109212249517432 0.19983452558517456
v 0.04514158144593237 -0.09895652532577506 0.21082784235477448
v 0.05077230557799337 -0.09476095438003533 0.20513515174388885
v 0.045426055788993815 -0.09647396951913827 0.2189542055130005
v 0.045426055788993815 -0.09647396951913827 0.2189542055130005
v 0.05077230557799337 -0.09476095438003533 0.20513515174388885
v 0.051327817142009714 -0.09203273802995675 0.21436983346939087
v 0.045426055788993815 -0.09647396951913827 0.2189542055130005
v 0.051327817142009714 -0.09203273802995675 0.21436983346939087
v 0.04547996446490286 -0.09595710784196847 0.2202090322971344
v 0.05195814371109007 -0.08828564733266824 0.22322505712509155
v 0.04574986547231672 -0.09336935728788369 0.22649158537387848
v 0.051327817142009714 -0.09203273802995675 0.21436983346939087
v 0.051327817142009714 -0.09203273802995675 0.21436983346939087
v 0.04574986547231672 -0.09336935728788369 0.22649158537387848
v 0.04550261050462721 -0.09573997557163232 0.22073619067668915
v 0.051327817142009714 -0.09203273802995675 0.21436983346939087
v 0.04550261050462721 -0.09573997557163232 0.22073619067668915
v 0.04547996446490286 -0.09595710784196847 0.2202090322971344
v 0.04636017605662344 -0.08675033599138253 0.23773691058158875
v 0.04610672965645788 -0.08963701874017709 0.23347796499729156
v 0.05264732986688612 -0.08346112817525857 0.23152901232242584
v 0.05264732986688612 -0.08346112817525857 0.23152901232242584
v 0.04610672965645788 -0.08963701874017709 0.23347796499729156
v 0.04595657065510748 -0.09120748937129967 0.2305382788181305
v 0.05264732986688612 -0.08346112817525857 0.23152901232242584
v 0.04595657065510748 -0.09120748937129967 0.2305382788181305
v 0.05195814371109007 -0.08828564733266824 0.22322505712509155
v 0.05195814371109007 -0.08828564733266824 0.22322505712509155
v 0.04595657065510748 -0.09120748937129967 0.2305382788181305
v 0.04589119181036947 -0.09189125895500176 0.22925837337970734
v 0.05195814371109007 -0.08828564733266824 0.22322505712509155
v 0.04589119181036947 -0.09189125895500176 0.22925837337970734
v 0.04574986547231672 -0.09336935728788369 0.22649158537387848
v 0.04636017605662344 -0.08675033599138253 0.23773691058158875
v 0.05264732986688612 -0.08346112817525857 0.23152901232242584
v 0.04647494852542875 -0.08544308692216866 0.23966559767723083
v 0.04647494852542875 -0.08544308692216866 0.23966559767723083
v 0.05264732986688612 -0.08346112817525857 0.23152901232242584
v 0.05337401479482649 -0.07756308466196055 0.2390979677438736
v 0.04647494852542875 -0.08544308692216866 0.23966559767723083
v 0.05337401479482649 -0.07756308466196055 0.2390979677438736
v 0.04649156704545019 -0.085253819823265 0.23994483053684235
v 0.05411151051521299 -0.07067157328128809 0.2457706481218338
v 0.04739920049905775 -0.07326513528823847 0.25219273567199707
v 0.04732471331954 -0.0743881613016128 0.25135302543640137
v 0.04732471331954 -0.0743881613016128 0.25135302543640137
v 0.04704070836305616 -0.07825906574726099 0.24771466851234436
v 0.05411151051521299 -0.07067157328128809 0.2457706481218338
v 0.05411151051521299 -0.07067157328128809 0.2457706481218338
v 0.04704070836305616 -0.07825906574726099 0.24771466851234436
v 0.04689914733171461 -0.08018852770328516 0.24590110778808594
v 0.05411151051521299 -0.07067157328128809 0.2457706481218338
v 0.04689914733171461 -0.08018852770328516 0.24590110778808594
v 0.05337401479482649 -0.07756308466196055 0.2390979677438736
v 0.05337401479482649 -0.07756308466196055 0.2390979677438736
v 0.04689914733171461 -0.08018852770328516 0.24590110778808594
v 0.046869926154613474 -0.08055165410041802 0.24547411501407623
v 0.05337401479482649 -0.07756308466196055 0.2390979677438736
v 0.046869926154613474 -0.08055165410041802 0.24547411501407623
v 0.04649156704545019 -0.085253819823265 0.23994483053684235
v 0.04739920049905775 -0.07326513528823847 0.25219273567199707
v 0.05411151051521299 -0.07067157328128809 0.2457706481218338
v 0.04761650785803793 -0.06998883187770838 0.254642516374588
v 0.04761650785803793 -0.06998883187770838 0.254642516374588
v 0.05411151051521299 -0.07067157328128809 0.2457706481218338
v 0.05483040586113927 -0.06293254345655436 0.25144368410110474
v 0.04761650785803793 -0.06998883187770838 0.254642516374588
v 0.05483040586113927 -0.06293254345655436 0.25144368410110474
v 0.04776308313012121 -0.06777896732091898 0.2562948763370514
v 0.04841144010424612 -0.05636316910386081 0.26248899102211
v 0.048205818980932215 -0.06029888615012164 0.26068711280822754
v 0.05550257489085195 -0.054526105523109394 0.256088525056839
v 0.05550257489085195 -0.054526105523109394 0.256088525056839
v 0.048205818980932215 -0.06029888615012164 0.26068711280822754
v 0.04817375540733335 -0.06084061414003367 0.26036903262138367
v 0.05550257489085195 -0.054526105523109394 0.256088525056839
v 0.04817375540733335 -0.06084061414003367 0.26036903262138367
v 0.05483040586113927 -0.06293254345655436 0.25144368410110474
v 0.05483040586113927 -0.06293254345655436 0.25144368410110474
v 0.04817375540733335 -0.06084061414003367 0.26036903262138367
v 0.04792002961039541 -0.06512735038995737 0.25785189867019653
v 0.05483040586113927 -0.06293254345655436 0.25144368410110474
v 0.04792002961039541 -0.06512735038995737 0.25785189867019653
v 0.04776308313012121 -0.06777896732091898 0.2562948763370514
v 0.04841144010424612 -0.05636316910386081 0.26248899102211
v 0.05550257489085195 -0.054526105523109394 0.256088525056839
v 0.048595085740089396 -0.052848070859909016 0.26409825682640076
v 0.048595085740089396 -0.052848070859909016 0.26409825682640076
v 0.05550257489085195 -0.054526105523109394 0.256088525056839
v 0.05610412731766698 -0.045630805194377864 0.2597435712814331
v 0.048595085740089396 -0.052848070859909016 0.26409825682640076
v 0.05610412731766698 -0.045630805194377864 0.2597435712814331
v 0.048680122941732386 -0.05097483843564983 0.2647576332092285
v 0.04923699423670767 -0.037576556205749484 0.2688180208206177
v 0.04911891371011732 -0.04067321866750714 0.26801520586013794
v 0.05661626905202863 -0.036400176584720584 0.26249217987060547
v 0.05661626905202863 -0.036400176584720584 0.26249217987060547
v 0.04911891371011732 -0.04067321866750714 0.26801520586013794
v 0.04896738752722738 -0.04464694485068318 0.2669849693775177
v 0.05661626905202863 -0.036400176584720584 0.26249217987060547
v 0.04896738752722738 -0.04464694485068318 0.2669849693775177
v 0.05610412731766698 -0.045630805194377864 0.2597435712814331
v 0.05610412731766698 -0.045630805194377864 0.2597435712814331
v 0.04896738752722738 -0.04464694485068318 0.2669849693775177
v 0.04885479062795637 -0.04712719097733494 0.26611194014549255
v 0.05610412731766698 -0.045630805194377864 0.2597435712814331
v 0.04885479062795637 -0.04712719097733494 0.26611194014549255
v 0.048680122941732386 -0.05097483843564983 0.2647576332092285
v 0.04923699423670767 -0.037576556205749484 0.2688180208206177
v 0.05661626905202863 -0.036400176584720584 0.26249217987060547
v 0.049312107264995554 -0.035606786608695956 0.2693287134170532
v 0.049312107264995554 -0.035606786608695956 0.2693287134170532
v 0.05661626905202863 -0.036400176584720584 0.26249217987060547
v 0.057024724781513186 -0.026954298838973025 0.26443982124328613
v 0.049312107264995554 -0.035606786608695956 0.2693287134170532
v 0.057024724781513186 -0.026954298838973025 0.26443982124328613
v 0.049478158354759195 -0.030112851411104178 0.2703040838241577
v 0.049777280539274195 -0.017965113744139657 0.27191162109375
v 0.04974678158760069 -0.019395936280488954 0.2717604637145996
v 0.05731845274567601 -0.01738134585320948 0.2656995952129364
v 0.05731845274567601 -0.01738134585320948 0.2656995952129364
v 0.04974678158760069 -0.019395936280488954 0.2717604637145996
v 0.0496145077049732 -0.02560150623321531 0.27110499143600464
v 0.05731845274567601 -0.01738134585320948 0.2656995952129364
v 0.0496145077049732 -0.02560150623321531 0.27110499143600464
v 0.057024724781513186 -0.026954298838973025 0.26443982124328613
v 0.057024724781513186 -0.026954298838973025 0.26443982124328613
v 0.0496145077049732 -0.02560150623321531 0.27110499143600464
v 0.04954724758863447 -0.02782694436609743 0.27070990204811096
v 0.057024724781513186 -0.026954298838973025 0.26443982124328613
v 0.04954724758863447 -0.02782694436609743 0.27070990204811096
v 0.049478158354759195 -0.030112851411104178 0.2703040838241577
v 0.04999542608857153 -9.46690295600127e-11 0.2728573679924011
v 0.04991016536951063 -0.00860655587166547 0.2725154459476471
v 0.05205135419964788 -1.3810231180855216e-08 0.2712905704975128
v 0.05205135419964788 -1.3810231180855216e-08 0.2712905704975128
v 0.04991016536951063 -0.00860655587166547 0.2725154459476471
v 0.05748450756072995 -1.4745928922366137e-07 0.2665466368198395
v 0.05748450756072995 -1.4745928922366137e-07 0.2665466368198395
v 0.04991016536951063 -0.00860655587166547 0.2725154459476471
v 0.05731845274567601 -0.01738134585320948 0.2656995952129364
v 0.05731845274567601 -0.01738134585320948 0.2656995952129364
v 0.04991016536951063 -0.00860655587166547 0.2725154459476471
v 0.04985233396291731 -0.014443947002291669 0.27228355407714844
v 0.05731845274567601 -0.01738134585320948 0.2656995952129364
v 0.04985233396291731 -0.014443947002291669 0.27228355407714844
v 0.049777280539274195 -0.017965113744139657 0.27191162109375
v 0.07482188194990155 -2.3010525040945124e-08 0.24436233937740326
v 0.07082079350948331 -1.9448553700840405e-07 0.25094982981681824
v 0.07058594375848767 -0.01603460125625132 0.24997499585151672
v 0.07058594375848767 -0.01603460125625132 0.24997499585151672
v 0.07082079350948331 -1.9448553700840405e-07 0.25094982981681824
v 0.07057077437639234 -2.0520043619853807e-07 0.2513614594936371
v 0.08549121767282482 -3.3274831778840028e-09 0.20248785614967346
v 0.08505715429782863 -1.1040428660180615e-07 0.2111932635307312
v 0.08545706421136852 -0.0028293156065046766 0.20243479311466217
v 0.08545706421136852 -0.0028293156065046766 0.20243479311466217
v 0.08505715429782863 -1.1040428660180615e-07 0.2111932635307312
v 0.08482623845338817 -1.3651622055022006e-07 0.21271860599517822
v 0.08545706421136852 -0.0028293156065046766 0.20243479311466217
v 0.08482623845338817 -1.3651622055022006e-07 0.21271860599517822
v 0.08532087504863735 -0.006514765322208399 0.20218101143836975
v 0.08532087504863735 -0.006514765322208399 0.20218101143836975
v 0.08482623845338817 -1.3651622055022006e-07 0.21271860599517822
v 0.0844795703887939 -0.012938999570906152 0.2118542343378067
v 0.08532087504863735 -0.006514765322208399 0.20218101143836975
v 0.0844795703887939 -0.012938999570906152 0.2118542343378067
v 0.08517827093601223 -0.010373447090387336 0.20191527903079987
v 0.08230292797088619 -0.032350320369005175 0.1953081339597702
v 0.08185609430074688 -0.034438040107488604 0.20548661053180695
v 0.08153714239597316 -0.0359009653329849 0.19335702061653137
v 0.08153714239597316 -0.0359009653329849 0.19335702061653137
v 0.08185609430074688 -0.034438040107488604 0.20548661053180695
v 0.08051459491252895 -0.040851529687643016 0.2017541080713272
v 0.08153714239597316 -0.0359009653329849 0.19335702061653137
v 0.08051459491252895 -0.040851529687643016 0.2017541080713272
v 0.08134211599826809 -0.03663430362939832 0.19282223284244537
v 0.08134211599826809 -0.03663430362939832 0.19282223284244537
v 0.08051459491252895 -0.040851529687643016 0.2017541080713272
v 0.08089607954025264 -0.03831148147583005 0.19159914553165436
v 0.08089607954025264 -0.03831148147583005 0.19159914553165436
v 0.08051459491252895 -0.040851529687643016 0.2017541080713272
v 0.08015848696231838 -0.04108501225709912 0.18957652151584625
v 0.08015848696231838 -0.04108501225709912 0.18957652151584625
v 0.08051459491252895 -0.040851529687643016 0.2017541080713272
v 0.07901840656995769 -0.04666868597269055 0.19720980525016785
v 0.08015848696231838 -0.04108501225709912 0.18957652151584625
v 0.07901840656995769 -0.04666868597269055 0.19720980525016785
v 0.07961117476224895 -0.04278732463717457 0.18795041739940643
v 0.07767195999622342 -0.0482976138591766 0.18191072344779968
v 0.07775834202766416 -0.048073954880237545 0.1821913719177246
v 0.07743213325738904 -0.051765810698270756 0.19190561771392822
v 0.07743213325738904 -0.051765810698270756 0.19190561771392822
v 0.07775834202766416 -0.048073954880237545 0.1821913719177246
v 0.07867239415645595 -0.04570719972252842 0.18516121804714203
v 0.07743213325738904 -0.051765810698270756 0.19190561771392822
v 0.07867239415645595 -0.04570719972252842 0.18516121804714203
v 0.07901840656995769 -0.04666868597269055 0.19720980525016785
v 0.07901840656995769 -0.04666868597269055 0.19720980525016785
v 0.07867239415645595 -0.04570719972252842 0.18516121804714203
v 0.0793289020657539 -0.04366526752710339 0.1871117651462555
v 0.07901840656995769 -0.04666868597269055 0.19720980525016785
v 0.0793289020657539 -0.04366526752710339 0.1871117651462555
v 0.07961117476224895 -0.04278732463717457 0.18795041739940643
v 0.07767195999622342 -0.0482976138591766 0.18191072344779968
v 0.07743213325738904 -0.051765810698270756 0.19190561771392822
v 0.07712183147668836 -0.04972206056118007 0.18012329936027527
v 0.07712183147668836 -0.04972206056118007 0.18012329936027527
v 0.07743213325738904 -0.051765810698270756 0.19190561771392822
v 0.07582486420869824 -0.05604342743754383 0.185930073261261
v 0.07712183147668836 -0.04972206056118007 0.18012329936027527
v 0.07582486420869824 -0.05604342743754383 0.185930073261261
v 0.07600127905607221 -0.052119474858045536 0.17609088122844696
v 0.07600127905607221 -0.052119474858045536 0.17609088122844696
v 0.07582486420869824 -0.05604342743754383 0.185930073261261
v 0.07588323950767514 -0.052372019737958866 0.17566610872745514
v 0.07588323950767514 -0.052372019737958866 0.17566610872745514
v 0.07582486420869824 -0.05604342743754383 0.185930073261261
v 0.07426341623067853 -0.05944027006626124 0.1794014871120453
v 0.07588323950767514 -0.052372019737958866 0.17566610872745514
v 0.07426341623067853 -0.05944027006626124 0.1794014871120453
v 0.07555142045021054 -0.053081944584846455 0.17447201907634735
v 0.07291024923324582 -0.05715541914105411 0.1630771905183792
v 0.07400961220264432 -0.05573417246341701 0.16822046041488647
v 0.07280568778514859 -0.06194026768207545 0.17245358228683472
v 0.07280568778514859 -0.06194026768207545 0.17245358228683472
v 0.07400961220264432 -0.05573417246341701 0.16822046041488647
v 0.07408525049686429 -0.05560407042503353 0.16852712631225586
v 0.07280568778514859 -0.06194026768207545 0.17245358228683472
v 0.07408525049686429 -0.05560407042503353 0.16852712631225586
v 0.07426341623067853 -0.05944027006626124 0.1794014871120453
v 0.07426341623067853 -0.05944027006626124 0.1794014871120453
v 0.07408525049686429 -0.05560407042503353 0.16852712631225586
v 0.07439176738262174 -0.05507679283618923 0.16976997256278992
v 0.07426341623067853 -0.05944027006626124 0.1794014871120453
v 0.07439176738262174 -0.05507679283618923 0.16976997256278992
v 0.07555142045021054 -0.053081944584846455 0.17447201907634735
v 0.07291024923324582 -0.05715541914105411 0.1630771905183792
v 0.07280568778514859 -0.06194026768207545 0.17245358228683472
v 0.0725460350513458 -0.05762627348303791 0.16137324273586273
v 0.0725460350513458 -0.05762627348303791 0.16137324273586273
v 0.07280568778514859 -0.06194026768207545 0.17245358228683472
v 0.07149732112884519 -0.06356959044933314 0.16521808505058289
v 0.0725460350513458 -0.05762627348303791 0.16137324273586273
v 0.07149732112884519 -0.06356959044933314 0.16521808505058289
v 0.0724665820598602 -0.057690434157848317 0.16092939674854279
v 0.07051384449005124 -0.058850042521953534 0.1490754336118698
v 0.07109029591083524 -0.058726057410240125 0.1530696451663971
v 0.07037142664194104 -0.0643878281116485 0.15781144797801971
v 0.07037142664194104 -0.0643878281116485 0.15781144797801971
v 0.07109029591083524 -0.058726057410240125 0.1530696451663971
v 0.07121810317039487 -0.058698568493127774 0.15395516157150269
v 0.07037142664194104 -0.0643878281116485 0.15781144797801971
v 0.07121810317039487 -0.058698568493127774 0.15395516157150269
v 0.07149732112884519 -0.06356959044933314 0.16521808505058289
v 0.07149732112884519 -0.06356959044933314 0.16521808505058289
v 0.07121810317039487 -0.058698568493127774 0.15395516157150269
v 0.07160931080579755 -0.0583826713263988 0.1561405211687088
v 0.07149732112884519 -0.06356959044933314 0.16521808505058289
v 0.07160931080579755 -0.0583826713263988 0.1561405211687088
v 0.0724665820598602 -0.057690434157848317 0.16092939674854279
v 0.07051384449005124 -0.058850042521953534 0.1490754336118698
v 0.07037142664194104 -0.0643878281116485 0.15781144797801971
v 0.07019120454788205 -0.05891943722963328 0.146839901804924
v 0.07019120454788205 -0.05891943722963328 0.146839901804924
v 0.07037142664194104 -0.0643878281116485 0.15781144797801971
v 0.06945032626390454 -0.06447417289018625 0.15032708644866943
v 0.07019120454788205 -0.05891943722963328 0.146839901804924
v 0.06945032626390454 -0.06447417289018625 0.15032708644866943
v 0.07000000774860379 -0.05880083516240115 0.14509887993335724
v 0.06870336830615995 -0.056596696376800495 0.12922927737236023
v 0.06878039240837094 -0.05713057145476337 0.1313820481300354
v 0.06827314943075177 -0.06278951466083521 0.13538354635238647
v 0.06878039240837094 -0.05713057145476337 0.1313820481300354
v 0.0692036300897598 -0.05805502459406848 0.13712750375270844
v 0.06827314943075177 -0.06278951466083521 0.13538354635238647
v 0.06827314943075177 -0.06278951466083521 0.13538354635238647
v 0.0692036300897598 -0.05805502459406848 0.13712750375270844
v 0.06936464458703992 -0.05840671807527537 0.13931326568126678
v 0.06827314943075177 -0.06278951466083521 0.13538354635238647
v 0.06936464458703992 -0.05840671807527537 0.13931326568126678
v 0.06945032626390454 -0.06447417289018625 0.15032708644866943
v 0.06945032626390454 -0.06447417289018625 0.15032708644866943
v 0.06936464458703992 -0.05840671807527537 0.13931326568126678
v 0.06965578347444532 -0.05858731269836421 0.1419643759727478
v 0.06945032626390454 -0.06447417289018625 0.15032708644866943
v 0.06965578347444532 -0.05858731269836421 0.1419643759727478
v 0.07000000774860379 -0.05880083516240115 0.14509887993335724
v 0.0680042505264282 -0.05915350466966624 0.12072740495204926
v 0.06847988814115522 -0.055047664791345555 0.12298299372196198
v 0.06827314943075177 -0.06278951466083521 0.13538354635238647
v 0.06827314943075177 -0.06278951466083521 0.13538354635238647
v 0.06847988814115522 -0.055047664791345555 0.12298299372196198
v 0.06865458935499189 -0.05625858902931209 0.12786589562892914
v 0.06827314943075177 -0.06278951466083521 0.13538354635238647
v 0.06865458935499189 -0.05625858902931209 0.12786589562892914
v 0.06870336830615995 -0.056596696376800495 0.12922927737236023
v 0.06926550716161725 -0.04651401564478871 0.10094910115003586
v 0.06894502788782117 -0.048248000442981685 0.10458429902791977
v 0.06859390437602994 -0.05408855155110355 0.10650257021188736
v 0.06859390437602994 -0.05408855155110355 0.10650257021188736
v 0.06894502788782117 -0.048248000442981685 0.10458429902791977
v 0.06852729618549344 -0.05199868232011791 0.11380770057439804
v 0.06859390437602994 -0.05408855155110355 0.10650257021188736
v 0.06852729618549344 -0.05199868232011791 0.11380770057439804
v 0.0680042505264282 -0.05915350466966624 0.12072740495204926
v 0.0680042505264282 -0.05915350466966624 0.12072740495204926
v 0.06852729618549344 -0.05199868232011791 0.11380770057439804
v 0.06851467490196225 -0.05211203172802921 0.11408644169569016
v 0.0680042505264282 -0.05915350466966624 0.12072740495204926
v 0.06851467490196225 -0.05211203172802921 0.11408644169569016
v 0.06847988814115522 -0.055047664791345555 0.12298299372196198
v 0.06926550716161725 -0.04651401564478871 0.10094910115003586
v 0.06859390437602994 -0.05408855155110355 0.10650257021188736
v 0.06943239271640775 -0.04561104625463482 0.09905607998371124
v 0.06943239271640775 -0.04561104625463482 0.09905607998371124
v 0.06859390437602994 -0.05408855155110355 0.10650257021188736
v 0.06992825865745542 -0.04802227392792698 0.09273332357406616
v 0.06943239271640775 -0.04561104625463482 0.09905607998371124
v 0.06992825865745542 -0.04802227392792698 0.09273332357406616
v 0.06985276937484738 -0.04333655536174771 0.09428773820400238
v 0.07259006798267362 -0.03307291492819783 0.07582118362188339
v 0.07135870307683942 -0.03718819841742513 0.08286552876234055
v 0.07186491787433621 -0.04132778197526928 0.07935404777526855
v 0.07186491787433621 -0.04132778197526928 0.07935404777526855
v 0.07135870307683942 -0.03718819841742513 0.08286552876234055
v 0.0710996016860008 -0.03824603185057637 0.08483073860406876
v 0.07186491787433621 -0.04132778197526928 0.07935404777526855
v 0.0710996016860008 -0.03824603185057637 0.08483073860406876
v 0.06992825865745542 -0.04802227392792698 0.09273332357406616
v 0.06992825865745542 -0.04802227392792698 0.09273332357406616
v 0.0710996016860008 -0.03824603185057637 0.08483073860406876
v 0.07065454870462415 -0.040063079446554156 0.08820638805627823
v 0.06992825865745542 -0.04802227392792698 0.09273332357406616
v 0.07065454870462415 -0.040063079446554156 0.08820638805627823
v 0.06985276937484738 -0.04333655536174771 0.09428773820400238
v 0.07259006798267362 -0.03307291492819783 0.07582118362188339
v 0.07186491787433621 -0.04132778197526928 0.07935404777526855
v 0.0737369358539581 -0.029240028932690596 0.06926023960113525
v 0.0737369358539581 -0.029240028932690596 0.06926023960113525
v 0.07186491787433621 -0.04132778197526928 0.07935404777526855
v 0.07694306969642636 -0.02745898626744745 0.05315632000565529
v 0.0737369358539581 -0.029240028932690596 0.06926023960113525
v 0.07694306969642636 -0.02745898626744745 0.05315632000565529
v 0.07624530047178266 -0.02219486236572264 0.05737416818737984
v 0.08016815036535259 -0.011931646615266791 0.0390794575214386
v 0.07918714731931682 -0.014370672404766072 0.04360479861497879
v 0.0797270610928535 -0.021033531054854376 0.039899274706840515
v 0.0797270610928535 -0.021033531054854376 0.039899274706840515
v 0.07918714731931682 -0.014370672404766072 0.04360479861497879
v 0.07782708108425138 -0.017752155661582933 0.049878764897584915
v 0.0797270610928535 -0.021033531054854376 0.039899274706840515
v 0.07782708108425138 -0.017752155661582933 0.049878764897584915
v 0.07694306969642636 -0.02745898626744745 0.05315632000565529
v 0.07694306969642636 -0.02745898626744745 0.05315632000565529
v 0.07782708108425138 -0.017752155661582933 0.049878764897584915
v 0.07749348878860471 -0.018689118325710283 0.05145953968167305
v 0.07694306969642636 -0.02745898626744745 0.05315632000565529
v 0.07749348878860471 -0.018689118325710283 0.05145953968167305
v 0.07624530047178266 -0.02219486236572264 0.05737416818737984
v 0.08029522746801372 -0.0253934822976589 0.02750001847743988
v 0.0803785994648933 -0.025062672793865183 0.02750002034008503
v 0.0797270610928535 -0.021033531054854376 0.039899274706840515
v 0.0824739038944244 -0.0065167220309376665 0.027500025928020477
v 0.08210201561450954 -0.007380803581327194 0.029395177960395813
v 0.0822491273283958 -0.014086765237152566 0.027500027790665627
v 0.0822491273283958 -0.014086765237152566 0.027500027790665627
v 0.08210201561450954 -0.007380803581327194 0.029395177960395813
v 0.08052157610654827 -0.011052933521568767 0.037449102848768234
v 0.0822491273283958 -0.014086765237152566 0.027500027790665627
v 0.08052157610654827 -0.011052933521568767 0.037449102848768234
v 0.08203785121440883 -0.015632294118404375 0.027500025928020477
v 0.08203785121440883 -0.015632294118404375 0.027500025928020477
v 0.08052157610654827 -0.011052933521568767 0.037449102848768234
v 0.08016815036535259 -0.011931646615266791 0.0390794575214386
v 0.08203785121440883 -0.015632294118404375 0.027500025928020477
v 0.08016815036535259 -0.011931646615266791 0.0390794575214386
v 0.08198396116495128 -0.016026504337787614 0.027500025928020477
v 0.08198396116495128 -0.016026504337787614 0.027500025928020477
v 0.08016815036535259 -0.011931646615266791 0.0390794575214386
v 0.0797270610928535 -0.021033531054854376 0.039899274706840515
v 0.08198396116495128 -0.016026504337787614 0.027500025928020477
v 0.0797270610928535 -0.021033531054854376 0.039899274706840515
v 0.08118744939565654 -0.02185325510799883 0.02750002220273018
v 0.08118744939565654 -0.02185325510799883 0.02750002220273018
v 0.0797270610928535 -0.021033531054854376 0.039899274706840515
v 0.0803785994648933 -0.025062672793865183 0.02750002034008503
v 0.07740944623947141 -0.03446242213249204 0.027500011026859283
v 0.07750933617353437 -0.03419628366827962 0.027500011026859283
v 0.07812795788049694 -0.0300448630005121 0.04071204364299774
v 0.07812795788049694 -0.0300448630005121 0.04071204364299774
v 0.07750933617353437 -0.03419628366827962 0.027500011026859283
v 0.07923630625009533 -0.029595168307423567 0.02750001661479473
v 0.06854372471570966 -0.05108803883194919 0.027499986812472343
v 0.07237556576728818 -0.04512696340680119 0.02749999612569809
v 0.07158730179071424 -0.04706873372197148 0.04236653447151184
v 0.07158730179071424 -0.04706873372197148 0.04236653447151184
v 0.07237556576728818 -0.04512696340680119 0.02749999612569809
v 0.07340600341558454 -0.043098427355289425 0.027499999850988388
v 0.07158730179071424 -0.04706873372197148 0.04236653447151184
v 0.07340600341558454 -0.043098427355289425 0.027499999850988388
v 0.07350898534059522 -0.04289568588137623 0.027499999850988388
v 0.0679231062531471 -0.05205352231860157 0.027499984949827194
v 0.06685943156480786 -0.054870780557393986 0.04318035766482353
v 0.06273501366376874 -0.05871305614709849 0.02749997191131115
v 0.05624186247587201 -0.06576948612928385 0.027499955147504807
v 0.06255257874727246 -0.058947235345840406 0.02749997191131115
v 0.06135589256882665 -0.06214187666773791 0.0439554825425148
v 0.05624186247587201 -0.06576948612928385 0.027499955147504807
v 0.06135589256882665 -0.06214187666773791 0.0439554825425148
v 0.05620329082012174 -0.06581118702888483 0.027499955147504807
v 0.06845154613256452 -0.051231443881988484 0.027499986812472343
v 0.06854372471570966 -0.05108803883194919 0.027499986812472343
v 0.06685943156480786 -0.054870780557393986 0.04318035766482353
v 0.06685943156480786 -0.054870780557393986 0.04318035766482353
v 0.06854372471570966 -0.05108803883194919 0.027499986812472343
v 0.07158730179071424 -0.04706873372197148 0.04236653447151184
v 0.06685943156480786 -0.054870780557393986 0.04318035766482353
v 0.07158730179071424 -0.04706873372197148 0.04236653447151184
v 0.0647817403078079 -0.05996479839086528 0.060143887996673584
v 0.0647817403078079 -0.05996479839086528 0.060143887996673584
v 0.07158730179071424 -0.04706873372197148 0.04236653447151184
v 0.06920575350522992 -0.05246806517243381 0.058404698967933655
v 0.0647817403078079 -0.05996479839086528 0.060143887996673584
v 0.06920575350522992 -0.05246806517243381 0.058404698967933655
v 0.06483998894691465 -0.06461821496486658 0.09026280790567398
v 0.06255257874727246 -0.058947235345840406 0.02749997191131115
v 0.06273501366376874 -0.05871305614709849 0.02749997191131115
v 0.06135589256882665 -0.06214187666773791 0.0439554825425148
v 0.06135589256882665 -0.06214187666773791 0.0439554825425148
v 0.06273501366376874 -0.05871305614709849 0.02749997191131115
v 0.06685943156480786 -0.054870780557393986 0.04318035766482353
v 0.06135589256882665 -0.06214187666773791 0.0439554825425148
v 0.06685943156480786 -0.054870780557393986 0.04318035766482353
v 0.05963743478059766 -0.06695473194122309 0.06180868297815323
v 0.05963743478059766 -0.06695473194122309 0.06180868297815323
v 0.06685943156480786 -0.054870780557393986 0.04318035766482353
v 0.0647817403078079 -0.05996479839086528 0.060143887996673584
v 0.05963743478059766 -0.06695473194122309 0.06180868297815323
v 0.0647817403078079 -0.05996479839086528 0.060143887996673584
v 0.06093358621001241 -0.07159957289695734 0.09382481873035431
v 0.06093358621001241 -0.07159957289695734 0.09382481873035431
v 0.0647817403078079 -0.05996479839086528 0.060143887996673584
v 0.06483998894691465 -0.06461821496486658 0.09026280790567398
v 0.06093358621001241 -0.07159957289695734 0.09382481873035431
v 0.06483998894691465 -0.06461821496486658 0.09026280790567398
v 0.059511061757802936 -0.07714759558439249 0.11093494296073914
v 0.059511061757802936 -0.07714759558439249 0.11093494296073914
v 0.06483998894691465 -0.06461821496486658 0.09026280790567398
v 0.06322652101516721 -0.0704196542501449 0.10649997740983963
v 0.059511061757802936 -0.07714759558439249 0.11093494296073914
v 0.06322652101516721 -0.0704196542501449 0.10649997740983963
v 0.058610431849956485 -0.08189478516578667 0.12838557362556458
v 0.058610431849956485 -0.08189478516578667 0.12838557362556458
v 0.06322652101516721 -0.0704196542501449 0.10649997740983963
v 0.062196318060159655 -0.07544400542974466 0.12311071902513504
v 0.058610431849956485 -0.08189478516578667 0.12838557362556458
v 0.062196318060159655 -0.07544400542974466 0.12311071902513504
v 0.05835741758346555 -0.08539161086082452 0.1461777240037918
v 0.05835741758346555 -0.08539161086082452 0.1461777240037918
v 0.062196318060159655 -0.07544400542974466 0.12311071902513504
v 0.06188921630382535 -0.07925970107316965 0.1400991678237915
v 0.05835741758346555 -0.08539161086082452 0.1461777240037918
v 0.06188921630382535 -0.07925970107316965 0.1400991678237915
v 0.05881853774189946 -0.0871699154376983 0.16419683396816254
v 0.05881853774189946 -0.0871699154376983 0.16419683396816254
v 0.06188921630382535 -0.07925970107316965 0.1400991678237915
v 0.06238292530179021 -0.08141925930976861 0.15735484659671783
v 0.05881853774189946 -0.0871699154376983 0.16419683396816254
v 0.06238292530179021 -0.08141925930976861 0.15735484659671783
v 0.05930808186531064 -0.08724722266197198 0.17322275042533875
v 0.05930808186531064 -0.08724722266197198 0.17322275042533875
v 0.06238292530179021 -0.08141925930976861 0.15735484659671783
v 0.06363816559314725 -0.08139276504516595 0.17464958131313324
v 0.0759446248412132 -3.615982535620785e-08 0.2420448660850525
v 0.07482188194990155 -2.3010525040945124e-08 0.24436233937740326
v 0.07573132216930387 -0.015305918641388404 0.24108004570007324
v 0.07573132216930387 -0.015305918641388404 0.24108004570007324
v 0.07482188194990155 -2.3010525040945124e-08 0.24436233937740326
v 0.07058594375848767 -0.01603460125625132 0.24997499585151672
v 0.07573132216930387 -0.015305918641388404 0.24108004570007324
v 0.07058594375848767 -0.01603460125625132 0.24997499585151672
v 0.0752669498324394 -0.023866048082709295 0.23970884084701538
v 0.0752669498324394 -0.023866048082709295 0.23970884084701538
v 0.07058594375848767 -0.01603460125625132 0.24997499585151672
v 0.07017870247364041 -0.024948878213763216 0.2486310750246048
v 0.0752669498324394 -0.023866048082709295 0.23970884084701538
v 0.07017870247364041 -0.024948878213763216 0.2486310750246048
v 0.07459286600351331 -0.03225236386060712 0.23761962354183197
v 0.07459286600351331 -0.03225236386060712 0.23761962354183197
v 0.07017870247364041 -0.024948878213763216 0.2486310750246048
v 0.06958950310945508 -0.033703874796628924 0.246578648686409
v 0.07459286600351331 -0.03225236386060712 0.23761962354183197
v 0.06958950310945508 -0.033703874796628924 0.246578648686409
v 0.0737296715378761 -0.040360663086175884 0.23472996056079865
v 0.0737296715378761 -0.040360663086175884 0.23472996056079865
v 0.06958950310945508 -0.033703874796628924 0.246578648686409
v 0.06883639842271802 -0.04220066219568249 0.24372532963752747
v 0.0737296715378761 -0.040360663086175884 0.23472996056079865
v 0.06883639842271802 -0.04220066219568249 0.24372532963752747
v 0.07270628958940503 -0.04806589335203167 0.23097790777683258
v 0.07270628958940503 -0.04806589335203167 0.23097790777683258
v 0.06883639842271802 -0.04220066219568249 0.24372532963752747
v 0.06794375181198117 -0.050315964967012364 0.2399948686361313
v 0.07270628958940503 -0.04806589335203167 0.23097790777683258
v 0.06794375181198117 -0.050315964967012364 0.2399948686361313
v 0.07155949622392652 -0.0552253350615501 0.2263287752866745
v 0.07155949622392652 -0.0552253350615501 0.2263287752866745
v 0.06794375181198117 -0.050315964967012364 0.2399948686361313
v 0.06694237887859342 -0.05790373310446735 0.2353365421295166
v 0.07155949622392652 -0.0552253350615501 0.2263287752866745
v 0.06694237887859342 -0.05790373310446735 0.2353365421295166
v 0.07033255696296689 -0.06168968603014941 0.22078968584537506
v 0.07033255696296689 -0.06168968603014941 0.22078968584537506
v 0.06694237887859342 -0.05790373310446735 0.2353365421295166
v 0.06586887687444684 -0.06480532139539713 0.2297423630952835
v 0.07033255696296689 -0.06168968603014941 0.22078968584537506
v 0.06586887687444684 -0.06480532139539713 0.2297423630952835
v 0.0690721273422241 -0.06732150912284846 0.2144189178943634
v 0.0690721273422241 -0.06732150912284846 0.2144189178943634
v 0.06586887687444684 -0.06480532139539713 0.2297423630952835
v 0.06476327776908872 -0.07086960226297373 0.22326065599918365
v 0.0690721273422241 -0.06732150912284846 0.2144189178943634
v 0.06476327776908872 -0.07086960226297373 0.22326065599918365
v 0.06782364845275876 -0.07201996445655817 0.207326278090477
v 0.06782364845275876 -0.07201996445655817 0.207326278090477
v 0.06476327776908872 -0.07086960226297373 0.22326065599918365
v 0.06366509944200513 -0.07598129659891123 0.2159988433122635
v 0.06782364845275876 -0.07201996445655817 0.207326278090477
v 0.06366509944200513 -0.07598129659891123 0.2159988433122635
v 0.06662662327289579 -0.07574007660150522 0.19965724647045135
v 0.06662662327289579 -0.07574007660150522 0.19965724647045135
v 0.06366509944200513 -0.07598129659891123 0.2159988433122635
v 0.06260894238948819 -0.08008444309234614 0.20810724794864655
v 0.06662662327289579 -0.07574007660150522 0.19965724647045135
v 0.06260894238948819 -0.08008444309234614 0.20810724794864655
v 0.06551305204629895 -0.07849629223346705 0.19156639277935028
v 0.06551305204629895 -0.07849629223346705 0.19156639277935028
v 0.06260894238948819 -0.08008444309234614 0.20810724794864655
v 0.06162294372916219 -0.0831880941987037 0.1997494250535965
v 0.06551305204629895 -0.07849629223346705 0.19156639277935028
v 0.06162294372916219 -0.0831880941987037 0.1997494250535965
v 0.06450913101434705 -0.08035079389810557 0.18319334089756012
v 0.06450913101434705 -0.08035079389810557 0.18319334089756012
v 0.06162294372916219 -0.0831880941987037 0.1997494250535965
v 0.060730237513780566 -0.08535391092300408 0.19107474386692047
v 0.06450913101434705 -0.08035079389810557 0.18319334089756012
v 0.060730237513780566 -0.08535391092300408 0.19107474386692047
v 0.06363816559314725 -0.08139276504516595 0.17464958131313324
v 0.06363816559314725 -0.08139276504516595 0.17464958131313324
v 0.060730237513780566 -0.08535391092300408 0.19107474386692047
v 0.05995177105069158 -0.08667352795600884 0.182203009724617
v 0.06363816559314725 -0.08139276504516595 0.17464958131313324
v 0.05995177105069158 -0.08667352795600884 0.182203009724617
v 0.05930808186531064 -0.08724722266197198 0.17322275042533875
v 0.07057077437639234 -2.0520043619853807e-07 0.2513614594936371
v 0.06508348137140271 -3.009054978519996e-07 0.2586574852466583
v 0.07058594375848767 -0.01603460125625132 0.24997499585151672
v 0.07058594375848767 -0.01603460125625132 0.24997499585151672
v 0.06508348137140271 -3.009054978519996e-07 0.2586574852466583
v 0.06441907584667203 -0.016726234927773462 0.2582244277000427
v 0.07058594375848767 -0.01603460125625132 0.24997499585151672
v 0.06441907584667203 -0.016726234927773462 0.2582244277000427
v 0.07017870247364041 -0.024948878213763216 0.2486310750246048
v 0.07017870247364041 -0.024948878213763216 0.2486310750246048
v 0.06441907584667203 -0.016726234927773462 0.2582244277000427
v 0.06406829506158826 -0.0259780380874872 0.2569197118282318
v 0.07017870247364041 -0.024948878213763216 0.2486310750246048
v 0.06406829506158826 -0.0259780380874872 0.2569197118282318
v 0.06958950310945508 -0.033703874796628924 0.246578648686409
v 0.06958950310945508 -0.033703874796628924 0.246578648686409
v 0.06406829506158826 -0.0259780380874872 0.2569197118282318
v 0.06356719881296155 -0.03508614003658292 0.25491634011268616
v 0.06958950310945508 -0.033703874796628924 0.246578648686409
v 0.06356719881296155 -0.03508614003658292 0.25491634011268616
v 0.06883639842271802 -0.04220066219568249 0.24372532963752747
v 0.06883639842271802 -0.04220066219568249 0.24372532963752747
v 0.06356719881296155 -0.03508614003658292 0.25491634011268616
v 0.06293064355850217 -0.04395695403218266 0.25211161375045776
v 0.06883639842271802 -0.04220066219568249 0.24372532963752747
v 0.06293064355850217 -0.04395695403218266 0.25211161375045776
v 0.06794375181198117 -0.050315964967012364 0.2399948686361313
v 0.06794375181198117 -0.050315964967012364 0.2399948686361313
v 0.06293064355850217 -0.04395695403218266 0.25211161375045776
v 0.06217811256647107 -0.052468858659267384 0.24841484427452087
v 0.06794375181198117 -0.050315964967012364 0.2399948686361313
v 0.06217811256647107 -0.052468858659267384 0.24841484427452087
v 0.06694237887859342 -0.05790373310446735 0.2353365421295166
v 0.06694237887859342 -0.05790373310446735 0.2353365421295166
v 0.06217811256647107 -0.052468858659267384 0.24841484427452087
v 0.06133443117141721 -0.06047220900654788 0.24375905096530914
v 0.06694237887859342 -0.05790373310446735 0.2353365421295166
v 0.06133443117141721 -0.06047220900654788 0.24375905096530914
v 0.06586887687444684 -0.06480532139539713 0.2297423630952835
v 0.06586887687444684 -0.06480532139539713 0.2297423630952835
v 0.06133443117141721 -0.06047220900654788 0.24375905096530914
v 0.06042972952127454 -0.06779860705137247 0.23812109231948853
v 0.06586887687444684 -0.06480532139539713 0.2297423630952835
v 0.06042972952127454 -0.06779860705137247 0.23812109231948853
v 0.06476327776908872 -0.07086960226297373 0.22326065599918365
v 0.06476327776908872 -0.07086960226297373 0.22326065599918365
v 0.06042972952127454 -0.06779860705137247 0.23812109231948853
v 0.05949787795543668 -0.07428269833326334 0.23153935372829437
v 0.06476327776908872 -0.07086960226297373 0.22326065599918365
v 0.05949787795543668 -0.07428269833326334 0.23153935372829437
v 0.06366509944200513 -0.07598129659891123 0.2159988433122635
v 0.06366509944200513 -0.07598129659891123 0.2159988433122635
v 0.05949787795543668 -0.07428269833326334 0.23153935372829437
v 0.05857304111123082 -0.07979417592287058 0.2241191565990448
v 0.06366509944200513 -0.07598129659891123 0.2159988433122635
v 0.05857304111123082 -0.07979417592287058 0.2241191565990448
v 0.06260894238948819 -0.08008444309234614 0.20810724794864655
v 0.06260894238948819 -0.08008444309234614 0.20810724794864655
v 0.05857304111123082 -0.07979417592287058 0.2241191565990448
v 0.05768555030226705 -0.08426536619663232 0.21601602435112
v 0.06260894238948819 -0.08008444309234614 0.20810724794864655
v 0.05768555030226705 -0.08426536619663232 0.21601602435112
v 0.06162294372916219 -0.0831880941987037 0.1997494250535965
v 0.06162294372916219 -0.0831880941987037 0.1997494250535965
v 0.05768555030226705 -0.08426536619663232 0.21601602435112
v 0.056859984993934604 -0.08769921958446496 0.207403302192688
v 0.06162294372916219 -0.0831880941987037 0.1997494250535965
v 0.056859984993934604 -0.08769921958446496 0.207403302192688
v 0.060730237513780566 -0.08535391092300408 0.19107474386692047
v 0.060730237513780566 -0.08535391092300408 0.19107474386692047
v 0.056859984993934604 -0.08769921958446496 0.207403302192688
v 0.056116081774234744 -0.09015619754791253 0.1984410434961319
v 0.060730237513780566 -0.08535391092300408 0.19107474386692047
v 0.056116081774234744 -0.09015619754791253 0.1984410434961319
v 0.05995177105069158 -0.08667352795600884 0.182203009724617
v 0.05995177105069158 -0.08667352795600884 0.182203009724617
v 0.056116081774234744 -0.09015619754791253 0.1984410434961319
v 0.05547107756137845 -0.09172991663217538 0.1892586052417755
v 0.05995177105069158 -0.08667352795600884 0.182203009724617
v 0.05547107756137845 -0.09172991663217538 0.1892586052417755
v 0.05930808186531064 -0.08724722266197198 0.17322275042533875
v 0.05930808186531064 -0.08724722266197198 0.17322275042533875
v 0.05547107756137845 -0.09172991663217538 0.1892586052417755
v 0.05494138598442075 -0.09252450615167611 0.17995190620422363
v 0.05930808186531064 -0.08724722266197198 0.17322275042533875
v 0.05494138598442075 -0.09252450615167611 0.17995190620422363
v 0.05881853774189946 -0.0871699154376983 0.16419683396816254
v 0.05881853774189946 -0.0871699154376983 0.16419683396816254
v 0.05494138598442075 -0.09252450615167611 0.17995190620422363
v 0.05454225093126295 -0.09263978153467171 0.17058885097503662
v 0.05881853774189946 -0.0871699154376983 0.16419683396816254
v 0.05454225093126295 -0.09263978153467171 0.17058885097503662
v 0.05835741758346555 -0.08539161086082452 0.1461777240037918
v 0.05835741758346555 -0.08539161086082452 0.1461777240037918
v 0.05454225093126295 -0.09263978153467171 0.17058885097503662
v 0.05417887866497038 -0.09118118137121194 0.1518729031085968
v 0.05835741758346555 -0.08539161086082452 0.1461777240037918
v 0.05417887866497038 -0.09118118137121194 0.1518729031085968
v 0.058610431849956485 -0.08189478516578667 0.12838557362556458
v 0.058610431849956485 -0.08189478516578667 0.12838557362556458
v 0.05417887866497038 -0.09118118137121194 0.1518729031085968
v 0.054412268102169016 -0.08794840425252907 0.13335415720939636
v 0.058610431849956485 -0.08189478516578667 0.12838557362556458
v 0.054412268102169016 -0.08794840425252907 0.13335415720939636
v 0.059511061757802936 -0.07714759558439249 0.11093494296073914
v 0.059511061757802936 -0.07714759558439249 0.11093494296073914
v 0.054412268102169016 -0.08794840425252907 0.13335415720939636
v 0.055186647921800586 -0.0834373012185096 0.11513892561197281
v 0.059511061757802936 -0.07714759558439249 0.11093494296073914
v 0.055186647921800586 -0.0834373012185096 0.11513892561197281
v 0.06093358621001241 -0.07159957289695734 0.09382481873035431
v 0.06093358621001241 -0.07159957289695734 0.09382481873035431
v 0.055186647921800586 -0.0834373012185096 0.11513892561197281
v 0.056397058069705935 -0.07811459898948664 0.09722064435482025
v 0.06093358621001241 -0.07159957289695734 0.09382481873035431
v 0.056397058069705935 -0.07811459898948664 0.09722064435482025
v 0.05963743478059766 -0.06695473194122309 0.06180868297815323
v 0.05963743478059766 -0.06695473194122309 0.06180868297815323
v 0.056397058069705935 -0.07811459898948664 0.09722064435482025
v 0.0539174824953079 -0.07344511896371836 0.06334630399942398
v 0.05963743478059766 -0.06695473194122309 0.06180868297815323
v 0.0539174824953079 -0.07344511896371836 0.06334630399942398
v 0.06135589256882665 -0.06214187666773791 0.0439554825425148
v 0.06135589256882665 -0.06214187666773791 0.0439554825425148
v 0.0539174824953079 -0.07344511896371836 0.06334630399942398
v 0.055227801203727694 -0.06888981908559794 0.04466550797224045
v 0.06135589256882665 -0.06214187666773791 0.0439554825425148
v 0.055227801203727694 -0.06888981908559794 0.04466550797224045
v 0.05620329082012174 -0.06581118702888483 0.027499955147504807
v 0.05620329082012174 -0.06581118702888483 0.027499955147504807
v 0.055227801203727694 -0.06888981908559794 0.04466550797224045
v 0.04910024628043173 -0.07410760968923563 0.04085470363497734
v 0.05620329082012174 -0.06581118702888483 0.027499955147504807
v 0.04910024628043173 -0.07410760968923563 0.04085470363497734
v 0.049479417502880076 -0.07235780358314509 0.03022303245961666
v 0.06462419778108594 -2.9208678142822443e-07 0.2591513693332672
v 0.058880805969238253 -1.8180652716637256e-07 0.26532748341560364
v 0.06441907584667203 -0.016726234927773462 0.2582244277000427
v 0.06441907584667203 -0.016726234927773462 0.2582244277000427
v 0.058880805969238253 -1.8180652716637256e-07 0.26532748341560364
v 0.05731845274567601 -0.01738134585320948 0.2656995952129364
v 0.06441907584667203 -0.016726234927773462 0.2582244277000427
v 0.05731845274567601 -0.01738134585320948 0.2656995952129364
v 0.06406829506158826 -0.0259780380874872 0.2569197118282318
v 0.06406829506158826 -0.0259780380874872 0.2569197118282318
v 0.05731845274567601 -0.01738134585320948 0.2656995952129364
v 0.057024724781513186 -0.026954298838973025 0.26443982124328613
v 0.06406829506158826 -0.0259780380874872 0.2569197118282318
v 0.057024724781513186 -0.026954298838973025 0.26443982124328613
v 0.06356719881296155 -0.03508614003658292 0.25491634011268616
v 0.06356719881296155 -0.03508614003658292 0.25491634011268616
v 0.057024724781513186 -0.026954298838973025 0.26443982124328613
v 0.05661626905202863 -0.036400176584720584 0.26249217987060547
v 0.06356719881296155 -0.03508614003658292 0.25491634011268616
v 0.05661626905202863 -0.036400176584720584 0.26249217987060547
v 0.06293064355850217 -0.04395695403218266 0.25211161375045776
v 0.06293064355850217 -0.04395695403218266 0.25211161375045776
v 0.05661626905202863 -0.036400176584720584 0.26249217987060547
v 0.05610412731766698 -0.045630805194377864 0.2597435712814331
v 0.06293064355850217 -0.04395695403218266 0.25211161375045776
v 0.05610412731766698 -0.045630805194377864 0.2597435712814331
v 0.06217811256647107 -0.052468858659267384 0.24841484427452087
v 0.06217811256647107 -0.052468858659267384 0.24841484427452087
v 0.05610412731766698 -0.045630805194377864 0.2597435712814331
v 0.05550257489085195 -0.054526105523109394 0.256088525056839
v 0.06217811256647107 -0.052468858659267384 0.24841484427452087
v 0.05550257489085195 -0.054526105523109394 0.256088525056839
v 0.06133443117141721 -0.06047220900654788 0.24375905096530914
v 0.06133443117141721 -0.06047220900654788 0.24375905096530914
v 0.05550257489085195 -0.054526105523109394 0.256088525056839
v 0.05483040586113927 -0.06293254345655436 0.25144368410110474
v 0.06133443117141721 -0.06047220900654788 0.24375905096530914
v 0.05483040586113927 -0.06293254345655436 0.25144368410110474
v 0.06042972952127454 -0.06779860705137247 0.23812109231948853
v 0.06042972952127454 -0.06779860705137247 0.23812109231948853
v 0.05483040586113927 -0.06293254345655436 0.25144368410110474
v 0.05411151051521299 -0.07067157328128809 0.2457706481218338
v 0.06042972952127454 -0.06779860705137247 0.23812109231948853
v 0.05411151051521299 -0.07067157328128809 0.2457706481218338
v 0.05949787795543668 -0.07428269833326334 0.23153935372829437
v 0.05949787795543668 -0.07428269833326334 0.23153935372829437
v 0.05411151051521299 -0.07067157328128809 0.2457706481218338
v 0.05337401479482649 -0.07756308466196055 0.2390979677438736
v 0.05949787795543668 -0.07428269833326334 0.23153935372829437
v 0.05337401479482649 -0.07756308466196055 0.2390979677438736
v 0.05857304111123082 -0.07979417592287058 0.2241191565990448
v 0.05857304111123082 -0.07979417592287058 0.2241191565990448
v 0.05337401479482649 -0.07756308466196055 0.2390979677438736
v 0.05264732986688612 -0.08346112817525857 0.23152901232242584
v 0.05857304111123082 -0.07979417592287058 0.2241191565990448
v 0.05264732986688612 -0.08346112817525857 0.23152901232242584
v 0.05768555030226705 -0.08426536619663232 0.21601602435112
v 0.05768555030226705 -0.08426536619663232 0.21601602435112
v 0.05264732986688612 -0.08346112817525857 0.23152901232242584
v 0.05195814371109007 -0.08828564733266824 0.22322505712509155
v 0.05768555030226705 -0.08426536619663232 0.21601602435112
v 0.05195814371109007 -0.08828564733266824 0.22322505712509155
v 0.056859984993934604 -0.08769921958446496 0.207403302192688
v 0.056859984993934604 -0.08769921958446496 0.207403302192688
v 0.05195814371109007 -0.08828564733266824 0.22322505712509155
v 0.051327817142009714 -0.09203273802995675 0.21436983346939087
v 0.056859984993934604 -0.08769921958446496 0.207403302192688
v 0.051327817142009714 -0.09203273802995675 0.21436983346939087
v 0.056116081774234744 -0.09015619754791253 0.1984410434961319
v 0.056116081774234744 -0.09015619754791253 0.1984410434961319
v 0.051327817142009714 -0.09203273802995675 0.21436983346939087
v 0.05077230557799337 -0.09476095438003533 0.20513515174388885
v 0.056116081774234744 -0.09015619754791253 0.1984410434961319
v 0.05077230557799337 -0.09476095438003533 0.20513515174388885
v 0.05547107756137845 -0.09172991663217538 0.1892586052417755
v 0.05547107756137845 -0.09172991663217538 0.1892586052417755
v 0.05077230557799337 -0.09476095438003533 0.20513515174388885
v 0.05030379071831701 -0.09656549245119088 0.1956610381603241
v 0.05547107756137845 -0.09172991663217538 0.1892586052417755
v 0.05030379071831701 -0.09656549245119088 0.1956610381603241
v 0.05494138598442075 -0.09252450615167611 0.17995190620422363
v 0.05494138598442075 -0.09252450615167611 0.17995190620422363
v 0.05030379071831701 -0.09656549245119088 0.1956610381603241
v 0.04993230849504469 -0.097554363310337 0.18605196475982666
v 0.05494138598442075 -0.09252450615167611 0.17995190620422363
v 0.04993230849504469 -0.097554363310337 0.18605196475982666
v 0.05454225093126295 -0.09263978153467171 0.17058885097503662
v 0.05454225093126295 -0.09263978153467171 0.17058885097503662
v 0.04993230849504469 -0.097554363310337 0.18605196475982666
v 0.04966614767909048 -0.09783295542001717 0.1763814389705658
v 0.05454225093126295 -0.09263978153467171 0.17058885097503662
v 0.04966614767909048 -0.09783295542001717 0.1763814389705658
v 0.05417887866497038 -0.09118118137121194 0.1518729031085968
v 0.05417887866497038 -0.09118118137121194 0.1518729031085968
v 0.04966614767909048 -0.09783295542001717 0.1763814389705658
v 0.049470361322164515 -0.0966330170631408 0.15704405307769775
v 0.05417887866497038 -0.09118118137121194 0.1518729031085968
v 0.049470361322164515 -0.0966330170631408 0.15704405307769775
v 0.054412268102169016 -0.08794840425252907 0.13335415720939636
v 0.054412268102169016 -0.08794840425252907 0.13335415720939636
v 0.049470361322164515 -0.0966330170631408 0.15704405307769775
v 0.04972356557846067 -0.09360998123884194 0.13788749277591705
v 0.054412268102169016 -0.08794840425252907 0.13335415720939636
v 0.04972356557846067 -0.09360998123884194 0.13788749277591705
v 0.04516858235001562 -0.0968722999095916 0.13272659480571747
v 0.04516858235001562 -0.0968722999095916 0.13272659480571747
v 0.04972356557846067 -0.09360998123884194 0.13788749277591705
v 0.044957008212804773 -0.09858182817697517 0.14170391857624054
v 0.08348955214023586 -0.025909630581736544 0.1982080638408661
v 0.08298850059509273 -0.02756265364587305 0.2083948403596878
v 0.08284410834312435 -0.029739720746874785 0.1966736614704132
v 0.08284410834312435 -0.029739720746874785 0.1966736614704132
v 0.08298850059509273 -0.02756265364587305 0.2083948403596878
v 0.08185609430074688 -0.034438040107488604 0.20548661053180695
v 0.08284410834312435 -0.029739720746874785 0.1966736614704132
v 0.08185609430074688 -0.034438040107488604 0.20548661053180695
v 0.082765981554985 -0.03020335361361501 0.1964879184961319
v 0.082765981554985 -0.03020335361361501 0.1964879184961319
v 0.08185609430074688 -0.034438040107488604 0.20548661053180695
v 0.08230292797088619 -0.032350320369005175 0.1953081339597702
v 0.08441108465194698 -0.019120329990982995 0.20030279457569122
v 0.08387112617492672 -0.02035644277930258 0.21049939095973969
v 0.08402183651924129 -0.022281005978584272 0.19943930208683014
v 0.08402183651924129 -0.022281005978584272 0.19943930208683014
v 0.08387112617492672 -0.02035644277930258 0.21049939095973969
v 0.08298850059509273 -0.02756265364587305 0.2083948403596878
v 0.08402183651924129 -0.022281005978584272 0.19943930208683014
v 0.08298850059509273 -0.02756265364587305 0.2083948403596878
v 0.08380680531263347 -0.02402704954147337 0.1989622712135315
v 0.08380680531263347 -0.02402704954147337 0.1989622712135315
v 0.08298850059509273 -0.02756265364587305 0.2083948403596878
v 0.08348955214023586 -0.025909630581736544 0.1982080638408661
v 0.08441108465194698 -0.019120329990982995 0.20030279457569122
v 0.08462123572826381 -0.017413966357707963 0.20076897740364075
v 0.08387112617492672 -0.02035644277930258 0.21049939095973969
v 0.08387112617492672 -0.02035644277930258 0.21049939095973969
v 0.08462123572826381 -0.017413966357707963 0.20076897740364075
v 0.08485260605812069 -0.014489609748125066 0.20124511420726776
v 0.08387112617492672 -0.02035644277930258 0.21049939095973969
v 0.08485260605812069 -0.014489609748125066 0.20124511420726776
v 0.0844795703887939 -0.012938999570906152 0.2118542343378067
v 0.0844795703887939 -0.012938999570906152 0.2118542343378067
v 0.08485260605812069 -0.014489609748125066 0.20124511420726776
v 0.08504118770360942 -0.012106118723750106 0.20163318514823914
v 0.0844795703887939 -0.012938999570906152 0.2118542343378067
v 0.08504118770360942 -0.012106118723750106 0.20163318514823914
v 0.08517827093601223 -0.010373447090387336 0.20191527903079987
v 0.08299741148948665 -2.542070944855366e-07 0.22280755639076233
v 0.08152821660041805 -2.419519375962407e-07 0.22852544486522675
v 0.08271493017673488 -0.013750603422522534 0.22188825905323029
v 0.08271493017673488 -0.013750603422522534 0.22188825905323029
v 0.08152821660041805 -2.419519375962407e-07 0.22852544486522675
v 0.07978942990303035 -0.01454261504113673 0.23167337477207184
v 0.08271493017673488 -0.013750603422522534 0.22188825905323029
v 0.07978942990303035 -0.01454261504113673 0.23167337477207184
v 0.08214509487152095 -0.02155876532196997 0.22051259875297546
v 0.08214509487152095 -0.02155876532196997 0.22051259875297546
v 0.07978942990303035 -0.01454261504113673 0.23167337477207184
v 0.07926936447620388 -0.02273311093449591 0.2302912473678589
v 0.08214509487152095 -0.02155876532196997 0.22051259875297546
v 0.07926936447620388 -0.02273311093449591 0.2302912473678589
v 0.08131998777389522 -0.02916714176535604 0.2183985710144043
v 0.08131998777389522 -0.02916714176535604 0.2183985710144043
v 0.07926936447620388 -0.02273311093449591 0.2302912473678589
v 0.0785153359174728 -0.030736291781067824 0.22818128764629364
v 0.08131998777389522 -0.02916714176535604 0.2183985710144043
v 0.0785153359174728 -0.030736291781067824 0.22818128764629364
v 0.08026337623596187 -0.03646120056509969 0.2154829502105713
v 0.08026337623596187 -0.03646120056509969 0.2154829502105713
v 0.0785153359174728 -0.030736291781067824 0.22818128764629364
v 0.07754985243082044 -0.03844276070594785 0.22527077794075012
v 0.08026337623596187 -0.03646120056509969 0.2154829502105713
v 0.07754985243082044 -0.03844276070594785 0.22527077794075012
v 0.0790123417973518 -0.04331198707222935 0.21173158288002014
v 0.0790123417973518 -0.04331198707222935 0.21173158288002014
v 0.07754985243082044 -0.03844276070594785 0.22527077794075012
v 0.07640606909990308 -0.04572556540369984 0.22151179611682892
v 0.0790123417973518 -0.04331198707222935 0.21173158288002014
v 0.07640606909990308 -0.04572556540369984 0.22151179611682892
v 0.07761546969413755 -0.04958258941769596 0.2071414291858673
v 0.07761546969413755 -0.04958258941769596 0.2071414291858673
v 0.07640606909990308 -0.04572556540369984 0.22151179611682892
v 0.0751267001032829 -0.05244503170251842 0.21688556671142578
v 0.07761546969413755 -0.04958258941769596 0.2071414291858673
v 0.0751267001032829 -0.05244503170251842 0.21688556671142578
v 0.07613001018762586 -0.055141177028417546 0.2017495185136795
v 0.07613001018762586 -0.055141177028417546 0.2017495185136795
v 0.0751267001032829 -0.05244503170251842 0.21688556671142578
v 0.0737618803977966 -0.058460798114538144 0.2114141881465912
v 0.07613001018762586 -0.055141177028417546 0.2017495185136795
v 0.0737618803977966 -0.058460798114538144 0.2114141881465912
v 0.07461715489625928 -0.05987614765763278 0.19563426077365875
v 0.07461715489625928 -0.05987614765763278 0.19563426077365875
v 0.0737618803977966 -0.058460798114538144 0.2114141881465912
v 0.07236532121896741 -0.06364860385656351 0.20516598224639893
v 0.07461715489625928 -0.05987614765763278 0.19563426077365875
v 0.07236532121896741 -0.06364860385656351 0.20516598224639893
v 0.07313600182533261 -0.06371365487575525 0.18891088664531708
v 0.07313600182533261 -0.06371365487575525 0.18891088664531708
v 0.07236532121896741 -0.06364860385656351 0.20516598224639893
v 0.07098899781703946 -0.06792141497135157 0.19825337827205658
v 0.07313600182533261 -0.06371365487575525 0.18891088664531708
v 0.07098899781703946 -0.06792141497135157 0.19825337827205658
v 0.07173769176006314 -0.06662867963314051 0.18171662092208862
v 0.07173769176006314 -0.06662867963314051 0.18171662092208862
v 0.07098899781703946 -0.06792141497135157 0.19825337827205658
v 0.06967791914939878 -0.0712445899844169 0.1908174753189087
v 0.07173769176006314 -0.06662867963314051 0.18171662092208862
v 0.06967791914939878 -0.0712445899844169 0.1908174753189087
v 0.07046298682689664 -0.06864422559738154 0.17419005930423737
v 0.07046298682689664 -0.06864422559738154 0.17419005930423737
v 0.06967791914939878 -0.0712445899844169 0.1908174753189087
v 0.068468302488327 -0.07363719493150706 0.18300451338291168
v 0.07046298682689664 -0.06864422559738154 0.17419005930423737
v 0.068468302488327 -0.07363719493150706 0.18300451338291168
v 0.06934306770563123 -0.0698214247822761 0.16645438969135284
v 0.06934306770563123 -0.0698214247822761 0.16645438969135284
v 0.068468302488327 -0.07363719493150706 0.18300451338291168
v 0.06738901138305661 -0.07516124844551081 0.1749453991651535
v 0.06934306770563123 -0.0698214247822761 0.16645438969135284
v 0.06738901138305661 -0.07516124844551081 0.1749453991651535
v 0.068401925265789 -0.07024325430393213 0.15860791504383087
v 0.068401925265789 -0.07024325430393213 0.15860791504383087
v 0.06738901138305661 -0.07516124844551081 0.1749453991651535
v 0.06646437942981717 -0.07590305805206293 0.1667444407939911
v 0.068401925265789 -0.07024325430393213 0.15860791504383087
v 0.06646437942981717 -0.07590305805206293 0.1667444407939911
v 0.06712862104177472 -0.06917224079370493 0.14285242557525635
v 0.06712862104177472 -0.06917224079370493 0.14285242557525635
v 0.06646437942981717 -0.07590305805206293 0.1667444407939911
v 0.06516412645578382 -0.07540529221296305 0.1502024382352829
v 0.06712862104177472 -0.06917224079370493 0.14285242557525635
v 0.06516412645578382 -0.07540529221296305 0.1502024382352829
v 0.06673711538314817 -0.06607685983180994 0.1272870898246765
v 0.06673711538314817 -0.06607685983180994 0.1272870898246765
v 0.06516412645578382 -0.07540529221296305 0.1502024382352829
v 0.06469605118036267 -0.07280492037534708 0.13376767933368683
v 0.06673711538314817 -0.06607685983180994 0.1272870898246765
v 0.06469605118036267 -0.07280492037534708 0.13376767933368683
v 0.06722081452608106 -0.061470147222280454 0.11209210753440857
v 0.06722081452608106 -0.061470147222280454 0.11209210753440857
v 0.06469605118036267 -0.07280492037534708 0.13376767933368683
v 0.06508321315050122 -0.06861749291419977 0.11764847487211227
v 0.06722081452608106 -0.061470147222280454 0.11209210753440857
v 0.06508321315050122 -0.06861749291419977 0.11764847487211227
v 0.06847833096981046 -0.055779311805963475 0.09733279794454575
v 0.06847833096981046 -0.055779311805963475 0.09733279794454575
v 0.06508321315050122 -0.06861749291419977 0.11764847487211227
v 0.06623630225658414 -0.06327682733535761 0.10193885862827301
v 0.06847833096981046 -0.055779311805963475 0.09733279794454575
v 0.06623630225658414 -0.06327682733535761 0.10193885862827301
v 0.07036150991916654 -0.04939772933721538 0.08297274261713028
v 0.07036150991916654 -0.04939772933721538 0.08297274261713028
v 0.06623630225658414 -0.06327682733535761 0.10193885862827301
v 0.06800799071788785 -0.057195786386728245 0.08662290871143341
v 0.07036150991916654 -0.04939772933721538 0.08297274261713028
v 0.06800799071788785 -0.057195786386728245 0.08662290871143341
v 0.07537408173084256 -0.03611677885055539 0.05488244816660881
v 0.07537408173084256 -0.03611677885055539 0.05488244816660881
v 0.06800799071788785 -0.057195786386728245 0.08662290871143341
v 0.0727734640240669 -0.04449343308806416 0.0566389225423336
v 0.07537408173084256 -0.03611677885055539 0.05488244816660881
v 0.0727734640240669 -0.04449343308806416 0.0566389225423336
v 0.07812795788049694 -0.0300448630005121 0.04071204364299774
v 0.07812795788049694 -0.0300448630005121 0.04071204364299774
v 0.0727734640240669 -0.04449343308806416 0.0566389225423336
v 0.0753873139619827 -0.03876641392707822 0.041537851095199585
v 0.07812795788049694 -0.0300448630005121 0.04071204364299774
v 0.0753873139619827 -0.03876641392707822 0.041537851095199585
v 0.07740944623947141 -0.03446242213249204 0.027500011026859283
v 0.07740944623947141 -0.03446242213249204 0.027500011026859283
v 0.0753873139619827 -0.03876641392707822 0.041537851095199585
v 0.07632450759410855 -0.037353001534938785 0.027500007301568985
v 0.08482623845338817 -1.3651622055022006e-07 0.21271860599517822
v 0.08373133093118663 -2.603291022751362e-07 0.21995121240615845
v 0.0844795703887939 -0.012938999570906152 0.2118542343378067
v 0.0844795703887939 -0.012938999570906152 0.2118542343378067
v 0.08373133093118663 -2.603291022751362e-07 0.21995121240615845
v 0.08271493017673488 -0.013750603422522534 0.22188825905323029
v 0.0844795703887939 -0.012938999570906152 0.2118542343378067
v 0.08271493017673488 -0.013750603422522534 0.22188825905323029
v 0.08387112617492672 -0.02035644277930258 0.21049939095973969
v 0.08387112617492672 -0.02035644277930258 0.21049939095973969
v 0.08271493017673488 -0.013750603422522534 0.22188825905323029
v 0.08214509487152095 -0.02155876532196997 0.22051259875297546
v 0.08387112617492672 -0.02035644277930258 0.21049939095973969
v 0.08214509487152095 -0.02155876532196997 0.22051259875297546
v 0.08298850059509273 -0.02756265364587305 0.2083948403596878
v 0.08298850059509273 -0.02756265364587305 0.2083948403596878
v 0.08214509487152095 -0.02155876532196997 0.22051259875297546
v 0.08131998777389522 -0.02916714176535604 0.2183985710144043
v 0.08298850059509273 -0.02756265364587305 0.2083948403596878
v 0.08131998777389522 -0.02916714176535604 0.2183985710144043
v 0.08185609430074688 -0.034438040107488604 0.20548661053180695
v 0.08185609430074688 -0.034438040107488604 0.20548661053180695
v 0.08131998777389522 -0.02916714176535604 0.2183985710144043
v 0.08026337623596187 -0.03646120056509969 0.2154829502105713
v 0.08185609430074688 -0.034438040107488604 0.20548661053180695
v 0.08026337623596187 -0.03646120056509969 0.2154829502105713
v 0.08051459491252895 -0.040851529687643016 0.2017541080713272
v 0.08051459491252895 -0.040851529687643016 0.2017541080713272
v 0.08026337623596187 -0.03646120056509969 0.2154829502105713
v 0.0790123417973518 -0.04331198707222935 0.21173158288002014
v 0.08051459491252895 -0.040851529687643016 0.2017541080713272
v 0.0790123417973518 -0.04331198707222935 0.21173158288002014
v 0.07901840656995769 -0.04666868597269055 0.19720980525016785
v 0.07901840656995769 -0.04666868597269055 0.19720980525016785
v 0.0790123417973518 -0.04331198707222935 0.21173158288002014
v 0.07761546969413755 -0.04958258941769596 0.2071414291858673
v 0.07901840656995769 -0.04666868597269055 0.19720980525016785
v 0.07761546969413755 -0.04958258941769596 0.2071414291858673
v 0.07743213325738904 -0.051765810698270756 0.19190561771392822
v 0.07743213325738904 -0.051765810698270756 0.19190561771392822
v 0.07761546969413755 -0.04958258941769596 0.2071414291858673
v 0.07613001018762586 -0.055141177028417546 0.2017495185136795
v 0.07743213325738904 -0.051765810698270756 0.19190561771392822
v 0.07613001018762586 -0.055141177028417546 0.2017495185136795
v 0.07582486420869824 -0.05604342743754383 0.185930073261261
v 0.07582486420869824 -0.05604342743754383 0.185930073261261
v 0.07613001018762586 -0.055141177028417546 0.2017495185136795
v 0.07461715489625928 -0.05987614765763278 0.19563426077365875
v 0.07582486420869824 -0.05604342743754383 0.185930073261261
v 0.07461715489625928 -0.05987614765763278 0.19563426077365875
v 0.07426341623067853 -0.05944027006626124 0.1794014871120453
v 0.07426341623067853 -0.05944027006626124 0.1794014871120453
v 0.07461715489625928 -0.05987614765763278 0.19563426077365875
v 0.07313600182533261 -0.06371365487575525 0.18891088664531708
v 0.07426341623067853 -0.05944027006626124 0.1794014871120453
v 0.07313600182533261 -0.06371365487575525 0.18891088664531708
v 0.07280568778514859 -0.06194026768207545 0.17245358228683472
v 0.07280568778514859 -0.06194026768207545 0.17245358228683472
v 0.07313600182533261 -0.06371365487575525 0.18891088664531708
v 0.07173769176006314 -0.06662867963314051 0.18171662092208862
v 0.07280568778514859 -0.06194026768207545 0.17245358228683472
v 0.07173769176006314 -0.06662867963314051 0.18171662092208862
v 0.07149732112884519 -0.06356959044933314 0.16521808505058289
v 0.07149732112884519 -0.06356959044933314 0.16521808505058289
v 0.07173769176006314 -0.06662867963314051 0.18171662092208862
v 0.07046298682689664 -0.06864422559738154 0.17419005930423737
v 0.07149732112884519 -0.06356959044933314 0.16521808505058289
v 0.07046298682689664 -0.06864422559738154 0.17419005930423737
v 0.07037142664194104 -0.0643878281116485 0.15781144797801971
v 0.07037142664194104 -0.0643878281116485 0.15781144797801971
v 0.07046298682689664 -0.06864422559738154 0.17419005930423737
v 0.06934306770563123 -0.0698214247822761 0.16645438969135284
v 0.07037142664194104 -0.0643878281116485 0.15781144797801971
v 0.06934306770563123 -0.0698214247822761 0.16645438969135284
v 0.06945032626390454 -0.06447417289018625 0.15032708644866943
v 0.06945032626390454 -0.06447417289018625 0.15032708644866943
v 0.06934306770563123 -0.0698214247822761 0.16645438969135284
v 0.068401925265789 -0.07024325430393213 0.15860791504383087
v 0.06945032626390454 -0.06447417289018625 0.15032708644866943
v 0.068401925265789 -0.07024325430393213 0.15860791504383087
v 0.06827314943075177 -0.06278951466083521 0.13538354635238647
v 0.06827314943075177 -0.06278951466083521 0.13538354635238647
v 0.068401925265789 -0.07024325430393213 0.15860791504383087
v 0.06712862104177472 -0.06917224079370493 0.14285242557525635
v 0.06827314943075177 -0.06278951466083521 0.13538354635238647
v 0.06712862104177472 -0.06917224079370493 0.14285242557525635
v 0.0680042505264282 -0.05915350466966624 0.12072740495204926
v 0.0680042505264282 -0.05915350466966624 0.12072740495204926
v 0.06712862104177472 -0.06917224079370493 0.14285242557525635
v 0.06673711538314817 -0.06607685983180994 0.1272870898246765
v 0.0680042505264282 -0.05915350466966624 0.12072740495204926
v 0.06673711538314817 -0.06607685983180994 0.1272870898246765
v 0.06859390437602994 -0.05408855155110355 0.10650257021188736
v 0.06859390437602994 -0.05408855155110355 0.10650257021188736
v 0.06673711538314817 -0.06607685983180994 0.1272870898246765
v 0.06722081452608106 -0.061470147222280454 0.11209210753440857
v 0.06859390437602994 -0.05408855155110355 0.10650257021188736
v 0.06722081452608106 -0.061470147222280454 0.11209210753440857
v 0.06992825865745542 -0.04802227392792698 0.09273332357406616
v 0.06992825865745542 -0.04802227392792698 0.09273332357406616
v 0.06722081452608106 -0.061470147222280454 0.11209210753440857
v 0.06847833096981046 -0.055779311805963475 0.09733279794454575
v 0.06992825865745542 -0.04802227392792698 0.09273332357406616
v 0.06847833096981046 -0.055779311805963475 0.09733279794454575
v 0.07186491787433621 -0.04132778197526928 0.07935404777526855
v 0.07186491787433621 -0.04132778197526928 0.07935404777526855
v 0.06847833096981046 -0.055779311805963475 0.09733279794454575
v 0.07036150991916654 -0.04939772933721538 0.08297274261713028
v 0.07186491787433621 -0.04132778197526928 0.07935404777526855
v 0.07036150991916654 -0.04939772933721538 0.08297274261713028
v 0.07694306969642636 -0.02745898626744745 0.05315632000565529
v 0.07694306969642636 -0.02745898626744745 0.05315632000565529
v 0.07036150991916654 -0.04939772933721538 0.08297274261713028
v 0.07537408173084256 -0.03611677885055539 0.05488244816660881
v 0.07694306969642636 -0.02745898626744745 0.05315632000565529
v 0.07537408173084256 -0.03611677885055539 0.05488244816660881
v 0.0797270610928535 -0.021033531054854376 0.039899274706840515
v 0.0797270610928535 -0.021033531054854376 0.039899274706840515
v 0.07537408173084256 -0.03611677885055539 0.05488244816660881
v 0.07812795788049694 -0.0300448630005121 0.04071204364299774
v 0.0797270610928535 -0.021033531054854376 0.039899274706840515
v 0.07812795788049694 -0.0300448630005121 0.04071204364299774
v 0.08029522746801372 -0.0253934822976589 0.02750001847743988
v 0.08029522746801372 -0.0253934822976589 0.02750001847743988
v 0.07812795788049694 -0.0300448630005121 0.04071204364299774
v 0.07923630625009533 -0.029595168307423567 0.02750001661479473
v 0.08001976460218425 -1.5498007144287827e-07 0.23262348771095276
v 0.07847239077091213 -6.57643539625496e-08 0.23682725429534912
v 0.07978942990303035 -0.01454261504113673 0.23167337477207184
v 0.07978942990303035 -0.01454261504113673 0.23167337477207184
v 0.07847239077091213 -6.57643539625496e-08 0.23682725429534912
v 0.07573132216930387 -0.015305918641388404 0.24108004570007324
v 0.07978942990303035 -0.01454261504113673 0.23167337477207184
v 0.07573132216930387 -0.015305918641388404 0.24108004570007324
v 0.07926936447620388 -0.02273311093449591 0.2302912473678589
v 0.07926936447620388 -0.02273311093449591 0.2302912473678589
v 0.07573132216930387 -0.015305918641388404 0.24108004570007324
v 0.0752669498324394 -0.023866048082709295 0.23970884084701538
v 0.07926936447620388 -0.02273311093449591 0.2302912473678589
v 0.0752669498324394 -0.023866048082709295 0.23970884084701538
v 0.0785153359174728 -0.030736291781067824 0.22818128764629364
v 0.0785153359174728 -0.030736291781067824 0.22818128764629364
v 0.0752669498324394 -0.023866048082709295 0.23970884084701538
v 0.07459286600351331 -0.03225236386060712 0.23761962354183197
v 0.0785153359174728 -0.030736291781067824 0.22818128764629364
v 0.07459286600351331 -0.03225236386060712 0.23761962354183197
v 0.07754985243082044 -0.03844276070594785 0.22527077794075012
v 0.07754985243082044 -0.03844276070594785 0.22527077794075012
v 0.07459286600351331 -0.03225236386060712 0.23761962354183197
v 0.0737296715378761 -0.040360663086175884 0.23472996056079865
v 0.07754985243082044 -0.03844276070594785 0.22527077794075012
v 0.0737296715378761 -0.040360663086175884 0.23472996056079865
v 0.07640606909990308 -0.04572556540369984 0.22151179611682892
v 0.07640606909990308 -0.04572556540369984 0.22151179611682892
v 0.0737296715378761 -0.040360663086175884 0.23472996056079865
v 0.07270628958940503 -0.04806589335203167 0.23097790777683258
v 0.07640606909990308 -0.04572556540369984 0.22151179611682892
v 0.07270628958940503 -0.04806589335203167 0.23097790777683258
v 0.0751267001032829 -0.05244503170251842 0.21688556671142578
v 0.0751267001032829 -0.05244503170251842 0.21688556671142578
v 0.07270628958940503 -0.04806589335203167 0.23097790777683258
v 0.07155949622392652 -0.0552253350615501 0.2263287752866745
v 0.0751267001032829 -0.05244503170251842 0.21688556671142578
v 0.07155949622392652 -0.0552253350615501 0.2263287752866745
v 0.0737618803977966 -0.058460798114538144 0.2114141881465912
v 0.0737618803977966 -0.058460798114538144 0.2114141881465912
v 0.07155949622392652 -0.0552253350615501 0.2263287752866745
v 0.07033255696296689 -0.06168968603014941 0.22078968584537506
v 0.0737618803977966 -0.058460798114538144 0.2114141881465912
v 0.07033255696296689 -0.06168968603014941 0.22078968584537506
v 0.07236532121896741 -0.06364860385656351 0.20516598224639893
v 0.07236532121896741 -0.06364860385656351 0.20516598224639893
v 0.07033255696296689 -0.06168968603014941 0.22078968584537506
v 0.0690721273422241 -0.06732150912284846 0.2144189178943634
v 0.07236532121896741 -0.06364860385656351 0.20516598224639893
v 0.0690721273422241 -0.06732150912284846 0.2144189178943634
v 0.07098899781703946 -0.06792141497135157 0.19825337827205658
v 0.07098899781703946 -0.06792141497135157 0.19825337827205658
v 0.0690721273422241 -0.06732150912284846 0.2144189178943634
v 0.06782364845275876 -0.07201996445655817 0.207326278090477
v 0.07098899781703946 -0.06792141497135157 0.19825337827205658
v 0.06782364845275876 -0.07201996445655817 0.207326278090477
v 0.06967791914939878 -0.0712445899844169 0.1908174753189087
v 0.06967791914939878 -0.0712445899844169 0.1908174753189087
v 0.06782364845275876 -0.07201996445655817 0.207326278090477
v 0.06662662327289579 -0.07574007660150522 0.19965724647045135
v 0.06967791914939878 -0.0712445899844169 0.1908174753189087
v 0.06662662327289579 -0.07574007660150522 0.19965724647045135
v 0.068468302488327 -0.07363719493150706 0.18300451338291168
v 0.068468302488327 -0.07363719493150706 0.18300451338291168
v 0.06662662327289579 -0.07574007660150522 0.19965724647045135
v 0.06551305204629895 -0.07849629223346705 0.19156639277935028
v 0.068468302488327 -0.07363719493150706 0.18300451338291168
v 0.06551305204629895 -0.07849629223346705 0.19156639277935028
v 0.06738901138305661 -0.07516124844551081 0.1749453991651535
v 0.06738901138305661 -0.07516124844551081 0.1749453991651535
v 0.06551305204629895 -0.07849629223346705 0.19156639277935028
v 0.06450913101434705 -0.08035079389810557 0.18319334089756012
v 0.06738901138305661 -0.07516124844551081 0.1749453991651535
v 0.06450913101434705 -0.08035079389810557 0.18319334089756012
v 0.06646437942981717 -0.07590305805206293 0.1667444407939911
v 0.06646437942981717 -0.07590305805206293 0.1667444407939911
v 0.06450913101434705 -0.08035079389810557 0.18319334089756012
v 0.06363816559314725 -0.08139276504516595 0.17464958131313324
v 0.06646437942981717 -0.07590305805206293 0.1667444407939911
v 0.06363816559314725 -0.08139276504516595 0.17464958131313324
v 0.06516412645578382 -0.07540529221296305 0.1502024382352829
v 0.06516412645578382 -0.07540529221296305 0.1502024382352829
v 0.06363816559314725 -0.08139276504516595 0.17464958131313324
v 0.06238292530179021 -0.08141925930976861 0.15735484659671783
v 0.06516412645578382 -0.07540529221296305 0.1502024382352829
v 0.06238292530179021 -0.08141925930976861 0.15735484659671783
v 0.06469605118036267 -0.07280492037534708 0.13376767933368683
v 0.06469605118036267 -0.07280492037534708 0.13376767933368683
v 0.06238292530179021 -0.08141925930976861 0.15735484659671783
v 0.06188921630382535 -0.07925970107316965 0.1400991678237915
v 0.06469605118036267 -0.07280492037534708 0.13376767933368683
v 0.06188921630382535 -0.07925970107316965 0.1400991678237915
v 0.06508321315050122 -0.06861749291419977 0.11764847487211227
v 0.06508321315050122 -0.06861749291419977 0.11764847487211227
v 0.06188921630382535 -0.07925970107316965 0.1400991678237915
v 0.062196318060159655 -0.07544400542974466 0.12311071902513504
v 0.06508321315050122 -0.06861749291419977 0.11764847487211227
v 0.062196318060159655 -0.07544400542974466 0.12311071902513504
v 0.06623630225658414 -0.06327682733535761 0.10193885862827301
v 0.06623630225658414 -0.06327682733535761 0.10193885862827301
v 0.062196318060159655 -0.07544400542974466 0.12311071902513504
v 0.06322652101516721 -0.0704196542501449 0.10649997740983963
v 0.06623630225658414 -0.06327682733535761 0.10193885862827301
v 0.06322652101516721 -0.0704196542501449 0.10649997740983963
v 0.06800799071788785 -0.057195786386728245 0.08662290871143341
v 0.06800799071788785 -0.057195786386728245 0.08662290871143341
v 0.06322652101516721 -0.0704196542501449 0.10649997740983963
v 0.06483998894691465 -0.06461821496486658 0.09026280790567398
v 0.06800799071788785 -0.057195786386728245 0.08662290871143341
v 0.06483998894691465 -0.06461821496486658 0.09026280790567398
v 0.0727734640240669 -0.04449343308806416 0.0566389225423336
v 0.0727734640240669 -0.04449343308806416 0.0566389225423336
v 0.06483998894691465 -0.06461821496486658 0.09026280790567398
v 0.06920575350522992 -0.05246806517243381 0.058404698967933655
v 0.0727734640240669 -0.04449343308806416 0.0566389225423336
v 0.06920575350522992 -0.05246806517243381 0.058404698967933655
v 0.0753873139619827 -0.03876641392707822 0.041537851095199585
v 0.0753873139619827 -0.03876641392707822 0.041537851095199585
v 0.06920575350522992 -0.05246806517243381 0.058404698967933655
v 0.07158730179071424 -0.04706873372197148 0.04236653447151184
v 0.0753873139619827 -0.03876641392707822 0.041537851095199585
v 0.07158730179071424 -0.04706873372197148 0.04236653447151184
v 0.07632450759410855 -0.037353001534938785 0.027500007301568985
v 0.07632450759410855 -0.037353001534938785 0.027500007301568985
v 0.07158730179071424 -0.04706873372197148 0.04236653447151184
v 0.07350898534059522 -0.04289568588137623 0.027499999850988388
v 0.08515873551368709 -0.0006982506019994611 0.0064791846089065075
v 0.08511933684349056 -0.0007798362639732652 0.007002738304436207
v 0.08463133126497265 -0.010406361892819396 0.006987389642745256
v 0.04999681934714315 -0.07013228535652155 -8.045386579169644e-10
v 0.05288972333073614 -0.0679070577025413 0.0
v 0.0498755946755409 -0.07063276320695872 0.013254862278699875
v 0.0498755946755409 -0.07063276320695872 0.013254862278699875
v 0.05288972333073614 -0.0679070577025413 0.0
v 0.057045508176088305 -0.06433460116386408 0.013784770853817463
v 0.0498755946755409 -0.07063276320695872 0.013254862278699875
v 0.057045508176088305 -0.06433460116386408 0.013784770853817463
v 0.049864906817674616 -0.0706790760159492 0.013737333938479424
v 0.049864906817674616 -0.0706790760159492 0.013737333938479424
v 0.057045508176088305 -0.06433460116386408 0.013784770853817463
v 0.049739032983779886 -0.0712245106697082 0.019419370219111443
v 0.05618914216756818 -0.06582648307085032 0.027499955147504807
v 0.049560021609067896 -0.07200017571449274 0.02749989740550518
v 0.049739032983779886 -0.0712245106697082 0.019419370219111443
v 0.0679231062531471 -0.05205352231860157 0.027499984949827194
v 0.06273501366376874 -0.05871305614709849 0.02749997191131115
v 0.06393163651227948 -0.05699712038040157 0.013829353265464306
v 0.06393163651227948 -0.05699712038040157 0.013829353265464306
v 0.06273501366376874 -0.05871305614709849 0.02749997191131115
v 0.06255257874727246 -0.058947235345840406 0.02749997191131115
v 0.06393163651227948 -0.05699712038040157 0.013829353265464306
v 0.06255257874727246 -0.058947235345840406 0.02749997191131115
v 0.057045508176088305 -0.06433460116386408 0.013784770853817463
v 0.057045508176088305 -0.06433460116386408 0.013784770853817463
v 0.06255257874727246 -0.058947235345840406 0.02749997191131115
v 0.05624186247587201 -0.06576948612928385 0.027499955147504807
v 0.057045508176088305 -0.06433460116386408 0.013784770853817463
v 0.05624186247587201 -0.06576948612928385 0.027499955147504807
v 0.049739032983779886 -0.0712245106697082 0.019419370219111443
v 0.049739032983779886 -0.0712245106697082 0.019419370219111443
v 0.05624186247587201 -0.06576948612928385 0.027499955147504807
v 0.05620329082012174 -0.06581118702888483 0.027499955147504807
v 0.049739032983779886 -0.0712245106697082 0.019419370219111443
v 0.05620329082012174 -0.06581118702888483 0.027499955147504807
v 0.05618914216756818 -0.06582648307085032 0.027499955147504807
v 0.07237556576728818 -0.04512696340680119 0.02749999612569809
v 0.06854372471570966 -0.05108803883194919 0.027499986812472343
v 0.07002743333578107 -0.048984833061695064 0.013871010392904282
v 0.07002743333578107 -0.048984833061695064 0.013871010392904282
v 0.06854372471570966 -0.05108803883194919 0.027499986812472343
v 0.06845154613256452 -0.051231443881988484 0.027499986812472343
v 0.07002743333578107 -0.048984833061695064 0.013871010392904282
v 0.06845154613256452 -0.051231443881988484 0.027499986812472343
v 0.0679231062531471 -0.05205352231860157 0.027499984949827194
v 0.07520222663879392 -0.040348935872316326 0.013911969028413296
v 0.07350898534059522 -0.04289568588137623 0.027499999850988388
v 0.07340600341558454 -0.043098427355289425 0.027499999850988388
v 0.07923630625009533 -0.029595168307423567 0.02750001661479473
v 0.07750933617353437 -0.03419628366827962 0.027500011026859283
v 0.0793271958827972 -0.03116645477712152 0.013954492285847664
v 0.0793271958827972 -0.03116645477712152 0.013954492285847664
v 0.07750933617353437 -0.03419628366827962 0.027500011026859283
v 0.07740944623947141 -0.03446242213249204 0.027500011026859283
v 0.0793271958827972 -0.03116645477712152 0.013954492285847664
v 0.07740944623947141 -0.03446242213249204 0.027500011026859283
v 0.07520222663879392 -0.040348935872316326 0.013911969028413296
v 0.07520222663879392 -0.040348935872316326 0.013911969028413296
v 0.07740944623947141 -0.03446242213249204 0.027500011026859283
v 0.07632450759410855 -0.037353001534938785 0.027500007301568985
v 0.07520222663879392 -0.040348935872316326 0.013911969028413296
v 0.07632450759410855 -0.037353001534938785 0.027500007301568985
v 0.07350898534059522 -0.04289568588137623 0.027499999850988388
v 0.07923630625009533 -0.029595168307423567 0.02750001661479473
v 0.0793271958827972 -0.03116645477712152 0.013954492285847664
v 0.08029522746801372 -0.0253934822976589 0.02750001847743988
v 0.08029522746801372 -0.0253934822976589 0.02750001847743988
v 0.0793271958827972 -0.03116645477712152 0.013954492285847664
v 0.08228968083858486 -0.021548705175518972 0.013998925685882568
v 0.08029522746801372 -0.0253934822976589 0.02750001847743988
v 0.08228968083858486 -0.021548705175518972 0.013998925685882568
v 0.0803785994648933 -0.025062672793865183 0.02750002034008503
v 0.0822491273283958 -0.014086765237152566 0.027500027790665627
v 0.08203785121440883 -0.015632294118404375 0.027500025928020477
v 0.08401594310998912 -0.011640926823019973 0.014042842201888561
v 0.08401594310998912 -0.011640926823019973 0.014042842201888561
v 0.08203785121440883 -0.015632294118404375 0.027500025928020477
v 0.08198396116495128 -0.016026504337787614 0.027500025928020477
v 0.08401594310998912 -0.011640926823019973 0.014042842201888561
v 0.08198396116495128 -0.016026504337787614 0.027500025928020477
v 0.08228968083858486 -0.021548705175518972 0.013998925685882568
v 0.08228968083858486 -0.021548705175518972 0.013998925685882568
v 0.08198396116495128 -0.016026504337787614 0.027500025928020477
v 0.08118744939565654 -0.02185325510799883 0.02750002220273018
v 0.08228968083858486 -0.021548705175518972 0.013998925685882568
v 0.08118744939565654 -0.02185325510799883 0.02750002220273018
v 0.0803785994648933 -0.025062672793865183 0.02750002034008503
v 0.08480103313922878 -0.0014389901189133514 0.011232675984501839
v 0.0844616591930389 -0.0021624159999191744 0.014056812971830368
v 0.08401594310998912 -0.011640926823019973 0.014042842201888561
v 0.08401594310998912 -0.011640926823019973 0.014042842201888561
v 0.0844616591930389 -0.0021624159999191744 0.014056812971830368
v 0.08442764729261394 -0.0022349141072481853 0.01433983352035284
v 0.0824739038944244 -0.0065167220309376665 0.027500025928020477
v 0.0822491273283958 -0.014086765237152566 0.027500027790665627
v 0.08336833119392391 -0.004537662956863638 0.02197353169322014
v 0.08336833119392391 -0.004537662956863638 0.02197353169322014
v 0.0822491273283958 -0.014086765237152566 0.027500027790665627
v 0.08401594310998912 -0.011640926823019973 0.014042842201888561
v 0.08336833119392391 -0.004537662956863638 0.02197353169322014
v 0.08401594310998912 -0.011640926823019973 0.014042842201888561
v 0.08391970396041866 -0.0033176564611494515 0.018566682934761047
v 0.08391970396041866 -0.0033176564611494515 0.018566682934761047
v 0.08401594310998912 -0.011640926823019973 0.014042842201888561
v 0.08442764729261394 -0.0022349141072481853 0.01433983352035284
v 0.08515873551368709 -0.0006982506019994611 0.0064791846089065075
v 0.08463133126497265 -0.010406361892819396 0.006987389642745256
v 0.08532352000474926 -0.00035701240994967493 0.004289383068680763
v 0.08532352000474926 -0.00035701240994967493 0.004289383068680763
v 0.08463133126497265 -0.010406361892819396 0.006987389642745256
v 0.08504819869995113 -0.00869272276759147 0.0
v 0.08532352000474926 -0.00035701240994967493 0.004289383068680763
v 0.08504819869995113 -0.00869272276759147 0.0
v 0.08547556400299068 -4.893750156043093e-05 -7.114848155076459e-10
v 0.08287950605154033 -0.020471302792429907 0.006953350733965635
v 0.0837633833289146 -0.017228921875357614 0.0
v 0.08463133126497265 -0.010406361892819396 0.006987389642745256
v 0.08463133126497265 -0.010406361892819396 0.006987389642745256
v 0.0837633833289146 -0.017228921875357614 0.0
v 0.08487635105848308 -0.00983446463942527 0.0
v 0.08463133126497265 -0.010406361892819396 0.006987389642745256
v 0.08487635105848308 -0.00983446463942527 0.0
v 0.08504819869995113 -0.00869272276759147 0.0
v 0.07991798222064968 -0.030257111415266966 0.006919367704540491
v 0.08163584768772121 -0.025601696223020533 0.0
v 0.08287950605154033 -0.020471302792429907 0.006953350733965635
v 0.08287950605154033 -0.020471302792429907 0.006953350733965635
v 0.08163584768772121 -0.025601696223020533 0.0
v 0.08306793123483654 -0.019965833052992807 0.0
v 0.08287950605154033 -0.020471302792429907 0.006953350733965635
v 0.08306793123483654 -0.019965833052992807 0.0
v 0.0837633833289146 -0.017228921875357614 0.0
v 0.07044210284948346 -0.04889324679970738 0.0
v 0.07086794823408124 -0.048194568604230846 0.0
v 0.07002743333578107 -0.048984833061695064 0.013871010392904282
v 0.07002743333578107 -0.048984833061695064 0.013871010392904282
v 0.07086794823408124 -0.048194568604230846 0.0
v 0.07520222663879392 -0.040348935872316326 0.013911969028413296
v 0.07002743333578107 -0.048984833061695064 0.013871010392904282
v 0.07520222663879392 -0.040348935872316326 0.013911969028413296
v 0.07237556576728818 -0.04512696340680119 0.02749999612569809
v 0.07237556576728818 -0.04512696340680119 0.02749999612569809
v 0.07520222663879392 -0.040348935872316326 0.013911969028413296
v 0.07340600341558454 -0.043098427355289425 0.027499999850988388
v 0.07496386021375653 -0.04147440195083615 0.0
v 0.07601988315582273 -0.039274759590625735 0.0
v 0.07579975575208661 -0.03962122648954389 0.006886647082865238
v 0.07579975575208661 -0.03962122648954389 0.006886647082865238
v 0.07601988315582273 -0.039274759590625735 0.0
v 0.07869379222393032 -0.0337051413953304 0.0
v 0.07579975575208661 -0.03962122648954389 0.006886647082865238
v 0.07869379222393032 -0.0337051413953304 0.0
v 0.07991798222064968 -0.030257111415266966 0.006919367704540491
v 0.07991798222064968 -0.030257111415266966 0.006919367704540491
v 0.07869379222393032 -0.0337051413953304 0.0
v 0.08010334521532055 -0.029822750017046904 0.0
v 0.07991798222064968 -0.030257111415266966 0.006919367704540491
v 0.08010334521532055 -0.029822750017046904 0.0
v 0.08163584768772121 -0.025601696223020533 0.0
v 0.0679231062531471 -0.05205352231860157 0.027499984949827194
v 0.06393163651227948 -0.05699712038040157 0.013829353265464306
v 0.07002743333578107 -0.048984833061695064 0.013871010392904282
v 0.07002743333578107 -0.048984833061695064 0.013871010392904282
v 0.06393163651227948 -0.05699712038040157 0.013829353265464306
v 0.06522363424301145 -0.055812563747167546 0.0
v 0.07002743333578107 -0.048984833061695064 0.013871010392904282
v 0.06522363424301145 -0.055812563747167546 0.0
v 0.07044210284948346 -0.04889324679970738 0.0
v 0.05288972333073614 -0.0679070577025413 0.0
v 0.05749851837754247 -0.06381530314683909 0.0
v 0.057045508176088305 -0.06433460116386408 0.013784770853817463
v 0.057045508176088305 -0.06433460116386408 0.013784770853817463
v 0.05749851837754247 -0.06381530314683909 0.0
v 0.05936642363667485 -0.06215694919228549 0.0
v 0.057045508176088305 -0.06433460116386408 0.013784770853817463
v 0.05936642363667485 -0.06215694919228549 0.0
v 0.06393163651227948 -0.05699712038040157 0.013829353265464306
v 0.06393163651227948 -0.05699712038040157 0.013829353265464306
v 0.05936642363667485 -0.06215694919228549 0.0
v 0.06466429680585858 -0.0564184300601482 0.0
v 0.06393163651227948 -0.05699712038040157 0.013829353265464306
v 0.06466429680585858 -0.0564184300601482 0.0
v 0.06522363424301145 -0.055812563747167546 0.0
v 0.07086794823408124 -0.048194568604230846 0.0
v 0.07496386021375653 -0.04147440195083615 0.0
v 0.07520222663879392 -0.040348935872316326 0.013911969028413296
v 0.07520222663879392 -0.040348935872316326 0.013911969028413296
v 0.07496386021375653 -0.04147440195083615 0.0
v 0.07579975575208661 -0.03962122648954389 0.006886647082865238
v 0.07520222663879392 -0.040348935872316326 0.013911969028413296
v 0.07579975575208661 -0.03962122648954389 0.006886647082865238
v 0.0793271958827972 -0.03116645477712152 0.013954492285847664
v 0.0793271958827972 -0.03116645477712152 0.013954492285847664
v 0.07579975575208661 -0.03962122648954389 0.006886647082865238
v 0.07991798222064968 -0.030257111415266966 0.006919367704540491
v 0.0793271958827972 -0.03116645477712152 0.013954492285847664
v 0.07991798222064968 -0.030257111415266966 0.006919367704540491
v 0.08228968083858486 -0.021548705175518972 0.013998925685882568
v 0.08228968083858486 -0.021548705175518972 0.013998925685882568
v 0.07991798222064968 -0.030257111415266966 0.006919367704540491
v 0.08287950605154033 -0.020471302792429907 0.006953350733965635
v 0.08228968083858486 -0.021548705175518972 0.013998925685882568
v 0.08287950605154033 -0.020471302792429907 0.006953350733965635
v 0.08401594310998912 -0.011640926823019973 0.014042842201888561
v 0.08401594310998912 -0.011640926823019973 0.014042842201888561
v 0.08287950605154033 -0.020471302792429907 0.006953350733965635
v 0.08463133126497265 -0.010406361892819396 0.006987389642745256
v 0.08401594310998912 -0.011640926823019973 0.014042842201888561
v 0.08463133126497265 -0.010406361892819396 0.006987389642745256
v 0.08480103313922878 -0.0014389901189133514 0.011232675984501839
v 0.08480103313922878 -0.0014389901189133514 0.011232675984501839
v 0.08463133126497265 -0.010406361892819396 0.006987389642745256
v 0.08511933684349056 -0.0007798362639732652 0.007002738304436207
v -0.07081310451030728 -0.04815598204731938 0.0
v -0.07317394018173215 -0.044617060571908916 0.0
v -0.021345173940062512 -0.013014895841479291 0.0
v 0.05457618832588194 0.06570195406675333 0.0
v 0.055197473615407916 0.06522721797227854 0.0
v 0.016422273591160767 0.0188500229269266 0.0
v -0.021345173940062512 -0.013014895841479291 0.0
v -0.07317394018173215 -0.044617060571908916 0.0
v -0.023295747116208066 -0.0090231942012906 0.0
v 0.06143557652831075 0.059385504573583554 0.0
v 0.06641354411840436 0.05368669703602787 0.0
v 0.019619513303041448 0.015494901686906802 0.0
v 0.02480652555823325 0.0031055174767971013 0.0
v 0.02447672002017497 0.004571783356368538 0.0
v 0.08430528640747066 0.014030614867806424 0.0
v 0.07977660745382305 0.030623791739344573 0.0
v 0.08193531632423397 0.02403296530246733 0.0
v 0.02374703064560889 0.007815882563590996 0.0
v 0.02374703064560889 0.007815882563590996 0.0
v 0.08193531632423397 0.02403296530246733 0.0
v 0.08246187120676036 0.022425333037972433 0.0
v 0.02374703064560889 0.007815882563590996 0.0
v 0.08246187120676036 0.022425333037972433 0.0
v 0.02447672002017497 0.004571783356368538 0.0
v 0.02447672002017497 0.004571783356368538 0.0
v 0.08246187120676036 0.022425333037972433 0.0
v 0.08390300720930095 0.015862558037042604 0.0
v 0.02447672002017497 0.004571783356368538 0.0
v 0.08390300720930095 0.015862558037042604 0.0
v 0.08430528640747066 0.014030614867806424 0.0
v 0.06641354411840436 0.05368669703602787 0.0
v 0.06708638370037076 0.052916422486305195 0.0
v 0.019619513303041448 0.015494901686906802 0.0
v 0.019619513303041448 0.015494901686906802 0.0
v 0.06708638370037076 0.052916422486305195 0.0
v 0.0713786035776138 0.046873718500137294 0.0
v 0.019619513303041448 0.015494901686906802 0.0
v 0.0713786035776138 0.046873718500137294 0.0
v 0.021164234727621068 0.013101935386657704 0.0
v 0.021164234727621068 0.013101935386657704 0.0
v 0.0713786035776138 0.046873718500137294 0.0
v 0.07207438349723813 0.045894172042608226 0.0
v 0.021164234727621068 0.013101935386657704 0.0
v 0.07207438349723813 0.045894172042608226 0.0
v 0.02219840884208678 0.011499866843223563 0.0
v 0.016422273591160767 0.0188500229269266 0.0
v 0.055197473615407916 0.06522721797227854 0.0
v 0.019619513303041448 0.015494901686906802 0.0
v 0.019619513303041448 0.015494901686906802 0.0
v 0.055197473615407916 0.06522721797227854 0.0
v 0.06079583987593648 0.05998458713293071 0.0
v 0.019619513303041448 0.015494901686906802 0.0
v 0.06079583987593648 0.05998458713293071 0.0
v 0.06143557652831075 0.059385504573583554 0.0
v 0.00855070166289806 0.08505792170763009 0.0
v 0.017015708610415452 0.0837703496217727 0.0
v 0.00420321663841605 0.02464414946734903 0.0
v -0.01687029004096984 0.018449958413839326 0.0
v -0.05929951742291448 0.06151990965008731 0.0
v -0.013169480487704272 0.021250111982226354 0.0
v -0.013169480487704272 0.021250111982226354 0.0
v -0.05929951742291448 0.06151990965008731 0.0
v -0.054545022547245005 0.06566984951496119 0.0
v -0.013169480487704272 0.021250111982226354 0.0
v -0.054545022547245005 0.06566984951496119 0.0
v -0.05287317931652067 0.0671291053295135 0.0
v -0.07040975987911222 0.04840777814388272 0.0
v -0.06638548523187635 0.0536689311265945 0.0
v -0.01998743787407874 0.015017162077128875 0.0
v -0.0837600082159042 0.017036264762282358 0.0
v -0.08195635676383968 0.024043023586273176 0.0
v -0.023905253037810315 0.007317932788282627 0.0
v -0.023905253037810315 0.007317932788282627 0.0
v -0.08195635676383968 0.024043023586273176 0.0
v -0.08163572847843166 0.025288602337241152 0.0
v -0.023905253037810315 0.007317932788282627 0.0
v -0.08163572847843166 0.025288602337241152 0.0
v -0.02322113700211047 0.00899403449147939 0.0
v -0.08484005928039547 -0.00983402039855718 0.0
v -0.08540399372577663 -0.0036095215473324034 0.0
v -0.024569924920797338 -0.004617237951606509 0.0
v -0.024569924920797338 -0.004617237951606509 0.0
v -0.08540399372577663 -0.0036095215473324034 0.0
v -0.02500000037252902 0.0 0.0
v -0.07317394018173215 -0.044617060571908916 0.0
v -0.0760187283158302 -0.03927005454897878 0.0
v -0.023295747116208066 -0.0090231942012906 0.0
v -0.023295747116208066 -0.0090231942012906 0.0
v -0.0760187283158302 -0.03927005454897878 0.0
v -0.07722957432270047 -0.03699417039752004 0.0
v -0.023295747116208066 -0.0090231942012906 0.0
v -0.07722957432270047 -0.03699417039752004 0.0
v -0.023383809253573407 -0.008842980489134782 0.0
v -0.023383809253573407 -0.008842980489134782 0.0
v -0.07722957432270047 -0.03699417039752004 0.0
v -0.08016105741262432 -0.029841706156730628 0.0
v -0.023383809253573407 -0.008842980489134782 0.0
v -0.08016105741262432 -0.029841706156730628 0.0
v -0.08052422106266018 -0.02895563282072542 0.0
v -0.07081310451030728 -0.04815598204731938 0.0
v -0.021345173940062512 -0.013014895841479291 0.0
v -0.06837256252765653 -0.051814392209053 0.0
v -0.06837256252765653 -0.051814392209053 0.0
v -0.021345173940062512 -0.013014895841479291 0.0
v -0.01857119053602218 -0.0167367998510599 0.0
v -0.06837256252765653 -0.051814392209053 0.0
v -0.01857119053602218 -0.0167367998510599 0.0
v -0.06461928784847257 -0.05638420209288593 0.0
v 0.07207438349723813 0.045894172042608226 0.0
v 0.07564825564622876 0.039614737033843966 0.0
v 0.02219840884208678 0.011499866843223563 0.0
v 0.02219840884208678 0.011499866843223563 0.0
v 0.07564825564622876 0.039614737033843966 0.0
v 0.07629908621311185 0.038471203297376605 0.0
v 0.02219840884208678 0.011499866843223563 0.0
v 0.07629908621311185 0.038471203297376605 0.0
v 0.02374703064560889 0.007815882563590996 0.0
v 0.02374703064560889 0.007815882563590996 0.0
v 0.07629908621311185 0.038471203297376605 0.0
v 0.07917733490467067 0.03197610750794408 0.0
v 0.02374703064560889 0.007815882563590996 0.0
v 0.07917733490467067 0.03197610750794408 0.0
v 0.07977660745382305 0.030623791739344573 0.0
v 0.05457618832588194 0.06570195406675333 0.0
v 0.016422273591160767 0.0188500229269266 0.0
v 0.04834579303860662 0.07046275585889811 0.0
v 0.04834579303860662 0.07046275585889811 0.0
v 0.016422273591160767 0.0188500229269266 0.0
v 0.015007451176643365 0.019869351759552942 0.0
v 0.04834579303860662 0.07046275585889811 0.0
v 0.015007451176643365 0.019869351759552942 0.0
v 0.04781942442059515 0.07078689336776728 0.0
v 0.04781942442059515 0.07078689336776728 0.0
v 0.015007451176643365 0.019869351759552942 0.0
v 0.01268213521689176 0.021544657647609693 0.0
v 0.04781942442059515 0.07078689336776728 0.0
v 0.01268213521689176 0.021544657647609693 0.0
v 0.04103594273328779 0.074964128434658 0.0
v 0.00420321663841605 0.02464414946734903 0.0
v 0.017015708610415452 0.0837703496217727 0.0
v 0.006817277986556289 0.023953659459948522 0.0
v -0.08052422106266018 -0.02895563282072542 0.0
v -0.08299806714057918 -0.0206607226282358 0.0
v -0.023383809253573407 -0.008842980489134782 0.0
v -0.023383809253573407 -0.008842980489134782 0.0
v -0.08299806714057918 -0.0206607226282358 0.0
v -0.08312844485044475 -0.019983109086751924 0.0
v -0.023383809253573407 -0.008842980489134782 0.0
v -0.08312844485044475 -0.019983109086751924 0.0
v -0.024569924920797338 -0.004617237951606509 0.0
v -0.024569924920797338 -0.004617237951606509 0.0
v -0.08312844485044475 -0.019983109086751924 0.0
v -0.08462545275688167 -0.012202695012092582 0.0
v -0.024569924920797338 -0.004617237951606509 0.0
v -0.08462545275688167 -0.012202695012092582 0.0
v -0.08484005928039547 -0.00983402039855718 0.0
v 0.008515818044543263 0.023504998534917814 0.0
v 0.03335914760828017 0.07868807017803187 0.0
v 0.01268213521689176 0.021544657647609693 0.0
v 0.01268213521689176 0.021544657647609693 0.0
v 0.03335914760828017 0.07868807017803187 0.0
v 0.04058721661567686 0.07518179714679712 0.0
v 0.01268213521689176 0.021544657647609693 0.0
v 0.04058721661567686 0.07518179714679712 0.0
v 0.04103594273328779 0.074964128434658 0.0
v -0.01998743787407874 0.015017162077128875 0.0
v -0.06638548523187635 0.0536689311265945 0.0
v -0.018395651131868355 0.016770135611295686 0.0
v -0.018395651131868355 0.016770135611295686 0.0
v -0.06638548523187635 0.0536689311265945 0.0
v -0.06517536193132398 0.055250994861125904 0.0
v -0.018395651131868355 0.016770135611295686 0.0
v -0.06517536193132398 0.055250994861125904 0.0
v -0.01687029004096984 0.018449958413839326 0.0
v -0.01687029004096984 0.018449958413839326 0.0
v -0.06517536193132398 0.055250994861125904 0.0
v -0.06076359748840329 0.05995788797736163 0.0
v -0.01687029004096984 0.018449958413839326 0.0
v -0.06076359748840329 0.05995788797736163 0.0
v -0.05929951742291448 0.06151990965008731 0.0
v -0.08540399372577663 -0.0036095215473324034 0.0
v -0.08547555655241008 -4.8930145567282994e-05 -4.0169093051822813e-10
v -0.02500000037252902 0.0 0.0
v -0.02500000037252902 0.0 0.0
v -0.08547555655241008 -4.8930145567282994e-05 -4.0169093051822813e-10
v -0.0850964859127998 0.007547677960246795 -4.784239324151507e-11
v -0.02500000037252902 0.0 0.0
v -0.0850964859127998 0.007547677960246795 -4.784239324151507e-11
v -0.02482265979051589 0.002974105766043065 0.0
v -0.02482265979051589 0.002974105766043065 0.0
v -0.0850964859127998 0.007547677960246795 -4.784239324151507e-11
v -0.08504523336887355 0.008574783802032464 0.0
v -0.02482265979051589 0.002974105766043065 0.0
v -0.08504523336887355 0.008574783802032464 0.0
v -0.023905253037810315 0.007317932788282627 0.0
v -0.023905253037810315 0.007317932788282627 0.0
v -0.08504523336887355 0.008574783802032464 0.0
v -0.08393675833940502 0.015872575342655168 0.0
v -0.023905253037810315 0.007317932788282627 0.0
v -0.08393675833940502 0.015872575342655168 0.0
v -0.0837600082159042 0.017036264762282358 0.0
v 0.02283805049955844 -0.08253191411495202 0.0
v 0.014680278487503522 -0.08429234474897378 0.0
v 0.006166005507111547 -0.024227917194366438 0.0
v 0.006166005507111547 -0.024227917194366438 0.0
v 0.014680278487503522 -0.08429234474897378 0.0
v 0.01337532047182321 -0.08444883674383157 -1.5410669494956128e-19
v 0.006166005507111547 -0.024227917194366438 0.0
v 0.01337532047182321 -0.08444883674383157 -1.5410669494956128e-19
v 0.0014912141487002366 -0.024955663830041865 0.0
v -0.0022959301713854066 0.024786235764622667 0.0
v -0.00544875022023916 0.08531156927347176 0.0
v -0.0001778008299879729 0.024999376386404017 0.0
v -0.0001778008299879729 0.024999376386404017 0.0
v -0.00544875022023916 0.08531156927347176 0.0
v 3.870374750943385e-15 0.08548736572265618 -2.7755575615628914e-17
v -0.0001778008299879729 0.024999376386404017 0.0
v 3.870374750943385e-15 0.08548736572265618 -2.7755575615628914e-17
v 0.00420321663841605 0.02464414946734903 0.0
v 0.00420321663841605 0.02464414946734903 0.0
v 3.870374750943385e-15 0.08548736572265618 -2.7755575615628914e-17
v 0.008430792018771168 0.0850639417767524 -3.8922683870710667e-19
v 0.00420321663841605 0.02464414946734903 0.0
v 0.008430792018771168 0.0850639417767524 -3.8922683870710667e-19
v 0.00855070166289806 0.08505792170763009 0.0
v -0.02219816669821738 0.011500335298478595 0.0
v -0.07491280138492581 0.04110323637723919 0.0
v -0.01998743787407874 0.015017162077128875 0.0
v -0.01998743787407874 0.015017162077128875 0.0
v -0.07491280138492581 0.04110323637723919 0.0
v -0.07136006653308866 0.046866256743669475 0.0
v -0.01998743787407874 0.015017162077128875 0.0
v -0.07136006653308866 0.046866256743669475 0.0
v -0.07040975987911222 0.04840777814388272 0.0
v -0.08163572847843166 0.025288602337241152 0.0
v -0.07917708158493038 0.03198026865720746 0.0
v -0.02322113700211047 0.00899403449147939 0.0
v -0.02322113700211047 0.00899403449147939 0.0
v -0.07917708158493038 0.03198026865720746 0.0
v -0.07866927236318584 0.03336235135793683 0.0
v -0.02322113700211047 0.00899403449147939 0.0
v -0.07866927236318584 0.03336235135793683 0.0
v -0.02219816669821738 0.011500335298478595 0.0
v -0.02219816669821738 0.011500335298478595 0.0
v -0.07866927236318584 0.03336235135793683 0.0
v -0.07563608139753339 0.03961279243230817 0.0
v -0.02219816669821738 0.011500335298478595 0.0
v -0.07563608139753339 0.03961279243230817 0.0
v -0.07491280138492581 0.04110323637723919 0.0
v -0.06461928784847257 -0.05638420209288593 0.0
v -0.01857119053602218 -0.0167367998510599 0.0
v -0.06286726891994474 -0.058517377823591184 0.0
v -0.06286726891994474 -0.058517377823591184 0.0
v -0.01857119053602218 -0.0167367998510599 0.0
v -0.018466660752892487 -0.01683309860527514 0.0
v -0.06286726891994474 -0.058517377823591184 0.0
v -0.018466660752892487 -0.01683309860527514 0.0
v -0.05752305686473844 -0.0638469830155372 0.0
v -0.05752305686473844 -0.0638469830155372 0.0
v -0.018466660752892487 -0.01683309860527514 0.0
v -0.056730452924966784 -0.06463742256164545 0.0
v -0.056730452924966784 -0.06463742256164545 0.0
v -0.018466660752892487 -0.01683309860527514 0.0
v -0.01516053453087806 -0.01987894810736178 0.0
v -0.056730452924966784 -0.06463742256164545 0.0
v -0.01516053453087806 -0.01987894810736178 0.0
v -0.04999684542417524 -0.07013227045536036 -5.405569325489523e-10
v -0.04999684542417524 -0.07013227045536036 -5.405569325489523e-10
v -0.01516053453087806 -0.01987894810736178 0.0
v -0.0432804152369499 -0.07427290827035898 0.0
v -0.0432804152369499 -0.07427290827035898 0.0
v -0.01516053453087806 -0.01987894810736178 0.0
v -0.011500335298478598 -0.022198166698217375 0.0
v -0.0432804152369499 -0.07427290827035898 0.0
v -0.011500335298478598 -0.022198166698217375 0.0
v -0.03889144957065581 -0.0764558538794517 -2.3982027291998754e-17
v 0.02283805049955844 -0.08253191411495202 0.0
v 0.006166005507111547 -0.024227917194366438 0.0
v 0.026450613513588895 -0.08146034926176064 1.8841811160308483e-17
v 0.026450613513588895 -0.08146034926176064 1.8841811160308483e-17
v 0.006166005507111547 -0.024227917194366438 0.0
v 0.006824596785008905 -0.023997182026505453 0.0
v 0.026450613513588895 -0.08146034926176064 1.8841811160308483e-17
v 0.006824596785008905 -0.023997182026505453 0.0
v 0.027743492275476442 -0.08107686042785638 0.0
v 0.027743492275476442 -0.08107686042785638 0.0
v 0.006824596785008905 -0.023997182026505453 0.0
v 0.010302065871655936 -0.02277885936200617 0.0
v 0.027743492275476442 -0.08107686042785638 0.0
v 0.010302065871655936 -0.02277885936200617 0.0
v 0.0354565531015396 -0.07814029604196543 0.0
v 0.0837633833289146 -0.017228921875357614 0.0
v 0.024313725531101216 -0.005818142089992757 0.0
v 0.024496108293533315 -0.004582195542752739 0.0
v 0.024957915768027295 -0.0014526816084980954 0.0
v 0.08504819869995113 -0.00869272276759147 0.0
v 0.024496108293533315 -0.004582195542752739 0.0
v 0.024496108293533315 -0.004582195542752739 0.0
v 0.08504819869995113 -0.00869272276759147 0.0
v 0.08487635105848308 -0.00983446463942527 0.0
v 0.024496108293533315 -0.004582195542752739 0.0
v 0.08487635105848308 -0.00983446463942527 0.0
v 0.0837633833289146 -0.017228921875357614 0.0
v 0.08430528640747066 0.014030614867806424 0.0
v 0.08505937457084652 0.007540789898484939 0.0
v 0.02480652555823325 0.0031055174767971013 0.0
v 0.02480652555823325 0.0031055174767971013 0.0
v 0.08505937457084652 0.007540789898484939 0.0
v 0.08529276400804515 0.005532265175133939 0.0
v 0.02480652555823325 0.0031055174767971013 0.0
v 0.08529276400804515 0.005532265175133939 0.0
v 0.024957915768027295 -0.0014526816084980954 0.0
v 0.024957915768027295 -0.0014526816084980954 0.0
v 0.08529276400804515 0.005532265175133939 0.0
v 0.08547556400299068 -4.893750156043093e-05 -7.114848155076459e-10
v 0.024957915768027295 -0.0014526816084980954 0.0
v 0.08547556400299068 -4.893750156043093e-05 -7.114848155076459e-10
v 0.08504819869995113 -0.00869272276759147 0.0
v 0.017015708610415452 0.0837703496217727 0.0
v 0.02499127946794032 0.08171996474266045 0.0
v 0.006817277986556289 0.023953659459948522 0.0
v 0.006817277986556289 0.023953659459948522 0.0
v 0.02499127946794032 0.08171996474266045 0.0
v 0.025329818949103345 0.08163292706012719 0.0
v 0.006817277986556289 0.023953659459948522 0.0
v 0.025329818949103345 0.08163292706012719 0.0
v 0.008515818044543263 0.023504998534917814 0.0
v 0.008515818044543263 0.023504998534917814 0.0
v 0.025329818949103345 0.08163292706012719 0.0
v 0.03295126557350157 0.0788376629352569 0.0
v 0.008515818044543263 0.023504998534917814 0.0
v 0.03295126557350157 0.0788376629352569 0.0
v 0.03335914760828017 0.07868807017803187 0.0
v -0.004806607495993374 0.02453359588980673 0.0
v -0.014010286889970296 0.08432263880968087 0.0
v -0.0022959301713854066 0.024786235764622667 0.0
v -0.0022959301713854066 0.024786235764622667 0.0
v -0.014010286889970296 0.08432263880968087 0.0
v -0.00841946247965097 0.08496842533349984 0.0
v -0.0022959301713854066 0.024786235764622667 0.0
v -0.00841946247965097 0.08496842533349984 0.0
v -0.00544875022023916 0.08531156927347176 0.0
v -0.009016737341880795 0.02331734634935854 0.0
v -0.030535208061337457 0.07982885092496866 0.0
v -0.004806607495993374 0.02453359588980673 0.0
v -0.004806607495993374 0.02453359588980673 0.0
v -0.030535208061337457 0.07982885092496866 0.0
v -0.024966511875390996 0.08164799213409417 0.0
v -0.024966511875390996 0.08164799213409417 0.0
v -0.022407179698348035 0.08248405903577798 0.0
v -0.004806607495993374 0.02453359588980673 0.0
v -0.004806607495993374 0.02453359588980673 0.0
v -0.022407179698348035 0.08248405903577798 0.0
v -0.016770517453551285 0.0837182626128196 0.0
v -0.004806607495993374 0.02453359588980673 0.0
v -0.016770517453551285 0.0837182626128196 0.0
v -0.014010286889970296 0.08432263880968087 0.0
v -0.05287317931652067 0.0671291053295135 0.0
v -0.0477849096059799 0.0707415491342544 0.0
v -0.013169480487704272 0.021250111982226354 0.0
v -0.013169480487704272 0.021250111982226354 0.0
v -0.0477849096059799 0.0707415491342544 0.0
v -0.045870013535022715 0.0721010416746139 0.0
v -0.013169480487704272 0.021250111982226354 0.0
v -0.045870013535022715 0.0721010416746139 0.0
v -0.011095419526100153 0.022282578051090223 0.0
v -0.03889144957065581 -0.0764558538794517 -2.3982027291998754e-17
v -0.011500335298478598 -0.022198166698217375 0.0
v -0.03585869818925856 -0.07796425372362131 0.0
v -0.03585869818925856 -0.07796425372362131 0.0
v -0.011500335298478598 -0.022198166698217375 0.0
v -0.01113113015890121 -0.0223488789051771 0.0
v -0.03585869818925856 -0.07796425372362131 0.0
v -0.01113113015890121 -0.0223488789051771 0.0
v -0.03111368231475352 -0.0798944011330604 0.0
v -0.03111368231475352 -0.0798944011330604 0.0
v -0.01113113015890121 -0.0223488789051771 0.0
v -0.007319868542253968 -0.023904658854007704 0.0
v -0.03111368231475352 -0.0798944011330604 0.0
v -0.007319868542253968 -0.023904658854007704 0.0
v -0.026430392637848844 -0.08139963448047631 1.1805716865282585e-19
v 0.01337532047182321 -0.08444883674383157 -1.5410669494956128e-19
v 0.006464584264904258 -0.08527761697769158 0.0
v 0.0014912141487002366 -0.024955663830041865 0.0
v 0.0014912141487002366 -0.024955663830041865 0.0
v 0.006464584264904258 -0.08527761697769158 0.0
v -1.7174725144286632e-06 -0.08544844388961785 -3.3877761013538036e-19
v 0.0014912141487002366 -0.024955663830041865 0.0
v -1.7174725144286632e-06 -0.08544844388961785 -3.3877761013538036e-19
v -0.0023051896132528773 -0.02484242059290407 0.0
v 0.08010334521532055 -0.029822750017046904 0.0
v 0.022885018959641446 -0.010063861496746531 0.0
v 0.08163584768772121 -0.025601696223020533 0.0
v 0.08163584768772121 -0.025601696223020533 0.0
v 0.022885018959641446 -0.010063861496746531 0.0
v 0.024313725531101216 -0.005818142089992757 0.0
v 0.08163584768772121 -0.025601696223020533 0.0
v 0.024313725531101216 -0.005818142089992757 0.0
v 0.08306793123483654 -0.019965833052992807 0.0
v 0.08306793123483654 -0.019965833052992807 0.0
v 0.024313725531101216 -0.005818142089992757 0.0
v 0.0837633833289146 -0.017228921875357614 0.0
v -0.0029761695768684136 -0.024822404608130434 0.0
v -0.015174519270658486 -0.0842082500457763 0.0
v -0.007319868542253968 -0.023904658854007704 0.0
v -0.007319868542253968 -0.023904658854007704 0.0
v -0.015174519270658486 -0.0842082500457763 0.0
v -0.02325628325343131 -0.0824198052287101 0.0
v -0.007319868542253968 -0.023904658854007704 0.0
v -0.02325628325343131 -0.0824198052287101 0.0
v -0.026430392637848844 -0.08139963448047631 1.1805716865282585e-19
v -1.7174725144286632e-06 -0.08544844388961785 -3.3877761013538036e-19
v -0.0017901211977004996 -0.08549569547176354 0.0
v -0.0023051896132528773 -0.02484242059290407 0.0
v -0.0023051896132528773 -0.02484242059290407 0.0
v -0.0017901211977004996 -0.08549569547176354 0.0
v -0.00689244735985994 -0.08524531126022332 0.0
v -0.0023051896132528773 -0.02484242059290407 0.0
v -0.00689244735985994 -0.08524531126022332 0.0
v -0.0029761695768684136 -0.024822404608130434 0.0
v -0.0029761695768684136 -0.024822404608130434 0.0
v -0.00689244735985994 -0.08524531126022332 0.0
v -0.013373149558901782 -0.08443380892276757 -6.023902279067409e-18
v -0.0029761695768684136 -0.024822404608130434 0.0
v -0.013373149558901782 -0.08443380892276757 -6.023902279067409e-18
v -0.015174519270658486 -0.0842082500457763 0.0
v 0.014343771152198308 -0.020475877448916418 0.0
v 0.04288269206881521 -0.0744930282235145 0.0
v 0.010302065871655936 -0.02277885936200617 0.0
v 0.010302065871655936 -0.02277885936200617 0.0
v 0.04288269206881521 -0.0744930282235145 0.0
v 0.03889086842536925 -0.07645356655120844 5.65757934773886e-20
v 0.010302065871655936 -0.02277885936200617 0.0
v 0.03889086842536925 -0.07645356655120844 5.65757934773886e-20
v 0.0354565531015396 -0.07814029604196543 0.0
v 0.08010334521532055 -0.029822750017046904 0.0
v 0.07869379222393032 -0.0337051413953304 0.0
v 0.022885018959641446 -0.010063861496746531 0.0
v 0.022885018959641446 -0.010063861496746531 0.0
v 0.07869379222393032 -0.0337051413953304 0.0
v 0.07601988315582273 -0.039274759590625735 0.0
v 0.022885018959641446 -0.010063861496746531 0.0
v 0.07601988315582273 -0.039274759590625735 0.0
v 0.021186141297221173 -0.013122317381203164 0.0
v 0.021186141297221173 -0.013122317381203164 0.0
v 0.07601988315582273 -0.039274759590625735 0.0
v 0.07496386021375653 -0.04147440195083615 0.0
v 0.021186141297221173 -0.013122317381203164 0.0
v 0.07496386021375653 -0.04147440195083615 0.0
v 0.020637212321162213 -0.01411054003983735 0.0
v 0.020637212321162213 -0.01411054003983735 0.0
v 0.07496386021375653 -0.04147440195083615 0.0
v 0.07086794823408124 -0.048194568604230846 0.0
v 0.020637212321162213 -0.01411054003983735 0.0
v 0.07086794823408124 -0.048194568604230846 0.0
v 0.07044210284948346 -0.04889324679970738 0.0
v -0.045870013535022715 0.0721010416746139 0.0
v -0.04055185243487356 0.07512249797582621 0.0
v -0.011095419526100153 0.022282578051090223 0.0
v -0.011095419526100153 0.022282578051090223 0.0
v -0.04055185243487356 0.07512249797582621 0.0
v -0.038360185921192155 0.07636766135692591 0.0
v -0.011095419526100153 0.022282578051090223 0.0
v -0.038360185921192155 0.07636766135692591 0.0
v -0.009016737341880795 0.02331734634935854 0.0
v -0.009016737341880795 0.02331734634935854 0.0
v -0.038360185921192155 0.07636766135692591 0.0
v -0.032921351492404924 0.07877340167760843 0.0
v -0.009016737341880795 0.02331734634935854 0.0
v -0.032921351492404924 0.07877340167760843 0.0
v -0.030535208061337457 0.07982885092496866 0.0
v 0.017677670344710343 -0.017677670344710336 0.0
v 0.05749851837754247 -0.06381530314683909 0.0
v 0.015026166103780263 -0.019903130829334245 0.0
v 0.015026166103780263 -0.019903130829334245 0.0
v 0.05749851837754247 -0.06381530314683909 0.0
v 0.05288972333073614 -0.0679070577025413 0.0
v 0.015026166103780263 -0.019903130829334245 0.0
v 0.05288972333073614 -0.0679070577025413 0.0
v 0.014343771152198308 -0.020475877448916418 0.0
v 0.014343771152198308 -0.020475877448916418 0.0
v 0.05288972333073614 -0.0679070577025413 0.0
v 0.04999681934714315 -0.07013228535652155 -8.045386579169644e-10
v 0.014343771152198308 -0.020475877448916418 0.0
v 0.04999681934714315 -0.07013228535652155 -8.045386579169644e-10
v 0.04288269206881521 -0.0744930282235145 0.0
v 0.07044210284948346 -0.04889324679970738 0.0
v 0.06522363424301145 -0.055812563747167546 0.0
v 0.020637212321162213 -0.01411054003983735 0.0
v 0.020637212321162213 -0.01411054003983735 0.0
v 0.06522363424301145 -0.055812563747167546 0.0
v 0.06466429680585858 -0.0564184300601482 0.0
v 0.020637212321162213 -0.01411054003983735 0.0
v 0.06466429680585858 -0.0564184300601482 0.0
v 0.017677670344710343 -0.017677670344710336 0.0
v 0.017677670344710343 -0.017677670344710336 0.0
v 0.06466429680585858 -0.0564184300601482 0.0
v 0.05936642363667485 -0.06215694919228549 0.0
v 0.017677670344710343 -0.017677670344710336 0.0
v 0.05936642363667485 -0.06215694919228549 0.0
v 0.05749851837754247 -0.06381530314683909 0.0
v -0.018011081963777535 -0.11183492839336387 0.15353523194789886
v -0.023839926347136487 -0.11018814146518699 0.1525290161371231
v -0.024124544113874425 -0.10618724673986427 0.1303604543209076
v -0.029519505798816667 -0.1080792471766471 0.1512415111064911
v -0.035015195608139024 -0.10551668703556052 0.14967896044254303
v -0.03544060885906218 -0.1013721749186515 0.12792958319187164
v -0.029352746903896318 -0.11018105596303931 0.1734861433506012
v -0.023706059902906407 -0.11215437203645698 0.17496079206466675
v -0.023702820762991895 -0.11205795407295219 0.18622204661369324
v 0.029352821409702287 -0.11018104106187812 0.1734861135482788
v 0.034815955907106386 -0.10778252780437461 0.17169642448425293
v 0.03481185808777808 -0.10792995244264594 0.18276359140872955
v 0.012212572619318957 -0.10910311341285697 0.13183428347110748
v 8.176434818096819e-08 -0.11008145660161964 0.13232921063899994
v 5.746235487436022e-08 -0.09944605827331535 0.08789686113595963
v 0.04896738752722738 -0.04464694485068318 0.2669849693775177
v 0.04911891371011732 -0.04067321866750714 0.26801520586013794
v 0.03824522718787192 -0.04160785302519795 0.27390965819358826
v 0.04223484918475149 0.0 0.27748653292655945
v 0.03885592147707938 0.0 0.2790721356868744
v 0.03885497152805327 -0.008880155161023133 0.27899089455604553
v 0.0342215485870838 0.0 0.2812468707561493
v 0.02641346864402293 0.0 0.28401610255241394
v 0.026391340419650067 -0.009086964651942246 0.28389930725097656
v 0.017388118430972092 0.0 0.286305695772171
v 0.013342878781259055 0.0 0.2868976891040802
v 0.01334309577941894 -0.009212485514581197 0.2868838906288147
v 0.008701818995177742 0.0 0.2875768840312958
v -0.00016259941912721834 0.0 0.2879999577999115
v 1.9928089045606604e-07 -0.009254666045308106 0.2878881096839905
v -0.026190048083662976 0.0 0.28411051630973816
v -0.026417842134833325 0.0 0.284029096364975
v -0.0263911373913288 -0.00908696558326482 0.28389930725097656
v -0.0344804674386978 0.0 0.2811470627784729
v -0.03885846212506293 0.0 0.27907833456993103
v -0.0388549007475376 -0.008880157023668282 0.27899089455604553
v -0.04955279454588888 -0.027653461322188357 0.2707432210445404
v -0.04947857931256292 -0.03011359646916387 0.27030783891677856
v -0.03851854801177977 -0.030866395682096457 0.2765447497367859
v -0.04924542084336279 -0.037347864359617206 0.2688738703727722
v -0.049119189381599405 -0.040674313902854885 0.26801857352256775
v -0.038245167583227144 -0.041607864201068843 0.27390965819358826
v -0.04739410802721975 -0.07338814437389368 0.25217777490615845
v -0.04704039543867109 -0.07828987389802927 0.24774590134620667
v -0.03666567057371138 -0.07996744662523264 0.2526513636112213
v -0.040061477571725825 -0.10496713966131202 0.16959963738918304
v -0.0348159149289131 -0.1077825427055358 0.1716964691877365
v -0.0348118096590042 -0.10792995244264594 0.18276363611221313
v -0.04519477114081381 -0.09667398780584328 0.13180190324783325
v -0.04543647542595861 -0.09498440474271767 0.12478892505168915
v -0.03544060885906218 -0.1013721749186515 0.12792958319187164
v -0.0432804152369499 -0.07427290827035898 4.607859233063394e-19
v -0.03889144957065581 -0.0764558538794517 -2.3982027291998754e-17
v -0.03875239193439482 -0.07758736610412592 0.019935138523578644
v -0.03111368231475352 -0.0798944011330604 1.2790197503539935e-19
v -0.026430392637848844 -0.08139963448047631 1.1805716865282585e-19
v -0.026337454095482816 -0.08257571607828133 0.020323311910033226
v -0.015174519270658486 -0.0842082500457763 5.340542732438364e-19
v -0.013373149558901782 -0.08443380892276757 -6.023902279067409e-18
v -0.013320450671017165 -0.08560894429683678 0.0205587986856699
v -0.0017901211977004996 -0.08549569547176354 -4.910408813910789e-19
v -1.7174725144286632e-06 -0.08544844388961785 -3.3877761013538036e-19
v 2.0999719296810316e-08 -0.0866295546293258 0.020637905225157738
v 0.006464584264904258 -0.08527761697769158 2.1175823681357508e-19
v 0.01337532047182321 -0.08444883674383157 -1.5410669494956128e-19
v 0.01332048792392015 -0.08560894429683678 0.02055879682302475
v 0.02283805049955844 -0.08253191411495202 7.11050277902095e-17
v 0.026450613513588895 -0.08146034926176064 1.8841811160308483e-17
v 0.026337482035160054 -0.08257571607828133 0.02032330632209778
v 0.049864906817674616 -0.0706790760159492 0.013737333938479424
v 0.049739032983779886 -0.0712245106697082 0.019419370219111443
v 0.038752410560846315 -0.07758737355470652 0.019935132935643196
v 0.049864906817674616 -0.0706790760159492 0.013737333938479424
v 0.038752410560846315 -0.07758737355470652 0.019935132935643196
v 0.0498755946755409 -0.07063276320695872 0.013254862278699875
v 0.0498755946755409 -0.07063276320695872 0.013254862278699875
v 0.038752410560846315 -0.07758737355470652 0.019935132935643196
v 0.04288269206881521 -0.0744930282235145 1.4399560103323106e-19
v 0.0498755946755409 -0.07063276320695872 0.013254862278699875
v 0.04288269206881521 -0.0744930282235145 1.4399560103323106e-19
v 0.04999681934714315 -0.07013228535652155 -8.045386579169644e-10
v 0.027743492275476442 -0.08107686042785638 1.376428539288238e-19
v 0.0354565531015396 -0.07814029604196543 -1.8634724839594607e-20
v 0.038752410560846315 -0.07758737355470652 0.019935132935643196
v 0.038752410560846315 -0.07758737355470652 0.019935132935643196
v 0.0354565531015396 -0.07814029604196543 -1.8634724839594607e-20
v 0.03889086842536925 -0.07645356655120844 5.65757934773886e-20
v 0.038752410560846315 -0.07758737355470652 0.019935132935643196
v 0.03889086842536925 -0.07645356655120844 5.65757934773886e-20
v 0.04288269206881521 -0.0744930282235145 1.4399560103323106e-19
v 0.02283805049955844 -0.08253191411495202 7.11050277902095e-17
v 0.026337482035160054 -0.08257571607828133 0.02032330632209778
v 0.014680278487503522 -0.08429234474897378 -2.2319318160150814e-19
v -0.0017901211977004996 -0.08549569547176354 -4.910408813910789e-19
v 2.0999719296810316e-08 -0.0866295546293258 0.020637905225157738
v -0.00689244735985994 -0.08524531126022332 -2.961714227545705e-17
v -0.015174519270658486 -0.0842082500457763 5.340542732438364e-19
v -0.013320450671017165 -0.08560894429683678 0.0205587986856699
v -0.02325628325343131 -0.0824198052287101 1.113848325639405e-19
v -0.03111368231475352 -0.0798944011330604 1.2790197503539935e-19
v -0.026337454095482816 -0.08257571607828133 0.020323311910033226
v -0.03585869818925856 -0.07796425372362131 -4.0871880803861754e-17
v -0.04999684542417524 -0.07013227045536036 -5.405569325489523e-10
v -0.0432804152369499 -0.07427290827035898 4.607859233063394e-19
v -0.04986497759819029 -0.07067788392305369 0.013738208450376987
v -0.04986497759819029 -0.07067788392305369 0.013738208450376987
v -0.0432804152369499 -0.07427290827035898 4.607859233063394e-19
v -0.03875239193439482 -0.07758736610412592 0.019935138523578644
v -0.04986497759819029 -0.07067788392305369 0.013738208450376987
v -0.03875239193439482 -0.07758736610412592 0.019935138523578644
v -0.049860719591379145 -0.07069548964500422 0.014181563630700111
v -0.049074646085500696 -0.07421563565731043 0.041842490434646606
v -0.0491078123450279 -0.07406423985958094 0.040862422436475754
v -0.038257978856563554 -0.08056814968585961 0.0418732725083828
v -0.038257978856563554 -0.08056814968585961 0.0418732725083828
v -0.0491078123450279 -0.07406423985958094 0.040862422436475754
v -0.049560025334358195 -0.07200014591217035 0.02749990113079548
v -0.038257978856563554 -0.08056814968585961 0.0418732725083828
v -0.049560025334358195 -0.07200014591217035 0.02749990113079548
v -0.03875239193439482 -0.07758736610412592 0.019935138523578644
v -0.03875239193439482 -0.07758736610412592 0.019935138523578644
v -0.049560025334358195 -0.07200014591217035 0.02749990113079548
v -0.049742430448532084 -0.07120872288942331 0.019420789554715157
v -0.03875239193439482 -0.07758736610412592 0.019935138523578644
v -0.049742430448532084 -0.07120872288942331 0.019420789554715157
v -0.049860719591379145 -0.07069548964500422 0.014181563630700111
v -0.04798305034637449 -0.07968447357416147 0.06622132658958435
v -0.04818592965602873 -0.07862298935651774 0.06199944019317627
v -0.03755800426006316 -0.08506118506193154 0.06354966014623642
v -0.03755800426006316 -0.08506118506193154 0.06354966014623642
v -0.04818592965602873 -0.07862298935651774 0.06199944019317627
v -0.04844941198825834 -0.07724443078041071 0.05651646479964256
v -0.03755800426006316 -0.08506118506193154 0.06354966014623642
v -0.04844941198825834 -0.07724443078041071 0.05651646479964256
v -0.038257978856563554 -0.08056814968585961 0.0418732725083828
v -0.038257978856563554 -0.08056814968585961 0.0418732725083828
v -0.04844941198825834 -0.07724443078041071 0.05651646479964256
v -0.048855941742658594 -0.0752750933170318 0.04697537422180176
v -0.038257978856563554 -0.08056814968585961 0.0418732725083828
v -0.048855941742658594 -0.0752750933170318 0.04697537422180176
v -0.049074646085500696 -0.07421563565731043 0.041842490434646606
v -0.04798305034637449 -0.07968447357416147 0.06622132658958435
v -0.03755800426006316 -0.08506118506193154 0.06354966014623642
v -0.04746851697564123 -0.08237657696008675 0.07692871242761612
v -0.04746851697564123 -0.08237657696008675 0.07692871242761612
v -0.03755800426006316 -0.08506118506193154 0.06354966014623642
v -0.036783467978239046 -0.09046764671802514 0.08501596003770828
v -0.04746851697564123 -0.08237657696008675 0.07692871242761612
v -0.036783467978239046 -0.09046764671802514 0.08501596003770828
v -0.04719378054141996 -0.08401548117399209 0.082942895591259
v -0.04543647542595861 -0.09498440474271767 0.12478892505168915
v -0.04547950252890585 -0.09468363970518105 0.12354056537151337
v -0.03544060885906218 -0.1013721749186515 0.12792958319187164
v -0.03544060885906218 -0.1013721749186515 0.12792958319187164
v -0.04547950252890585 -0.09468363970518105 0.12354056537151337
v -0.045910537242889383 -0.09167056530714028 0.11103415489196777
v -0.03544060885906218 -0.1013721749186515 0.12792958319187164
v -0.045910537242889383 -0.09167056530714028 0.11103415489196777
v -0.036783467978239046 -0.09046764671802514 0.08501596003770828
v -0.036783467978239046 -0.09046764671802514 0.08501596003770828
v -0.045910537242889383 -0.09167056530714028 0.11103415489196777
v -0.046214230358600596 -0.08985890448093407 0.10438603907823563
v -0.036783467978239046 -0.09046764671802514 0.08501596003770828
v -0.046214230358600596 -0.08985890448093407 0.10438603907823563
v -0.04719378054141996 -0.08401548117399209 0.082942895591259
v -0.04519477114081381 -0.09667398780584328 0.13180190324783325
v -0.03544060885906218 -0.1013721749186515 0.12792958319187164
v -0.04493019729852674 -0.09880014508962623 0.14286193251609802
v -0.04493019729852674 -0.09880014508962623 0.14286193251609802
v -0.03544060885906218 -0.1013721749186515 0.12792958319187164
v -0.035015195608139024 -0.10551668703556052 0.14967896044254303
v -0.04493019729852674 -0.09880014508962623 0.14286193251609802
v -0.035015195608139024 -0.10551668703556052 0.14967896044254303
v -0.0402928479015827 -0.1025098040699958 0.14784830808639526
v -0.040061477571725825 -0.10496713966131202 0.16959963738918304
v -0.04460553079843519 -0.10197778791189185 0.16745087504386902
v -0.044633008539676645 -0.1015761196613311 0.16242071986198425
v -0.04464652016758917 -0.10137856006622306 0.15994666516780853
v -0.04483981058001516 -0.09952652454376212 0.14664047956466675
v -0.0402928479015827 -0.1025098040699958 0.14784830808639526
v -0.0402928479015827 -0.1025098040699958 0.14784830808639526
v -0.04483981058001516 -0.09952652454376212 0.14664047956466675
v -0.04485586658120153 -0.0993974953889846 0.14596928656101227
v -0.0402928479015827 -0.1025098040699958 0.14784830808639526
v -0.04485586658120153 -0.0993974953889846 0.14596928656101227
v -0.04493019729852674 -0.09880014508962623 0.14286193251609802
v -0.04461650177836416 -0.10251089930534354 0.1831856220960617
v -0.0348118096590042 -0.10792995244264594 0.18276363611221313
v -0.04468514770269392 -0.10217985510826103 0.189071923494339
v -0.04468514770269392 -0.10217985510826103 0.189071923494339
v -0.0348118096590042 -0.10792995244264594 0.18276363611221313
v -0.034876216202974306 -0.10725247114896766 0.19380319118499756
v -0.04468514770269392 -0.10217985510826103 0.189071923494339
v -0.034876216202974306 -0.10725247114896766 0.19380319118499756
v -0.044719573110342005 -0.10201384127140037 0.19202376902103424
v -0.04461650177836416 -0.10251089930534354 0.1831856220960617
v -0.044613149017095545 -0.10249567031860343 0.18215563893318176
v -0.0348118096590042 -0.10792995244264594 0.18276363611221313
v -0.0348118096590042 -0.10792995244264594 0.18276363611221313
v -0.044613149017095545 -0.10249567031860343 0.18215563893318176
v -0.04460046440362928 -0.10243806242942802 0.17825952172279358
v -0.0348118096590042 -0.10792995244264594 0.18276363611221313
v -0.04460046440362928 -0.10243806242942802 0.17825952172279358
v -0.040061477571725825 -0.10496713966131202 0.16959963738918304
v -0.040061477571725825 -0.10496713966131202 0.16959963738918304
v -0.04460046440362928 -0.10243806242942802 0.17825952172279358
v -0.044580306857824305 -0.10234652459621421 0.17206864058971405
v -0.040061477571725825 -0.10496713966131202 0.16959963738918304
v -0.044580306857824305 -0.10234652459621421 0.17206864058971405
v -0.04460553079843519 -0.10197778791189185 0.16745087504386902
v -0.04513356462121008 -0.09900994598865501 0.21044042706489563
v -0.044923093169927576 -0.10067034512758247 0.2028699517250061
v -0.040534742176532725 -0.10100819170474998 0.2129821479320526
v -0.040534742176532725 -0.10100819170474998 0.2129821479320526
v -0.044923093169927576 -0.10067034512758247 0.2028699517250061
v -0.03501196205615996 -0.10561954975128166 0.20473849773406982
v -0.044923093169927576 -0.10067034512758247 0.2028699517250061
v -0.04490242153406141 -0.1008100137114524 0.20182694494724274
v -0.03501196205615996 -0.10561954975128166 0.20473849773406982
v -0.03501196205615996 -0.10561954975128166 0.20473849773406982
v -0.04490242153406141 -0.1008100137114524 0.20182694494724274
v -0.044862885028123835 -0.1010771542787551 0.19983208179473877
v -0.03501196205615996 -0.10561954975128166 0.20473849773406982
v -0.044862885028123835 -0.1010771542787551 0.19983208179473877
v -0.034876216202974306 -0.10725247114896766 0.19380319118499756
v -0.034876216202974306 -0.10725247114896766 0.19380319118499756
v -0.044862885028123835 -0.1010771542787551 0.19983208179473877
v -0.04473593086004255 -0.10193495452404014 0.19342634081840515
v -0.034876216202974306 -0.10725247114896766 0.19380319118499756
v -0.04473593086004255 -0.10193495452404014 0.19342634081840515
v -0.044719573110342005 -0.10201384127140037 0.19202376902103424
v -0.04550678655505178 -0.09570670872926705 0.22086939215660095
v -0.04550132155418394 -0.09575945138931267 0.22074393928050995
v -0.04086038842797277 -0.09743298590183251 0.22330516576766968
v -0.04086038842797277 -0.09743298590183251 0.22330516576766968
v -0.04550132155418394 -0.09575945138931267 0.22074393928050995
v -0.04545135423541067 -0.09624169766902917 0.21959681808948517
v -0.04086038842797277 -0.09743298590183251 0.22330516576766968
v -0.04545135423541067 -0.09624169766902917 0.21959681808948517
v -0.040534742176532725 -0.10100819170474998 0.2129821479320526
v -0.040534742176532725 -0.10100819170474998 0.2129821479320526
v -0.04545135423541067 -0.09624169766902917 0.21959681808948517
v -0.045165155082941034 -0.0987607315182685 0.21157671511173248
v -0.040534742176532725 -0.10100819170474998 0.2129821479320526
v -0.045165155082941034 -0.0987607315182685 0.21157671511173248
v -0.04513356462121008 -0.09900994598865501 0.21044042706489563
v -0.04615799710154531 -0.08907492458820336 0.23439526557922363
v -0.04595727473497389 -0.09119278192520135 0.2305290549993515
v -0.041261520236730555 -0.09260583668947213 0.2331024557352066
v -0.041261520236730555 -0.09260583668947213 0.2331024557352066
v -0.04595727473497389 -0.09119278192520135 0.2305290549993515
v -0.045920684933662394 -0.09157884865999215 0.22982428967952728
v -0.041261520236730555 -0.09260583668947213 0.2331024557352066
v -0.045920684933662394 -0.09157884865999215 0.22982428967952728
v -0.04086038842797277 -0.09743298590183251 0.22330516576766968
v -0.04086038842797277 -0.09743298590183251 0.22330516576766968
v -0.045920684933662394 -0.09157884865999215 0.22982428967952728
v -0.04577266424894331 -0.0931406840682029 0.22697311639785767
v -0.04086038842797277 -0.09743298590183251 0.22330516576766968
v -0.04577266424894331 -0.0931406840682029 0.22697311639785767
v -0.04550678655505178 -0.09570670872926705 0.22086939215660095
v -0.04615799710154531 -0.08907492458820336 0.23439526557922363
v -0.041261520236730555 -0.09260583668947213 0.2331024557352066
v -0.04638995602726934 -0.0863968059420585 0.23820582032203674
v -0.04638995602726934 -0.0863968059420585 0.23820582032203674
v -0.041261520236730555 -0.09260583668947213 0.2331024557352066
v -0.041723571717739084 -0.08649495244026177 0.24215471744537354
v -0.04638995602726934 -0.0863968059420585 0.23820582032203674
v -0.041723571717739084 -0.08649495244026177 0.24215471744537354
v -0.046476729214191416 -0.08539493381977074 0.23963133990764618
v -0.04656241834163664 -0.08440561592578881 0.2410389930009842
v -0.03623719885945319 -0.08750619739294045 0.24457158148288727
v -0.046898551285266855 -0.08015976846218104 0.2458333522081375
v -0.046898551285266855 -0.08015976846218104 0.2458333522081375
v -0.03623719885945319 -0.08750619739294045 0.24457158148288727
v -0.03666567057371138 -0.07996744662523264 0.2526513636112213
v -0.046898551285266855 -0.08015976846218104 0.2458333522081375
v -0.03666567057371138 -0.07996744662523264 0.2526513636112213
v -0.046976611018180826 -0.07917375862598414 0.24694675207138062
v -0.046976611018180826 -0.07917375862598414 0.24694675207138062
v -0.03666567057371138 -0.07996744662523264 0.2526513636112213
v -0.04704039543867109 -0.07828987389802927 0.24774590134620667
v -0.04739410802721975 -0.07338814437389368 0.25217777490615845
v -0.03666567057371138 -0.07996744662523264 0.2526513636112213
v -0.047424692660570124 -0.07292050868272776 0.25251680612564087
v -0.047424692660570124 -0.07292050868272776 0.25251680612564087
v -0.03666567057371138 -0.07996744662523264 0.2526513636112213
v -0.03710298985242842 -0.07141375541687006 0.25965461134910583
v -0.047424692660570124 -0.07292050868272776 0.25251680612564087
v -0.03710298985242842 -0.07141375541687006 0.25965461134910583
v -0.04761636257171629 -0.06998990476131434 0.25464141368865967
v -0.0482155494391918 -0.06012416630983348 0.2607771158218384
v -0.048173602670431116 -0.06083819642662997 0.2603644132614136
v -0.03752477094531058 -0.06203870102763171 0.2655203640460968
v -0.03752477094531058 -0.06203870102763171 0.2655203640460968
v -0.048173602670431116 -0.06083819642662997 0.2603644132614136
v -0.047941699624061564 -0.06478581577539438 0.2580825686454773
v -0.03752477094531058 -0.06203870102763171 0.2655203640460968
v -0.047941699624061564 -0.06478581577539438 0.2580825686454773
v -0.03710298985242842 -0.07141375541687006 0.25965461134910583
v -0.03710298985242842 -0.07141375541687006 0.25965461134910583
v -0.047941699624061564 -0.06478581577539438 0.2580825686454773
v -0.04780909419059751 -0.06704303622245783 0.256777822971344
v -0.03710298985242842 -0.07141375541687006 0.25965461134910583
v -0.04780909419059751 -0.06704303622245783 0.256777822971344
v -0.04761636257171629 -0.06998990476131434 0.25464141368865967
v -0.0482155494391918 -0.06012416630983348 0.2607771158218384
v -0.03752477094531058 -0.06203870102763171 0.2655203640460968
v -0.04842808097600935 -0.05604100599884983 0.26263314485549927
v -0.04842808097600935 -0.05604100599884983 0.26263314485549927
v -0.03752477094531058 -0.06203870102763171 0.2655203640460968
v -0.03791048377752303 -0.05204551666975017 0.27025628089904785
v -0.04842808097600935 -0.05604100599884983 0.26263314485549927
v -0.03791048377752303 -0.05204551666975017 0.27025628089904785
v -0.04860775917768476 -0.0525889582931995 0.2642022967338562
v -0.049119189381599405 -0.040674313902854885 0.26801857352256775
v -0.048978522419929484 -0.04438109323382374 0.26706549525260925
v -0.038245167583227144 -0.041607864201068843 0.27390965819358826
v -0.038245167583227144 -0.041607864201068843 0.27390965819358826
v -0.048978522419929484 -0.04438109323382374 0.26706549525260925
v -0.048867084085941294 -0.04684809595346447 0.26620492339134216
v -0.038245167583227144 -0.041607864201068843 0.27390965819358826
v -0.048867084085941294 -0.04684809595346447 0.26620492339134216
v -0.03791048377752303 -0.05204551666975017 0.27025628089904785
v -0.03791048377752303 -0.05204551666975017 0.27025628089904785
v -0.048867084085941294 -0.04684809595346447 0.26620492339134216
v -0.04868055507540701 -0.05097746104001995 0.2647644579410553
v -0.03791048377752303 -0.05204551666975017 0.27025628089904785
v -0.04868055507540701 -0.05097746104001995 0.2647644579410553
v -0.04860775917768476 -0.0525889582931995 0.2642022967338562
v -0.03851854801177977 -0.030866395682096457 0.2765447497367859
v -0.04947857931256292 -0.03011359646916387 0.27030783891677856
v -0.038245167583227144 -0.041607864201068843 0.27390965819358826
v -0.038245167583227144 -0.041607864201068843 0.27390965819358826
v -0.04947857931256292 -0.03011359646916387 0.27030783891677856
v -0.04931819066405294 -0.03543019294738767 0.26936694979667664
v -0.038245167583227144 -0.041607864201068843 0.27390965819358826
v -0.04931819066405294 -0.03543019294738767 0.26936694979667664
v -0.04924542084336279 -0.037347864359617206 0.2688738703727722
v -0.04984518140554426 -0.01487430930137633 0.2722513973712921
v -0.049781177192926386 -0.017848838120698915 0.2719331383705139
v -0.0387238748371601 -0.019923716783523546 0.27820828557014465
v -0.0387238748371601 -0.019923716783523546 0.27820828557014465
v -0.049781177192926386 -0.017848838120698915 0.2719331383705139
v -0.04974787309765814 -0.019396595656871782 0.2717675268650055
v -0.0387238748371601 -0.019923716783523546 0.27820828557014465
v -0.04974787309765814 -0.019396595656871782 0.2717675268650055
v -0.03851854801177977 -0.030866395682096457 0.2765447497367859
v -0.03851854801177977 -0.030866395682096457 0.2765447497367859
v -0.04974787309765814 -0.019396595656871782 0.2717675268650055
v -0.04961352050304411 -0.02564048022031782 0.2710994780063629
v -0.03851854801177977 -0.030866395682096457 0.2765447497367859
v -0.04961352050304411 -0.02564048022031782 0.2710994780063629
v -0.04955279454588888 -0.027653461322188357 0.2707432210445404
v -0.04242018610239027 0.0 0.2773953378200531
v -0.049995459616184214 9.902372671843899e-11 0.27285733819007874
v -0.04998844489455221 -0.0017864360706880676 0.27283355593681335
v -0.04984518140554426 -0.01487430930137633 0.2722513973712921
v -0.0387238748371601 -0.019923716783523546 0.27820828557014465
v -0.04991379007697103 -0.008606698364019387 0.2725301682949066
v -0.04991379007697103 -0.008606698364019387 0.2725301682949066
v -0.0387238748371601 -0.019923716783523546 0.27820828557014465
v -0.0388549007475376 -0.008880157023668282 0.27899089455604553
v -0.04991379007697103 -0.008606698364019387 0.2725301682949066
v -0.0388549007475376 -0.008880157023668282 0.27899089455604553
v -0.04998844489455221 -0.0017864360706880676 0.27283355593681335
v -0.04998844489455221 -0.0017864360706880676 0.27283355593681335
v -0.0388549007475376 -0.008880157023668282 0.27899089455604553
v -0.03885846212506293 0.0 0.27907833456993103
v -0.04998844489455221 -0.0017864360706880676 0.27283355593681335
v -0.03885846212506293 0.0 0.27907833456993103
v -0.04242018610239027 0.0 0.2773953378200531
v -0.008931060321629044 0.0 0.28755539655685425
v -0.01334226038306951 0.0 0.28689777851104736
v -0.013342759571969504 -0.009212485514581197 0.2868838906288147
v -0.013342759571969504 -0.009212485514581197 0.2868838906288147
v -0.01334226038306951 0.0 0.28689777851104736
v -0.01759462989866733 0.0 0.2862638533115387
v 0.017388118430972092 0.0 0.286305695772171
v 0.01334309577941894 -0.009212485514581197 0.2868838906288147
v 0.02590094693005084 0.0 0.2841978669166565
v 0.04999542608857153 -9.46690295600127e-11 0.2728573679924011
v 0.04223484918475149 0.0 0.27748653292655945
v 0.04991016536951063 -0.00860655587166547 0.2725154459476471
v 0.04991016536951063 -0.00860655587166547 0.2725154459476471
v 0.04223484918475149 0.0 0.27748653292655945
v 0.03885497152805327 -0.008880155161023133 0.27899089455604553
v 0.04991016536951063 -0.00860655587166547 0.2725154459476471
v 0.03885497152805327 -0.008880155161023133 0.27899089455604553
v 0.04985233396291731 -0.014443947002291669 0.27228355407714844
v 0.04985233396291731 -0.014443947002291669 0.27228355407714844
v 0.03885497152805327 -0.008880155161023133 0.27899089455604553
v 0.038723949342966066 -0.019923713058233247 0.27820828557014465
v 0.04985233396291731 -0.014443947002291669 0.27228355407714844
v 0.038723949342966066 -0.019923713058233247 0.27820828557014465
v 0.049777280539274195 -0.017965113744139657 0.27191162109375
v 0.049777280539274195 -0.017965113744139657 0.27191162109375
v 0.038723949342966066 -0.019923713058233247 0.27820828557014465
v 0.04974678158760069 -0.019395936280488954 0.2717604637145996
v 0.04974678158760069 -0.019395936280488954 0.2717604637145996
v 0.038723949342966066 -0.019923713058233247 0.27820828557014465
v 0.0496145077049732 -0.02560150623321531 0.27110499143600464
v 0.0496145077049732 -0.02560150623321531 0.27110499143600464
v 0.038723949342966066 -0.019923713058233247 0.27820828557014465
v 0.03851861879229544 -0.03086638823151586 0.2765447497367859
v 0.0496145077049732 -0.02560150623321531 0.27110499143600464
v 0.03851861879229544 -0.03086638823151586 0.2765447497367859
v 0.04954724758863447 -0.02782694436609743 0.27070990204811096
v 0.04911891371011732 -0.04067321866750714 0.26801520586013794
v 0.04923699423670767 -0.037576556205749484 0.2688180208206177
v 0.03824522718787192 -0.04160785302519795 0.27390965819358826
v 0.03824522718787192 -0.04160785302519795 0.27390965819358826
v 0.04923699423670767 -0.037576556205749484 0.2688180208206177
v 0.049312107264995554 -0.035606786608695956 0.2693287134170532
v 0.03824522718787192 -0.04160785302519795 0.27390965819358826
v 0.049312107264995554 -0.035606786608695956 0.2693287134170532
v 0.03851861879229544 -0.03086638823151586 0.2765447497367859
v 0.03851861879229544 -0.03086638823151586 0.2765447497367859
v 0.049312107264995554 -0.035606786608695956 0.2693287134170532
v 0.049478158354759195 -0.030112851411104178 0.2703040838241577
v 0.03851861879229544 -0.03086638823151586 0.2765447497367859
v 0.049478158354759195 -0.030112851411104178 0.2703040838241577
v 0.04954724758863447 -0.02782694436609743 0.27070990204811096
v 0.04896738752722738 -0.04464694485068318 0.2669849693775177
v 0.03824522718787192 -0.04160785302519795 0.27390965819358826
v 0.04885479062795637 -0.04712719097733494 0.26611194014549255
v 0.04885479062795637 -0.04712719097733494 0.26611194014549255
v 0.03824522718787192 -0.04160785302519795 0.27390965819358826
v 0.0379105433821678 -0.05204549431800838 0.27025628089904785
v 0.04885479062795637 -0.04712719097733494 0.26611194014549255
v 0.0379105433821678 -0.05204549431800838 0.27025628089904785
v 0.048680122941732386 -0.05097483843564983 0.2647576332092285
v 0.04817375540733335 -0.06084061414003367 0.26036903262138367
v 0.048205818980932215 -0.06029888615012164 0.26068711280822754
v 0.037524826824665056 -0.06203864887356753 0.26552027463912964
v 0.037524826824665056 -0.06203864887356753 0.26552027463912964
v 0.048205818980932215 -0.06029888615012164 0.26068711280822754
v 0.04841144010424612 -0.05636316910386081 0.26248899102211
v 0.037524826824665056 -0.06203864887356753 0.26552027463912964
v 0.04841144010424612 -0.05636316910386081 0.26248899102211
v 0.0379105433821678 -0.05204549431800838 0.27025628089904785
v 0.0379105433821678 -0.05204549431800838 0.27025628089904785
v 0.04841144010424612 -0.05636316910386081 0.26248899102211
v 0.048595085740089396 -0.052848070859909016 0.26409825682640076
v 0.0379105433821678 -0.05204549431800838 0.27025628089904785
v 0.048595085740089396 -0.052848070859909016 0.26409825682640076
v 0.048680122941732386 -0.05097483843564983 0.2647576332092285
v 0.04817375540733335 -0.06084061414003367 0.26036903262138367
v 0.037524826824665056 -0.06203864887356753 0.26552027463912964
v 0.04792002961039541 -0.06512735038995737 0.25785189867019653
v 0.04792002961039541 -0.06512735038995737 0.25785189867019653
v 0.037524826824665056 -0.06203864887356753 0.26552027463912964
v 0.0371030420064926 -0.07141368836164469 0.2596544921398163
v 0.04792002961039541 -0.06512735038995737 0.25785189867019653
v 0.0371030420064926 -0.07141368836164469 0.2596544921398163
v 0.04776308313012121 -0.06777896732091898 0.2562948763370514
v 0.04689914733171461 -0.08018852770328516 0.24590110778808594
v 0.04704070836305616 -0.07825906574726099 0.24771466851234436
v 0.04222403839230535 -0.07915715873241419 0.25024935603141785
v 0.04222403839230535 -0.07915715873241419 0.25024935603141785
v 0.04704070836305616 -0.07825906574726099 0.24771466851234436
v 0.04732471331954 -0.0743881613016128 0.25135302543640137
v 0.03666573017835616 -0.07996734976768488 0.2526512145996094
v 0.04739920049905775 -0.07326513528823847 0.25219273567199707
v 0.0371030420064926 -0.07141368836164469 0.2596544921398163
v 0.0371030420064926 -0.07141368836164469 0.2596544921398163
v 0.04739920049905775 -0.07326513528823847 0.25219273567199707
v 0.04761650785803793 -0.06998883187770838 0.254642516374588
v 0.0371030420064926 -0.07141368836164469 0.2596544921398163
v 0.04761650785803793 -0.06998883187770838 0.254642516374588
v 0.04776308313012121 -0.06777896732091898 0.2562948763370514
v 0.041723594069480875 -0.0864948853850364 0.2421545833349228
v 0.04647494852542875 -0.08544308692216866 0.23966559767723083
v 0.04649156704545019 -0.085253819823265 0.23994483053684235
v 0.041723594069480875 -0.0864948853850364 0.2421545833349228
v 0.04649156704545019 -0.085253819823265 0.23994483053684235
v 0.04222403839230535 -0.07915715873241419 0.25024935603141785
v 0.04222403839230535 -0.07915715873241419 0.25024935603141785
v 0.04649156704545019 -0.085253819823265 0.23994483053684235
v 0.046869926154613474 -0.08055165410041802 0.24547411501407623
v 0.04222403839230535 -0.07915715873241419 0.25024935603141785
v 0.046869926154613474 -0.08055165410041802 0.24547411501407623
v 0.04689914733171461 -0.08018852770328516 0.24590110778808594
v 0.041261542588472346 -0.09260588139295571 0.23310241103172302
v 0.04595657065510748 -0.09120748937129967 0.2305382788181305
v 0.04610672965645788 -0.08963701874017709 0.23347796499729156
v 0.041261542588472346 -0.09260588139295571 0.23310241103172302
v 0.04610672965645788 -0.08963701874017709 0.23347796499729156
v 0.041723594069480875 -0.0864948853850364 0.2421545833349228
v 0.041723594069480875 -0.0864948853850364 0.2421545833349228
v 0.04610672965645788 -0.08963701874017709 0.23347796499729156
v 0.04636017605662344 -0.08675033599138253 0.23773691058158875
v 0.041723594069480875 -0.0864948853850364 0.2421545833349228
v 0.04636017605662344 -0.08675033599138253 0.23773691058158875
v 0.04647494852542875 -0.08544308692216866 0.23966559767723083
v 0.04547996446490286 -0.09595710784196847 0.2202090322971344
v 0.04550261050462721 -0.09573997557163232 0.22073619067668915
v 0.040860410779714564 -0.0974330008029937 0.2233051061630249
v 0.040860410779714564 -0.0974330008029937 0.2233051061630249
v 0.04550261050462721 -0.09573997557163232 0.22073619067668915
v 0.04574986547231672 -0.09336935728788369 0.22649158537387848
v 0.040860410779714564 -0.0974330008029937 0.2233051061630249
v 0.04574986547231672 -0.09336935728788369 0.22649158537387848
v 0.041261542588472346 -0.09260588139295571 0.23310241103172302
v 0.041261542588472346 -0.09260588139295571 0.23310241103172302
v 0.04574986547231672 -0.09336935728788369 0.22649158537387848
v 0.04589119181036947 -0.09189125895500176 0.22925837337970734
v 0.041261542588472346 -0.09260588139295571 0.23310241103172302
v 0.04589119181036947 -0.09189125895500176 0.22925837337970734
v 0.04595657065510748 -0.09120748937129967 0.2305382788181305
v 0.044904325157403925 -0.10080745071172706 0.20207324624061584
v 0.045131247490644434 -0.09903714060783378 0.2104465216398239
v 0.040534764528274515 -0.10100822150707237 0.21298208832740784
v 0.040534764528274515 -0.10100822150707237 0.21298208832740784
v 0.045131247490644434 -0.09903714060783378 0.2104465216398239
v 0.04514158144593237 -0.09895652532577506 0.21082784235477448
v 0.040534764528274515 -0.10100822150707237 0.21298208832740784
v 0.04514158144593237 -0.09895652532577506 0.21082784235477448
v 0.040860410779714564 -0.0974330008029937 0.2233051061630249
v 0.040860410779714564 -0.0974330008029937 0.2233051061630249
v 0.04514158144593237 -0.09895652532577506 0.21082784235477448
v 0.045426055788993815 -0.09647396951913827 0.2189542055130005
v 0.040860410779714564 -0.0974330008029937 0.2233051061630249
v 0.045426055788993815 -0.09647396951913827 0.2189542055130005
v 0.04547996446490286 -0.09595710784196847 0.2202090322971344
v 0.040291905403137186 -0.10342293232679359 0.2023245394229889
v 0.044861458241939524 -0.10109212249517432 0.19983452558517456
v 0.04488402232527731 -0.1009422540664672 0.20101307332515717
v 0.04461139813065527 -0.10252338647842399 0.18248745799064636
v 0.04468426853418348 -0.10218818485736839 0.18907281756401062
v 0.034876268357038484 -0.10725252330303184 0.19380316138267517
v 0.034876268357038484 -0.10725252330303184 0.19380316138267517
v 0.04468426853418348 -0.10218818485736839 0.18907281756401062
v 0.044707171618938425 -0.10208281874656669 0.19114290177822113
v 0.034876268357038484 -0.10725252330303184 0.19380316138267517
v 0.044707171618938425 -0.10208281874656669 0.19114290177822113
v 0.044723790138959864 -0.10200638324022285 0.19264455139636993
v 0.044861458241939524 -0.10109212249517432 0.19983452558517456
v 0.040291905403137186 -0.10342293232679359 0.2023245394229889
v 0.044723790138959864 -0.10200638324022285 0.19264455139636993
v 0.03481185808777808 -0.10792995244264594 0.18276359140872955
v 0.044599633663892725 -0.10244496166706077 0.1782597154378891
v 0.04460785165429113 -0.10249974578618995 0.18121306598186493
v 0.03481185808777808 -0.10792995244264594 0.18276359140872955
v 0.034815955907106386 -0.10778252780437461 0.17169642448425293
v 0.044599633663892725 -0.10244496166706077 0.1782597154378891
v 0.044599633663892725 -0.10244496166706077 0.1782597154378891
v 0.034815955907106386 -0.10778252780437461 0.17169642448425293
v 0.04006149619817732 -0.10496712476015083 0.16959960758686066
v 0.044599633663892725 -0.10244496166706077 0.1782597154378891
v 0.04006149619817732 -0.10496712476015083 0.16959960758686066
v 0.04458092525601385 -0.10232021659612647 0.17153477668762207
v 0.044836167246103266 -0.09955820441246024 0.1468311846256256
v 0.04464897885918615 -0.101351112127304 0.15969830751419067
v 0.04006149619817732 -0.10496712476015083 0.16959960758686066
v 0.04464897885918615 -0.101351112127304 0.15969830751419067
v 0.044639401137828806 -0.10148749500513068 0.16136407852172852
v 0.04006149619817732 -0.10496712476015083 0.16959960758686066
v 0.04006149619817732 -0.10496712476015083 0.16959960758686066
v 0.044639401137828806 -0.10148749500513068 0.16136407852172852
v 0.04460440948605535 -0.10198580473661414 0.16745036840438843
v 0.04006149619817732 -0.10496712476015083 0.16959960758686066
v 0.04460440948605535 -0.10198580473661414 0.16745036840438843
v 0.04458092525601385 -0.10232021659612647 0.17153477668762207
v 0.035015240311622606 -0.10551679134368888 0.14967891573905945
v 0.044957008212804773 -0.09858182817697517 0.14170391857624054
v 0.040292877703905085 -0.10250993072986594 0.1478482484817505
v 0.040292877703905085 -0.10250993072986594 0.1478482484817505
v 0.044957008212804773 -0.09858182817697517 0.14170391857624054
v 0.044856466352939585 -0.09939417988061897 0.14596985280513763
v 0.0457993187010288 -0.09240611642599099 0.11387301236391068
v 0.035440646111965166 -0.10137211531400672 0.12792958319187164
v 0.046286314725875834 -0.0894613862037658 0.10303022712469101
v 0.046286314725875834 -0.0894613862037658 0.10303022712469101
v 0.035440646111965166 -0.10137211531400672 0.12792958319187164
v 0.036783494055271135 -0.09046763181686394 0.08501595258712769
v 0.0457993187010288 -0.09240611642599099 0.11387301236391068
v 0.045518189668655375 -0.0943967550992965 0.12227629870176315
v 0.035440646111965166 -0.10137211531400672 0.12792958319187164
v 0.035440646111965166 -0.10137211531400672 0.12792958319187164
v 0.045518189668655375 -0.0943967550992965 0.12227629870176315
v 0.04543420672416685 -0.09499144554138177 0.12478674203157425
v 0.035440646111965166 -0.10137211531400672 0.12792958319187164
v 0.04543420672416685 -0.09499144554138177 0.12478674203157425
v 0.04516858235001562 -0.0968722999095916 0.13272659480571747
v 0.0480631925165653 -0.079249657690525 0.064630888402462
v 0.04734954610466955 -0.08303230255842202 0.07935769110918045
v 0.036783494055271135 -0.09046763181686394 0.08501595258712769
v 0.036783494055271135 -0.09046763181686394 0.08501595258712769
v 0.04734954610466955 -0.08303230255842202 0.07935769110918045
v 0.047188423573970774 -0.08400657027959817 0.08294504135847092
v 0.036783494055271135 -0.09046763181686394 0.08501595258712769
v 0.047188423573970774 -0.08400657027959817 0.08294504135847092
v 0.046286314725875834 -0.0894613862037658 0.10303022712469101
v 0.048190146684646586 -0.07857675850391382 0.06201111152768135
v 0.037558037787675844 -0.08506116271018975 0.06354966014623642
v 0.04829454421997068 -0.07802341133356089 0.059856779873371124
v 0.04829454421997068 -0.07802341133356089 0.059856779873371124
v 0.037558037787675844 -0.08506116271018975 0.06354966014623642
v 0.03825799748301505 -0.08056820183992379 0.0418732576072216
v 0.04829454421997068 -0.07802341133356089 0.059856779873371124
v 0.03825799748301505 -0.08056820183992379 0.0418732576072216
v 0.04893588647246359 -0.0748776420950889 0.045253936201334
v 0.04893588647246359 -0.0748776420950889 0.045253936201334
v 0.03825799748301505 -0.08056820183992379 0.0418732576072216
v 0.048975612968206385 -0.07468277961015696 0.04434937983751297
v 0.049739032983779886 -0.0712245106697082 0.019419370219111443
v 0.049560021609067896 -0.07200017571449274 0.02749989740550518
v 0.038752410560846315 -0.07758737355470652 0.019935132935643196
v 0.038752410560846315 -0.07758737355470652 0.019935132935643196
v 0.049560021609067896 -0.07200017571449274 0.02749989740550518
v 0.049479417502880076 -0.07235780358314509 0.03022303245961666
v 0.038752410560846315 -0.07758737355470652 0.019935132935643196
v 0.049479417502880076 -0.07235780358314509 0.03022303245961666
v 0.03825799748301505 -0.08056820183992379 0.0418732576072216
v 0.03825799748301505 -0.08056820183992379 0.0418732576072216
v 0.049479417502880076 -0.07235780358314509 0.03022303245961666
v 0.04910024628043173 -0.07410760968923563 0.04085470363497734
v 0.03825799748301505 -0.08056820183992379 0.0418732576072216
v 0.04910024628043173 -0.07410760968923563 0.04085470363497734
v 0.048975612968206385 -0.07468277961015696 0.04434937983751297
v 0.026450613513588895 -0.08146034926176064 1.8841811160308483e-17
v 0.027743492275476442 -0.08107686042785638 1.376428539288238e-19
v 0.026337482035160054 -0.08257571607828133 0.02032330632209778
v 0.026337482035160054 -0.08257571607828133 0.02032330632209778
v 0.027743492275476442 -0.08107686042785638 1.376428539288238e-19
v 0.038752410560846315 -0.07758737355470652 0.019935132935643196
v 0.026337482035160054 -0.08257571607828133 0.02032330632209778
v 0.038752410560846315 -0.07758737355470652 0.019935132935643196
v 0.026006873697042455 -0.08559567481279366 0.04264696687459946
v 0.026006873697042455 -0.08559567481279366 0.04264696687459946
v 0.038752410560846315 -0.07758737355470652 0.019935132935643196
v 0.03825799748301505 -0.08056820183992379 0.0418732576072216
v 0.026006873697042455 -0.08559567481279366 0.04264696687459946
v 0.03825799748301505 -0.08056820183992379 0.0418732576072216
v 0.025539232417941083 -0.0900741517543792 0.06472472846508026
v 0.025539232417941083 -0.0900741517543792 0.06472472846508026
v 0.03825799748301505 -0.08056820183992379 0.0418732576072216
v 0.037558037787675844 -0.08506116271018975 0.06354966014623642
v 0.025539232417941083 -0.0900741517543792 0.06472472846508026
v 0.037558037787675844 -0.08506116271018975 0.06354966014623642
v 0.02502186968922614 -0.0954275578260421 0.08660753071308136
v 0.01337532047182321 -0.08444883674383157 -1.5410669494956128e-19
v 0.014680278487503522 -0.08429234474897378 -2.2319318160150814e-19
v 0.01332048792392015 -0.08560894429683678 0.02055879682302475
v 0.01332048792392015 -0.08560894429683678 0.02055879682302475
v 0.014680278487503522 -0.08429234474897378 -2.2319318160150814e-19
v 0.026337482035160054 -0.08257571607828133 0.02032330632209778
v 0.01332048792392015 -0.08560894429683678 0.02055879682302475
v 0.026337482035160054 -0.08257571607828133 0.02032330632209778
v 0.013154885731637473 -0.08864969760179513 0.04311631992459297
v 0.013154885731637473 -0.08864969760179513 0.04311631992459297
v 0.026337482035160054 -0.08257571607828133 0.02032330632209778
v 0.026006873697042455 -0.08559567481279366 0.04264696687459946
v 0.013154885731637473 -0.08864969760179513 0.04311631992459297
v 0.026006873697042455 -0.08559567481279366 0.04264696687459946
v 0.012920766137540335 -0.09311681985855096 0.065437451004982
v 0.012920766137540335 -0.09311681985855096 0.065437451004982
v 0.026006873697042455 -0.08559567481279366 0.04264696687459946
v 0.025539232417941083 -0.0900741517543792 0.06472472846508026
v 0.012920766137540335 -0.09311681985855096 0.065437451004982
v 0.025539232417941083 -0.0900741517543792 0.06472472846508026
v 0.012661787681281561 -0.0984356999397277 0.08757270872592926
v 0.012661787681281561 -0.0984356999397277 0.08757270872592926
v 0.025539232417941083 -0.0900741517543792 0.06472472846508026
v 0.02502186968922614 -0.0954275578260421 0.08660753071308136
v 0.012661787681281561 -0.0984356999397277 0.08757270872592926
v 0.02502186968922614 -0.0954275578260421 0.08660753071308136
v 0.024124633520841588 -0.10618720948696128 0.1303604543209076
v -1.7174725144286632e-06 -0.08544844388961785 -3.3877761013538036e-19
v 0.006464584264904258 -0.08527761697769158 2.1175823681357508e-19
v 2.0999719296810316e-08 -0.0866295546293258 0.020637905225157738
v 2.0999719296810316e-08 -0.0866295546293258 0.020637905225157738
v 0.006464584264904258 -0.08527761697769158 2.1175823681357508e-19
v 0.01332048792392015 -0.08560894429683678 0.02055879682302475
v 2.0999719296810316e-08 -0.0866295546293258 0.020637905225157738
v 0.01332048792392015 -0.08560894429683678 0.02055879682302475
v 3.318835339882752e-08 -0.08967661112546914 0.04327399283647537
v 3.318835339882752e-08 -0.08967661112546914 0.04327399283647537
v 0.01332048792392015 -0.08560894429683678 0.02055879682302475
v 0.013154885731637473 -0.08864969760179513 0.04311631992459297
v 3.318835339882752e-08 -0.08967661112546914 0.04327399283647537
v 0.013154885731637473 -0.08864969760179513 0.04311631992459297
v 4.533328024081127e-08 -0.09413931518793099 0.06567684561014175
v 4.533328024081127e-08 -0.09413931518793099 0.06567684561014175
v 0.013154885731637473 -0.08864969760179513 0.04311631992459297
v 0.012920766137540335 -0.09311681985855096 0.065437451004982
v 4.533328024081127e-08 -0.09413931518793099 0.06567684561014175
v 0.012920766137540335 -0.09311681985855096 0.065437451004982
v 5.746235487436022e-08 -0.09944605827331535 0.08789686113595963
v 5.746235487436022e-08 -0.09944605827331535 0.08789686113595963
v 0.012920766137540335 -0.09311681985855096 0.065437451004982
v 0.012661787681281561 -0.0984356999397277 0.08757270872592926
v 5.746235487436022e-08 -0.09944605827331535 0.08789686113595963
v 0.012661787681281561 -0.0984356999397277 0.08757270872592926
v 0.012212572619318957 -0.10910311341285697 0.13183428347110748
v 0.012212572619318957 -0.10910311341285697 0.13183428347110748
v 0.012661787681281561 -0.0984356999397277 0.08757270872592926
v 0.024124633520841588 -0.10618720948696128 0.1303604543209076
v 0.012212572619318957 -0.10910311341285697 0.13183428347110748
v 0.024124633520841588 -0.10618720948696128 0.1303604543209076
v 0.01801121421158313 -0.11183498054742805 0.15353520214557648
v 0.029519576579332338 -0.10807933658361427 0.1512414664030075
v 0.035440646111965166 -0.10137211531400672 0.12792958319187164
v 0.035015240311622606 -0.10551679134368888 0.14967891573905945
v 0.035015240311622606 -0.10551679134368888 0.14967891573905945
v 0.035440646111965166 -0.10137211531400672 0.12792958319187164
v 0.04516858235001562 -0.0968722999095916 0.13272659480571747
v 0.035015240311622606 -0.10551679134368888 0.14967891573905945
v 0.04516858235001562 -0.0968722999095916 0.13272659480571747
v 0.044957008212804773 -0.09858182817697517 0.14170391857624054
v 0.044856466352939585 -0.09939417988061897 0.14596985280513763
v 0.044836167246103266 -0.09955820441246024 0.1468311846256256
v 0.040292877703905085 -0.10250993072986594 0.1478482484817505
v 0.040292877703905085 -0.10250993072986594 0.1478482484817505
v 0.044836167246103266 -0.09955820441246024 0.1468311846256256
v 0.04006149619817732 -0.10496712476015083 0.16959960758686066
v 0.040292877703905085 -0.10250993072986594 0.1478482484817505
v 0.04006149619817732 -0.10496712476015083 0.16959960758686066
v 0.035015240311622606 -0.10551679134368888 0.14967891573905945
v 0.035015240311622606 -0.10551679134368888 0.14967891573905945
v 0.04006149619817732 -0.10496712476015083 0.16959960758686066
v 0.034815955907106386 -0.10778252780437461 0.17169642448425293
v 0.035015240311622606 -0.10551679134368888 0.14967891573905945
v 0.034815955907106386 -0.10778252780437461 0.17169642448425293
v 0.029519576579332338 -0.10807933658361427 0.1512414664030075
v 0.029519576579332338 -0.10807933658361427 0.1512414664030075
v 0.034815955907106386 -0.10778252780437461 0.17169642448425293
v 0.029352821409702287 -0.11018104106187812 0.1734861135482788
v 0.023702938109636296 -0.11205796152353278 0.18622201681137085
v 0.01791055873036384 -0.1136949732899665 0.17611321806907654
v 0.02370617166161536 -0.11215436458587638 0.17496076226234436
v 0.02370617166161536 -0.11215436458587638 0.17496076226234436
v 0.01791055873036384 -0.1136949732899665 0.17611321806907654
v 0.01801121421158313 -0.11183498054742805 0.15353520214557648
v 0.02370617166161536 -0.11215436458587638 0.17496076226234436
v 0.01801121421158313 -0.11183498054742805 0.15353520214557648
v 0.023840026929974546 -0.11018821597099296 0.15252898633480072
v 0.023840026929974546 -0.11018821597099296 0.15252898633480072
v 0.01801121421158313 -0.11183498054742805 0.15353520214557648
v 0.024124633520841588 -0.10618720948696128 0.1303604543209076
v 9.396764966140832e-08 -0.11396329104900352 0.15483710169792175
v 0.012069972231984133 -0.11301522701978675 0.1542568951845169
v 1.0008685791262902e-07 -0.11516162753105155 0.16619642078876495
v 1.0008685791262902e-07 -0.11516162753105155 0.16619642078876495
v 0.012069972231984133 -0.11301522701978675 0.1542568951845169
v 0.01202618889510631 -0.1142389476299285 0.1655736118555069
v 1.0008685791262902e-07 -0.11516162753105155 0.16619642078876495
v 0.01202618889510631 -0.1142389476299285 0.1655736118555069
v 1.0621903356877732e-07 -0.11568559706211082 0.1776043027639389
v 1.0621903356877732e-07 -0.11568559706211082 0.1776043027639389
v 0.01202618889510631 -0.1142389476299285 0.1655736118555069
v 0.012002746574580664 -0.11479896306991569 0.17693978548049927
v 1.0621903356877732e-07 -0.11568559706211082 0.1776043027639389
v 0.012002746574580664 -0.11479896306991569 0.17693978548049927
v 1.1236503638656354e-07 -0.11539202183485023 0.18902282416820526
v 1.1236503638656354e-07 -0.11539202183485023 0.18902282416820526
v 0.012002746574580664 -0.11479896306991569 0.17693978548049927
v 0.012000980786979193 -0.11455491930246345 0.18831875920295715
v 1.1236503638656354e-07 -0.11539202183485023 0.18902282416820526
v 0.012000980786979193 -0.11455491930246345 0.18831875920295715
v 1.1852560533043283e-07 -0.11413838714361182 0.20037011802196503
v 0.012473718263208861 -0.09004404395818703 0.2506384253501892
v 1.49549336470045e-07 -0.09036669880151742 0.2514098882675171
v 0.012342262081801886 -0.09707678854465478 0.24170340597629547
v 0.012342262081801886 -0.09707678854465478 0.24170340597629547
v 1.49549336470045e-07 -0.09036669880151742 0.2514098882675171
v 1.4331835984648928e-07 -0.09748215228319161 0.24248450994491577
v 0.012342262081801886 -0.09707678854465478 0.24170340597629547
v 1.4331835984648928e-07 -0.09748215228319161 0.24248450994491577
v 0.012228212319314475 -0.10297034680843345 0.23197908699512482
v 0.012228212319314475 -0.10297034680843345 0.23197908699512482
v 1.4331835984648928e-07 -0.09748215228319161 0.24248450994491577
v 1.370984961113208e-07 -0.10347129404544822 0.23276592791080475
v 0.012228212319314475 -0.10297034680843345 0.23197908699512482
v 1.370984961113208e-07 -0.10347129404544822 0.23276592791080475
v 0.012135730125010008 -0.10764826834201804 0.22161473333835602
v 0.012135730125010008 -0.10764826834201804 0.22161473333835602
v 1.370984961113208e-07 -0.10347129404544822 0.23276592791080475
v 1.3089237427266193e-07 -0.10824802517890922 0.22239714860916138
v 0.012135730125010008 -0.10764826834201804 0.22161473333835602
v 1.3089237427266193e-07 -0.10824802517890922 0.22239714860916138
v 0.012066899798810477 -0.11109691858291618 0.2107776552438736
v 1.247013443617106e-07 -0.11178936809301368 0.21154336631298065
v 1.1852560533043283e-07 -0.11413838714361182 0.20037011802196503
v 0.012022051028907294 -0.11336583644151679 0.19963136315345764
v 0.012022051028907294 -0.11336583644151679 0.19963136315345764
v 1.1852560533043283e-07 -0.11413838714361182 0.20037011802196503
v 0.012000980786979193 -0.11455491930246345 0.18831875920295715
v 0.012022051028907294 -0.11336583644151679 0.19963136315345764
v 0.012000980786979193 -0.11455491930246345 0.18831875920295715
v 0.023702938109636296 -0.11205796152353278 0.18622201681137085
v 0.023702938109636296 -0.11205796152353278 0.18622201681137085
v 0.012000980786979193 -0.11455491930246345 0.18831875920295715
v 0.012002746574580664 -0.11479896306991569 0.17693978548049927
v 0.023702938109636296 -0.11205796152353278 0.18622201681137085
v 0.012002746574580664 -0.11479896306991569 0.17693978548049927
v 0.01791055873036384 -0.1136949732899665 0.17611321806907654
v 0.01791055873036384 -0.1136949732899665 0.17611321806907654
v 0.012002746574580664 -0.11479896306991569 0.17693978548049927
v 0.01202618889510631 -0.1142389476299285 0.1655736118555069
v 0.01791055873036384 -0.1136949732899665 0.17611321806907654
v 0.01202618889510631 -0.1142389476299285 0.1655736118555069
v 0.01801121421158313 -0.11183498054742805 0.15353520214557648
v 0.01801121421158313 -0.11183498054742805 0.15353520214557648
v 0.01202618889510631 -0.1142389476299285 0.1655736118555069
v 0.012069972231984133 -0.11301522701978675 0.1542568951845169
v 0.01801121421158313 -0.11183498054742805 0.15353520214557648
v 0.012069972231984133 -0.11301522701978675 0.1542568951845169
v 0.012212572619318957 -0.10910311341285697 0.13183428347110748
v 0.012212572619318957 -0.10910311341285697 0.13183428347110748
v 0.012069972231984133 -0.11301522701978675 0.1542568951845169
v 9.396764966140832e-08 -0.11396329104900352 0.15483710169792175
v 0.012212572619318957 -0.10910311341285697 0.13183428347110748
v 9.396764966140832e-08 -0.11396329104900352 0.15483710169792175
v 8.176434818096819e-08 -0.11008145660161964 0.13232921063899994
v 0.024650201201438893 -0.0890847444534301 0.24834498763084412
v 0.012473718263208861 -0.09004404395818703 0.2506384253501892
v 0.024386990815401067 -0.09587027132511132 0.23938007652759552
v 0.024386990815401067 -0.09587027132511132 0.23938007652759552
v 0.012473718263208861 -0.09004404395818703 0.2506384253501892
v 0.012342262081801886 -0.09707678854465478 0.24170340597629547
v 0.024386990815401067 -0.09587027132511132 0.23938007652759552
v 0.012342262081801886 -0.09707678854465478 0.24170340597629547
v 0.024158593267202367 -0.10147803276777259 0.22963763773441315
v 0.024158593267202367 -0.10147803276777259 0.22963763773441315
v 0.012342262081801886 -0.09707678854465478 0.24170340597629547
v 0.012228212319314475 -0.10297034680843345 0.23197908699512482
v 0.024158593267202367 -0.10147803276777259 0.22963763773441315
v 0.012228212319314475 -0.10297034680843345 0.23197908699512482
v 0.023973330855369557 -0.10586048662662498 0.21928566694259644
v 0.023973330855369557 -0.10586048662662498 0.21928566694259644
v 0.012228212319314475 -0.10297034680843345 0.23197908699512482
v 0.012135730125010008 -0.10764826834201804 0.22161473333835602
v 0.023973330855369557 -0.10586048662662498 0.21928566694259644
v 0.012135730125010008 -0.10764826834201804 0.22161473333835602
v 0.023835372179746617 -0.10903199762105933 0.2084978073835373
v 0.023835372179746617 -0.10903199762105933 0.2084978073835373
v 0.012135730125010008 -0.10764826834201804 0.22161473333835602
v 0.012066899798810477 -0.11109691858291618 0.2107776552438736
v 0.023835372179746617 -0.10903199762105933 0.2084978073835373
v 0.012066899798810477 -0.11109691858291618 0.2107776552438736
v 0.023745378479361524 -0.11106158792972556 0.19743143022060394
v 0.013342878781259055 0.0 0.2868976891040802
v 0.008701818995177742 0.0 0.2875768840312958
v 0.01334309577941894 -0.009212485514581197 0.2868838906288147
v 0.01334309577941894 -0.009212485514581197 0.2868838906288147
v 0.008701818995177742 0.0 0.2875768840312958
v 1.9928089045606604e-07 -0.009254666045308106 0.2878881096839905
v 0.01334309577941894 -0.009212485514581197 0.2868838906288147
v 1.9928089045606604e-07 -0.009254666045308106 0.2878881096839905
v 0.013299820013344283 -0.020563706755638105 0.286085844039917
v 0.013299820013344283 -0.020563706755638105 0.286085844039917
v 1.9928089045606604e-07 -0.009254666045308106 0.2878881096839905
v 1.9310616039547305e-07 -0.020644940435886366 0.2870875895023346
v 0.013299820013344283 -0.020563706755638105 0.286085844039917
v 1.9310616039547305e-07 -0.020644940435886366 0.2870875895023346
v 0.013231776654720301 -0.03177777305245397 0.28416356444358826
v 0.013231776654720301 -0.03177777305245397 0.28416356444358826
v 1.9310616039547305e-07 -0.020644940435886366 0.2870875895023346
v 1.8691562786443675e-07 -0.031893528997898074 0.28513240814208984
v 0.013231776654720301 -0.03177777305245397 0.28416356444358826
v 1.8691562786443675e-07 -0.031893528997898074 0.28513240814208984
v 0.013141046278178687 -0.0427363850176334 0.2811059355735779
v 0.013141046278178687 -0.0427363850176334 0.2811059355735779
v 1.8691562786443675e-07 -0.031893528997898074 0.28513240814208984
v 1.8071062868330038e-07 -0.04287987947463986 0.2820213735103607
v 0.013141046278178687 -0.0427363850176334 0.2811059355735779
v 1.8071062868330038e-07 -0.04287987947463986 0.2820213735103607
v 0.013029884546995158 -0.0533465631306171 0.27699992060661316
v 0.013029884546995158 -0.0533465631306171 0.27699992060661316
v 1.8071062868330038e-07 -0.04287987947463986 0.2820213735103607
v 1.7449259814839016e-07 -0.0535122230648994 0.2778582274913788
v 0.013029884546995158 -0.0533465631306171 0.27699992060661316
v 1.7449259814839016e-07 -0.0535122230648994 0.2778582274913788
v 0.012901710346341128 -0.06350872665643686 0.27188241481781006
v 0.012901710346341128 -0.06350872665643686 0.27188241481781006
v 1.7449259814839016e-07 -0.0535122230648994 0.2778582274913788
v 1.6826372473133225e-07 -0.0636961087584495 0.2726924419403076
v 0.012901710346341128 -0.06350872665643686 0.27188241481781006
v 1.6826372473133225e-07 -0.0636961087584495 0.2726924419403076
v 0.012761515565216536 -0.07310967892408365 0.26577526330947876
v 0.012761515565216536 -0.07310967892408365 0.26577526330947876
v 1.6826372473133225e-07 -0.0636961087584495 0.2726924419403076
v 1.6202716324187342e-07 -0.07332589477300638 0.2665545642375946
v 0.012761515565216536 -0.07310967892408365 0.26577526330947876
v 1.6202716324187342e-07 -0.07332589477300638 0.2665545642375946
v 0.012616143561899657 -0.08200497925281518 0.25868627429008484
v 0.012616143561899657 -0.08200497925281518 0.25868627429008484
v 1.6202716324187342e-07 -0.07332589477300638 0.2665545642375946
v 1.5578731904497537e-07 -0.08226450532674782 0.25945430994033813
v 0.02641346864402293 0.0 0.28401610255241394
v 0.02590094693005084 0.0 0.2841978669166565
v 0.026391340419650067 -0.009086964651942246 0.28389930725097656
v 0.026391340419650067 -0.009086964651942246 0.28389930725097656
v 0.02590094693005084 0.0 0.2841978669166565
v 0.01334309577941894 -0.009212485514581197 0.2868838906288147
v 0.026391340419650067 -0.009086964651942246 0.28389930725097656
v 0.01334309577941894 -0.009212485514581197 0.2868838906288147
v 0.026304490864276876 -0.02032197639346121 0.28310784697532654
v 0.026304490864276876 -0.02032197639346121 0.28310784697532654
v 0.01334309577941894 -0.009212485514581197 0.2868838906288147
v 0.013299820013344283 -0.020563706755638105 0.286085844039917
v 0.026304490864276876 -0.02032197639346121 0.28310784697532654
v 0.013299820013344283 -0.020563706755638105 0.286085844039917
v 0.026168106123805036 -0.03143343329429624 0.2812834084033966
v 0.026168106123805036 -0.03143343329429624 0.2812834084033966
v 0.013299820013344283 -0.020563706755638105 0.286085844039917
v 0.013231776654720301 -0.03177777305245397 0.28416356444358826
v 0.026168106123805036 -0.03143343329429624 0.2812834084033966
v 0.013231776654720301 -0.03177777305245397 0.28416356444358826
v 0.02598634734749793 -0.04230977967381474 0.2783850133419037
v 0.02598634734749793 -0.04230977967381474 0.2783850133419037
v 0.013231776654720301 -0.03177777305245397 0.28416356444358826
v 0.013141046278178687 -0.0427363850176334 0.2811059355735779
v 0.02598634734749793 -0.04230977967381474 0.2783850133419037
v 0.013141046278178687 -0.0427363850176334 0.2811059355735779
v 0.025763723999261846 -0.052854422479867894 0.27444952726364136
v 0.025763723999261846 -0.052854422479867894 0.27444952726364136
v 0.013141046278178687 -0.0427363850176334 0.2811059355735779
v 0.013029884546995158 -0.0533465631306171 0.27699992060661316
v 0.025763723999261846 -0.052854422479867894 0.27444952726364136
v 0.013029884546995158 -0.0533465631306171 0.27699992060661316
v 0.025507079437375058 -0.06295236945152277 0.26947587728500366
v 0.025507079437375058 -0.06295236945152277 0.26947587728500366
v 0.013029884546995158 -0.0533465631306171 0.27699992060661316
v 0.012901710346341128 -0.06350872665643686 0.27188241481781006
v 0.025507079437375058 -0.06295236945152277 0.26947587728500366
v 0.012901710346341128 -0.06350872665643686 0.27188241481781006
v 0.025226391851901998 -0.07246776670217508 0.26346004009246826
v 0.025226391851901998 -0.07246776670217508 0.26346004009246826
v 0.012901710346341128 -0.06350872665643686 0.27188241481781006
v 0.012761515565216536 -0.07310967892408365 0.26577526330947876
v 0.025226391851901998 -0.07246776670217508 0.26346004009246826
v 0.012761515565216536 -0.07310967892408365 0.26577526330947876
v 0.024935349822044362 -0.08123411238193505 0.25640398263931274
v 0.024935349822044362 -0.08123411238193505 0.25640398263931274
v 0.012761515565216536 -0.07310967892408365 0.26577526330947876
v 0.012616143561899657 -0.08200497925281518 0.25868627429008484
v 0.048190146684646586 -0.07857675850391382 0.06201111152768135
v 0.0480631925165653 -0.079249657690525 0.064630888402462
v 0.037558037787675844 -0.08506116271018975 0.06354966014623642
v 0.037558037787675844 -0.08506116271018975 0.06354966014623642
v 0.0480631925165653 -0.079249657690525 0.064630888402462
v 0.036783494055271135 -0.09046763181686394 0.08501595258712769
v 0.037558037787675844 -0.08506116271018975 0.06354966014623642
v 0.036783494055271135 -0.09046763181686394 0.08501595258712769
v 0.02502186968922614 -0.0954275578260421 0.08660753071308136
v 0.02502186968922614 -0.0954275578260421 0.08660753071308136
v 0.036783494055271135 -0.09046763181686394 0.08501595258712769
v 0.035440646111965166 -0.10137211531400672 0.12792958319187164
v 0.02502186968922614 -0.0954275578260421 0.08660753071308136
v 0.035440646111965166 -0.10137211531400672 0.12792958319187164
v 0.024124633520841588 -0.10618720948696128 0.1303604543209076
v 0.024124633520841588 -0.10618720948696128 0.1303604543209076
v 0.035440646111965166 -0.10137211531400672 0.12792958319187164
v 0.029519576579332338 -0.10807933658361427 0.1512414664030075
v 0.024124633520841588 -0.10618720948696128 0.1303604543209076
v 0.029519576579332338 -0.10807933658361427 0.1512414664030075
v 0.023840026929974546 -0.11018821597099296 0.15252898633480072
v 0.023840026929974546 -0.11018821597099296 0.15252898633480072
v 0.029519576579332338 -0.10807933658361427 0.1512414664030075
v 0.029352821409702287 -0.11018104106187812 0.1734861135482788
v 0.023840026929974546 -0.11018821597099296 0.15252898633480072
v 0.029352821409702287 -0.11018104106187812 0.1734861135482788
v 0.02370617166161536 -0.11215436458587638 0.17496076226234436
v 0.02370617166161536 -0.11215436458587638 0.17496076226234436
v 0.029352821409702287 -0.11018104106187812 0.1734861135482788
v 0.03481185808777808 -0.10792995244264594 0.18276359140872955
v 0.02370617166161536 -0.11215436458587638 0.17496076226234436
v 0.03481185808777808 -0.10792995244264594 0.18276359140872955
v 0.023702938109636296 -0.11205796152353278 0.18622201681137085
v 0.023702938109636296 -0.11205796152353278 0.18622201681137085
v 0.03481185808777808 -0.10792995244264594 0.18276359140872955
v 0.023745378479361524 -0.11106158792972556 0.19743143022060394
v 0.023702938109636296 -0.11205796152353278 0.18622201681137085
v 0.023745378479361524 -0.11106158792972556 0.19743143022060394
v 0.012022051028907294 -0.11336583644151679 0.19963136315345764
v 0.012022051028907294 -0.11336583644151679 0.19963136315345764
v 0.023745378479361524 -0.11106158792972556 0.19743143022060394
v 0.012066899798810477 -0.11109691858291618 0.2107776552438736
v 0.012022051028907294 -0.11336583644151679 0.19963136315345764
v 0.012066899798810477 -0.11109691858291618 0.2107776552438736
v 1.247013443617106e-07 -0.11178936809301368 0.21154336631298065
v 1.247013443617106e-07 -0.11178936809301368 0.21154336631298065
v 0.012066899798810477 -0.11109691858291618 0.2107776552438736
v 1.3089237427266193e-07 -0.10824802517890922 0.22239714860916138
v 0.04460785165429113 -0.10249974578618995 0.18121306598186493
v 0.04461139813065527 -0.10252338647842399 0.18248745799064636
v 0.03481185808777808 -0.10792995244264594 0.18276359140872955
v 0.03481185808777808 -0.10792995244264594 0.18276359140872955
v 0.04461139813065527 -0.10252338647842399 0.18248745799064636
v 0.034876268357038484 -0.10725252330303184 0.19380316138267517
v 0.03481185808777808 -0.10792995244264594 0.18276359140872955
v 0.034876268357038484 -0.10725252330303184 0.19380316138267517
v 0.023745378479361524 -0.11106158792972556 0.19743143022060394
v 0.023745378479361524 -0.11106158792972556 0.19743143022060394
v 0.034876268357038484 -0.10725252330303184 0.19380316138267517
v 0.029515173286199556 -0.10749154537916175 0.20679932832717896
v 0.023745378479361524 -0.11106158792972556 0.19743143022060394
v 0.029515173286199556 -0.10749154537916175 0.20679932832717896
v 0.023835372179746617 -0.10903199762105933 0.2084978073835373
v 0.023835372179746617 -0.10903199762105933 0.2084978073835373
v 0.029515173286199556 -0.10749154537916175 0.20679932832717896
v 0.02968790382146834 -0.10452724993228904 0.2175508737564087
v 0.023835372179746617 -0.10903199762105933 0.2084978073835373
v 0.02968790382146834 -0.10452724993228904 0.2175508737564087
v 0.023973330855369557 -0.10586048662662498 0.21928566694259644
v 0.023973330855369557 -0.10586048662662498 0.21928566694259644
v 0.02968790382146834 -0.10452724993228904 0.2175508737564087
v 0.02991976588964461 -0.10036577284336082 0.22789417207241058
v 0.023973330855369557 -0.10586048662662498 0.21928566694259644
v 0.02991976588964461 -0.10036577284336082 0.22789417207241058
v 0.024158593267202367 -0.10147803276777259 0.22963763773441315
v 0.024158593267202367 -0.10147803276777259 0.22963763773441315
v 0.02991976588964461 -0.10036577284336082 0.22789417207241058
v 0.030205544084310518 -0.0949717313051223 0.2376507818698883
v 0.024158593267202367 -0.10147803276777259 0.22963763773441315
v 0.030205544084310518 -0.0949717313051223 0.2376507818698883
v 0.024386990815401067 -0.09587027132511132 0.23938007652759552
v 0.024386990815401067 -0.09587027132511132 0.23938007652759552
v 0.030205544084310518 -0.0949717313051223 0.2376507818698883
v 0.03053484112024306 -0.0883709862828254 0.2466387152671814
v 0.024386990815401067 -0.09587027132511132 0.23938007652759552
v 0.03053484112024306 -0.0883709862828254 0.2466387152671814
v 0.024650201201438893 -0.0890847444534301 0.24834498763084412
v 0.04488402232527731 -0.1009422540664672 0.20101307332515717
v 0.044904325157403925 -0.10080745071172706 0.20207324624061584
v 0.040291905403137186 -0.10342293232679359 0.2023245394229889
v 0.040291905403137186 -0.10342293232679359 0.2023245394229889
v 0.044904325157403925 -0.10080745071172706 0.20207324624061584
v 0.040534764528274515 -0.10100822150707237 0.21298208832740784
v 0.040291905403137186 -0.10342293232679359 0.2023245394229889
v 0.040534764528274515 -0.10100822150707237 0.21298208832740784
v 0.03501201048493384 -0.10561960190534583 0.20473845303058624
v 0.03501201048493384 -0.10561960190534583 0.20473845303058624
v 0.040534764528274515 -0.10100822150707237 0.21298208832740784
v 0.03521969541907309 -0.1029077470302581 0.21544639766216278
v 0.03521969541907309 -0.1029077470302581 0.21544639766216278
v 0.040534764528274515 -0.10100822150707237 0.21298208832740784
v 0.040860410779714564 -0.0974330008029937 0.2233051061630249
v 0.03521969541907309 -0.1029077470302581 0.21544639766216278
v 0.040860410779714564 -0.0974330008029937 0.2233051061630249
v 0.035498343408107744 -0.0990155264735221 0.22577987611293793
v 0.035498343408107744 -0.0990155264735221 0.22577987611293793
v 0.040860410779714564 -0.0974330008029937 0.2233051061630249
v 0.041261542588472346 -0.09260588139295571 0.23310241103172302
v 0.035498343408107744 -0.0990155264735221 0.22577987611293793
v 0.041261542588472346 -0.09260588139295571 0.23310241103172302
v 0.035841688513755784 -0.09388186782598489 0.23555462062358856
v 0.035841688513755784 -0.09388186782598489 0.23555462062358856
v 0.041261542588472346 -0.09260588139295571 0.23310241103172302
v 0.041723594069480875 -0.0864948853850364 0.2421545833349228
v 0.035841688513755784 -0.09388186782598489 0.23555462062358856
v 0.041723594069480875 -0.0864948853850364 0.2421545833349228
v 0.036237254738807664 -0.08750613778829568 0.2445714771747589
v 0.036237254738807664 -0.08750613778829568 0.2445714771747589
v 0.041723594069480875 -0.0864948853850364 0.2421545833349228
v 0.04222403839230535 -0.07915715873241419 0.25024935603141785
v 0.036237254738807664 -0.08750613778829568 0.2445714771747589
v 0.04222403839230535 -0.07915715873241419 0.25024935603141785
v 0.03666573017835616 -0.07996734976768488 0.2526512145996094
v 0.03666573017835616 -0.07996734976768488 0.2526512145996094
v 0.04222403839230535 -0.07915715873241419 0.25024935603141785
v 0.04732471331954 -0.0743881613016128 0.25135302543640137
v 0.03666573017835616 -0.07996734976768488 0.2526512145996094
v 0.04732471331954 -0.0743881613016128 0.25135302543640137
v 0.04739920049905775 -0.07326513528823847 0.25219273567199707
v 0.044723790138959864 -0.10200638324022285 0.19264455139636993
v 0.040291905403137186 -0.10342293232679359 0.2023245394229889
v 0.034876268357038484 -0.10725252330303184 0.19380316138267517
v 0.034876268357038484 -0.10725252330303184 0.19380316138267517
v 0.040291905403137186 -0.10342293232679359 0.2023245394229889
v 0.03501201048493384 -0.10561960190534583 0.20473845303058624
v 0.034876268357038484 -0.10725252330303184 0.19380316138267517
v 0.03501201048493384 -0.10561960190534583 0.20473845303058624
v 0.029515173286199556 -0.10749154537916175 0.20679932832717896
v 0.029515173286199556 -0.10749154537916175 0.20679932832717896
v 0.03501201048493384 -0.10561960190534583 0.20473845303058624
v 0.03521969541907309 -0.1029077470302581 0.21544639766216278
v 0.029515173286199556 -0.10749154537916175 0.20679932832717896
v 0.03521969541907309 -0.1029077470302581 0.21544639766216278
v 0.02968790382146834 -0.10452724993228904 0.2175508737564087
v 0.02968790382146834 -0.10452724993228904 0.2175508737564087
v 0.03521969541907309 -0.1029077470302581 0.21544639766216278
v 0.035498343408107744 -0.0990155264735221 0.22577987611293793
v 0.02968790382146834 -0.10452724993228904 0.2175508737564087
v 0.035498343408107744 -0.0990155264735221 0.22577987611293793
v 0.02991976588964461 -0.10036577284336082 0.22789417207241058
v 0.02991976588964461 -0.10036577284336082 0.22789417207241058
v 0.035498343408107744 -0.0990155264735221 0.22577987611293793
v 0.035841688513755784 -0.09388186782598489 0.23555462062358856
v 0.02991976588964461 -0.10036577284336082 0.22789417207241058
v 0.035841688513755784 -0.09388186782598489 0.23555462062358856
v 0.030205544084310518 -0.0949717313051223 0.2376507818698883
v 0.030205544084310518 -0.0949717313051223 0.2376507818698883
v 0.035841688513755784 -0.09388186782598489 0.23555462062358856
v 0.036237254738807664 -0.08750613778829568 0.2445714771747589
v 0.030205544084310518 -0.0949717313051223 0.2376507818698883
v 0.036237254738807664 -0.08750613778829568 0.2445714771747589
v 0.03053484112024306 -0.0883709862828254 0.2466387152671814
v 0.03053484112024306 -0.0883709862828254 0.2466387152671814
v 0.036237254738807664 -0.08750613778829568 0.2445714771747589
v 0.03666573017835616 -0.07996734976768488 0.2526512145996094
v 0.03053484112024306 -0.0883709862828254 0.2466387152671814
v 0.03666573017835616 -0.07996734976768488 0.2526512145996094
v 0.024650201201438893 -0.0890847444534301 0.24834498763084412
v 0.03885592147707938 0.0 0.2790721356868744
v 0.0342215485870838 0.0 0.2812468707561493
v 0.03885497152805327 -0.008880155161023133 0.27899089455604553
v 0.03885497152805327 -0.008880155161023133 0.27899089455604553
v 0.0342215485870838 0.0 0.2812468707561493
v 0.026391340419650067 -0.009086964651942246 0.28389930725097656
v 0.03885497152805327 -0.008880155161023133 0.27899089455604553
v 0.026391340419650067 -0.009086964651942246 0.28389930725097656
v 0.038723949342966066 -0.019923713058233247 0.27820828557014465
v 0.038723949342966066 -0.019923713058233247 0.27820828557014465
v 0.026391340419650067 -0.009086964651942246 0.28389930725097656
v 0.026304490864276876 -0.02032197639346121 0.28310784697532654
v 0.038723949342966066 -0.019923713058233247 0.27820828557014465
v 0.026304490864276876 -0.02032197639346121 0.28310784697532654
v 0.03851861879229544 -0.03086638823151586 0.2765447497367859
v 0.03851861879229544 -0.03086638823151586 0.2765447497367859
v 0.026304490864276876 -0.02032197639346121 0.28310784697532654
v 0.026168106123805036 -0.03143343329429624 0.2812834084033966
v 0.03851861879229544 -0.03086638823151586 0.2765447497367859
v 0.026168106123805036 -0.03143343329429624 0.2812834084033966
v 0.03824522718787192 -0.04160785302519795 0.27390965819358826
v 0.03824522718787192 -0.04160785302519795 0.27390965819358826
v 0.026168106123805036 -0.03143343329429624 0.2812834084033966
v 0.02598634734749793 -0.04230977967381474 0.2783850133419037
v 0.03824522718787192 -0.04160785302519795 0.27390965819358826
v 0.02598634734749793 -0.04230977967381474 0.2783850133419037
v 0.0379105433821678 -0.05204549431800838 0.27025628089904785
v 0.0379105433821678 -0.05204549431800838 0.27025628089904785
v 0.02598634734749793 -0.04230977967381474 0.2783850133419037
v 0.025763723999261846 -0.052854422479867894 0.27444952726364136
v 0.0379105433821678 -0.05204549431800838 0.27025628089904785
v 0.025763723999261846 -0.052854422479867894 0.27444952726364136
v 0.037524826824665056 -0.06203864887356753 0.26552027463912964
v 0.037524826824665056 -0.06203864887356753 0.26552027463912964
v 0.025763723999261846 -0.052854422479867894 0.27444952726364136
v 0.025507079437375058 -0.06295236945152277 0.26947587728500366
v 0.037524826824665056 -0.06203864887356753 0.26552027463912964
v 0.025507079437375058 -0.06295236945152277 0.26947587728500366
v 0.0371030420064926 -0.07141368836164469 0.2596544921398163
v 0.0371030420064926 -0.07141368836164469 0.2596544921398163
v 0.025507079437375058 -0.06295236945152277 0.26947587728500366
v 0.025226391851901998 -0.07246776670217508 0.26346004009246826
v 0.0371030420064926 -0.07141368836164469 0.2596544921398163
v 0.025226391851901998 -0.07246776670217508 0.26346004009246826
v 0.03666573017835616 -0.07996734976768488 0.2526512145996094
v 0.03666573017835616 -0.07996734976768488 0.2526512145996094
v 0.025226391851901998 -0.07246776670217508 0.26346004009246826
v 0.024935349822044362 -0.08123411238193505 0.25640398263931274
v 0.03666573017835616 -0.07996734976768488 0.2526512145996094
v 0.024935349822044362 -0.08123411238193505 0.25640398263931274
v 0.024650201201438893 -0.0890847444534301 0.24834498763084412
v 0.024650201201438893 -0.0890847444534301 0.24834498763084412
v 0.024935349822044362 -0.08123411238193505 0.25640398263931274
v 0.012616143561899657 -0.08200497925281518 0.25868627429008484
v 0.024650201201438893 -0.0890847444534301 0.24834498763084412
v 0.012616143561899657 -0.08200497925281518 0.25868627429008484
v 0.012473718263208861 -0.09004404395818703 0.2506384253501892
v 0.012473718263208861 -0.09004404395818703 0.2506384253501892
v 0.012616143561899657 -0.08200497925281518 0.25868627429008484
v 1.5578731904497537e-07 -0.08226450532674782 0.25945430994033813
v 0.012473718263208861 -0.09004404395818703 0.2506384253501892
v 1.5578731904497537e-07 -0.08226450532674782 0.25945430994033813
v 1.49549336470045e-07 -0.09036669880151742 0.2514098882675171
v -0.03501196205615996 -0.10561954975128166 0.20473849773406982
v -0.03521964699029921 -0.1029077246785163 0.21544644236564636
v -0.040534742176532725 -0.10100819170474998 0.2129821479320526
v -0.040534742176532725 -0.10100819170474998 0.2129821479320526
v -0.03521964699029921 -0.1029077246785163 0.21544644236564636
v -0.035498291254043565 -0.09901551157236091 0.2257799208164215
v -0.040534742176532725 -0.10100819170474998 0.2129821479320526
v -0.035498291254043565 -0.09901551157236091 0.2257799208164215
v -0.04086038842797277 -0.09743298590183251 0.22330516576766968
v -0.04086038842797277 -0.09743298590183251 0.22330516576766968
v -0.035498291254043565 -0.09901551157236091 0.2257799208164215
v -0.035841636359691606 -0.0938818305730819 0.23555466532707214
v -0.04086038842797277 -0.09743298590183251 0.22330516576766968
v -0.035841636359691606 -0.0938818305730819 0.23555466532707214
v -0.041261520236730555 -0.09260583668947213 0.2331024557352066
v -0.041261520236730555 -0.09260583668947213 0.2331024557352066
v -0.035841636359691606 -0.0938818305730819 0.23555466532707214
v -0.03623719885945319 -0.08750619739294045 0.24457158148288727
v -0.041261520236730555 -0.09260583668947213 0.2331024557352066
v -0.03623719885945319 -0.08750619739294045 0.24457158148288727
v -0.041723571717739084 -0.08649495244026177 0.24215471744537354
v -0.041723571717739084 -0.08649495244026177 0.24215471744537354
v -0.03623719885945319 -0.08750619739294045 0.24457158148288727
v -0.04656241834163664 -0.08440561592578881 0.2410389930009842
v -0.041723571717739084 -0.08649495244026177 0.24215471744537354
v -0.04656241834163664 -0.08440561592578881 0.2410389930009842
v -0.046476729214191416 -0.08539493381977074 0.23963133990764618
v -0.026417842134833325 0.0 0.284029096364975
v -0.0344804674386978 0.0 0.2811470627784729
v -0.0263911373913288 -0.00908696558326482 0.28389930725097656
v -0.0263911373913288 -0.00908696558326482 0.28389930725097656
v -0.0344804674386978 0.0 0.2811470627784729
v -0.0388549007475376 -0.008880157023668282 0.27899089455604553
v -0.0263911373913288 -0.00908696558326482 0.28389930725097656
v -0.0388549007475376 -0.008880157023668282 0.27899089455604553
v -0.026304293423891057 -0.02032197825610636 0.2831078767776489
v -0.026304293423891057 -0.02032197825610636 0.2831078767776489
v -0.0388549007475376 -0.008880157023668282 0.27899089455604553
v -0.0387238748371601 -0.019923716783523546 0.27820828557014465
v -0.026304293423891057 -0.02032197825610636 0.2831078767776489
v -0.0387238748371601 -0.019923716783523546 0.27820828557014465
v -0.026167914271354665 -0.031433440744876834 0.2812834084033966
v -0.026167914271354665 -0.031433440744876834 0.2812834084033966
v -0.0387238748371601 -0.019923716783523546 0.27820828557014465
v -0.03851854801177977 -0.030866395682096457 0.2765447497367859
v -0.026167914271354665 -0.031433440744876834 0.2812834084033966
v -0.03851854801177977 -0.030866395682096457 0.2765447497367859
v -0.025986164808273305 -0.042309787124395336 0.2783850133419037
v -0.025986164808273305 -0.042309787124395336 0.2783850133419037
v -0.03851854801177977 -0.030866395682096457 0.2765447497367859
v -0.038245167583227144 -0.041607864201068843 0.27390965819358826
v -0.025986164808273305 -0.042309787124395336 0.2783850133419037
v -0.038245167583227144 -0.041607864201068843 0.27390965819358826
v -0.025763548910617818 -0.05285443738102909 0.27444955706596375
v -0.025763548910617818 -0.05285443738102909 0.27444955706596375
v -0.038245167583227144 -0.041607864201068843 0.27390965819358826
v -0.03791048377752303 -0.05204551666975017 0.27025628089904785
v -0.025763548910617818 -0.05285443738102909 0.27444955706596375
v -0.03791048377752303 -0.05204551666975017 0.27025628089904785
v -0.025506909936666478 -0.06295240670442576 0.26947593688964844
v -0.025506909936666478 -0.06295240670442576 0.26947593688964844
v -0.03791048377752303 -0.05204551666975017 0.27025628089904785
v -0.03752477094531058 -0.06203870102763171 0.2655203640460968
v -0.025506909936666478 -0.06295240670442576 0.26947593688964844
v -0.03752477094531058 -0.06203870102763171 0.2655203640460968
v -0.025226227939128865 -0.07246781140565867 0.2634601294994354
v -0.025226227939128865 -0.07246781140565867 0.2634601294994354
v -0.03752477094531058 -0.06203870102763171 0.2655203640460968
v -0.03710298985242842 -0.07141375541687006 0.25965461134910583
v -0.025226227939128865 -0.07246781140565867 0.2634601294994354
v -0.03710298985242842 -0.07141375541687006 0.25965461134910583
v -0.02493518963456153 -0.08123417943716042 0.2564041018486023
v -0.02493518963456153 -0.08123417943716042 0.2564041018486023
v -0.03710298985242842 -0.07141375541687006 0.25965461134910583
v -0.03666567057371138 -0.07996744662523264 0.2526513636112213
v -0.02493518963456153 -0.08123417943716042 0.2564041018486023
v -0.03666567057371138 -0.07996744662523264 0.2526513636112213
v -0.024650048464536656 -0.08908478170633309 0.24834506213665009
v -0.024650048464536656 -0.08908478170633309 0.24834506213665009
v -0.03666567057371138 -0.07996744662523264 0.2526513636112213
v -0.03623719885945319 -0.08750619739294045 0.24457158148288727
v -0.024650048464536656 -0.08908478170633309 0.24834506213665009
v -0.03623719885945319 -0.08750619739294045 0.24457158148288727
v -0.024386843666434278 -0.09587024897336953 0.2393801063299179
v -0.024386843666434278 -0.09587024897336953 0.2393801063299179
v -0.03623719885945319 -0.08750619739294045 0.24457158148288727
v -0.035841636359691606 -0.0938818305730819 0.23555466532707214
v -0.024386843666434278 -0.09587024897336953 0.2393801063299179
v -0.035841636359691606 -0.0938818305730819 0.23555466532707214
v -0.024158453568816175 -0.101478025317192 0.22963768243789673
v -0.024158453568816175 -0.101478025317192 0.22963768243789673
v -0.035841636359691606 -0.0938818305730819 0.23555466532707214
v -0.035498291254043565 -0.09901551157236091 0.2257799208164215
v -0.024158453568816175 -0.101478025317192 0.22963768243789673
v -0.035498291254043565 -0.09901551157236091 0.2257799208164215
v -0.023973196744918813 -0.10586046427488319 0.21928569674491882
v -0.023973196744918813 -0.10586046427488319 0.21928569674491882
v -0.035498291254043565 -0.09901551157236091 0.2257799208164215
v -0.03521964699029921 -0.1029077246785163 0.21544644236564636
v -0.023973196744918813 -0.10586046427488319 0.21928569674491882
v -0.03521964699029921 -0.1029077246785163 0.21544644236564636
v -0.02383524365723132 -0.10903196781873695 0.20849783718585968
v -0.02383524365723132 -0.10903196781873695 0.20849783718585968
v -0.03521964699029921 -0.1029077246785163 0.21544644236564636
v -0.03501196205615996 -0.10561954975128166 0.20473849773406982
v -0.02383524365723132 -0.10903196781873695 0.20849783718585968
v -0.03501196205615996 -0.10561954975128166 0.20473849773406982
v -0.023745253682136525 -0.11106155067682258 0.19743146002292633
v -0.023745253682136525 -0.11106155067682258 0.19743146002292633
v -0.03501196205615996 -0.10561954975128166 0.20473849773406982
v -0.034876216202974306 -0.10725247114896766 0.19380319118499756
v -0.023745253682136525 -0.11106155067682258 0.19743146002292633
v -0.034876216202974306 -0.10725247114896766 0.19380319118499756
v -0.023702820762991895 -0.11205795407295219 0.18622204661369324
v -0.023702820762991895 -0.11205795407295219 0.18622204661369324
v -0.034876216202974306 -0.10725247114896766 0.19380319118499756
v -0.0348118096590042 -0.10792995244264594 0.18276363611221313
v -0.023702820762991895 -0.11205795407295219 0.18622204661369324
v -0.0348118096590042 -0.10792995244264594 0.18276363611221313
v -0.029352746903896318 -0.11018105596303931 0.1734861433506012
v -0.029352746903896318 -0.11018105596303931 0.1734861433506012
v -0.0348118096590042 -0.10792995244264594 0.18276363611221313
v -0.0348159149289131 -0.1077825427055358 0.1716964691877365
v -0.01759462989866733 0.0 0.2862638533115387
v -0.026190048083662976 0.0 0.28411051630973816
v -0.013342759571969504 -0.009212485514581197 0.2868838906288147
v -0.013342759571969504 -0.009212485514581197 0.2868838906288147
v -0.026190048083662976 0.0 0.28411051630973816
v -0.0263911373913288 -0.00908696558326482 0.28389930725097656
v -0.013342759571969504 -0.009212485514581197 0.2868838906288147
v -0.0263911373913288 -0.00908696558326482 0.28389930725097656
v -0.013299494050443167 -0.020563706755638105 0.2860858738422394
v -0.013299494050443167 -0.020563706755638105 0.2860858738422394
v -0.0263911373913288 -0.00908696558326482 0.28389930725097656
v -0.026304293423891057 -0.02032197825610636 0.2831078767776489
v -0.013299494050443167 -0.020563706755638105 0.2860858738422394
v -0.026304293423891057 -0.02032197825610636 0.2831078767776489
v -0.013231460005044932 -0.031777776777744265 0.28416356444358826
v -0.013231460005044932 -0.031777776777744265 0.28416356444358826
v -0.026304293423891057 -0.02032197825610636 0.2831078767776489
v -0.026167914271354665 -0.031433440744876834 0.2812834084033966
v -0.013231460005044932 -0.031777776777744265 0.28416356444358826
v -0.026167914271354665 -0.031433440744876834 0.2812834084033966
v -0.013140740804374213 -0.0427363887429237 0.2811059355735779
v -0.013140740804374213 -0.0427363887429237 0.2811059355735779
v -0.026167914271354665 -0.031433440744876834 0.2812834084033966
v -0.025986164808273305 -0.042309787124395336 0.2783850133419037
v -0.013140740804374213 -0.0427363887429237 0.2811059355735779
v -0.025986164808273305 -0.042309787124395336 0.2783850133419037
v -0.013029589317739005 -0.0533465705811977 0.27699995040893555
v -0.013029589317739005 -0.0533465705811977 0.27699995040893555
v -0.025986164808273305 -0.042309787124395336 0.2783850133419037
v -0.025763548910617818 -0.05285443738102909 0.27444955706596375
v -0.013029589317739005 -0.0533465705811977 0.27699995040893555
v -0.025763548910617818 -0.05285443738102909 0.27444955706596375
v -0.01290142629295587 -0.06350874155759806 0.27188244462013245
v -0.01290142629295587 -0.06350874155759806 0.27188244462013245
v -0.025763548910617818 -0.05285443738102909 0.27444955706596375
v -0.025506909936666478 -0.06295240670442576 0.26947593688964844
v -0.01290142629295587 -0.06350874155759806 0.27188244462013245
v -0.025506909936666478 -0.06295240670442576 0.26947593688964844
v -0.012761242687702174 -0.07310969382524485 0.26577529311180115
v -0.012761242687702174 -0.07310969382524485 0.26577529311180115
v -0.025506909936666478 -0.06295240670442576 0.26947593688964844
v -0.025226227939128865 -0.07246781140565867 0.2634601294994354
v -0.012761242687702174 -0.07310969382524485 0.26577529311180115
v -0.025226227939128865 -0.07246781140565867 0.2634601294994354
v -0.01261587999761104 -0.08200500905513756 0.2586863338947296
v -0.01261587999761104 -0.08200500905513756 0.2586863338947296
v -0.025226227939128865 -0.07246781140565867 0.2634601294994354
v -0.02493518963456153 -0.08123417943716042 0.2564041018486023
v -0.01261587999761104 -0.08200500905513756 0.2586863338947296
v -0.02493518963456153 -0.08123417943716042 0.2564041018486023
v -0.012473464943468566 -0.09004406630992882 0.250638484954834
v -0.012473464943468566 -0.09004406630992882 0.250638484954834
v -0.02493518963456153 -0.08123417943716042 0.2564041018486023
v -0.024650048464536656 -0.08908478170633309 0.24834506213665009
v -0.012473464943468566 -0.09004406630992882 0.250638484954834
v -0.024650048464536656 -0.08908478170633309 0.24834506213665009
v -0.012342019006609911 -0.09707677364349358 0.24170342087745667
v -0.012342019006609911 -0.09707677364349358 0.24170342087745667
v -0.024650048464536656 -0.08908478170633309 0.24834506213665009
v -0.024386843666434278 -0.09587024897336953 0.2393801063299179
v -0.012342019006609911 -0.09707677364349358 0.24170342087745667
v -0.024386843666434278 -0.09587024897336953 0.2393801063299179
v -0.012227980419993395 -0.10297033935785285 0.2319791167974472
v -0.012227980419993395 -0.10297033935785285 0.2319791167974472
v -0.024386843666434278 -0.09587024897336953 0.2393801063299179
v -0.024158453568816175 -0.101478025317192 0.22963768243789673
v -0.012227980419993395 -0.10297033935785285 0.2319791167974472
v -0.024158453568816175 -0.101478025317192 0.22963768243789673
v -0.012135507538914675 -0.10764826089143745 0.2216147631406784
v -0.012135507538914675 -0.10764826089143745 0.2216147631406784
v -0.024158453568816175 -0.101478025317192 0.22963768243789673
v -0.023973196744918813 -0.10586046427488319 0.21928569674491882
v -0.012135507538914675 -0.10764826089143745 0.2216147631406784
v -0.023973196744918813 -0.10586046427488319 0.21928569674491882
v -0.012066688388586039 -0.11109689623117439 0.2107776701450348
v -0.012066688388586039 -0.11109689623117439 0.2107776701450348
v -0.023973196744918813 -0.10586046427488319 0.21928569674491882
v -0.02383524365723132 -0.10903196781873695 0.20849783718585968
v -0.012066688388586039 -0.11109689623117439 0.2107776701450348
v -0.02383524365723132 -0.10903196781873695 0.20849783718585968
v -0.012021849863231177 -0.1133658215403556 0.19963137805461884
v -0.012021849863231177 -0.1133658215403556 0.19963137805461884
v -0.02383524365723132 -0.10903196781873695 0.20849783718585968
v -0.023745253682136525 -0.11106155067682258 0.19743146002292633
v -0.012021849863231177 -0.1133658215403556 0.19963137805461884
v -0.023745253682136525 -0.11106155067682258 0.19743146002292633
v -0.012000789865851397 -0.11455491930246345 0.18831877410411835
v -0.012000789865851397 -0.11455491930246345 0.18831877410411835
v -0.023745253682136525 -0.11106155067682258 0.19743146002292633
v -0.023702820762991895 -0.11205795407295219 0.18622204661369324
v -0.012000789865851397 -0.11455491930246345 0.18831877410411835
v -0.023702820762991895 -0.11205795407295219 0.18622204661369324
v -0.01791041158139705 -0.1136949807405471 0.17611324787139893
v -0.01791041158139705 -0.1136949807405471 0.17611324787139893
v -0.023702820762991895 -0.11205795407295219 0.18622204661369324
v -0.023706059902906407 -0.11215437203645698 0.17496079206466675
v -0.023839926347136487 -0.11018814146518699 0.1525290161371231
v -0.029519505798816667 -0.1080792471766471 0.1512415111064911
v -0.024124544113874425 -0.10618724673986427 0.1303604543209076
v -0.024124544113874425 -0.10618724673986427 0.1303604543209076
v -0.029519505798816667 -0.1080792471766471 0.1512415111064911
v -0.03544060885906218 -0.1013721749186515 0.12792958319187164
v -0.024124544113874425 -0.10618724673986427 0.1303604543209076
v -0.03544060885906218 -0.1013721749186515 0.12792958319187164
v -0.025021806359291066 -0.0954275652766227 0.08660754561424255
v -0.025021806359291066 -0.0954275652766227 0.08660754561424255
v -0.03544060885906218 -0.1013721749186515 0.12792958319187164
v -0.036783467978239046 -0.09046764671802514 0.08501596003770828
v -0.025021806359291066 -0.0954275652766227 0.08660754561424255
v -0.036783467978239046 -0.09046764671802514 0.08501596003770828
v -0.025539176538586606 -0.0900741666555404 0.06472473591566086
v -0.025539176538586606 -0.0900741666555404 0.06472473591566086
v -0.036783467978239046 -0.09046764671802514 0.08501596003770828
v -0.03755800426006316 -0.08506118506193154 0.06354966014623642
v -0.025539176538586606 -0.0900741666555404 0.06472473591566086
v -0.03755800426006316 -0.08506118506193154 0.06354966014623642
v -0.02600683644413947 -0.08559564501047127 0.042646974325180054
v -0.02600683644413947 -0.08559564501047127 0.042646974325180054
v -0.03755800426006316 -0.08506118506193154 0.06354966014623642
v -0.038257978856563554 -0.08056814968585961 0.0418732725083828
v -0.02600683644413947 -0.08559564501047127 0.042646974325180054
v -0.038257978856563554 -0.08056814968585961 0.0418732725083828
v -0.026337454095482816 -0.08257571607828133 0.020323311910033226
v -0.026337454095482816 -0.08257571607828133 0.020323311910033226
v -0.038257978856563554 -0.08056814968585961 0.0418732725083828
v -0.03875239193439482 -0.07758736610412592 0.019935138523578644
v -0.026337454095482816 -0.08257571607828133 0.020323311910033226
v -0.03875239193439482 -0.07758736610412592 0.019935138523578644
v -0.03585869818925856 -0.07796425372362131 -4.0871880803861754e-17
v -0.03585869818925856 -0.07796425372362131 -4.0871880803861754e-17
v -0.03875239193439482 -0.07758736610412592 0.019935138523578644
v -0.03889144957065581 -0.0764558538794517 -2.3982027291998754e-17
v -0.026430392637848844 -0.08139963448047631 1.1805716865282585e-19
v -0.02325628325343131 -0.0824198052287101 1.113848325639405e-19
v -0.026337454095482816 -0.08257571607828133 0.020323311910033226
v -0.026337454095482816 -0.08257571607828133 0.020323311910033226
v -0.02325628325343131 -0.0824198052287101 1.113848325639405e-19
v -0.013320450671017165 -0.08560894429683678 0.0205587986856699
v -0.026337454095482816 -0.08257571607828133 0.020323311910033226
v -0.013320450671017165 -0.08560894429683678 0.0205587986856699
v -0.02600683644413947 -0.08559564501047127 0.042646974325180054
v -0.02600683644413947 -0.08559564501047127 0.042646974325180054
v -0.013320450671017165 -0.08560894429683678 0.0205587986856699
v -0.013154827989637847 -0.08864968270063393 0.04311632737517357
v -0.02600683644413947 -0.08559564501047127 0.042646974325180054
v -0.013154827989637847 -0.08864968270063393 0.04311632737517357
v -0.025539176538586606 -0.0900741666555404 0.06472473591566086
v -0.025539176538586606 -0.0900741666555404 0.06472473591566086
v -0.013154827989637847 -0.08864968270063393 0.04311632737517357
v -0.012920686975121493 -0.09311682730913155 0.06543745845556259
v -0.025539176538586606 -0.0900741666555404 0.06472473591566086
v -0.012920686975121493 -0.09311682730913155 0.06543745845556259
v -0.025021806359291066 -0.0954275652766227 0.08660754561424255
v -0.025021806359291066 -0.0954275652766227 0.08660754561424255
v -0.012920686975121493 -0.09311682730913155 0.06543745845556259
v -0.012661688961088652 -0.0984357073903083 0.08757271617650986
v -0.025021806359291066 -0.0954275652766227 0.08660754561424255
v -0.012661688961088652 -0.0984357073903083 0.08757271617650986
v -0.024124544113874425 -0.10618724673986427 0.1303604543209076
v -0.024124544113874425 -0.10618724673986427 0.1303604543209076
v -0.012661688961088652 -0.0984357073903083 0.08757271617650986
v -0.012212432920932765 -0.10910312831401817 0.13183429837226868
v -0.024124544113874425 -0.10618724673986427 0.1303604543209076
v -0.012212432920932765 -0.10910312831401817 0.13183429837226868
v -0.018011081963777535 -0.11183492839336387 0.15353523194789886
v -0.012069811113178725 -0.11301518976688377 0.1542569100856781
v -0.012026018463075156 -0.11423892527818671 0.16557364165782928
v -0.01791041158139705 -0.1136949807405471 0.17611324787139893
v -0.01791041158139705 -0.1136949807405471 0.17611324787139893
v -0.012026018463075156 -0.11423892527818671 0.16557364165782928
v -0.012002565898001189 -0.11479897052049629 0.17693980038166046
v -0.01791041158139705 -0.1136949807405471 0.17611324787139893
v -0.012002565898001189 -0.11479897052049629 0.17693980038166046
v -0.012000789865851397 -0.11455491930246345 0.18831877410411835
v -0.012212432920932765 -0.10910312831401817 0.13183429837226868
v -0.012069811113178725 -0.11301518976688377 0.1542569100856781
v -0.018011081963777535 -0.11183492839336387 0.15353523194789886
v -0.018011081963777535 -0.11183492839336387 0.15353523194789886
v -0.012069811113178725 -0.11301518976688377 0.1542569100856781
v -0.01791041158139705 -0.1136949807405471 0.17611324787139893
v -0.018011081963777535 -0.11183492839336387 0.15353523194789886
v -0.01791041158139705 -0.1136949807405471 0.17611324787139893
v -0.023839926347136487 -0.11018814146518699 0.1525290161371231
v -0.023839926347136487 -0.11018814146518699 0.1525290161371231
v -0.01791041158139705 -0.1136949807405471 0.17611324787139893
v -0.023706059902906407 -0.11215437203645698 0.17496079206466675
v -0.023839926347136487 -0.11018814146518699 0.1525290161371231
v -0.023706059902906407 -0.11215437203645698 0.17496079206466675
v -0.029519505798816667 -0.1080792471766471 0.1512415111064911
v -0.029519505798816667 -0.1080792471766471 0.1512415111064911
v -0.023706059902906407 -0.11215437203645698 0.17496079206466675
v -0.029352746903896318 -0.11018105596303931 0.1734861433506012
v -0.029519505798816667 -0.1080792471766471 0.1512415111064911
v -0.029352746903896318 -0.11018105596303931 0.1734861433506012
v -0.035015195608139024 -0.10551668703556052 0.14967896044254303
v -0.035015195608139024 -0.10551668703556052 0.14967896044254303
v -0.029352746903896318 -0.11018105596303931 0.1734861433506012
v -0.0348159149289131 -0.1077825427055358 0.1716964691877365
v -0.035015195608139024 -0.10551668703556052 0.14967896044254303
v -0.0348159149289131 -0.1077825427055358 0.1716964691877365
v -0.0402928479015827 -0.1025098040699958 0.14784830808639526
v -0.0402928479015827 -0.1025098040699958 0.14784830808639526
v -0.0348159149289131 -0.1077825427055358 0.1716964691877365
v -0.040061477571725825 -0.10496713966131202 0.16959963738918304
v -0.0402928479015827 -0.1025098040699958 0.14784830808639526
v -0.040061477571725825 -0.10496713966131202 0.16959963738918304
v -0.04464652016758917 -0.10137856006622306 0.15994666516780853
v -0.04464652016758917 -0.10137856006622306 0.15994666516780853
v -0.040061477571725825 -0.10496713966131202 0.16959963738918304
v -0.044633008539676645 -0.1015761196613311 0.16242071986198425
v -0.00016259941912721834 0.0 0.2879999577999115
v -0.008931060321629044 0.0 0.28755539655685425
v 1.9928089045606604e-07 -0.009254666045308106 0.2878881096839905
v 1.9928089045606604e-07 -0.009254666045308106 0.2878881096839905
v -0.008931060321629044 0.0 0.28755539655685425
v -0.013342759571969504 -0.009212485514581197 0.2868838906288147
v 1.9928089045606604e-07 -0.009254666045308106 0.2878881096839905
v -0.013342759571969504 -0.009212485514581197 0.2868838906288147
v 1.9310616039547305e-07 -0.020644940435886366 0.2870875895023346
v 1.9310616039547305e-07 -0.020644940435886366 0.2870875895023346
v -0.013342759571969504 -0.009212485514581197 0.2868838906288147
v -0.013299494050443167 -0.020563706755638105 0.2860858738422394
v 1.9310616039547305e-07 -0.020644940435886366 0.2870875895023346
v -0.013299494050443167 -0.020563706755638105 0.2860858738422394
v 1.8691562786443675e-07 -0.031893528997898074 0.28513240814208984
v 1.8691562786443675e-07 -0.031893528997898074 0.28513240814208984
v -0.013299494050443167 -0.020563706755638105 0.2860858738422394
v -0.013231460005044932 -0.031777776777744265 0.28416356444358826
v 1.8691562786443675e-07 -0.031893528997898074 0.28513240814208984
v -0.013231460005044932 -0.031777776777744265 0.28416356444358826
v 1.8071062868330038e-07 -0.04287987947463986 0.2820213735103607
v 1.8071062868330038e-07 -0.04287987947463986 0.2820213735103607
v -0.013231460005044932 -0.031777776777744265 0.28416356444358826
v -0.013140740804374213 -0.0427363887429237 0.2811059355735779
v 1.8071062868330038e-07 -0.04287987947463986 0.2820213735103607
v -0.013140740804374213 -0.0427363887429237 0.2811059355735779
v 1.7449259814839016e-07 -0.0535122230648994 0.2778582274913788
v 1.7449259814839016e-07 -0.0535122230648994 0.2778582274913788
v -0.013140740804374213 -0.0427363887429237 0.2811059355735779
v -0.013029589317739005 -0.0533465705811977 0.27699995040893555
v 1.7449259814839016e-07 -0.0535122230648994 0.2778582274913788
v -0.013029589317739005 -0.0533465705811977 0.27699995040893555
v 1.6826372473133225e-07 -0.0636961087584495 0.2726924419403076
v 1.6826372473133225e-07 -0.0636961087584495 0.2726924419403076
v -0.013029589317739005 -0.0533465705811977 0.27699995040893555
v -0.01290142629295587 -0.06350874155759806 0.27188244462013245
v 1.6826372473133225e-07 -0.0636961087584495 0.2726924419403076
v -0.01290142629295587 -0.06350874155759806 0.27188244462013245
v 1.6202716324187342e-07 -0.07332589477300638 0.2665545642375946
v 1.6202716324187342e-07 -0.07332589477300638 0.2665545642375946
v -0.01290142629295587 -0.06350874155759806 0.27188244462013245
v -0.012761242687702174 -0.07310969382524485 0.26577529311180115
v 1.6202716324187342e-07 -0.07332589477300638 0.2665545642375946
v -0.012761242687702174 -0.07310969382524485 0.26577529311180115
v 1.5578731904497537e-07 -0.08226450532674782 0.25945430994033813
v 1.5578731904497537e-07 -0.08226450532674782 0.25945430994033813
v -0.012761242687702174 -0.07310969382524485 0.26577529311180115
v -0.01261587999761104 -0.08200500905513756 0.2586863338947296
v 1.5578731904497537e-07 -0.08226450532674782 0.25945430994033813
v -0.01261587999761104 -0.08200500905513756 0.2586863338947296
v 1.49549336470045e-07 -0.09036669880151742 0.2514098882675171
v 1.49549336470045e-07 -0.09036669880151742 0.2514098882675171
v -0.01261587999761104 -0.08200500905513756 0.2586863338947296
v -0.012473464943468566 -0.09004406630992882 0.250638484954834
v 1.49549336470045e-07 -0.09036669880151742 0.2514098882675171
v -0.012473464943468566 -0.09004406630992882 0.250638484954834
v 1.4331835984648928e-07 -0.09748215228319161 0.24248450994491577
v 1.4331835984648928e-07 -0.09748215228319161 0.24248450994491577
v -0.012473464943468566 -0.09004406630992882 0.250638484954834
v -0.012342019006609911 -0.09707677364349358 0.24170342087745667
v 1.4331835984648928e-07 -0.09748215228319161 0.24248450994491577
v -0.012342019006609911 -0.09707677364349358 0.24170342087745667
v 1.370984961113208e-07 -0.10347129404544822 0.23276592791080475
v 1.370984961113208e-07 -0.10347129404544822 0.23276592791080475
v -0.012342019006609911 -0.09707677364349358 0.24170342087745667
v -0.012227980419993395 -0.10297033935785285 0.2319791167974472
v 1.370984961113208e-07 -0.10347129404544822 0.23276592791080475
v -0.012227980419993395 -0.10297033935785285 0.2319791167974472
v 1.3089237427266193e-07 -0.10824802517890922 0.22239714860916138
v 1.3089237427266193e-07 -0.10824802517890922 0.22239714860916138
v -0.012227980419993395 -0.10297033935785285 0.2319791167974472
v -0.012135507538914675 -0.10764826089143745 0.2216147631406784
v 1.3089237427266193e-07 -0.10824802517890922 0.22239714860916138
v -0.012135507538914675 -0.10764826089143745 0.2216147631406784
v 1.247013443617106e-07 -0.11178936809301368 0.21154336631298065
v 1.247013443617106e-07 -0.11178936809301368 0.21154336631298065
v -0.012135507538914675 -0.10764826089143745 0.2216147631406784
v -0.012066688388586039 -0.11109689623117439 0.2107776701450348
v 1.247013443617106e-07 -0.11178936809301368 0.21154336631298065
v -0.012066688388586039 -0.11109689623117439 0.2107776701450348
v 1.1852560533043283e-07 -0.11413838714361182 0.20037011802196503
v 1.1852560533043283e-07 -0.11413838714361182 0.20037011802196503
v -0.012066688388586039 -0.11109689623117439 0.2107776701450348
v -0.012021849863231177 -0.1133658215403556 0.19963137805461884
v 1.1852560533043283e-07 -0.11413838714361182 0.20037011802196503
v -0.012021849863231177 -0.1133658215403556 0.19963137805461884
v 1.1236503638656354e-07 -0.11539202183485023 0.18902282416820526
v 1.1236503638656354e-07 -0.11539202183485023 0.18902282416820526
v -0.012021849863231177 -0.1133658215403556 0.19963137805461884
v -0.012000789865851397 -0.11455491930246345 0.18831877410411835
v 1.1236503638656354e-07 -0.11539202183485023 0.18902282416820526
v -0.012000789865851397 -0.11455491930246345 0.18831877410411835
v 1.0621903356877732e-07 -0.11568559706211082 0.1776043027639389
v 1.0621903356877732e-07 -0.11568559706211082 0.1776043027639389
v -0.012000789865851397 -0.11455491930246345 0.18831877410411835
v -0.012002565898001189 -0.11479897052049629 0.17693980038166046
v 1.0621903356877732e-07 -0.11568559706211082 0.1776043027639389
v -0.012002565898001189 -0.11479897052049629 0.17693980038166046
v 1.0008685791262902e-07 -0.11516162753105155 0.16619642078876495
v 1.0008685791262902e-07 -0.11516162753105155 0.16619642078876495
v -0.012002565898001189 -0.11479897052049629 0.17693980038166046
v -0.012026018463075156 -0.11423892527818671 0.16557364165782928
v 1.0008685791262902e-07 -0.11516162753105155 0.16619642078876495
v -0.012026018463075156 -0.11423892527818671 0.16557364165782928
v 9.396764966140832e-08 -0.11396329104900352 0.15483710169792175
v 9.396764966140832e-08 -0.11396329104900352 0.15483710169792175
v -0.012026018463075156 -0.11423892527818671 0.16557364165782928
v -0.012069811113178725 -0.11301518976688377 0.1542569100856781
v 9.396764966140832e-08 -0.11396329104900352 0.15483710169792175
v -0.012069811113178725 -0.11301518976688377 0.1542569100856781
v 8.176434818096819e-08 -0.11008145660161964 0.13232921063899994
v 8.176434818096819e-08 -0.11008145660161964 0.13232921063899994
v -0.012069811113178725 -0.11301518976688377 0.1542569100856781
v -0.012212432920932765 -0.10910312831401817 0.13183429837226868
v 8.176434818096819e-08 -0.11008145660161964 0.13232921063899994
v -0.012212432920932765 -0.10910312831401817 0.13183429837226868
v 5.746235487436022e-08 -0.09944605827331535 0.08789686113595963
v 5.746235487436022e-08 -0.09944605827331535 0.08789686113595963
v -0.012212432920932765 -0.10910312831401817 0.13183429837226868
v -0.012661688961088652 -0.0984357073903083 0.08757271617650986
v 5.746235487436022e-08 -0.09944605827331535 0.08789686113595963
v -0.012661688961088652 -0.0984357073903083 0.08757271617650986
v 4.533328024081127e-08 -0.09413931518793099 0.06567684561014175
v 4.533328024081127e-08 -0.09413931518793099 0.06567684561014175
v -0.012661688961088652 -0.0984357073903083 0.08757271617650986
v -0.012920686975121493 -0.09311682730913155 0.06543745845556259
v 4.533328024081127e-08 -0.09413931518793099 0.06567684561014175
v -0.012920686975121493 -0.09311682730913155 0.06543745845556259
v 3.318835339882752e-08 -0.08967661112546914 0.04327399283647537
v 3.318835339882752e-08 -0.08967661112546914 0.04327399283647537
v -0.012920686975121493 -0.09311682730913155 0.06543745845556259
v -0.013154827989637847 -0.08864968270063393 0.04311632737517357
v 3.318835339882752e-08 -0.08967661112546914 0.04327399283647537
v -0.013154827989637847 -0.08864968270063393 0.04311632737517357
v 2.0999719296810316e-08 -0.0866295546293258 0.020637905225157738
v 2.0999719296810316e-08 -0.0866295546293258 0.020637905225157738
v -0.013154827989637847 -0.08864968270063393 0.04311632737517357
v -0.013320450671017165 -0.08560894429683678 0.0205587986856699
v 2.0999719296810316e-08 -0.0866295546293258 0.020637905225157738
v -0.013320450671017165 -0.08560894429683678 0.0205587986856699
v -0.00689244735985994 -0.08524531126022332 -2.961714227545705e-17
v -0.00689244735985994 -0.08524531126022332 -2.961714227545705e-17
v -0.013320450671017165 -0.08560894429683678 0.0205587986856699
v -0.013373149558901782 -0.08443380892276757 -6.023902279067409e-18
usemtl DefaultMaterial
f 1 2 3
f 4 5 6
f 7 8 9
f 10 11 12
f 13 14 15
f 16 17 18
f 19 20 21
f 22 23 24
f 25 26 27
f 28 29 30
f 31 32 33
f 34 35 36
f 37 38 39
f 40 41 42
f 43 44 45
f 46 47 48
f 49 50 51
f 52 53 54
f 55 56 57
f 58 59 60
f 61 62 63
f 64 65 66
f 67 68 69
f 70 71 72
f 73 74 75
f 76 77 78
f 79 80 81
f 82 83 84
f 85 86 87
f 88 89 90
f 91 92 93
f 94 95 96
f 97 98 99
f 100 101 102
f 103 104 105
f 106 107 108
f 109 110 111
f 112 113 114
f 115 116 117
f 118 119 120
f 121 122 123
f 124 125 126
f 127 128 129
f 130 131 132
f 133 134 135
f 136 137 138
f 139 140 141
f 142 143 144
f 145 146 147
f 148 149 150
f 151 152 153
f 154 155 156
f 157 158 159
f 160 161 162
f 163 164 165
f 166 167 168
f 169 170 171
f 172 173 174
f 175 176 177
f 178 179 180
f 181 182 183
f 184 185 186
f 187 188 189
f 190 191 192
f 193 194 195
f 196 197 198
f 199 200 201
f 202 203 204
f 205 206 207
f 208 209 210
f 211 212 213
f 214 215 216
f 217 218 219
f 220 221 222
f 223 224 225
f 226 227 228
f 229 230 231
f 232 233 234
f 235 236 237
f 238 239 240
f 241 242 243
f 244 245 246
f 247 248 249
f 250 251 252
f 253 254 255
f 256 257 258
f 259 260 261
f 262 263 264
f 265 266 267
f 268 269 270
f 271 272 273
f 274 275 276
f 277 278 279
f 280 281 282
f 283 284 285
f 286 287 288
f 289 290 291
f 292 293 294
f 295 296 297
f 298 299 300
f 301 302 303
f 304 305 306
f 307 308 309
f 310 311 312
f 313 314 315
f 316 317 318
f 319 320 321
f 322 323 324
f 325 326 327
f 328 329 330
f 331 332 333
f 334 335 336
f 337 338 339
f 340 341 342
f 343 344 345
f 346 347 348
f 349 350 351
f 352 353 354
f 355 356 357
f 358 359 360
f 361 362 363
f 364 365 366
f 367 368 369
f 370 371 372
f 373 374 375
f 376 377 378
f 379 380 381
f 382 383 384
f 385 386 387
f 388 389 390
f 391 392 393
f 394 395 396
f 397 398 399
f 400 401 402
f 403 404 405
f 406 407 408
f 409 410 411
f 412 413 414
f 415 416 417
f 418 419 420
f 421 422 423
f 424 425 426
f 427 428 429
f 430 431 432
f 433 434 435
f 436 437 438
f 439 440 441
f 442 443 444
f 445 446 447
f 448 449 450
f 451 452 453
f 454 455 456
f 457 458 459
f 460 461 462
f 463 464 465
f 466 467 468
f 469 470 471
f 472 473 474
f 475 476 477
f 478 479 480
f 481 482 483
f 484 485 486
f 487 488 489
f 490 491 492
f 493 494 495
f 496 497 498
f 499 500 501
f 502 503 504
f 505 506 507
f 508 509 510
f 511 512 513
f 514 515 516
f 517 518 519
f 520 521 522
f 523 524 525
f 526 527 528
f 529 530 531
f 532 533 534
f 535 536 537
f 538 539 540
f 541 542 543
f 544 545 546
f 547 548 549
f 550 551 552
f 553 554 555
f 556 557 558
f 559 560 561
f 562 563 564
f 565 566 567
f 568 569 570
f 571 572 573
f 574 575 576
f 577 578 579
f 580 581 582
f 583 584 585
f 586 587 588
f 589 590 591
f 592 593 594
f 595 596 597
f 598 599 600
f 601 602 603
f 604 605 606
f 607 608 609
f 610 611 612
f 613 614 615
f 616 617 618
f 619 620 621
f 622 623 624
f 625 626 627
f 628 629 630
f 631 632 633
f 634 635 636
f 637 638 639
f 640 641 642
f 643 644 645
f 646 647 648
f 649 650 651
f 652 653 654
f 655 656 657
f 658 659 660
f 661 662 663
f 664 665 666
f 667 668 669
f 670 671 672
f 673 674 675
f 676 677 678
f 679 680 681
f 682 683 684
f 685 686 687
f 688 689 690
f 691 692 693
f 694 695 696
f 697 698 699
f 700 701 702
f 703 704 705
f 706 707 708
f 709 710 711
f 712 713 714
f 715 716 717
f 718 719 720
f 721 722 723
f 724 725 726
f 727 728 729
f 730 731 732
f 733 734 735
f 736 737 738
f 739 740 741
f 742 743 744
f 745 746 747
f 748 749 750
f 751 752 753
f 754 755 756
f 757 758 759
f 760 761 762
f 763 764 765
f 766 767 768
f 769 770 771
f 772 773 774
f 775 776 777
f 778 779 780
f 781 782 783
f 784 785 786
f 787 788 789
f 790 791 792
f 793 794 795
f 796 797 798
f 799 800 801
f 802 803 804
f 805 806 807
f 808 809 810
f 811 812 813
f 814 815 816
f 817 818 819
f 820 821 822
f 823 824 825
f 826 827 828
f 829 830 831
f 832 833 834
f 835 836 837
f 838 839 840
f 841 842 843
f 844 845 846
f 847 848 849
f 850 851 852
f 853 854 855
f 856 857 858
f 859 860 861
f 862 863 864
f 865 866 867
f 868 869 870
f 871 872 873
f 874 875 876
f 877 878 879
f 880 881 882
f 883 884 885
f 886 887 888
f 889 890 891
f 892 893 894
f 895 896 897
f 898 899 900
f 901 902 903
f 904 905 906
f 907 908 909
f 910 911 912
f 913 914 915
f 916 917 918
f 919 920 921
f 922 923 924
f 925 926 927
f 928 929 930
f 931 932 933
f 934 935 936
f 937 938 939
f 940 941 942
f 943 944 945
f 946 947 948
f 949 950 951
f 952 953 954
f 955 956 957
f 958 959 960
f 961 962 963
f 964 965 966
f 967 968 969
f 970 971 972
f 973 974 975
f 976 977 978
f 979 980 981
f 982 983 984
f 985 986 987
f 988 989 990
f 991 992 993
f 994 995 996
f 997 998 999
f 1000 1001 1002
f 1003 1004 1005
f 1006 1007 1008
f 1009 1010 1011
f 1012 1013 1014
f 1015 1016 1017
f 1018 1019 1020
f 1021 1022 1023
f 1024 1025 1026
f 1027 1028 1029
f 1030 1031 1032
f 1033 1034 1035
f 1036 1037 1038
f 1039 1040 1041
f 1042 1043 1044
f 1045 1046 1047
f 1048 1049 1050
f 1051 1052 1053
f 1054 1055 1056
f 1057 1058 1059
f 1060 1061 1062
f 1063 1064 1065
f 1066 1067 1068
f 1069 1070 1071
f 1072 1073 1074
f 1075 1076 1077
f 1078 1079 1080
f 1081 1082 1083
f 1084 1085 1086
f 1087 1088 1089
f 1090 1091 1092
f 1093 1094 1095
f 1096 1097 1098
f 1099 1100 1101
f 1102 1103 1104
f 1105 1106 1107
f 1108 1109 1110
f 1111 1112 1113
f 1114 1115 1116
f 1117 1118 1119
f 1120 1121 1122
f 1123 1124 1125
f 1126 1127 1128
f 1129 1130 1131
f 1132 1133 1134
f 1135 1136 1137
f 1138 1139 1140
f 1141 1142 1143
f 1144 1145 1146
f 1147 1148 1149
f 1150 1151 1152
f 1153 1154 1155
f 1156 1157 1158
f 1159 1160 1161
f 1162 1163 1164
f 1165 1166 1167
f 1168 1169 1170
f 1171 1172 1173
f 1174 1175 1176
f 1177 1178 1179
f 1180 1181 1182
f 1183 1184 1185
f 1186 1187 1188
f 1189 1190 1191
f 1192 1193 1194
f 1195 1196 1197
f 1198 1199 1200
f 1201 1202 1203
f 1204 1205 1206
f 1207 1208 1209
f 1210 1211 1212
f 1213 1214 1215
f 1216 1217 1218
f 1219 1220 1221
f 1222 1223 1224
f 1225 1226 1227
f 1228 1229 1230
f 1231 1232 1233
f 1234 1235 1236
f 1237 1238 1239
f 1240 1241 1242
f 1243 1244 1245
f 1246 1247 1248
f 1249 1250 1251
f 1252 1253 1254
f 1255 1256 1257
f 1258 1259 1260
f 1261 1262 1263
f 1264 1265 1266
f 1267 1268 1269
f 1270 1271 1272
f 1273 1274 1275
f 1276 1277 1278
f 1279 1280 1281
f 1282 1283 1284
f 1285 1286 1287
f 1288 1289 1290
f 1291 1292 1293
f 1294 1295 1296
f 1297 1298 1299
f 1300 1301 1302
f 1303 1304 1305
f 1306 1307 1308
f 1309 1310 1311
f 1312 1313 1314
f 1315 1316 1317
f 1318 1319 1320
f 1321 1322 1323
f 1324 1325 1326
f 1327 1328 1329
f 1330 1331 1332
f 1333 1334 1335
f 1336 1337 1338
f 1339 1340 1341
f 1342 1343 1344
f 1345 1346 1347
f 1348 1349 1350
f 1351 1352 1353
f 1354 1355 1356
f 1357 1358 1359
f 1360 1361 1362
f 1363 1364 1365
f 1366 1367 1368
f 1369 1370 1371
f 1372 1373 1374
f 1375 1376 1377
f 1378 1379 1380
f 1381 1382 1383
f 1384 1385 1386
f 1387 1388 1389
f 1390 1391 1392
f 1393 1394 1395
f 1396 1397 1398
f 1399 1400 1401
f 1402 1403 1404
f 1405 1406 1407
f 1408 1409 1410
f 1411 1412 1413
f 1414 1415 1416
f 1417 1418 1419
f 1420 1421 1422
f 1423 1424 1425
f 1426 1427 1428
f 1429 1430 1431
f 1432 1433 1434
f 1435 1436 1437
f 1438 1439 1440
f 1441 1442 1443
f 1444 1445 1446
f 1447 1448 1449
f 1450 1451 1452
f 1453 1454 1455
f 1456 1457 1458
f 1459 1460 1461
f 1462 1463 1464
f 1465 1466 1467
f 1468 1469 1470
f 1471 1472 1473
f 1474 1475 1476
f 1477 1478 1479
f 1480 1481 1482
f 1483 1484 1485
f 1486 1487 1488
f 1489 1490 1491
f 1492 1493 1494
f 1495 1496 1497
f 1498 1499 1500
f 1501 1502 1503
f 1504 1505 1506
f 1507 1508 1509
f 1510 1511 1512
f 1513 1514 1515
f 1516 1517 1518
f 1519 1520 1521
f 1522 1523 1524
f 1525 1526 1527
f 1528 1529 1530
f 1531 1532 1533
f 1534 1535 1536
f 1537 1538 1539
f 1540 1541 1542
f 1543 1544 1545
f 1546 1547 1548
f 1549 1550 1551
f 1552 1553 1554
f 1555 1556 1557
f 1558 1559 1560
f 1561 1562 1563
f 1564 1565 1566
f 1567 1568 1569
f 1570 1571 1572
f 1573 1574 1575
f 1576 1577 1578
f 1579 1580 1581
f 1582 1583 1584
f 1585 1586 1587
f 1588 1589 1590
f 1591 1592 1593
f 1594 1595 1596
f 1597 1598 1599
f 1600 1601 1602
f 1603 1604 1605
f 1606 1607 1608
f 1609 1610 1611
f 1612 1613 1614
f 1615 1616 1617
f 1618 1619 1620
f 1621 1622 1623
f 1624 1625 1626
f 1627 1628 1629
f 1630 1631 1632
f 1633 1634 1635
f 1636 1637 1638
f 1639 1640 1641
f 1642 1643 1644
f 1645 1646 1647
f 1648 1649 1650
f 1651 1652 1653
f 1654 1655 1656
f 1657 1658 1659
f 1660 1661 1662
f 1663 1664 1665
f 1666 1667 1668
f 1669 1670 1671
f 1672 1673 1674
f 1675 1676 1677
f 1678 1679 1680
f 1681 1682 1683
f 1684 1685 1686
f 1687 1688 1689
f 1690 1691 1692
f 1693 1694 1695
f 1696 1697 1698
f 1699 1700 1701
f 1702 1703 1704
f 1705 1706 1707
f 1708 1709 1710
f 1711 1712 1713
f 1714 1715 1716
f 1717 1718 1719
f 1720 1721 1722
f 1723 1724 1725
f 1726 1727 1728
f 1729 1730 1731
f 1732 1733 1734
f 1735 1736 1737
f 1738 1739 1740
f 1741 1742 1743
f 1744 1745 1746
f 1747 1748 1749
f 1750 1751 1752
f 1753 1754 1755
f 1756 1757 1758
f 1759 1760 1761
f 1762 1763 1764
f 1765 1766 1767
f 1768 1769 1770
f 1771 1772 1773
f 1774 1775 1776
f 1777 1778 1779
f 1780 1781 1782
f 1783 1784 1785
f 1786 1787 1788
f 1789 1790 1791
f 1792 1793 1794
f 1795 1796 1797
f 1798 1799 1800
f 1801 1802 1803
f 1804 1805 1806
f 1807 1808 1809
f 1810 1811 1812
f 1813 1814 1815
f 1816 1817 1818
f 1819 1820 1821
f 1822 1823 1824
f 1825 1826 1827
f 1828 1829 1830
f 1831 1832 1833
f 1834 1835 1836
f 1837 1838 1839
f 1840 1841 1842
f 1843 1844 1845
f 1846 1847 1848
f 1849 1850 1851
f 1852 1853 1854
f 1855 1856 1857
f 1858 1859 1860
f 1861 1862 1863
f 1864 1865 1866
f 1867 1868 1869
f 1870 1871 1872
f 1873 1874 1875
f 1876 1877 1878
f 1879 1880 1881
f 1882 1883 1884
f 1885 1886 1887
f 1888 1889 1890
f 1891 1892 1893
f 1894 1895 1896
f 1897 1898 1899
f 1900 1901 1902
f 1903 1904 1905
f 1906 1907 1908
f 1909 1910 1911
f 1912 1913 1914
f 1915 1916 1917
f 1918 1919 1920
f 1921 1922 1923
f 1924 1925 1926
f 1927 1928 1929
f 1930 1931 1932
f 1933 1934 1935
f 1936 1937 1938
f 1939 1940 1941
f 1942 1943 1944
f 1945 1946 1947
f 1948 1949 1950
f 1951 1952 1953
f 1954 1955 1956
f 1957 1958 1959
f 1960 1961 1962
f 1963 1964 1965
f 1966 1967 1968
f 1969 1970 1971
f 1972 1973 1974
f 1975 1976 1977
f 1978 1979 1980
f 1981 1982 1983
f 1984 1985 1986
f 1987 1988 1989
f 1990 1991 1992
f 1993 1994 1995
f 1996 1997 1998
f 1999 2000 2001
f 2002 2003 2004
f 2005 2006 2007
f 2008 2009 2010
f 2011 2012 2013
f 2014 2015 2016
f 2017 2018 2019
f 2020 2021 2022
f 2023 2024 2025
f 2026 2027 2028
f 2029 2030 2031
f 2032 2033 2034
f 2035 2036 2037
f 2038 2039 2040
f 2041 2042 2043
f 2044 2045 2046
f 2047 2048 2049
f 2050 2051 2052
f 2053 2054 2055
f 2056 2057 2058
f 2059 2060 2061
f 2062 2063 2064
f 2065 2066 2067
f 2068 2069 2070
f 2071 2072 2073
f 2074 2075 2076
f 2077 2078 2079
f 2080 2081 2082
f 2083 2084 2085
f 2086 2087 2088
f 2089 2090 2091
f 2092 2093 2094
f 2095 2096 2097
f 2098 2099 2100
f 2101 2102 2103
f 2104 2105 2106
f 2107 2108 2109
f 2110 2111 2112
f 2113 2114 2115
f 2116 2117 2118
f 2119 2120 2121
f 2122 2123 2124
f 2125 2126 2127
f 2128 2129 2130
f 2131 2132 2133
f 2134 2135 2136
f 2137 2138 2139
f 2140 2141 2142
f 2143 2144 2145
f 2146 2147 2148
f 2149 2150 2151
f 2152 2153 2154
f 2155 2156 2157
f 2158 2159 2160
f 2161 2162 2163
f 2164 2165 2166
f 2167 2168 2169
f 2170 2171 2172
f 2173 2174 2175
f 2176 2177 2178
f 2179 2180 2181
f 2182 2183 2184
f 2185 2186 2187
f 2188 2189 2190
f 2191 2192 2193
f 2194 2195 2196
f 2197 2198 2199
f 2200 2201 2202
f 2203 2204 2205
f 2206 2207 2208
f 2209 2210 2211
f 2212 2213 2214
f 2215 2216 2217
f 2218 2219 2220
f 2221 2222 2223
f 2224 2225 2226
f 2227 2228 2229
f 2230 2231 2232
f 2233 2234 2235
f 2236 2237 2238
f 2239 2240 2241
f 2242 2243 2244
f 2245 2246 2247
f 2248 2249 2250
f 2251 2252 2253
f 2254 2255 2256
f 2257 2258 2259
f 2260 2261 2262
f 2263 2264 2265
f 2266 2267 2268
f 2269 2270 2271
f 2272 2273 2274
f 2275 2276 2277
f 2278 2279 2280
f 2281 2282 2283
f 2284 2285 2286
f 2287 2288 2289
f 2290 2291 2292
f 2293 2294 2295
f 2296 2297 2298
f 2299 2300 2301
f 2302 2303 2304
f 2305 2306 2307
f 2308 2309 2310
f 2311 2312 2313
f 2314 2315 2316
f 2317 2318 2319
f 2320 2321 2322
f 2323 2324 2325
f 2326 2327 2328
f 2329 2330 2331
f 2332 2333 2334
f 2335 2336 2337
f 2338 2339 2340
f 2341 2342 2343
f 2344 2345 2346
f 2347 2348 2349
f 2350 2351 2352
f 2353 2354 2355
f 2356 2357 2358
f 2359 2360 2361
f 2362 2363 2364
f 2365 2366 2367
f 2368 2369 2370
f 2371 2372 2373
f 2374 2375 2376
f 2377 2378 2379
f 2380 2381 2382
f 2383 2384 2385
f 2386 2387 2388
f 2389 2390 2391
f 2392 2393 2394
f 2395 2396 2397
f 2398 2399 2400
f 2401 2402 2403
f 2404 2405 2406
f 2407 2408 2409
f 2410 2411 2412
f 2413 2414 2415
f 2416 2417 2418
f 2419 2420 2421
f 2422 2423 2424
f 2425 2426 2427
f 2428 2429 2430
f 2431 2432 2433
f 2434 2435 2436
f 2437 2438 2439
f 2440 2441 2442
f 2443 2444 2445
f 2446 2447 2448
f 2449 2450 2451
f 2452 2453 2454
f 2455 2456 2457
f 2458 2459 2460
f 2461 2462 2463
f 2464 2465 2466
f 2467 2468 2469
f 2470 2471 2472
f 2473 2474 2475
f 2476 2477 2478
f 2479 2480 2481
f 2482 2483 2484
f 2485 2486 2487
f 2488 2489 2490
f 2491 2492 2493
f 2494 2495 2496
f 2497 2498 2499
f 2500 2501 2502
f 2503 2504 2505
f 2506 2507 2508
f 2509 2510 2511
f 2512 2513 2514
f 2515 2516 2517
f 2518 2519 2520
f 2521 2522 2523
f 2524 2525 2526
f 2527 2528 2529
f 2530 2531 2532
f 2533 2534 2535
f 2536 2537 2538
f 2539 2540 2541
f 2542 2543 2544
f 2545 2546 2547
f 2548 2549 2550
f 2551 2552 2553
f 2554 2555 2556
f 2557 2558 2559
f 2560 2561 2562
f 2563 2564 2565
f 2566 2567 2568
f 2569 2570 2571
f 2572 2573 2574
f 2575 2576 2577
f 2578 2579 2580
f 2581 2582 2583
f 2584 2585 2586
f 2587 2588 2589
f 2590 2591 2592
f 2593 2594 2595
f 2596 2597 2598
f 2599 2600 2601
f 2602 2603 2604
f 2605 2606 2607
f 2608 2609 2610
f 2611 2612 2613
f 2614 2615 2616
f 2617 2618 2619
f 2620 2621 2622
f 2623 2624 2625
f 2626 2627 2628
f 2629 2630 2631
f 2632 2633 2634
f 2635 2636 2637
f 2638 2639 2640
f 2641 2642 2643
f 2644 2645 2646
f 2647 2648 2649
f 2650 2651 2652
f 2653 2654 2655
f 2656 2657 2658
f 2659 2660 2661
f 2662 2663 2664
f 2665 2666 2667
f 2668 2669 2670
f 2671 2672 2673
f 2674 2675 2676
f 2677 2678 2679
f 2680 2681 2682
f 2683 2684 2685
f 2686 2687 2688
f 2689 2690 2691
f 2692 2693 2694
f 2695 2696 2697
f 2698 2699 2700
f 2701 2702 2703
f 2704 2705 2706
f 2707 2708 2709
f 2710 2711 2712
f 2713 2714 2715
f 2716 2717 2718
f 2719 2720 2721
f 2722 2723 2724
f 2725 2726 2727
f 2728 2729 2730
f 2731 2732 2733
f 2734 2735 2736
f 2737 2738 2739
f 2740 2741 2742
f 2743 2744 2745
f 2746 2747 2748
f 2749 2750 2751
f 2752 2753 2754
f 2755 2756 2757
f 2758 2759 2760
f 2761 2762 2763
f 2764 2765 2766
f 2767 2768 2769
f 2770 2771 2772
f 2773 2774 2775
f 2776 2777 2778
f 2779 2780 2781
f 2782 2783 2784
f 2785 2786 2787
f 2788 2789 2790
f 2791 2792 2793
f 2794 2795 2796
f 2797 2798 2799
f 2800 2801 2802
f 2803 2804 2805
f 2806 2807 2808
f 2809 2810 2811
f 2812 2813 2814
f 2815 2816 2817
f 2818 2819 2820
f 2821 2822 2823
f 2824 2825 2826
f 2827 2828 2829
f 2830 2831 2832
f 2833 2834 2835
f 2836 2837 2838
f 2839 2840 2841
f 2842 2843 2844
f 2845 2846 2847
f 2848 2849 2850
f 2851 2852 2853
f 2854 2855 2856
f 2857 2858 2859
f 2860 2861 2862
f 2863 2864 2865
f 2866 2867 2868
f 2869 2870 2871
f 2872 2873 2874
f 2875 2876 2877
f 2878 2879 2880
f 2881 2882 2883
f 2884 2885 2886
f 2887 2888 2889
f 2890 2891 2892
f 2893 2894 2895
f 2896 2897 2898
f 2899 2900 2901
f 2902 2903 2904
f 2905 2906 2907
f 2908 2909 2910
f 2911 2912 2913
f 2914 2915 2916
f 2917 2918 2919
f 2920 2921 2922
f 2923 2924 2925
f 2926 2927 2928
f 2929 2930 2931
f 2932 2933 2934
f 2935 2936 2937
f 2938 2939 2940
f 2941 2942 2943
f 2944 2945 2946
f 2947 2948 2949
f 2950 2951 2952
f 2953 2954 2955
f 2956 2957 2958
f 2959 2960 2961
f 2962 2963 2964
f 2965 2966 2967
f 2968 2969 2970
f 2971 2972 2973
f 2974 2975 2976
f 2977 2978 2979
f 2980 2981 2982
f 2983 2984 2985
f 2986 2987 2988
f 2989 2990 2991
f 2992 2993 2994
f 2995 2996 2997
f 2998 2999 3000
f 3001 3002 3003
f 3004 3005 3006
f 3007 3008 3009
f 3010 3011 3012
f 3013 3014 3015
f 3016 3017 3018
f 3019 3020 3021
f 3022 3023 3024
f 3025 3026 3027
f 3028 3029 3030
f 3031 3032 3033
f 3034 3035 3036
f 3037 3038 3039
f 3040 3041 3042
f 3043 3044 3045
f 3046 3047 3048
f 3049 3050 3051
f 3052 3053 3054
f 3055 3056 3057
f 3058 3059 3060
f 3061 3062 3063
f 3064 3065 3066
f 3067 3068 3069
f 3070 3071 3072
f 3073 3074 3075
f 3076 3077 3078
f 3079 3080 3081
f 3082 3083 3084
f 3085 3086 3087
f 3088 3089 3090
f 3091 3092 3093
f 3094 3095 3096
f 3097 3098 3099
f 3100 3101 3102
f 3103 3104 3105
f 3106 3107 3108
f 3109 3110 3111
f 3112 3113 3114
f 3115 3116 3117
f 3118 3119 3120
f 3121 3122 3123
f 3124 3125 3126
f 3127 3128 3129
f 3130 3131 3132
f 3133 3134 3135
f 3136 3137 3138
f 3139 3140 3141
f 3142 3143 3144
f 3145 3146 3147
f 3148 3149 3150
f 3151 3152 3153
f 3154 3155 3156
f 3157 3158 3159
f 3160 3161 3162
f 3163 3164 3165
f 3166 3167 3168
f 3169 3170 3171
f 3172 3173 3174
f 3175 3176 3177
f 3178 3179 3180
f 3181 3182 3183
f 3184 3185 3186
f 3187 3188 3189
f 3190 3191 3192
f 3193 3194 3195
f 3196 3197 3198
f 3199 3200 3201
f 3202 3203 3204
f 3205 3206 3207
f 3208 3209 3210
f 3211 3212 3213
f 3214 3215 3216
f 3217 3218 3219
f 3220 3221 3222
f 3223 3224 3225
f 3226 3227 3228
f 3229 3230 3231
f 3232 3233 3234
f 3235 3236 3237
f 3238 3239 3240
f 3241 3242 3243
f 3244 3245 3246
f 3247 3248 3249
f 3250 3251 3252
f 3253 3254 3255
f 3256 3257 3258
f 3259 3260 3261
f 3262 3263 3264
f 3265 3266 3267
f 3268 3269 3270
f 3271 3272 3273
f 3274 3275 3276
f 3277 3278 3279
f 3280 3281 3282
f 3283 3284 3285
f 3286 3287 3288
f 3289 3290 3291
f 3292 3293 3294
f 3295 3296 3297
f 3298 3299 3300
f 3301 3302 3303
f 3304 3305 3306
f 3307 3308 3309
f 3310 3311 3312
f 3313 3314 3315
f 3316 3317 3318
f 3319 3320 3321
f 3322 3323 3324
f 3325 3326 3327
f 3328 3329 3330
f 3331 3332 3333
f 3334 3335 3336
f 3337 3338 3339
f 3340 3341 3342
f 3343 3344 3345
f 3346 3347 3348
f 3349 3350 3351
f 3352 3353 3354
f 3355 3356 3357
f 3358 3359 3360
f 3361 3362 3363
f 3364 3365 3366
f 3367 3368 3369
f 3370 3371 3372
f 3373 3374 3375
f 3376 3377 3378
f 3379 3380 3381
f 3382 3383 3384
f 3385 3386 3387
f 3388 3389 3390
f 3391 3392 3393
f 3394 3395 3396
f 3397 3398 3399
f 3400 3401 3402
f 3403 3404 3405
f 3406 3407 3408
f 3409 3410 3411
f 3412 3413 3414
f 3415 3416 3417
f 3418 3419 3420
f 3421 3422 3423
f 3424 3425 3426
f 3427 3428 3429
f 3430 3431 3432
f 3433 3434 3435
f 3436 3437 3438
f 3439 3440 3441
f 3442 3443 3444
f 3445 3446 3447
f 3448 3449 3450
f 3451 3452 3453
f 3454 3455 3456
f 3457 3458 3459
f 3460 3461 3462
f 3463 3464 3465
f 3466 3467 3468
f 3469 3470 3471
f 3472 3473 3474
f 3475 3476 3477
f 3478 3479 3480
f 3481 3482 3483
f 3484 3485 3486
f 3487 3488 3489
f 3490 3491 3492
f 3493 3494 3495
f 3496 3497 3498
f 3499 3500 3501
f 3502 3503 3504
f 3505 3506 3507
f 3508 3509 3510
f 3511 3512 3513
f 3514 3515 3516
f 3517 3518 3519
f 3520 3521 3522
f 3523 3524 3525
f 3526 3527 3528
f 3529 3530 3531
f 3532 3533 3534
f 3535 3536 3537
f 3538 3539 3540
f 3541 3542 3543
f 3544 3545 3546
f 3547 3548 3549
f 3550 3551 3552
f 3553 3554 3555
f 3556 3557 3558
f 3559 3560 3561
f 3562 3563 3564
f 3565 3566 3567
f 3568 3569 3570
f 3571 3572 3573
f 3574 3575 3576
f 3577 3578 3579
f 3580 3581 3582
f 3583 3584 3585
f 3586 3587 3588
f 3589 3590 3591
f 3592 3593 3594
f 3595 3596 3597
f 3598 3599 3600
f 3601 3602 3603
f 3604 3605 3606
f 3607 3608 3609
f 3610 3611 3612
f 3613 3614 3615
f 3616 3617 3618
f 3619 3620 3621
f 3622 3623 3624
f 3625 3626 3627
f 3628 3629 3630
f 3631 3632 3633
f 3634 3635 3636
f 3637 3638 3639
f 3640 3641 3642
f 3643 3644 3645
f 3646 3647 3648
f 3649 3650 3651
f 3652 3653 3654
f 3655 3656 3657
f 3658 3659 3660
f 3661 3662 3663
f 3664 3665 3666
f 3667 3668 3669
f 3670 3671 3672
f 3673 3674 3675
f 3676 3677 3678
f 3679 3680 3681
f 3682 3683 3684
f 3685 3686 3687
f 3688 3689 3690
f 3691 3692 3693
f 3694 3695 3696
f 3697 3698 3699
f 3700 3701 3702
f 3703 3704 3705
f 3706 3707 3708
f 3709 3710 3711
f 3712 3713 3714
f 3715 3716 3717
f 3718 3719 3720
f 3721 3722 3723
f 3724 3725 3726
f 3727 3728 3729
f 3730 3731 3732
f 3733 3734 3735
f 3736 3737 3738
f 3739 3740 3741
f 3742 3743 3744
f 3745 3746 3747
f 3748 3749 3750
f 3751 3752 3753
f 3754 3755 3756
f 3757 3758 3759
f 3760 3761 3762
f 3763 3764 3765
f 3766 3767 3768
f 3769 3770 3771
f 3772 3773 3774
f 3775 3776 3777
f 3778 3779 3780
f 3781 3782 3783
f 3784 3785 3786
f 3787 3788 3789
f 3790 3791 3792
f 3793 3794 3795
f 3796 3797 3798
f 3799 3800 3801
f 3802 3803 3804
f 3805 3806 3807
f 3808 3809 3810
f 3811 3812 3813
f 3814 3815 3816
f 3817 3818 3819
f 3820 3821 3822
f 3823 3824 3825
f 3826 3827 3828
f 3829 3830 3831
f 3832 3833 3834
f 3835 3836 3837
f 3838 3839 3840
f 3841 3842 3843
f 3844 3845 3846
f 3847 3848 3849
f 3850 3851 3852
f 3853 3854 3855
f 3856 3857 3858
f 3859 3860 3861
f 3862 3863 3864
f 3865 3866 3867
f 3868 3869 3870
f 3871 3872 3873
f 3874 3875 3876
f 3877 3878 3879
f 3880 3881 3882
f 3883 3884 3885
f 3886 3887 3888
f 3889 3890 3891
f 3892 3893 3894
f 3895 3896 3897
f 3898 3899 3900
f 3901 3902 3903
f 3904 3905 3906
f 3907 3908 3909
f 3910 3911 3912
f 3913 3914 3915
f 3916 3917 3918
f 3919 3920 3921
f 3922 3923 3924
f 3925 3926 3927
f 3928 3929 3930
f 3931 3932 3933
f 3934 3935 3936
f 3937 3938 3939
f 3940 3941 3942
f 3943 3944 3945
f 3946 3947 3948
f 3949 3950 3951
f 3952 3953 3954
f 3955 3956 3957
f 3958 3959 3960
f 3961 3962 3963
f 3964 3965 3966
f 3967 3968 3969
f 3970 3971 3972
f 3973 3974 3975
f 3976 3977 3978
f 3979 3980 3981
f 3982 3983 3984
f 3985 3986 3987
f 3988 3989 3990
f 3991 3992 3993
f 3994 3995 3996
f 3997 3998 3999
f 4000 4001 4002
f 4003 4004 4005
f 4006 4007 4008
f 4009 4010 4011
f 4012 4013 4014
f 4015 4016 4017
f 4018 4019 4020
f 4021 4022 4023
f 4024 4025 4026
f 4027 4028 4029
f 4030 4031 4032
f 4033 4034 4035
f 4036 4037 4038
f 4039 4040 4041
f 4042 4043 4044
f 4045 4046 4047
f 4048 4049 4050
f 4051 4052 4053
f 4054 4055 4056
f 4057 4058 4059
f 4060 4061 4062
f 4063 4064 4065
f 4066 4067 4068
f 4069 4070 4071
f 4072 4073 4074
f 4075 4076 4077
f 4078 4079 4080
f 4081 4082 4083
f 4084 4085 4086
f 4087 4088 4089
f 4090 4091 4092
f 4093 4094 4095
f 4096 4097 4098
f 4099 4100 4101
f 4102 4103 4104
f 4105 4106 4107
f 4108 4109 4110
f 4111 4112 4113
f 4114 4115 4116
f 4117 4118 4119
f 4120 4121 4122
f 4123 4124 4125
f 4126 4127 4128
f 4129 4130 4131
f 4132 4133 4134
f 4135 4136 4137
f 4138 4139 4140
f 4141 4142 4143
f 4144 4145 4146
f 4147 4148 4149
f 4150 4151 4152
f 4153 4154 4155
f 4156 4157 4158
f 4159 4160 4161
f 4162 4163 4164
f 4165 4166 4167
f 4168 4169 4170
f 4171 4172 4173
f 4174 4175 4176
f 4177 4178 4179
f 4180 4181 4182
f 4183 4184 4185
f 4186 4187 4188
f 4189 4190 4191
f 4192 4193 4194
f 4195 4196 4197
f 4198 4199 4200
f 4201 4202 4203
f 4204 4205 4206
f 4207 4208 4209
f 4210 4211 4212
f 4213 4214 4215
f 4216 4217 4218
f 4219 4220 4221
f 4222 4223 4224
f 4225 4226 4227
f 4228 4229 4230
f 4231 4232 4233
f 4234 4235 4236
f 4237 4238 4239
f 4240 4241 4242
f 4243 4244 4245
f 4246 4247 4248
f 4249 4250 4251
f 4252 4253 4254
f 4255 4256 4257
f 4258 4259 4260
f 4261 4262 4263
f 4264 4265 4266
f 4267 4268 4269
f 4270 4271 4272
f 4273 4274 4275
f 4276 4277 4278
f 4279 4280 4281
f 4282 4283 4284
f 4285 4286 4287
f 4288 4289 4290
f 4291 4292 4293
f 4294 4295 4296
f 4297 4298 4299
f 4300 4301 4302
f 4303 4304 4305
f 4306 4307 4308
f 4309 4310 4311
f 4312 4313 4314
f 4315 4316 4317
f 4318 4319 4320
f 4321 4322 4323
f 4324 4325 4326
f 4327 4328 4329
f 4330 4331 4332
f 4333 4334 4335
f 4336 4337 4338
f 4339 4340 4341
f 4342 4343 4344
f 4345 4346 4347
f 4348 4349 4350
f 4351 4352 4353
f 4354 4355 4356
f 4357 4358 4359
f 4360 4361 4362
f 4363 4364 4365
f 4366 4367 4368
f 4369 4370 4371
f 4372 4373 4374
f 4375 4376 4377
f 4378 4379 4380
f 4381 4382 4383
f 4384 4385 4386
f 4387 4388 4389
f 4390 4391 4392
f 4393 4394 4395
f 4396 4397 4398
f 4399 4400 4401
f 4402 4403 4404
f 4405 4406 4407
f 4408 4409 4410
f 4411 4412 4413
f 4414 4415 4416
f 4417 4418 4419
f 4420 4421 4422
f 4423 4424 4425
f 4426 4427 4428
f 4429 4430 4431
f 4432 4433 4434
f 4435 4436 4437
f 4438 4439 4440
f 4441 4442 4443
f 4444 4445 4446
f 4447 4448 4449
f 4450 4451 4452
f 4453 4454 4455
f 4456 4457 4458
f 4459 4460 4461
f 4462 4463 4464
f 4465 4466 4467
f 4468 4469 4470
f 4471 4472 4473
f 4474 4475 4476
f 4477 4478 4479
f 4480 4481 4482
f 4483 4484 4485
f 4486 4487 4488
f 4489 4490 4491
f 4492 4493 4494
f 4495 4496 4497
f 4498 4499 4500
f 4501 4502 4503
f 4504 4505 4506
f 4507 4508 4509
f 4510 4511 4512
f 4513 4514 4515
f 4516 4517 4518
f 4519 4520 4521
f 4522 4523 4524
f 4525 4526 4527
f 4528 4529 4530
f 4531 4532 4533
f 4534 4535 4536
f 4537 4538 4539
f 4540 4541 4542
f 4543 4544 4545
f 4546 4547 4548
f 4549 4550 4551
f 4552 4553 4554
f 4555 4556 4557
f 4558 4559 4560
f 4561 4562 4563
f 4564 4565 4566
f 4567 4568 4569
f 4570 4571 4572
f 4573 4574 4575
f 4576 4577 4578
f 4579 4580 4581
f 4582 4583 4584
f 4585 4586 4587
f 4588 4589 4590
f 4591 4592 4593
f 4594 4595 4596
f 4597 4598 4599
f 4600 4601 4602
f 4603 4604 4605
f 4606 4607 4608
f 4609 4610 4611
f 4612 4613 4614
f 4615 4616 4617
f 4618 4619 4620
f 4621 4622 4623
f 4624 4625 4626
f 4627 4628 4629
f 4630 4631 4632
f 4633 4634 4635
f 4636 4637 4638
f 4639 4640 4641
f 4642 4643 4644
f 4645 4646 4647
f 4648 4649 4650
f 4651 4652 4653
f 4654 4655 4656
f 4657 4658 4659
f 4660 4661 4662
f 4663 4664 4665
f 4666 4667 4668
f 4669 4670 4671
f 4672 4673 4674
f 4675 4676 4677
f 4678 4679 4680
f 4681 4682 4683
f 4684 4685 4686
f 4687 4688 4689
f 4690 4691 4692
f 4693 4694 4695
f 4696 4697 4698
f 4699 4700 4701
f 4702 4703 4704
f 4705 4706 4707
f 4708 4709 4710
f 4711 4712 4713
f 4714 4715 4716
f 4717 4718 4719
f 4720 4721 4722
f 4723 4724 4725
f 4726 4727 4728
f 4729 4730 4731
f 4732 4733 4734
f 4735 4736 4737
f 4738 4739 4740
f 4741 4742 4743
f 4744 4745 4746
f 4747 4748 4749
f 4750 4751 4752
f 4753 4754 4755
f 4756 4757 4758
f 4759 4760 4761
f 4762 4763 4764
f 4765 4766 4767
f 4768 4769 4770
f 4771 4772 4773
f 4774 4775 4776
f 4777 4778 4779
f 4780 4781 4782
f 4783 4784 4785
f 4786 4787 4788
f 4789 4790 4791
f 4792 4793 4794
f 4795 4796 4797
f 4798 4799 4800
f 4801 4802 4803
f 4804 4805 4806
f 4807 4808 4809
f 4810 4811 4812
f 4813 4814 4815
f 4816 4817 4818
f 4819 4820 4821
f 4822 4823 4824
f 4825 4826 4827
f 4828 4829 4830
f 4831 4832 4833
f 4834 4835 4836
f 4837 4838 4839
f 4840 4841 4842
f 4843 4844 4845
f 4846 4847 4848
f 4849 4850 4851
f 4852 4853 4854
f 4855 4856 4857
f 4858 4859 4860
f 4861 4862 4863
f 4864 4865 4866
f 4867 4868 4869
f 4870 4871 4872
f 4873 4874 4875
f 4876 4877 4878
f 4879 4880 4881
f 4882 4883 4884
f 4885 4886 4887
f 4888 4889 4890
f 4891 4892 4893
f 4894 4895 4896
f 4897 4898 4899
f 4900 4901 4902
f 4903 4904 4905
f 4906 4907 4908
f 4909 4910 4911
f 4912 4913 4914
f 4915 4916 4917
f 4918 4919 4920
f 4921 4922 4923
f 4924 4925 4926
f 4927 4928 4929
f 4930 4931 4932
f 4933 4934 4935
f 4936 4937 4938
f 4939 4940 4941
f 4942 4943 4944
f 4945 4946 4947
f 4948 4949 4950
f 4951 4952 4953
f 4954 4955 4956
f 4957 4958 4959
f 4960 4961 4962
f 4963 4964 4965
f 4966 4967 4968
f 4969 4970 4971
f 4972 4973 4974
f 4975 4976 4977
f 4978 4979 4980
f 4981 4982 4983
f 4984 4985 4986
f 4987 4988 4989
f 4990 4991 4992
f 4993 4994 4995
f 4996 4997 4998
f 4999 5000 5001
f 5002 5003 5004
f 5005 5006 5007
f 5008 5009 5010
f 5011 5012 5013
f 5014 5015 5016
f 5017 5018 5019
f 5020 5021 5022
f 5023 5024 5025
f 5026 5027 5028
f 5029 5030 5031
f 5032 5033 5034
f 5035 5036 5037
f 5038 5039 5040
f 5041 5042 5043
f 5044 5045 5046
f 5047 5048 5049
f 5050 5051 5052
f 5053 5054 5055
f 5056 5057 5058
f 5059 5060 5061
f 5062 5063 5064
f 5065 5066 5067
f 5068 5069 5070
f 5071 5072 5073
f 5074 5075 5076
f 5077 5078 5079
f 5080 5081 5082
f 5083 5084 5085
f 5086 5087 5088
f 5089 5090 5091
f 5092 5093 5094
f 5095 5096 5097
f 5098 5099 5100
f 5101 5102 5103
f 5104 5105 5106
f 5107 5108 5109
f 5110 5111 5112
f 5113 5114 5115
f 5116 5117 5118
f 5119 5120 5121
f 5122 5123 5124
f 5125 5126 5127
f 5128 5129 5130
f 5131 5132 5133
f 5134 5135 5136
f 5137 5138 5139
f 5140 5141 5142
f 5143 5144 5145
f 5146 5147 5148
f 5149 5150 5151
f 5152 5153 5154
f 5155 5156 5157
f 5158 5159 5160
f 5161 5162 5163
f 5164 5165 5166
f 5167 5168 5169
f 5170 5171 5172
f 5173 5174 5175
f 5176 5177 5178
f 5179 5180 5181
f 5182 5183 5184
f 5185 5186 5187
f 5188 5189 5190
f 5191 5192 5193
f 5194 5195 5196
f 5197 5198 5199
f 5200 5201 5202
f 5203 5204 5205
f 5206 5207 5208
f 5209 5210 5211
f 5212 5213 5214
f 5215 5216 5217
f 5218 5219 5220
f 5221 5222 5223
f 5224 5225 5226
f 5227 5228 5229
f 5230 5231 5232
f 5233 5234 5235
f 5236 5237 5238
f 5239 5240 5241
f 5242 5243 5244
f 5245 5246 5247
f 5248 5249 5250
f 5251 5252 5253
f 5254 5255 5256
f 5257 5258 5259
f 5260 5261 5262
f 5263 5264 5265
f 5266 5267 5268
f 5269 5270 5271
f 5272 5273 5274
f 5275 5276 5277
f 5278 5279 5280
f 5281 5282 5283
f 5284 5285 5286
f 5287 5288 5289
f 5290 5291 5292
f 5293 5294 5295
f 5296 5297 5298
f 5299 5300 5301
f 5302 5303 5304
f 5305 5306 5307
f 5308 5309 5310
f 5311 5312 5313
f 5314 5315 5316
f 5317 5318 5319
f 5320 5321 5322
f 5323 5324 5325
f 5326 5327 5328
f 5329 5330 5331
f 5332 5333 5334
f 5335 5336 5337
f 5338 5339 5340
f 5341 5342 5343
f 5344 5345 5346
f 5347 5348 5349
f 5350 5351 5352
f 5353 5354 5355
f 5356 5357 5358
f 5359 5360 5361
f 5362 5363 5364
f 5365 5366 5367
f 5368 5369 5370
f 5371 5372 5373
f 5374 5375 5376
f 5377 5378 5379
f 5380 5381 5382
f 5383 5384 5385
f 5386 5387 5388
f 5389 5390 5391
f 5392 5393 5394
f 5395 5396 5397
f 5398 5399 5400
f 5401 5402 5403
f 5404 5405 5406
f 5407 5408 5409
f 5410 5411 5412
f 5413 5414 5415
f 5416 5417 5418
f 5419 5420 5421
f 5422 5423 5424
f 5425 5426 5427
f 5428 5429 5430
f 5431 5432 5433
f 5434 5435 5436
f 5437 5438 5439
f 5440 5441 5442
f 5443 5444 5445
f 5446 5447 5448
f 5449 5450 5451
f 5452 5453 5454
f 5455 5456 5457
f 5458 5459 5460
f 5461 5462 5463
f 5464 5465 5466
f 5467 5468 5469
f 5470 5471 5472
f 5473 5474 5475
f 5476 5477 5478
f 5479 5480 5481
f 5482 5483 5484
f 5485 5486 5487
f 5488 5489 5490
f 5491 5492 5493
f 5494 5495 5496
f 5497 5498 5499
f 5500 5501 5502
f 5503 5504 5505
f 5506 5507 5508
f 5509 5510 5511
f 5512 5513 5514
f 5515 5516 5517
f 5518 5519 5520
f 5521 5522 5523
f 5524 5525 5526
f 5527 5528 5529
f 5530 5531 5532
f 5533 5534 5535
f 5536 5537 5538
f 5539 5540 5541
f 5542 5543 5544
f 5545 5546 5547
f 5548 5549 5550
f 5551 5552 5553
f 5554 5555 5556
f 5557 5558 5559
f 5560 5561 5562
f 5563 5564 5565
f 5566 5567 5568
f 5569 5570 5571
f 5572 5573 5574
f 5575 5576 5577
f 5578 5579 5580
f 5581 5582 5583
f 5584 5585 5586
f 5587 5588 5589
f 5590 5591 5592
f 5593 5594 5595
f 5596 5597 5598
f 5599 5600 5601
f 5602 5603 5604
f 5605 5606 5607
f 5608 5609 5610
f 5611 5612 5613
f 5614 5615 5616
f 5617 5618 5619
f 5620 5621 5622
f 5623 5624 5625
f 5626 5627 5628
f 5629 5630 5631
f 5632 5633 5634
f 5635 5636 5637
f 5638 5639 5640
f 5641 5642 5643
f 5644 5645 5646
f 5647 5648 5649
f 5650 5651 5652
f 5653 5654 5655
f 5656 5657 5658
f 5659 5660 5661
f 5662 5663 5664
f 5665 5666 5667
f 5668 5669 5670
f 5671 5672 5673
f 5674 5675 5676
f 5677 5678 5679
f 5680 5681 5682
f 5683 5684 5685
f 5686 5687 5688
f 5689 5690 5691
f 5692 5693 5694
f 5695 5696 5697
f 5698 5699 5700
f 5701 5702 5703
f 5704 5705 5706
f 5707 5708 5709
f 5710 5711 5712
f 5713 5714 5715
f 5716 5717 5718
f 5719 5720 5721
f 5722 5723 5724
f 5725 5726 5727
f 5728 5729 5730
f 5731 5732 5733
f 5734 5735 5736
f 5737 5738 5739
f 5740 5741 5742
f 5743 5744 5745
f 5746 5747 5748
f 5749 5750 5751
f 5752 5753 5754
f 5755 5756 5757
f 5758 5759 5760
f 5761 5762 5763
f 5764 5765 5766
f 5767 5768 5769
f 5770 5771 5772
f 5773 5774 5775
f 5776 5777 5778
f 5779 5780 5781
f 5782 5783 5784
f 5785 5786 5787
f 5788 5789 5790
f 5791 5792 5793
f 5794 5795 5796
f 5797 5798 5799
f 5800 5801 5802
f 5803 5804 5805
f 5806 5807 5808
f 5809 5810 5811
f 5812 5813 5814
f 5815 5816 5817
f 5818 5819 5820
f 5821 5822 5823
f 5824 5825 5826
f 5827 5828 5829
f 5830 5831 5832
f 5833 5834 5835
f 5836 5837 5838
f 5839 5840 5841
f 5842 5843 5844
f 5845 5846 5847
f 5848 5849 5850
f 5851 5852 5853
f 5854 5855 5856
f 5857 5858 5859
f 5860 5861 5862
f 5863 5864 5865
f 5866 5867 5868
f 5869 5870 5871
f 5872 5873 5874
f 5875 5876 5877
f 5878 5879 5880
f 5881 5882 5883
f 5884 5885 5886
f 5887 5888 5889
f 5890 5891 5892
f 5893 5894 5895
f 5896 5897 5898
f 5899 5900 5901
f 5902 5903 5904
f 5905 5906 5907
f 5908 5909 5910
f 5911 5912 5913
f 5914 5915 5916
f 5917 5918 5919
f 5920 5921 5922
f 5923 5924 5925
f 5926 5927 5928
f 5929 5930 5931
f 5932 5933 5934
f 5935 5936 5937
f 5938 5939 5940
f 5941 5942 5943
f 5944 5945 5946
f 5947 5948 5949
f 5950 5951 5952
f 5953 5954 5955
f 5956 5957 5958
f 5959 5960 5961
f 5962 5963 5964
f 5965 5966 5967
f 5968 5969 5970
f 5971 5972 5973
f 5974 5975 5976
f 5977 5978 5979
f 5980 5981 5982
f 5983 5984 5985
f 5986 5987 5988
f 5989 5990 5991
f 5992 5993 5994
f 5995 5996 5997
f 5998 5999 6000
f 6001 6002 6003
f 6004 6005 6006
f 6007 6008 6009
f 6010 6011 6012
f 6013 6014 6015
f 6016 6017 6018
f 6019 6020 6021
f 6022 6023 6024
f 6025 6026 6027
f 6028 6029 6030
f 6031 6032 6033
f 6034 6035 6036
f 6037 6038 6039
f 6040 6041 6042
f 6043 6044 6045
f 6046 6047 6048
f 6049 6050 6051
f 6052 6053 6054
f 6055 6056 6057
f 6058 6059 6060
f 6061 6062 6063
f 6064 6065 6066
f 6067 6068 6069
f 6070 6071 6072
f 6073 6074 6075
f 6076 6077 6078
f 6079 6080 6081
f 6082 6083 6084
f 6085 6086 6087
f 6088 6089 6090
f 6091 6092 6093
f 6094 6095 6096
f 6097 6098 6099
f 6100 6101 6102
f 6103 6104 6105
f 6106 6107 6108
f 6109 6110 6111
f 6112 6113 6114
f 6115 6116 6117
f 6118 6119 6120
f 6121 6122 6123
f 6124 6125 6126
f 6127 6128 6129
f 6130 6131 6132
f 6133 6134 6135
f 6136 6137 6138
f 6139 6140 6141
f 6142 6143 6144
f 6145 6146 6147
f 6148 6149 6150
f 6151 6152 6153
f 6154 6155 6156
f 6157 6158 6159
f 6160 6161 6162
f 6163 6164 6165
f 6166 6167 6168
f 6169 6170 6171
f 6172 6173 6174
f 6175 6176 6177
f 6178 6179 6180
f 6181 6182 6183
f 6184 6185 6186
f 6187 6188 6189
f 6190 6191 6192
f 6193 6194 6195
f 6196 6197 6198
f 6199 6200 6201
f 6202 6203 6204
f 6205 6206 6207
f 6208 6209 6210
f 6211 6212 6213
f 6214 6215 6216
f 6217 6218 6219
f 6220 6221 6222
f 6223 6224 6225
f 6226 6227 6228
f 6229 6230 6231
f 6232 6233 6234
f 6235 6236 6237
f 6238 6239 6240
f 6241 6242 6243
f 6244 6245 6246
f 6247 6248 6249
f 6250 6251 6252
f 6253 6254 6255
f 6256 6257 6258
f 6259 6260 6261
f 6262 6263 6264
f 6265 6266 6267
f 6268 6269 6270
f 6271 6272 6273
f 6274 6275 6276
f 6277 6278 6279
f 6280 6281 6282
f 6283 6284 6285
f 6286 6287 6288
f 6289 6290 6291
f 6292 6293 6294
f 6295 6296 6297
f 6298 6299 6300
f 6301 6302 6303
f 6304 6305 6306
f 6307 6308 6309
f 6310 6311 6312
f 6313 6314 6315
f 6316 6317 6318
f 6319 6320 6321
f 6322 6323 6324
f 6325 6326 6327
f 6328 6329 6330
f 6331 6332 6333
f 6334 6335 6336
f 6337 6338 6339
f 6340 6341 6342
f 6343 6344 6345
f 6346 6347 6348
f 6349 6350 6351
f 6352 6353 6354
f 6355 6356 6357
f 6358 6359 6360
f 6361 6362 6363
f 6364 6365 6366
f 6367 6368 6369
f 6370 6371 6372
f 6373 6374 6375
f 6376 6377 6378
f 6379 6380 6381
f 6382 6383 6384
f 6385 6386 6387
f 6388 6389 6390
f 6391 6392 6393
f 6394 6395 6396
f 6397 6398 6399
f 6400 6401 6402
f 6403 6404 6405
f 6406 6407 6408
f 6409 6410 6411
f 6412 6413 6414
f 6415 6416 6417
f 6418 6419 6420
f 6421 6422 6423
f 6424 6425 6426
f 6427 6428 6429
f 6430 6431 6432
f 6433 6434 6435
f 6436 6437 6438
f 6439 6440 6441
f 6442 6443 6444
f 6445 6446 6447
f 6448 6449 6450
f 6451 6452 6453
f 6454 6455 6456
f 6457 6458 6459
f 6460 6461 6462
f 6463 6464 6465
f 6466 6467 6468
f 6469 6470 6471
f 6472 6473 6474
f 6475 6476 6477
f 6478 6479 6480
f 6481 6482 6483
f 6484 6485 6486
f 6487 6488 6489
f 6490 6491 6492
f 6493 6494 6495
f 6496 6497 6498
f 6499 6500 6501
f 6502 6503 6504
f 6505 6506 6507
f 6508 6509 6510
f 6511 6512 6513
f 6514 6515 6516
f 6517 6518 6519
f 6520 6521 6522
f 6523 6524 6525
f 6526 6527 6528
f 6529 6530 6531
f 6532 6533 6534
f 6535 6536 6537
f 6538 6539 6540
f 6541 6542 6543
f 6544 6545 6546
f 6547 6548 6549
f 6550 6551 6552
f 6553 6554 6555
f 6556 6557 6558
f 6559 6560 6561
f 6562 6563 6564
f 6565 6566 6567
f 6568 6569 6570
f 6571 6572 6573
f 6574 6575 6576
f 6577 6578 6579
f 6580 6581 6582
f 6583 6584 6585
f 6586 6587 6588
f 6589 6590 6591
f 6592 6593 6594
f 6595 6596 6597
f 6598 6599 6600
f 6601 6602 6603
f 6604 6605 6606
f 6607 6608 6609
f 6610 6611 6612
f 6613 6614 6615
f 6616 6617 6618
f 6619 6620 6621
f 6622 6623 6624
f 6625 6626 6627
f 6628 6629 6630
f 6631 6632 6633
f 6634 6635 6636
f 6637 6638 6639
f 6640 6641 6642
f 6643 6644 6645
f 6646 6647 6648
f 6649 6650 6651
f 6652 6653 6654
f 6655 6656 6657
f 6658 6659 6660
f 6661 6662 6663
f 6664 6665 6666
f 6667 6668 6669
f 6670 6671 6672
f 6673 6674 6675
f 6676 6677 6678
f 6679 6680 6681
f 6682 6683 6684
f 6685 6686 6687
f 6688 6689 6690
f 6691 6692 6693
f 6694 6695 6696
f 6697 6698 6699
f 6700 6701 6702
f 6703 6704 6705
f 6706 6707 6708
f 6709 6710 6711
f 6712 6713 6714
f 6715 6716 6717
f 6718 6719 6720
f 6721 6722 6723
f 6724 6725 6726
f 6727 6728 6729
f 6730 6731 6732
f 6733 6734 6735
f 6736 6737 6738
f 6739 6740 6741
f 6742 6743 6744
f 6745 6746 6747
f 6748 6749 6750
f 6751 6752 6753
f 6754 6755 6756
f 6757 6758 6759
f 6760 6761 6762
f 6763 6764 6765
f 6766 6767 6768
f 6769 6770 6771
f 6772 6773 6774
f 6775 6776 6777
f 6778 6779 6780
f 6781 6782 6783
f 6784 6785 6786
f 6787 6788 6789
f 6790 6791 6792
f 6793 6794 6795
f 6796 6797 6798
f 6799 6800 6801
f 6802 6803 6804
f 6805 6806 6807
f 6808 6809 6810
f 6811 6812 6813
f 6814 6815 6816
f 6817 6818 6819
f 6820 6821 6822
f 6823 6824 6825
f 6826 6827 6828
f 6829 6830 6831
f 6832 6833 6834
f 6835 6836 6837
f 6838 6839 6840
f 6841 6842 6843
f 6844 6845 6846
f 6847 6848 6849
f 6850 6851 6852
f 6853 6854 6855
f 6856 6857 6858
f 6859 6860 6861
f 6862 6863 6864
f 6865 6866 6867
f 6868 6869 6870
f 6871 6872 6873
f 6874 6875 6876
f 6877 6878 6879
f 6880 6881 6882
f 6883 6884 6885
f 6886 6887 6888
f 6889 6890 6891
f 6892 6893 6894
f 6895 6896 6897
f 6898 6899 6900
f 6901 6902 6903
f 6904 6905 6906
f 6907 6908 6909
f 6910 6911 6912
f 6913 6914 6915
f 6916 6917 6918
f 6919 6920 6921
f 6922 6923 6924
f 6925 6926 6927
f 6928 6929 6930
f 6931 6932 6933
f 6934 6935 6936
f 6937 6938 6939
f 6940 6941 6942
f 6943 6944 6945
f 6946 6947 6948
f 6949 6950 6951
f 6952 6953 6954
f 6955 6956 6957
f 6958 6959 6960
f 6961 6962 6963
f 6964 6965 6966
f 6967 6968 6969
f 6970 6971 6972
f 6973 6974 6975
f 6976 6977 6978
f 6979 6980 6981
f 6982 6983 6984
f 6985 6986 6987
f 6988 6989 6990
f 6991 6992 6993
f 6994 6995 6996
f 6997 6998 6999
f 7000 7001 7002
f 7003 7004 7005
f 7006 7007 7008
f 7009 7010 7011
f 7012 7013 7014
f 7015 7016 7017
f 7018 7019 7020
f 7021 7022 7023
f 7024 7025 7026
f 7027 7028 7029
f 7030 7031 7032
f 7033 7034 7035
f 7036 7037 7038
f 7039 7040 7041
f 7042 7043 7044
f 7045 7046 7047
f 7048 7049 7050
f 7051 7052 7053
f 7054 7055 7056
f 7057 7058 7059
f 7060 7061 7062
f 7063 7064 7065
f 7066 7067 7068
f 7069 7070 7071
f 7072 7073 7074
f 7075 7076 7077
f 7078 7079 7080
f 7081 7082 7083
f 7084 7085 7086
f 7087 7088 7089
f 7090 7091 7092
f 7093 7094 7095
f 7096 7097 7098
f 7099 7100 7101
f 7102 7103 7104
f 7105 7106 7107
f 7108 7109 7110
f 7111 7112 7113
f 7114 7115 7116
f 7117 7118 7119
f 7120 7121 7122
f 7123 7124 7125
f 7126 7127 7128
f 7129 7130 7131
f 7132 7133 7134
f 7135 7136 7137
f 7138 7139 7140
f 7141 7142 7143
f 7144 7145 7146
f 7147 7148 7149
f 7150 7151 7152
f 7153 7154 7155
f 7156 7157 7158
f 7159 7160 7161
f 7162 7163 7164
f 7165 7166 7167
f 7168 7169 7170
f 7171 7172 7173
f 7174 7175 7176
f 7177 7178 7179
f 7180 7181 7182
f 7183 7184 7185
f 7186 7187 7188
f 7189 7190 7191
f 7192 7193 7194
f 7195 7196 7197
f 7198 7199 7200
f 7201 7202 7203
f 7204 7205 7206
f 7207 7208 7209
f 7210 7211 7212
f 7213 7214 7215
f 7216 7217 7218
f 7219 7220 7221
f 7222 7223 7224
f 7225 7226 7227
f 7228 7229 7230
f 7231 7232 7233
f 7234 7235 7236
f 7237 7238 7239
f 7240 7241 7242
f 7243 7244 7245
f 7246 7247 7248
f 7249 7250 7251
f 7252 7253 7254
f 7255 7256 7257
f 7258 7259 7260
f 7261 7262 7263
f 7264 7265 7266
f 7267 7268 7269
f 7270 7271 7272
f 7273 7274 7275
f 7276 7277 7278
f 7279 7280 7281
f 7282 7283 7284
f 7285 7286 7287
f 7288 7289 7290
f 7291 7292 7293
f 7294 7295 7296
f 7297 7298 7299
f 7300 7301 7302
f 7303 7304 7305
f 7306 7307 7308
f 7309 7310 7311
f 7312 7313 7314
f 7315 7316 7317
f 7318 7319 7320
f 7321 7322 7323
f 7324 7325 7326
f 7327 7328 7329
f 7330 7331 7332
f 7333 7334 7335
f 7336 7337 7338
f 7339 7340 7341
f 7342 7343 7344
f 7345 7346 7347
f 7348 7349 7350
f 7351 7352 7353
f 7354 7355 7356
f 7357 7358 7359
f 7360 7361 7362
f 7363 7364 7365
f 7366 7367 7368
f 7369 7370 7371
f 7372 7373 7374
f 7375 7376 7377
f 7378 7379 7380
f 7381 7382 7383
f 7384 7385 7386
f 7387 7388 7389
f 7390 7391 7392
f 7393 7394 7395
f 7396 7397 7398
f 7399 7400 7401
f 7402 7403 7404
f 7405 7406 7407
f 7408 7409 7410
f 7411 7412 7413
f 7414 7415 7416
f 7417 7418 7419
f 7420 7421 7422
f 7423 7424 7425
f 7426 7427 7428
f 7429 7430 7431
f 7432 7433 7434
f 7435 7436 7437
f 7438 7439 7440
f 7441 7442 7443
f 7444 7445 7446
f 7447 7448 7449
f 7450 7451 7452
f 7453 7454 7455
f 7456 7457 7458
f 7459 7460 7461
f 7462 7463 7464
f 7465 7466 7467
f 7468 7469 7470
f 7471 7472 7473
f 7474 7475 7476
f 7477 7478 7479
f 7480 7481 7482
f 7483 7484 7485
f 7486 7487 7488
f 7489 7490 7491
f 7492 7493 7494
f 7495 7496 7497
f 7498 7499 7500
f 7501 7502 7503
f 7504 7505 7506
f 7507 7508 7509
f 7510 7511 7512
f 7513 7514 7515
f 7516 7517 7518
f 7519 7520 7521
f 7522 7523 7524
f 7525 7526 7527
f 7528 7529 7530
f 7531 7532 7533
f 7534 7535 7536
f 7537 7538 7539
f 7540 7541 7542
f 7543 7544 7545
f 7546 7547 7548
f 7549 7550 7551
f 7552 7553 7554
f 7555 7556 7557
f 7558 7559 7560
f 7561 7562 7563
f 7564 7565 7566
f 7567 7568 7569
f 7570 7571 7572
f 7573 7574 7575
f 7576 7577 7578
f 7579 7580 7581
f 7582 7583 7584
f 7585 7586 7587
f 7588 7589 7590
f 7591 7592 7593
f 7594 7595 7596
f 7597 7598 7599
f 7600 7601 7602
f 7603 7604 7605
f 7606 7607 7608
f 7609 7610 7611
f 7612 7613 7614
f 7615 7616 7617
f 7618 7619 7620
f 7621 7622 7623
f 7624 7625 7626
f 7627 7628 7629
f 7630 7631 7632
f 7633 7634 7635
f 7636 7637 7638
f 7639 7640 7641
f 7642 7643 7644
f 7645 7646 7647
f 7648 7649 7650
f 7651 7652 7653
f 7654 7655 7656
f 7657 7658 7659
f 7660 7661 7662
f 7663 7664 7665
f 7666 7667 7668
f 7669 7670 7671
f 7672 7673 7674
f 7675 7676 7677
f 7678 7679 7680
f 7681 7682 7683
f 7684 7685 7686
f 7687 7688 7689
f 7690 7691 7692
f 7693 7694 7695
f 7696 7697 7698
f 7699 7700 7701
f 7702 7703 7704
f 7705 7706 7707
f 7708 7709 7710
f 7711 7712 7713
f 7714 7715 7716
f 7717 7718 7719
f 7720 7721 7722
f 7723 7724 7725
f 7726 7727 7728
f 7729 7730 7731
f 7732 7733 7734
f 7735 7736 7737
f 7738 7739 7740
f 7741 7742 7743
f 7744 7745 7746
f 7747 7748 7749
f 7750 7751 7752
f 7753 7754 7755
f 7756 7757 7758
f 7759 7760 7761
f 7762 7763 7764
f 7765 7766 7767
f 7768 7769 7770
f 7771 7772 7773
f 7774 7775 7776
f 7777 7778 7779
f 7780 7781 7782
f 7783 7784 7785
f 7786 7787 7788
f 7789 7790 7791
f 7792 7793 7794
f 7795 7796 7797
f 7798 7799 7800
f 7801 7802 7803
f 7804 7805 7806
f 7807 7808 7809
f 7810 7811 7812
f 7813 7814 7815
f 7816 7817 7818
f 7819 7820 7821
f 7822 7823 7824
f 7825 7826 7827
f 7828 7829 7830
f 7831 7832 7833
f 7834 7835 7836
f 7837 7838 7839
f 7840 7841 7842
f 7843 7844 7845
f 7846 7847 7848
f 7849 7850 7851
f 7852 7853 7854
f 7855 7856 7857
f 7858 7859 7860
f 7861 7862 7863
f 7864 7865 7866
f 7867 7868 7869
f 7870 7871 7872
f 7873 7874 7875
f 7876 7877 7878
f 7879 7880 7881
f 7882 7883 7884
f 7885 7886 7887
f 7888 7889 7890
f 7891 7892 7893
f 7894 7895 7896
f 7897 7898 7899
f 7900 7901 7902
f 7903 7904 7905
f 7906 7907 7908
f 7909 7910 7911
f 7912 7913 7914
f 7915 7916 7917
f 7918 7919 7920
f 7921 7922 7923
f 7924 7925 7926
f 7927 7928 7929
f 7930 7931 7932
f 7933 7934 7935
f 7936 7937 7938
f 7939 7940 7941
f 7942 7943 7944
f 7945 7946 7947
f 7948 7949 7950
f 7951 7952 7953
f 7954 7955 7956
f 7957 7958 7959
f 7960 7961 7962
f 7963 7964 7965
f 7966 7967 7968
f 7969 7970 7971
f 7972 7973 7974
f 7975 7976 7977
f 7978 7979 7980
f 7981 7982 7983
f 7984 7985 7986
f 7987 7988 7989
f 7990 7991 7992
f 7993 7994 7995
f 7996 7997 7998
f 7999 8000 8001
f 8002 8003 8004
f 8005 8006 8007
f 8008 8009 8010
f 8011 8012 8013
f 8014 8015 8016
f 8017 8018 8019
f 8020 8021 8022
f 8023 8024 8025
f 8026 8027 8028
f 8029 8030 8031
f 8032 8033 8034
f 8035 8036 8037
f 8038 8039 8040
f 8041 8042 8043
f 8044 8045 8046
f 8047 8048 8049
f 8050 8051 8052
f 8053 8054 8055
f 8056 8057 8058
f 8059 8060 8061
f 8062 8063 8064
f 8065 8066 8067
f 8068 8069 8070
f 8071 8072 8073
f 8074 8075 8076
f 8077 8078 8079
f 8080 8081 8082
f 8083 8084 8085
f 8086 8087 8088
f 8089 8090 8091
f 8092 8093 8094
f 8095 8096 8097
f 8098 8099 8100
f 8101 8102 8103
f 8104 8105 8106
f 8107 8108 8109
f 8110 8111 8112
f 8113 8114 8115
f 8116 8117 8118
f 8119 8120 8121
f 8122 8123 8124
f 8125 8126 8127
f 8128 8129 8130
f 8131 8132 8133
f 8134 8135 8136
f 8137 8138 8139
f 8140 8141 8142
f 8143 8144 8145
f 8146 8147 8148
f 8149 8150 8151
f 8152 8153 8154
f 8155 8156 8157
f 8158 8159 8160
f 8161 8162 8163
f 8164 8165 8166
f 8167 8168 8169
f 8170 8171 8172
f 8173 8174 8175
f 8176 8177 8178
f 8179 8180 8181
f 8182 8183 8184
f 8185 8186 8187
f 8188 8189 8190
f 8191 8192 8193
f 8194 8195 8196
f 8197 8198 8199
f 8200 8201 8202
f 8203 8204 8205
f 8206 8207 8208
f 8209 8210 8211
f 8212 8213 8214
f 8215 8216 8217
f 8218 8219 8220
f 8221 8222 8223
f 8224 8225 8226
f 8227 8228 8229
f 8230 8231 8232
f 8233 8234 8235
f 8236 8237 8238
f 8239 8240 8241
f 8242 8243 8244
f 8245 8246 8247
f 8248 8249 8250
f 8251 8252 8253
f 8254 8255 8256
f 8257 8258 8259
f 8260 8261 8262
f 8263 8264 8265
f 8266 8267 8268
f 8269 8270 8271
f 8272 8273 8274
f 8275 8276 8277
f 8278 8279 8280
f 8281 8282 8283
f 8284 8285 8286
f 8287 8288 8289
f 8290 8291 8292
f 8293 8294 8295
f 8296 8297 8298
f 8299 8300 8301
f 8302 8303 8304
f 8305 8306 8307
f 8308 8309 8310
f 8311 8312 8313
f 8314 8315 8316
f 8317 8318 8319
f 8320 8321 8322
f 8323 8324 8325
f 8326 8327 8328
f 8329 8330 8331
f 8332 8333 8334
f 8335 8336 8337
f 8338 8339 8340
f 8341 8342 8343
f 8344 8345 8346
f 8347 8348 8349
f 8350 8351 8352
f 8353 8354 8355
f 8356 8357 8358
f 8359 8360 8361
f 8362 8363 8364
f 8365 8366 8367
f 8368 8369 8370
f 8371 8372 8373
f 8374 8375 8376
f 8377 8378 8379
f 8380 8381 8382
f 8383 8384 8385
f 8386 8387 8388
f 8389 8390 8391
f 8392 8393 8394
f 8395 8396 8397
f 8398 8399 8400
f 8401 8402 8403
f 8404 8405 8406
f 8407 8408 8409
f 8410 8411 8412
f 8413 8414 8415
f 8416 8417 8418
f 8419 8420 8421
f 8422 8423 8424
f 8425 8426 8427
f 8428 8429 8430
f 8431 8432 8433
f 8434 8435 8436
f 8437 8438 8439
f 8440 8441 8442
f 8443 8444 8445
f 8446 8447 8448
f 8449 8450 8451
f 8452 8453 8454
f 8455 8456 8457
f 8458 8459 8460
f 8461 8462 8463
f 8464 8465 8466
f 8467 8468 8469
f 8470 8471 8472
f 8473 8474 8475
f 8476 8477 8478
f 8479 8480 8481
f 8482 8483 8484
f 8485 8486 8487
f 8488 8489 8490
f 8491 8492 8493
f 8494 8495 8496
f 8497 8498 8499
f 8500 8501 8502
f 8503 8504 8505
f 8506 8507 8508
f 8509 8510 8511
f 8512 8513 8514
f 8515 8516 8517
f 8518 8519 8520
f 8521 8522 8523
f 8524 8525 8526
f 8527 8528 8529
f 8530 8531 8532
f 8533 8534 8535
f 8536 8537 8538
f 8539 8540 8541
f 8542 8543 8544
f 8545 8546 8547
f 8548 8549 8550
f 8551 8552 8553
f 8554 8555 8556
f 8557 8558 8559
f 8560 8561 8562
f 8563 8564 8565
f 8566 8567 8568
f 8569 8570 8571
f 8572 8573 8574
f 8575 8576 8577
f 8578 8579 8580
f 8581 8582 8583
f 8584 8585 8586
f 8587 8588 8589
f 8590 8591 8592
f 8593 8594 8595
f 8596 8597 8598
f 8599 8600 8601
f 8602 8603 8604
f 8605 8606 8607
f 8608 8609 8610
f 8611 8612 8613
f 8614 8615 8616
f 8617 8618 8619
f 8620 8621 8622
f 8623 8624 8625
f 8626 8627 8628
f 8629 8630 8631
f 8632 8633 8634
f 8635 8636 8637
f 8638 8639 8640
f 8641 8642 8643
f 8644 8645 8646
f 8647 8648 8649
f 8650 8651 8652
f 8653 8654 8655
f 8656 8657 8658
f 8659 8660 8661
f 8662 8663 8664
f 8665 8666 8667
f 8668 8669 8670
f 8671 8672 8673
f 8674 8675 8676
f 8677 8678 8679
f 8680 8681 8682
f 8683 8684 8685
f 8686 8687 8688
f 8689 8690 8691
f 8692 8693 8694
f 8695 8696 8697
f 8698 8699 8700
f 8701 8702 8703
f 8704 8705 8706
f 8707 8708 8709
f 8710 8711 8712
f 8713 8714 8715
f 8716 8717 8718
f 8719 8720 8721
f 8722 8723 8724
f 8725 8726 8727
f 8728 8729 8730
f 8731 8732 8733
f 8734 8735 8736
f 8737 8738 8739
f 8740 8741 8742
f 8743 8744 8745
f 8746 8747 8748
f 8749 8750 8751
f 8752 8753 8754
f 8755 8756 8757
f 8758 8759 8760
f 8761 8762 8763
f 8764 8765 8766
f 8767 8768 8769
f 8770 8771 8772
f 8773 8774 8775
f 8776 8777 8778
f 8779 8780 8781
f 8782 8783 8784
f 8785 8786 8787
f 8788 8789 8790
f 8791 8792 8793
f 8794 8795 8796
f 8797 8798 8799
f 8800 8801 8802
f 8803 8804 8805
f 8806 8807 8808
f 8809 8810 8811
f 8812 8813 8814
f 8815 8816 8817
f 8818 8819 8820
f 8821 8822 8823
f 8824 8825 8826
f 8827 8828 8829
f 8830 8831 8832
f 8833 8834 8835
f 8836 8837 8838
f 8839 8840 8841
f 8842 8843 8844
f 8845 8846 8847
f 8848 8849 8850
f 8851 8852 8853
f 8854 8855 8856
f 8857 8858 8859
f 8860 8861 8862
f 8863 8864 8865
f 8866 8867 8868
f 8869 8870 8871
f 8872 8873 8874
f 8875 8876 8877
f 8878 8879 8880
f 8881 8882 8883
f 8884 8885 8886
f 8887 8888 8889
f 8890 8891 8892
f 8893 8894 8895
f 8896 8897 8898
f 8899 8900 8901
f 8902 8903 8904
f 8905 8906 8907
f 8908 8909 8910
f 8911 8912 8913
f 8914 8915 8916
f 8917 8918 8919
f 8920 8921 8922
f 8923 8924 8925
f 8926 8927 8928
f 8929 8930 8931
f 8932 8933 8934
f 8935 8936 8937
f 8938 8939 8940
f 8941 8942 8943
f 8944 8945 8946
f 8947 8948 8949
f 8950 8951 8952
f 8953 8954 8955
f 8956 8957 8958
f 8959 8960 8961
f 8962 8963 8964
f 8965 8966 8967
f 8968 8969 8970
f 8971 8972 8973
f 8974 8975 8976
f 8977 8978 8979
f 8980 8981 8982
f 8983 8984 8985
f 8986 8987 8988
f 8989 8990 8991
f 8992 8993 8994
f 8995 8996 8997
f 8998 8999 9000
f 9001 9002 9003
f 9004 9005 9006
f 9007 9008 9009
f 9010 9011 9012
f 9013 9014 9015
f 9016 9017 9018
f 9019 9020 9021
f 9022 9023 9024
f 9025 9026 9027
f 9028 9029 9030
f 9031 9032 9033
f 9034 9035 9036
f 9037 9038 9039
f 9040 9041 9042
f 9043 9044 9045
f 9046 9047 9048
f 9049 9050 9051
f 9052 9053 9054
f 9055 9056 9057
f 9058 9059 9060
f 9061 9062 9063
f 9064 9065 9066
f 9067 9068 9069
f 9070 9071 9072
f 9073 9074 9075
f 9076 9077 9078
f 9079 9080 9081
f 9082 9083 9084
f 9085 9086 9087
f 9088 9089 9090
f 9091 9092 9093
f 9094 9095 9096
f 9097 9098 9099
f 9100 9101 9102
f 9103 9104 9105
f 9106 9107 9108
f 9109 9110 9111
f 9112 9113 9114
f 9115 9116 9117
f 9118 9119 9120
f 9121 9122 9123
f 9124 9125 9126
f 9127 9128 9129
f 9130 9131 9132
f 9133 9134 9135
f 9136 9137 9138
f 9139 9140 9141
f 9142 9143 9144
f 9145 9146 9147
f 9148 9149 9150
f 9151 9152 9153
f 9154 9155 9156
f 9157 9158 9159
f 9160 9161 9162
f 9163 9164 9165
f 9166 9167 9168
f 9169 9170 9171
f 9172 9173 9174
f 9175 9176 9177
f 9178 9179 9180
f 9181 9182 9183
f 9184 9185 9186
f 9187 9188 9189
f 9190 9191 9192
f 9193 9194 9195
f 9196 9197 9198
f 9199 9200 9201
f 9202 9203 9204
f 9205 9206 9207
f 9208 9209 9210
f 9211 9212 9213
f 9214 9215 9216
f 9217 9218 9219
f 9220 9221 9222
f 9223 9224 9225
f 9226 9227 9228
f 9229 9230 9231
f 9232 9233 9234
f 9235 9236 9237
f 9238 9239 9240
f 9241 9242 9243
f 9244 9245 9246
f 9247 9248 9249
f 9250 9251 9252
f 9253 9254 9255
f 9256 9257 9258
f 9259 9260 9261
f 9262 9263 9264
f 9265 9266 9267
f 9268 9269 9270
f 9271 9272 9273
f 9274 9275 9276
f 9277 9278 9279
f 9280 9281 9282
f 9283 9284 9285
f 9286 9287 9288
f 9289 9290 9291
f 9292 9293 9294
f 9295 9296 9297
f 9298 9299 9300
f 9301 9302 9303
f 9304 9305 9306
f 9307 9308 9309
f 9310 9311 9312
f 9313 9314 9315
f 9316 9317 9318
f 9319 9320 9321
f 9322 9323 9324
f 9325 9326 9327
f 9328 9329 9330
f 9331 9332 9333
f 9334 9335 9336
f 9337 9338 9339
f 9340 9341 9342
f 9343 9344 9345
f 9346 9347 9348
f 9349 9350 9351
f 9352 9353 9354
f 9355 9356 9357
f 9358 9359 9360
f 9361 9362 9363
f 9364 9365 9366
f 9367 9368 9369
f 9370 9371 9372
f 9373 9374 9375
f 9376 9377 9378
f 9379 9380 9381
f 9382 9383 9384
f 9385 9386 9387
f 9388 9389 9390
f 9391 9392 9393
f 9394 9395 9396
f 9397 9398 9399
f 9400 9401 9402
f 9403 9404 9405
f 9406 9407 9408
f 9409 9410 9411
f 9412 9413 9414
f 9415 9416 9417
f 9418 9419 9420
f 9421 9422 9423
f 9424 9425 9426
f 9427 9428 9429
f 9430 9431 9432
f 9433 9434 9435
f 9436 9437 9438
f 9439 9440 9441
f 9442 9443 9444
f 9445 9446 9447
f 9448 9449 9450
f 9451 9452 9453
f 9454 9455 9456
f 9457 9458 9459
f 9460 9461 9462
f 9463 9464 9465
f 9466 9467 9468
f 9469 9470 9471
f 9472 9473 9474
f 9475 9476 9477
f 9478 9479 9480
f 9481 9482 9483
f 9484 9485 9486
f 9487 9488 9489
f 9490 9491 9492
f 9493 9494 9495
f 9496 9497 9498
f 9499 9500 9501
f 9502 9503 9504
f 9505 9506 9507
f 9508 9509 9510
f 9511 9512 9513
f 9514 9515 9516
f 9517 9518 9519
f 9520 9521 9522
f 9523 9524 9525
f 9526 9527 9528
f 9529 9530 9531
f 9532 9533 9534
f 9535 9536 9537
f 9538 9539 9540
f 9541 9542 9543
f 9544 9545 9546
f 9547 9548 9549
f 9550 9551 9552
f 9553 9554 9555
f 9556 9557 9558
f 9559 9560 9561
f 9562 9563 9564
f 9565 9566 9567
f 9568 9569 9570
f 9571 9572 9573
f 9574 9575 9576
f 9577 9578 9579
f 9580 9581 9582
f 9583 9584 9585
f 9586 9587 9588
f 9589 9590 9591
f 9592 9593 9594
f 9595 9596 9597
f 9598 9599 9600
f 9601 9602 9603
f 9604 9605 9606
f 9607 9608 9609
f 9610 9611 9612
f 9613 9614 9615
f 9616 9617 9618
f 9619 9620 9621
f 9622 9623 9624
f 9625 9626 9627
f 9628 9629 9630
f 9631 9632 9633
f 9634 9635 9636
f 9637 9638 9639
f 9640 9641 9642
f 9643 9644 9645
f 9646 9647 9648
f 9649 9650 9651
f 9652 9653 9654
f 9655 9656 9657
f 9658 9659 9660
f 9661 9662 9663
f 9664 9665 9666
f 9667 9668 9669
f 9670 9671 9672
f 9673 9674 9675
f 9676 9677 9678
f 9679 9680 9681
f 9682 9683 9684
f 9685 9686 9687
f 9688 9689 9690
f 9691 9692 9693
f 9694 9695 9696
f 9697 9698 9699
f 9700 9701 9702
f 9703 9704 9705
f 9706 9707 9708
f 9709 9710 9711
f 9712 9713 9714
f 9715 9716 9717
f 9718 9719 9720
f 9721 9722 9723
f 9724 9725 9726
f 9727 9728 9729
f 9730 9731 9732
f 9733 9734 9735
f 9736 9737 9738
f 9739 9740 9741
f 9742 9743 9744
f 9745 9746 9747
f 9748 9749 9750
f 9751 9752 9753
f 9754 9755 9756
f 9757 9758 9759
f 9760 9761 9762
f 9763 9764 9765
f 9766 9767 9768
f 9769 9770 9771
f 9772 9773 9774
f 9775 9776 9777
f 9778 9779 9780
f 9781 9782 9783
f 9784 9785 9786
f 9787 9788 9789
f 9790 9791 9792
f 9793 9794 9795
f 9796 9797 9798
f 9799 9800 9801
f 9802 9803 9804
f 9805 9806 9807
f 9808 9809 9810
f 9811 9812 9813
f 9814 9815 9816
f 9817 9818 9819
f 9820 9821 9822
f 9823 9824 9825
f 9826 9827 9828
f 9829 9830 9831
f 9832 9833 9834
f 9835 9836 9837
f 9838 9839 9840
f 9841 9842 9843
f 9844 9845 9846
f 9847 9848 9849
f 9850 9851 9852
f 9853 9854 9855
f 9856 9857 9858
f 9859 9860 9861
f 9862 9863 9864
f 9865 9866 9867
f 9868 9869 9870
f 9871 9872 9873
f 9874 9875 9876
f 9877 9878 9879
f 9880 9881 9882
f 9883 9884 9885
f 9886 9887 9888
f 9889 9890 9891
f 9892 9893 9894
f 9895 9896 9897
f 9898 9899 9900
f 9901 9902 9903
f 9904 9905 9906
f 9907 9908 9909
f 9910 9911 9912
f 9913 9914 9915
f 9916 9917 9918
f 9919 9920 9921
f 9922 9923 9924
f 9925 9926 9927
f 9928 9929 9930
f 9931 9932 9933
f 9934 9935 9936
f 9937 9938 9939
f 9940 9941 9942
f 9943 9944 9945
f 9946 9947 9948
f 9949 9950 9951
f 9952 9953 9954
f 9955 9956 9957
f 9958 9959 9960
f 9961 9962 9963
f 9964 9965 9966
f 9967 9968 9969
f 9970 9971 9972
f 9973 9974 9975
f 9976 9977 9978
f 9979 9980 9981
f 9982 9983 9984
f 9985 9986 9987
f 9988 9989 9990
f 9991 9992 9993
f 9994 9995 9996
f 9997 9998 9999
f 10000 10001 10002
f 10003 10004 10005
f 10006 10007 10008
f 10009 10010 10011
f 10012 10013 10014
f 10015 10016 10017
f 10018 10019 10020
f 10021 10022 10023
f 10024 10025 10026
f 10027 10028 10029
f 10030 10031 10032
f 10033 10034 10035
f 10036 10037 10038
f 10039 10040 10041
f 10042 10043 10044
f 10045 10046 10047
f 10048 10049 10050
f 10051 10052 10053
f 10054 10055 10056
f 10057 10058 10059
f 10060 10061 10062
f 10063 10064 10065
f 10066 10067 10068
f 10069 10070 10071
f 10072 10073 10074
f 10075 10076 10077
f 10078 10079 10080
f 10081 10082 10083
f 10084 10085 10086
f 10087 10088 10089
f 10090 10091 10092
f 10093 10094 10095
f 10096 10097 10098
f 10099 10100 10101
f 10102 10103 10104
f 10105 10106 10107
f 10108 10109 10110
f 10111 10112 10113
f 10114 10115 10116
f 10117 10118 10119
f 10120 10121 10122
f 10123 10124 10125
f 10126 10127 10128
f 10129 10130 10131
f 10132 10133 10134
f 10135 10136 10137
f 10138 10139 10140
f 10141 10142 10143
f 10144 10145 10146
f 10147 10148 10149
f 10150 10151 10152
f 10153 10154 10155
f 10156 10157 10158
f 10159 10160 10161
f 10162 10163 10164
f 10165 10166 10167
f 10168 10169 10170
f 10171 10172 10173
f 10174 10175 10176
f 10177 10178 10179
f 10180 10181 10182
f 10183 10184 10185
f 10186 10187 10188
f 10189 10190 10191
f 10192 10193 10194
f 10195 10196 10197
f 10198 10199 10200
f 10201 10202 10203
f 10204 10205 10206
f 10207 10208 10209
f 10210 10211 10212
f 10213 10214 10215
f 10216 10217 10218
f 10219 10220 10221
f 10222 10223 10224
f 10225 10226 10227
f 10228 10229 10230
f 10231 10232 10233
f 10234 10235 10236
f 10237 10238 10239
f 10240 10241 10242
f 10243 10244 10245
f 10246 10247 10248
f 10249 10250 10251
f 10252 10253 10254
f 10255 10256 10257
f 10258 10259 10260
f 10261 10262 10263
f 10264 10265 10266
f 10267 10268 10269
f 10270 10271 10272
f 10273 10274 10275
f 10276 10277 10278
f 10279 10280 10281
f 10282 10283 10284
f 10285 10286 10287
f 10288 10289 10290
f 10291 10292 10293
f 10294 10295 10296
f 10297 10298 10299
f 10300 10301 10302
f 10303 10304 10305
f 10306 10307 10308
f 10309 10310 10311
f 10312 10313 10314
f 10315 10316 10317
f 10318 10319 10320
f 10321 10322 10323
f 10324 10325 10326
f 10327 10328 10329
f 10330 10331 10332
f 10333 10334 10335
f 10336 10337 10338
f 10339 10340 10341
f 10342 10343 10344
f 10345 10346 10347
f 10348 10349 10350
f 10351 10352 10353
f 10354 10355 10356
f 10357 10358 10359
f 10360 10361 10362
f 10363 10364 10365
f 10366 10367 10368
f 10369 10370 10371
f 10372 10373 10374
f 10375 10376 10377
f 10378 10379 10380
f 10381 10382 10383
f 10384 10385 10386
f 10387 10388 10389
f 10390 10391 10392
f 10393 10394 10395
f 10396 10397 10398
f 10399 10400 10401
f 10402 10403 10404
f 10405 10406 10407
f 10408 10409 10410
f 10411 10412 10413
f 10414 10415 10416
f 10417 10418 10419
f 10420 10421 10422
f 10423 10424 10425
f 10426 10427 10428
f 10429 10430 10431
f 10432 10433 10434
f 10435 10436 10437
f 10438 10439 10440
f 10441 10442 10443
f 10444 10445 10446
f 10447 10448 10449
f 10450 10451 10452
f 10453 10454 10455
f 10456 10457 10458
f 10459 10460 10461
f 10462 10463 10464
f 10465 10466 10467
f 10468 10469 10470
f 10471 10472 10473
f 10474 10475 10476
f 10477 10478 10479
f 10480 10481 10482
f 10483 10484 10485
f 10486 10487 10488
f 10489 10490 10491
f 10492 10493 10494
f 10495 10496 10497
f 10498 10499 10500
f 10501 10502 10503
f 10504 10505 10506
f 10507 10508 10509
f 10510 10511 10512
f 10513 10514 10515
f 10516 10517 10518
f 10519 10520 10521
f 10522 10523 10524
f 10525 10526 10527
f 10528 10529 10530
f 10531 10532 10533
f 10534 10535 10536
f 10537 10538 10539
f 10540 10541 10542
f 10543 10544 10545
f 10546 10547 10548
f 10549 10550 10551
f 10552 10553 10554
f 10555 10556 10557
f 10558 10559 10560
f 10561 10562 10563
f 10564 10565 10566
f 10567 10568 10569
f 10570 10571 10572
f 10573 10574 10575
f 10576 10577 10578
f 10579 10580 10581
f 10582 10583 10584
f 10585 10586 10587
f 10588 10589 10590
f 10591 10592 10593
f 10594 10595 10596
f 10597 10598 10599
f 10600 10601 10602
f 10603 10604 10605
f 10606 10607 10608
f 10609 10610 10611
f 10612 10613 10614
f 10615 10616 10617
f 10618 10619 10620
f 10621 10622 10623
f 10624 10625 10626
f 10627 10628 10629
f 10630 10631 10632
f 10633 10634 10635
f 10636 10637 10638
f 10639 10640 10641
f 10642 10643 10644
f 10645 10646 10647
f 10648 10649 10650
f 10651 10652 10653
f 10654 10655 10656
f 10657 10658 10659
f 10660 10661 10662
f 10663 10664 10665
f 10666 10667 10668
f 10669 10670 10671
f 10672 10673 10674
f 10675 10676 10677
f 10678 10679 10680
f 10681 10682 10683
f 10684 10685 10686
f 10687 10688 10689
f 10690 10691 10692
f 10693 10694 10695
f 10696 10697 10698
f 10699 10700 10701
f 10702 10703 10704
f 10705 10706 10707
f 10708 10709 10710
f 10711 10712 10713
f 10714 10715 10716
f 10717 10718 10719
f 10720 10721 10722
f 10723 10724 10725
f 10726 10727 10728
f 10729 10730 10731
f 10732 10733 10734
f 10735 10736 10737
f 10738 10739 10740
f 10741 10742 10743
f 10744 10745 10746
f 10747 10748 10749
f 10750 10751 10752
f 10753 10754 10755
f 10756 10757 10758
f 10759 10760 10761
f 10762 10763 10764
f 10765 10766 10767
f 10768 10769 10770
f 10771 10772 10773
f 10774 10775 10776
f 10777 10778 10779
f 10780 10781 10782
f 10783 10784 10785
f 10786 10787 10788
f 10789 10790 10791
f 10792 10793 10794
f 10795 10796 10797
f 10798 10799 10800
f 10801 10802 10803
f 10804 10805 10806
f 10807 10808 10809
f 10810 10811 10812
f 10813 10814 10815
f 10816 10817 10818
f 10819 10820 10821
f 10822 10823 10824
f 10825 10826 10827
f 10828 10829 10830
f 10831 10832 10833
f 10834 10835 10836
f 10837 10838 10839
f 10840 10841 10842
f 10843 10844 10845
f 10846 10847 10848
