mtllib iiwa_link_3_collisions_link_3_mesh.mtl
v -0.03947021067142484 0.05537239834666252 0.020606692880392068
v -0.037524361163377734 0.05670910328626633 0.020606692880392068
v -0.040463879704475375 0.054636482149362564 0.017682392150163644
v -0.040463879704475375 0.054636482149362564 0.017682392150163644
v -0.037524361163377734 0.05670910328626633 0.020606692880392068
v -0.03648092970252034 0.05737258121371269 0.017682394012808793
v -0.040463879704475375 0.054636482149362564 0.017682392150163644
v -0.03648092970252034 0.05737258121371269 0.017682394012808793
v -0.04145755246281621 0.053900569677352905 0.014758094213902945
v -0.04145755246281621 0.053900569677352905 0.014758094213902945
v -0.03648092970252034 0.05737258121371269 0.017682394012808793
v -0.03543749451637266 0.05803605914115906 0.01475809328258037
v 0.03543749451637266 -0.05803605914115906 0.01475809328258037
v 0.04145755246281621 -0.053900569677352905 0.014758094213902945
v 0.040463879704475375 -0.05463648587465286 0.017682394012808793
v 0.03543749451637266 -0.05803605914115906 0.01475809328258037
v 0.040463879704475375 -0.05463648587465286 0.017682394012808793
v 0.036480925977230044 -0.05737258121371269 0.017682392150163644
v 0.036480925977230044 -0.05737258121371269 0.017682392150163644
v 0.040463879704475375 -0.05463648587465286 0.017682394012808793
v 0.03947021067142484 -0.05537239834666252 0.020606692880392068
v 0.036480925977230044 -0.05737258121371269 0.017682392150163644
v 0.03947021067142484 -0.05537239834666252 0.020606692880392068
v 0.037524361163377734 -0.05670910328626633 0.020606692880392068
v -0.04144917801022527 0.05378081277012825 0.014758094213902945
v -0.04145755246281621 0.053900569677352905 0.014758094213902945
v -0.03849722445011136 0.05593186616897583 0.014758094213902945
v -0.03849722445011136 0.05593186616897583 0.014758094213902945
v -0.04145755246281621 0.053900569677352905 0.014758094213902945
v -0.03543749451637266 0.05803605914115906 0.01475809328258037
v -0.03849722445011136 0.05593186616897583 0.014758094213902945
v -0.03543749451637266 0.05803605914115906 0.01475809328258037
v -0.035429634153842905 0.05792366340756416 0.01475809328258037
v -0.037524361163377734 0.05670910328626633 0.020606692880392068
v -0.037516344338655444 0.05659446865320206 0.020606692880392068
v -0.03647299110889432 0.05725906789302826 0.017682394012808793
v -0.037524361163377734 0.05670910328626633 0.020606692880392068
v -0.03647299110889432 0.05725906789302826 0.017682394012808793
v -0.03648092970252034 0.05737258121371269 0.017682394012808793
v -0.03648092970252034 0.05737258121371269 0.017682394012808793
v -0.03647299110889432 0.05725906789302826 0.017682394012808793
v -0.035429634153842905 0.05792366340756416 0.01475809328258037
v -0.03648092970252034 0.05737258121371269 0.017682394012808793
v -0.035429634153842905 0.05792366340756416 0.01475809328258037
v -0.03543749451637266 0.05803605914115906 0.01475809328258037
v -0.037516344338655444 0.05659446865320206 0.020606692880392068
v -0.037524361163377734 0.05670910328626633 0.020606692880392068
v -0.03849722445011136 0.05593186616897583 0.020606692880392068
v -0.03849722445011136 0.05593186616897583 0.020606692880392068
v -0.037524361163377734 0.05670910328626633 0.020606692880392068
v -0.03947021067142484 0.05537239834666252 0.020606692880392068
v -0.03849722445011136 0.05593186616897583 0.020606692880392068
v -0.03947021067142484 0.05537239834666252 0.020606692880392068
v -0.03946202620863912 0.05525539070367813 0.020606692880392068
v -0.04145755246281621 0.053900569677352905 0.014758094213902945
v -0.04144917801022527 0.05378081277012825 0.014758094213902945
v -0.04045560210943219 0.05451809987425804 0.017682392150163644
v -0.04145755246281621 0.053900569677352905 0.014758094213902945
v -0.04045560210943219 0.05451809987425804 0.017682392150163644
v -0.040463879704475375 0.054636482149362564 0.017682392150163644
v -0.040463879704475375 0.054636482149362564 0.017682392150163644
v -0.04045560210943219 0.05451809987425804 0.017682392150163644
v -0.03946202620863912 0.05525539070367813 0.020606692880392068
v -0.040463879704475375 0.054636482149362564 0.017682392150163644
v -0.03946202620863912 0.05525539070367813 0.020606692880392068
v -0.03947021067142484 0.05537239834666252 0.020606692880392068
v 0.037516344338655444 -0.05659446865320206 0.020606692880392068
v 0.037524361163377734 -0.05670910328626633 0.020606692880392068
v 0.03849722445011136 -0.05593186616897583 0.020606692880392068
v 0.03849722445011136 -0.05593186616897583 0.020606692880392068
v 0.037524361163377734 -0.05670910328626633 0.020606692880392068
v 0.03947021067142484 -0.05537239834666252 0.020606692880392068
v 0.03849722445011136 -0.05593186616897583 0.020606692880392068
v 0.03947021067142484 -0.05537239834666252 0.020606692880392068
v 0.03946202620863912 -0.05525539070367813 0.020606692880392068
v 0.03946202620863912 -0.05525539070367813 0.020606692880392068
v 0.03947021067142484 -0.05537239834666252 0.020606692880392068
v 0.040463879704475375 -0.05463648587465286 0.017682394012808793
v 0.03946202620863912 -0.05525539070367813 0.020606692880392068
v 0.040463879704475375 -0.05463648587465286 0.017682394012808793
v 0.04045560210943219 -0.05451810359954834 0.017682394012808793
v 0.04045560210943219 -0.05451810359954834 0.017682394012808793
v 0.040463879704475375 -0.05463648587465286 0.017682394012808793
v 0.04145755246281621 -0.053900569677352905 0.014758094213902945
v 0.04045560210943219 -0.05451810359954834 0.017682394012808793
v 0.04145755246281621 -0.053900569677352905 0.014758094213902945
v 0.04144917801022527 -0.05378081277012825 0.014758094213902945
v 0.04144917801022527 -0.05378081277012825 0.014758094213902945
v 0.04145755246281621 -0.053900569677352905 0.014758094213902945
v 0.03849722445011136 -0.05593186616897583 0.014758094213902945
v 0.03849722445011136 -0.05593186616897583 0.014758094213902945
v 0.04145755246281621 -0.053900569677352905 0.014758094213902945
v 0.03543749451637266 -0.05803605914115906 0.01475809328258037
v 0.03849722445011136 -0.05593186616897583 0.014758094213902945
v 0.03543749451637266 -0.05803605914115906 0.01475809328258037
v 0.035429634153842905 -0.05792366340756416 0.01475809328258037
v 0.035429634153842905 -0.05792366340756416 0.01475809328258037
v 0.03543749451637266 -0.05803605914115906 0.01475809328258037
v 0.036480925977230044 -0.05737258121371269 0.017682392150163644
v 0.035429634153842905 -0.05792366340756416 0.01475809328258037
v 0.036480925977230044 -0.05737258121371269 0.017682392150163644
v 0.03647299110889432 -0.05725906789302826 0.017682392150163644
v 0.03647299110889432 -0.05725906789302826 0.017682392150163644
v 0.036480925977230044 -0.05737258121371269 0.017682392150163644
v 0.037524361163377734 -0.05670910328626633 0.020606692880392068
v 0.03647299110889432 -0.05725906789302826 0.017682392150163644
v 0.037524361163377734 -0.05670910328626633 0.020606692880392068
v 0.037516344338655444 -0.05659446865320206 0.020606692880392068
v 0.015065865591168393 0.01995043084025383 -0.009999999776482579
v 0.021255427971482263 0.01316080428659916 -0.009999999776482579
v 0.006841574795544143 -0.024045640602707863 -0.009999999776482579
v -0.018475223332643495 -0.016842391341924667 -0.009999999776482579
v -0.023311804980039583 -0.009031041525304317 -0.009999999776482579
v -0.025000000372529012 0.0 -0.009999999776482579
v -0.011143459007143967 -0.022379081696271896 -0.009999999776482579
v -0.018475223332643495 -0.016842391341924667 -0.009999999776482579
v -0.0023067090660333616 -0.02489335462450981 -0.009999999776482579
v -0.0023067090660333616 -0.02489335462450981 -0.009999999776482579
v -0.018475223332643495 -0.016842391341924667 -0.009999999776482579
v -0.0023067090660333616 0.02489335462450981 -0.009999999776482579
v -0.0023067090660333616 -0.02489335462450981 -0.009999999776482579
v -0.0023067090660333616 0.02489335462450981 -0.009999999776482579
v 0.006841574795544143 -0.024045640602707863 -0.009999999776482579
v 0.006841574795544143 -0.024045640602707863 -0.009999999776482579
v -0.0023067090660333616 0.02489335462450981 -0.009999999776482579
v 0.006841574795544143 0.024045640602707863 -0.009999999776482579
v 0.006841574795544143 -0.024045640602707863 -0.009999999776482579
v 0.006841574795544143 0.024045640602707863 -0.009999999776482579
v 0.015065865591168393 0.01995043084025383 -0.009999999776482579
v -0.011143459007143967 0.022379081696271896 -0.009999999776482579
v -0.0023067090660333616 0.02489335462450981 -0.009999999776482579
v -0.018475223332643495 0.016842391341924667 -0.009999999776482579
v -0.018475223332643495 0.016842391341924667 -0.009999999776482579
v -0.0023067090660333616 0.02489335462450981 -0.009999999776482579
v -0.018475223332643495 -0.016842391341924667 -0.009999999776482579
v -0.018475223332643495 0.016842391341924667 -0.009999999776482579
v -0.018475223332643495 -0.016842391341924667 -0.009999999776482579
v -0.023311804980039583 0.009031041525304317 -0.009999999776482579
v -0.023311804980039583 0.009031041525304317 -0.009999999776482579
v -0.018475223332643495 -0.016842391341924667 -0.009999999776482579
v -0.025000000372529012 0.0 -0.009999999776482579
v 0.021255427971482263 -0.01316080428659916 -0.009999999776482579
v 0.015065865591168393 -0.01995043084025383 -0.009999999776482579
v 0.024574328213930113 -0.00459373788908124 -0.009999999776482579
v 0.024574328213930113 -0.00459373788908124 -0.009999999776482579
v 0.015065865591168393 -0.01995043084025383 -0.009999999776482579
v 0.006841574795544143 -0.024045640602707863 -0.009999999776482579
v 0.024574328213930113 -0.00459373788908124 -0.009999999776482579
v 0.006841574795544143 -0.024045640602707863 -0.009999999776482579
v 0.024574328213930113 0.00459373788908124 -0.009999999776482579
v 0.024574328213930113 0.00459373788908124 -0.009999999776482579
v 0.006841574795544143 -0.024045640602707863 -0.009999999776482579
v 0.021255427971482263 0.01316080428659916 -0.009999999776482579
v -0.02774014323949812 0.06197495013475418 0.008383625186979767
v -0.03310199826955793 0.05928463116288185 0.008383625186979767
v -0.033626452088356 0.05898565426468849 0.009810783900320526
v -0.035429634153842905 0.05792366340756416 0.01475809328258037
v -0.03415090590715406 0.058686673641204834 0.011237941682338711
v -0.036618910729885074 0.05717945843935013 0.011237941682338711
v -0.035429634153842905 0.05792366340756416 0.01475809328258037
v -0.036618910729885074 0.05717945843935013 0.011237941682338711
v -0.03849722445011136 0.05593186616897583 0.014758094213902945
v -0.033626452088356 0.05898565426468849 0.009810783900320526
v -0.03415090590715406 0.058686673641204834 0.011237941682338711
v -0.02774014323949812 0.06197495013475418 0.008383625186979767
v -0.02774014323949812 0.06197495013475418 0.008383625186979767
v -0.03415090590715406 0.058686673641204834 0.011237941682338711
v -0.035429634153842905 0.05792366340756416 0.01475809328258037
v -0.02774014323949812 0.06197495013475418 0.008383625186979767
v -0.035429634153842905 0.05792366340756416 0.01475809328258037
v -0.030803781002759913 0.06041283905506134 0.016517369076609605
v -0.030803781002759913 0.06041283905506134 0.016517369076609605
v -0.035429634153842905 0.05792366340756416 0.01475809328258037
v -0.03647299110889432 0.05725906789302826 0.017682394012808793
v -0.030803781002759913 0.06041283905506134 0.016517369076609605
v -0.03647299110889432 0.05725906789302826 0.017682394012808793
v -0.033867422491312006 0.0588507242500782 0.024651125073432915
v -0.033867422491312006 0.0588507242500782 0.024651125073432915
v -0.03647299110889432 0.05725906789302826 0.017682394012808793
v -0.037516344338655444 0.05659446865320206 0.020606692880392068
v -0.033867422491312006 0.0588507242500782 0.024651125073432915
v -0.037516344338655444 0.05659446865320206 0.020606692880392068
v -0.03702393174171445 0.05691816657781601 0.024651125073432915
v -0.03702393174171445 0.05691816657781601 0.024651125073432915
v -0.037516344338655444 0.05659446865320206 0.020606692880392068
v -0.03849722445011136 0.05593186616897583 0.020606692880392068
v -0.03946202620863912 0.05525539070367813 0.020606692880392068
v -0.040066014975309344 0.05481935665011406 0.024651125073432915
v -0.03849722445011136 0.05593186616897583 0.020606692880392068
v -0.03849722445011136 0.05593186616897583 0.020606692880392068
v -0.040066014975309344 0.05481935665011406 0.024651125073432915
v -0.03848312795162198 0.05591142922639847 0.024651125073432915
v -0.03849722445011136 0.05593186616897583 0.020606692880392068
v -0.03848312795162198 0.05591142922639847 0.024651125073432915
v -0.03702393174171445 0.05691816657781601 0.024651125073432915
v -0.04144917801022527 0.05378081277012825 0.014758094213902945
v -0.04798314720392224 0.0480419360101223 0.008383625186979767
v -0.04045560210943219 0.05451809987425804 0.017682392150163644
v -0.04045560210943219 0.05451809987425804 0.017682392150163644
v -0.04798314720392224 0.0480419360101223 0.008383625186979767
v -0.045428317040204974 0.050347164273262024 0.016517391428351395
v -0.04045560210943219 0.05451809987425804 0.017682392150163644
v -0.045428317040204974 0.050347164273262024 0.016517391428351395
v -0.03946202620863912 0.05525539070367813 0.020606692880392068
v -0.03946202620863912 0.05525539070367813 0.020606692880392068
v -0.045428317040204974 0.050347164273262024 0.016517391428351395
v -0.0428734980523586 0.05265238136053085 0.024651125073432915
v -0.03946202620863912 0.05525539070367813 0.020606692880392068
v -0.0428734980523586 0.05265238136053085 0.024651125073432915
v -0.040066014975309344 0.05481935665011406 0.024651125073432915
v -0.036618910729885074 0.05717945843935013 0.011237941682338711
v -0.038483895361423465 0.05591224506497383 0.011237941682338711
v -0.03849722445011136 0.05593186616897583 0.014758094213902945
v -0.03849722445011136 0.05593186616897583 0.014758094213902945
v -0.038483895361423465 0.05591224506497383 0.011237941682338711
v -0.039676114916801425 0.055102162063121796 0.011237941682338711
v -0.03849722445011136 0.05593186616897583 0.014758094213902945
v -0.039676114916801425 0.055102162063121796 0.011237941682338711
v -0.04144917801022527 0.05378081277012825 0.014758094213902945
v -0.04144917801022527 0.05378081277012825 0.014758094213902945
v -0.039676114916801425 0.055102162063121796 0.011237941682338711
v -0.042618926614522906 0.05285865440964699 0.011237941682338711
v -0.04144917801022527 0.05378081277012825 0.014758094213902945
v -0.042618926614522906 0.05285865440964699 0.011237941682338711
v -0.04798314720392224 0.0480419360101223 0.008383625186979767
v -0.04798314720392224 0.0480419360101223 0.008383625186979767
v -0.042618926614522906 0.05285865440964699 0.011237941682338711
v -0.04308568313717839 0.05247541517019272 0.009810783900320526
v -0.04798314720392224 0.0480419360101223 0.008383625186979767
v -0.04308568313717839 0.05247541517019272 0.009810783900320526
v -0.04355243965983388 0.05209217965602875 0.008383625186979767
v 0.04308568313717839 -0.05247541517019272 0.009810783900320526
v 0.04355243965983388 -0.05209217965602875 0.008383625186979767
v 0.04798314720392224 -0.0480419360101223 0.008383625186979767
v 0.03849722445011136 -0.05593186616897583 0.020606692880392068
v 0.03946202620863912 -0.05525539070367813 0.020606692880392068
v 0.040066014975309344 -0.05481935665011406 0.024651125073432915
v 0.03849722445011136 -0.05593186616897583 0.014758094213902945
v 0.038483895361423465 -0.05591224506497383 0.011237941682338711
v 0.039676114916801425 -0.055102162063121796 0.011237941682338711
v 0.03849722445011136 -0.05593186616897583 0.014758094213902945
v 0.039676114916801425 -0.055102162063121796 0.011237941682338711
v 0.04144917801022527 -0.05378081277012825 0.014758094213902945
v 0.04308568313717839 -0.05247541517019272 0.009810783900320526
v 0.04798314720392224 -0.0480419360101223 0.008383625186979767
v 0.042618926614522906 -0.05285865440964699 0.011237941682338711
v 0.039676114916801425 -0.055102162063121796 0.011237941682338711
v 0.042618926614522906 -0.05285865440964699 0.011237941682338711
v 0.04144917801022527 -0.05378081277012825 0.014758094213902945
v 0.04144917801022527 -0.05378081277012825 0.014758094213902945
v 0.042618926614522906 -0.05285865440964699 0.011237941682338711
v 0.04798314720392224 -0.0480419360101223 0.008383625186979767
v 0.04144917801022527 -0.05378081277012825 0.014758094213902945
v 0.04798314720392224 -0.0480419360101223 0.008383625186979767
v 0.04045560210943219 -0.05451810359954834 0.017682394012808793
v 0.04045560210943219 -0.05451810359954834 0.017682394012808793
v 0.04798314720392224 -0.0480419360101223 0.008383625186979767
v 0.04542832449078557 -0.05034715309739113 0.016517363488674157
v 0.04045560210943219 -0.05451810359954834 0.017682394012808793
v 0.04542832449078557 -0.05034715309739113 0.016517363488674157
v 0.03946202620863912 -0.05525539070367813 0.020606692880392068
v 0.03946202620863912 -0.05525539070367813 0.020606692880392068
v 0.04542832449078557 -0.05034715309739113 0.016517363488674157
v 0.0428734980523586 -0.05265238136053085 0.024651125073432915
v 0.03946202620863912 -0.05525539070367813 0.020606692880392068
v 0.0428734980523586 -0.05265238136053085 0.024651125073432915
v 0.040066014975309344 -0.05481935665011406 0.024651125073432915
v 0.02774014323949812 -0.06197495013475418 0.008383625186979767
v 0.03310199826955793 -0.05928463116288185 0.008383625186979767
v 0.033626452088356 -0.05898565426468849 0.009810783900320526
v 0.038483895361423465 -0.05591224506497383 0.011237941682338711
v 0.03849722445011136 -0.05593186616897583 0.014758094213902945
v 0.036618910729885074 -0.05717945843935013 0.011237941682338711
v 0.036618910729885074 -0.05717945843935013 0.011237941682338711
v 0.03849722445011136 -0.05593186616897583 0.014758094213902945
v 0.035429634153842905 -0.05792366340756416 0.01475809328258037
v 0.036618910729885074 -0.05717945843935013 0.011237941682338711
v 0.035429634153842905 -0.05792366340756416 0.01475809328258037
v 0.03415090590715406 -0.058686673641204834 0.011237941682338711
v 0.033626452088356 -0.05898565426468849 0.009810783900320526
v 0.03415090590715406 -0.058686673641204834 0.011237941682338711
v 0.02774014323949812 -0.06197495013475418 0.008383625186979767
v 0.02774014323949812 -0.06197495013475418 0.008383625186979767
v 0.03415090590715406 -0.058686673641204834 0.011237941682338711
v 0.035429634153842905 -0.05792366340756416 0.01475809328258037
v 0.02774014323949812 -0.06197495013475418 0.008383625186979767
v 0.035429634153842905 -0.05792366340756416 0.01475809328258037
v 0.03080378659069536 -0.06041283532977104 0.016517385840415948
v 0.03080378659069536 -0.06041283532977104 0.016517385840415948
v 0.035429634153842905 -0.05792366340756416 0.01475809328258037
v 0.03647299110889432 -0.05725906789302826 0.017682392150163644
v 0.03080378659069536 -0.06041283532977104 0.016517385840415948
v 0.03647299110889432 -0.05725906789302826 0.017682392150163644
v 0.033867422491312006 -0.0588507242500782 0.024651125073432915
v 0.033867422491312006 -0.0588507242500782 0.024651125073432915
v 0.03647299110889432 -0.05725906789302826 0.017682392150163644
v 0.037516344338655444 -0.05659446865320206 0.020606692880392068
v 0.033867422491312006 -0.0588507242500782 0.024651125073432915
v 0.037516344338655444 -0.05659446865320206 0.020606692880392068
v 0.03702393174171445 -0.05691816657781601 0.024651125073432915
v 0.03702393174171445 -0.05691816657781601 0.024651125073432915
v 0.037516344338655444 -0.05659446865320206 0.020606692880392068
v 0.03849722445011136 -0.05593186616897583 0.020606692880392068
v 0.03702393174171445 -0.05691816657781601 0.024651125073432915
v 0.03849722445011136 -0.05593186616897583 0.020606692880392068
v 0.03848312795162198 -0.05591142922639847 0.024651125073432915
v 0.03848312795162198 -0.05591142922639847 0.024651125073432915
v 0.03849722445011136 -0.05593186616897583 0.020606692880392068
v 0.040066014975309344 -0.05481935665011406 0.024651125073432915
v 0.011026471853256219 -0.06699870526790619 0.018674353137612336
v 0.011026471853256219 -0.06699870526790619 0.024651125073432915
v 0.005877514369785781 -0.06764513999223709 0.024651125073432915
v 0.020235018804669366 -0.06481476873159409 0.008383625186979767
v 0.02711211517453192 -0.06225225329399109 0.008383625186979767
v 0.02244329825043677 -0.06398975849151611 0.012552101165056225
v 0.020235018804669366 -0.06481476873159409 0.008383625186979767
v 0.02244329825043677 -0.06398975849151611 0.012552101165056225
v 0.016757765784859647 -0.0657016709446907 0.011506825685501095
v 0.016757765784859647 -0.0657016709446907 0.011506825685501095
v 0.02244329825043677 -0.06398975849151611 0.012552101165056225
v 0.020182166248559938 -0.06483124196529388 0.014570913277566428
v 0.016757765784859647 -0.0657016709446907 0.011506825685501095
v 0.020182166248559938 -0.06483124196529388 0.014570913277566428
v 0.016754280775785436 -0.06570255756378174 0.011509954929351803
v 0.01675512082874774 -0.06570617854595184 0.02160010859370231
v 0.017741182819008817 -0.06554128974676132 0.016697179526090615
v 0.016826558858156194 -0.0656878724694252 0.02166274189949035
v 0.016826558858156194 -0.0656878724694252 0.02166274189949035
v 0.017741182819008817 -0.06554128974676132 0.016697179526090615
v 0.022443594411015497 -0.0639890655875206 0.0206615924835205
v 0.016826558858156194 -0.0656878724694252 0.02166274189949035
v 0.022443594411015497 -0.0639890655875206 0.0206615924835205
v 0.020235018804669366 -0.06481476873159409 0.024651125073432915
v 0.020235018804669366 -0.06481476873159409 0.024651125073432915
v 0.022443594411015497 -0.0639890655875206 0.0206615924835205
v 0.024762826040387136 -0.06322351098060608 0.022616842761635773
v 0.020235018804669366 -0.06481476873159409 0.024651125073432915
v 0.024762826040387136 -0.06322351098060608 0.022616842761635773
v 0.02711211517453192 -0.06225225329399109 0.024651125073432915
v 0.005877514369785781 -0.06764513999223709 0.008383625186979767
v 0.011026471853256219 -0.06699870526790619 0.008383625186979767
v 0.011026471853256219 -0.06699870526790619 0.014630025252699847
v 0.020182166248559938 -0.06483124196529388 0.014570913277566428
v 0.017741182819008817 -0.06554128974676132 0.016697179526090615
v 0.016754280775785436 -0.06570255756378174 0.011509954929351803
v 0.016754280775785436 -0.06570255756378174 0.011509954929351803
v 0.017741182819008817 -0.06554128974676132 0.016697179526090615
v 0.01675512082874774 -0.06570617854595184 0.02160010859370231
v 0.016754280775785436 -0.06570255756378174 0.011509954929351803
v 0.01675512082874774 -0.06570617854595184 0.02160010859370231
v 0.0132805136963725 -0.06658857315778732 0.014630025252699847
v 0.0132805136963725 -0.06658857315778732 0.014630025252699847
v 0.01675512082874774 -0.06570617854595184 0.02160010859370231
v 0.013418093323707572 -0.06656098365783691 0.018674353137612336
v 0.0132805136963725 -0.06658857315778732 0.014630025252699847
v 0.013418093323707572 -0.06656098365783691 0.018674353137612336
v 0.011026471853256219 -0.06699870526790619 0.014630025252699847
v 0.011026471853256219 -0.06699870526790619 0.014630025252699847
v 0.013418093323707572 -0.06656098365783691 0.018674353137612336
v 0.011026471853256219 -0.06699870526790619 0.018674353137612336
v 0.011026471853256219 -0.06699870526790619 0.014630025252699847
v 0.011026471853256219 -0.06699870526790619 0.018674353137612336
v 0.005877514369785781 -0.06764513999223709 0.008383625186979767
v 0.005877514369785781 -0.06764513999223709 0.008383625186979767
v 0.011026471853256219 -0.06699870526790619 0.018674353137612336
v 0.005877514369785781 -0.06764513999223709 0.024651125073432915
v -0.015158616006374349 -0.06618630141019821 0.00823599379509687
v -0.01349588204175233 -0.06654427200555801 0.012679619714617726
v -0.016623347997665395 -0.06582877784967422 0.008758792653679844
v -0.016623347997665395 -0.06582877784967422 0.008758792653679844
v -0.01349588204175233 -0.06654427200555801 0.012679619714617726
v -0.01410093903541564 -0.06641967594623566 0.013158268295228476
v -0.016623347997665395 -0.06582877784967422 0.008758792653679844
v -0.01410093903541564 -0.06641967594623566 0.013158268295228476
v -0.01703963801264762 -0.06572716683149338 0.008907375857233998
v -0.014593100175261487 -0.06631328165531158 0.014186961576342577
v -0.019456610083580003 -0.06505267322063446 0.011825954541563984
v -0.014267256483435622 -0.0663837194442749 0.013505897484719748
v -0.014267256483435622 -0.0663837194442749 0.013505897484719748
v -0.019456610083580003 -0.06505267322063446 0.011825954541563984
v -0.018694385886192308 -0.06527505069971085 0.010393329896032807
v -0.014267256483435622 -0.0663837194442749 0.013505897484719748
v -0.018694385886192308 -0.06527505069971085 0.010393329896032807
v -0.01410093903541564 -0.06641967594623566 0.013158268295228476
v -0.01410093903541564 -0.06641967594623566 0.013158268295228476
v -0.018694385886192308 -0.06527505069971085 0.010393329896032807
v -0.01857579499483107 -0.06530964374542236 0.010170434601604935
v -0.01410093903541564 -0.06641967594623566 0.013158268295228476
v -0.01857579499483107 -0.06530964374542236 0.010170434601604935
v -0.01703963801264762 -0.06572716683149338 0.008907375857233998
v -0.014667214825749387 -0.06629692763090134 0.02465102076530456
v -0.019688250496983514 -0.06498294323682785 0.02465102076530456
v -0.014667214825749387 -0.06629692763090134 0.015130260027945036
v -0.014667214825749387 -0.06629692763090134 0.015130260027945036
v -0.019688250496983514 -0.06498294323682785 0.02465102076530456
v -0.019688250496983514 -0.06498294323682785 0.014052990823984141
v -0.014667214825749387 -0.06629692763090134 0.015130260027945036
v -0.019688250496983514 -0.06498294323682785 0.014052990823984141
v -0.014593100175261487 -0.06631328165531158 0.014186961576342577
v -0.014593100175261487 -0.06631328165531158 0.014186961576342577
v -0.019688250496983514 -0.06498294323682785 0.014052990823984141
v -0.0195315796881914 -0.06503010541200638 0.012546737678349015
v -0.014593100175261487 -0.06631328165531158 0.014186961576342577
v -0.0195315796881914 -0.06503010541200638 0.012546737678349015
v -0.019456610083580003 -0.06505267322063446 0.011825954541563984
v 0.0013494596350938073 -0.0678865909576416 0.014052990823984141
v 0.0013494596350938073 -0.0678865909576416 0.02465102076530456
v -0.0038389766123145793 -0.06779138743877411 0.02465102076530456
v -0.0038389766123145793 -0.06779138743877411 0.02465102076530456
v -0.0038389766123145793 -0.06779138743877411 0.015130260027945036
v 0.0013494596350938073 -0.0678865909576416 0.014052990823984141
v 0.0013494596350938073 -0.0678865909576416 0.014052990823984141
v -0.0038389766123145793 -0.06779138743877411 0.015130260027945036
v -0.003948165103793142 -0.06778500229120255 0.014498878270387644
v 0.0013494596350938073 -0.0678865909576416 0.014052990823984141
v -0.003948165103793142 -0.06778500229120255 0.014498878270387644
v 0.0012222711229696861 -0.06788899749517441 0.012288609519600865
v 0.0012222711229696861 -0.06788899749517441 0.012288609519600865
v -0.003948165103793142 -0.06778500229120255 0.014498878270387644
v -0.004091787151992318 -0.06777659803628922 0.013668382540345187
v -0.004306503571569917 -0.06776253879070282 0.013398853130638594
v 0.0004917375044897195 -0.0678982213139534 0.010558664798736569
v -0.004091787151992318 -0.06777659803628922 0.013668382540345187
v -0.004091787151992318 -0.06777659803628922 0.013668382540345187
v 0.0004917375044897195 -0.0678982213139534 0.010558664798736569
v 0.0008004725095815951 -0.06789432466030121 0.011289766989648339
v -0.004091787151992318 -0.06777659803628922 0.013668382540345187
v 0.0008004725095815951 -0.06789432466030121 0.011289766989648339
v 0.0012222711229696861 -0.06788899749517441 0.012288609519600865
v -0.00558826886117458 -0.06766964495182037 0.008082238025963303
v -0.0033810045570135095 -0.06780847907066345 0.008281744085252282
v -0.0051467423327267135 -0.06770280003547668 0.01263654418289661
v -0.0051467423327267135 -0.06770280003547668 0.01263654418289661
v -0.0033810045570135095 -0.06780847907066345 0.008281744085252282
v -0.0029346048831939676 -0.06783655285835266 0.008322092704474923
v -0.0051467423327267135 -0.06770280003547668 0.01263654418289661
v -0.0029346048831939676 -0.06783655285835266 0.008322092704474923
v -0.004779326729476448 -0.0677315890789032 0.012805328704416748
v -0.004779326729476448 -0.0677315890789032 0.012805328704416748
v -0.0029346048831939676 -0.06783655285835266 0.008322092704474923
v -0.0008269259706139559 -0.06789496541023254 0.009257748723030087
v -0.004779326729476448 -0.0677315890789032 0.012805328704416748
v -0.0008269259706139559 -0.06789496541023254 0.009257748723030087
v -0.004306503571569917 -0.06776253879070282 0.013398853130638594
v -0.004306503571569917 -0.06776253879070282 0.013398853130638594
v -0.0008269259706139559 -0.06789496541023254 0.009257748723030087
v -0.0006259149522520597 -0.06789545714855194 0.00945605523884296
v -0.004306503571569917 -0.06776253879070282 0.013398853130638594
v -0.0006259149522520597 -0.06789545714855194 0.00945605523884296
v 0.0004917375044897195 -0.0678982213139534 0.010558664798736569
v -0.0051467423327267135 -0.06770280003547668 0.01263654418289661
v -0.0058280448429286445 -0.06764941662549973 0.012323563918471333
v -0.00558826886117458 -0.06766964495182037 0.008082238025963303
v -0.00558826886117458 -0.06766964495182037 0.008082238025963303
v -0.0058280448429286445 -0.06764941662549973 0.012323563918471333
v -0.006729136221110816 -0.06756573915481567 0.012257021851837632
v -0.00558826886117458 -0.06766964495182037 0.008082238025963303
v -0.006729136221110816 -0.06756573915481567 0.012257021851837632
v -0.009284378029406064 -0.06726224720478058 0.008082238025963303
v -0.009284378029406064 -0.06726224720478058 0.008082238025963303
v -0.006729136221110816 -0.06756573915481567 0.012257021851837632
v -0.009284378029406064 -0.06726224720478058 0.012257021851837632
v -0.009284378029406064 -0.06726224720478058 0.008082238025963303
v -0.009284378029406064 -0.06726224720478058 0.012257021851837632
v -0.01112144906073808 -0.06698300689458847 0.008082238025963303
v -0.01112144906073808 -0.06698300689458847 0.008082238025963303
v -0.009284378029406064 -0.06726224720478058 0.012257021851837632
v -0.01182375941425561 -0.06686261296272278 0.012257021851837632
v -0.01112144906073808 -0.06698300689458847 0.008082238025963303
v -0.01182375941425561 -0.06686261296272278 0.012257021851837632
v -0.012950191274285308 -0.06665360182523727 0.008082238025963303
v -0.012950191274285308 -0.06665360182523727 0.008082238025963303
v -0.01182375941425561 -0.06686261296272278 0.012257021851837632
v -0.012384613975882522 -0.06675706803798676 0.012356080114841458
v -0.012950191274285308 -0.06665360182523727 0.008082238025963303
v -0.012384613975882522 -0.06675706803798676 0.012356080114841458
v -0.015158616006374349 -0.06618630141019821 0.00823599379509687
v -0.015158616006374349 -0.06618630141019821 0.00823599379509687
v -0.012384613975882522 -0.06675706803798676 0.012356080114841458
v -0.01328876055777072 -0.0665869265794754 0.0125157693400979
v -0.015158616006374349 -0.06618630141019821 0.00823599379509687
v -0.01328876055777072 -0.0665869265794754 0.0125157693400979
v -0.01349588204175233 -0.06654427200555801 0.012679619714617726
v 0.02158694155514239 -0.012610059231519699 0.0
v 0.021215587854385362 -0.013132484629750252 0.0
v 0.021255427971482263 -0.01316080428659916 -0.009999999776482579
v -0.025000000372529012 0.0 0.0
v -0.025000000372529012 0.0 -0.009999999776482579
v -0.024597883224487287 -0.004465878009796143 0.0
v -0.024597883224487287 -0.004465878009796143 0.0
v -0.025000000372529012 0.0 -0.009999999776482579
v -0.023311804980039583 -0.009031041525304317 -0.009999999776482579
v -0.024597883224487287 -0.004465878009796143 0.0
v -0.023311804980039583 -0.009031041525304317 -0.009999999776482579
v -0.02348546497523783 -0.008569462224841118 0.0
v -0.02348546497523783 -0.008569462224841118 0.0
v -0.023311804980039583 -0.009031041525304317 -0.009999999776482579
v -0.023276116698980318 -0.009014243260025978 0.0
v -0.023276116698980318 -0.009014243260025978 0.0
v -0.023311804980039583 -0.009031041525304317 -0.009999999776482579
v -0.02157022804021834 -0.012638573534786701 0.0
v -0.02157022804021834 -0.012638573534786701 0.0
v -0.023311804980039583 -0.009031041525304317 -0.009999999776482579
v -0.018475223332643495 -0.016842391341924667 -0.009999999776482579
v -0.02157022804021834 -0.012638573534786701 0.0
v -0.018475223332643495 -0.016842391341924667 -0.009999999776482579
v -0.01940493471920489 -0.0157628133893013 0.0
v -0.011112369596958153 -0.022315198555588722 0.0
v -0.012616184540092936 -0.02158336155116558 0.0
v -0.011143459007143967 -0.022379081696271896 -0.009999999776482579
v -0.011143459007143967 -0.022379081696271896 -0.009999999776482579
v -0.012616184540092936 -0.02158336155116558 0.0
v -0.01624993421137332 -0.018998833373188972 0.0
v -0.011143459007143967 -0.022379081696271896 -0.009999999776482579
v -0.01624993421137332 -0.018998833373188972 0.0
v -0.018475223332643495 -0.016842391341924667 -0.009999999776482579
v -0.018475223332643495 -0.016842391341924667 -0.009999999776482579
v -0.01624993421137332 -0.018998833373188972 0.0
v -0.018412247300147996 -0.016780992969870567 0.0
v -0.018475223332643495 -0.016842391341924667 -0.009999999776482579
v -0.018412247300147996 -0.016780992969870567 0.0
v -0.01940493471920489 -0.0157628133893013 0.0
v -0.011112369596958153 -0.022315198555588722 0.0
v -0.011143459007143967 -0.022379081696271896 -0.009999999776482579
v -0.009202367626130574 -0.02324470691382885 0.0
v -0.009202367626130574 -0.02324470691382885 0.0
v -0.011143459007143967 -0.022379081696271896 -0.009999999776482579
v -0.0023067090660333616 -0.02489335462450981 -0.009999999776482579
v -0.009202367626130574 -0.02324470691382885 0.0
v -0.0023067090660333616 -0.02489335462450981 -0.009999999776482579
v -0.005077566485852 -0.0244789719581604 0.0
v 0.006819763686507936 -0.023956064134836197 0.0
v 0.003605200676247475 -0.024738771840929985 0.0
v 0.006841574795544143 -0.024045640602707863 -0.009999999776482579
v 0.006841574795544143 -0.024045640602707863 -0.009999999776482579
v 0.003605200676247475 -0.024738771840929985 0.0
v -0.0008438676595687861 -0.024985823780298233 0.0
v 0.006841574795544143 -0.024045640602707863 -0.009999999776482579
v -0.0008438676595687861 -0.024985823780298233 0.0
v -0.0023067090660333616 -0.02489335462450981 -0.009999999776482579
v -0.0023067090660333616 -0.02489335462450981 -0.009999999776482579
v -0.0008438676595687861 -0.024985823780298233 0.0
v -0.002296952996402977 -0.024811862036585808 0.0
v -0.0023067090660333616 -0.02489335462450981 -0.009999999776482579
v -0.002296952996402977 -0.024811862036585808 0.0
v -0.005077566485852 -0.0244789719581604 0.0
v 0.006819763686507936 -0.023956064134836197 0.0
v 0.006841574795544143 -0.024045640602707863 -0.009999999776482579
v 0.008171708323061461 -0.02362688072025776 0.0
v 0.008171708323061461 -0.02362688072025776 0.0
v 0.006841574795544143 -0.024045640602707863 -0.009999999776482579
v 0.015065865591168393 -0.01995043084025383 -0.009999999776482579
v 0.008171708323061461 -0.02362688072025776 0.0
v 0.015065865591168393 -0.01995043084025383 -0.009999999776482579
v 0.012273454107344142 -0.021780140697956085 0.0
v 0.021215587854385362 -0.013132484629750252 0.0
v 0.019003544002771364 -0.016244426369667053 0.0
v 0.021255427971482263 -0.01316080428659916 -0.009999999776482579
v 0.021255427971482263 -0.01316080428659916 -0.009999999776482579
v 0.019003544002771364 -0.016244426369667053 0.0
v 0.01576281338930129 -0.019404934719204903 0.0
v 0.021255427971482263 -0.01316080428659916 -0.009999999776482579
v 0.01576281338930129 -0.019404934719204903 0.0
v 0.015065865591168393 -0.01995043084025383 -0.009999999776482579
v 0.015065865591168393 -0.01995043084025383 -0.009999999776482579
v 0.01576281338930129 -0.019404934719204903 0.0
v 0.015032799914479245 -0.019901854917407036 0.0
v 0.015065865591168393 -0.01995043084025383 -0.009999999776482579
v 0.015032799914479245 -0.019901854917407036 0.0
v 0.012273454107344142 -0.021780140697956085 0.0
v 0.024574328213930113 -0.00459373788908124 -0.009999999776482579
v 0.0245374236255884 -0.004589319694787264 0.0
v 0.024478968232870085 -0.005077581387013197 0.0
v 0.024574328213930113 -0.00459373788908124 -0.009999999776482579
v 0.024478968232870085 -0.005077581387013197 0.0
v 0.021255427971482263 -0.01316080428659916 -0.009999999776482579
v 0.021255427971482263 -0.01316080428659916 -0.009999999776482579
v 0.024478968232870085 -0.005077581387013197 0.0
v 0.023244706913828836 -0.009202367626130581 0.0
v 0.021255427971482263 -0.01316080428659916 -0.009999999776482579
v 0.023244706913828836 -0.009202367626130581 0.0
v 0.02158694155514239 -0.012610059231519699 0.0
v 0.0245374236255884 -0.004589319694787264 0.0
v 0.024574328213930113 -0.00459373788908124 -0.009999999776482579
v 0.024985823780298216 -0.0008438819204457104 0.0
v 0.024985823780298216 -0.0008438819204457104 0.0
v 0.024574328213930113 -0.00459373788908124 -0.009999999776482579
v 0.024574328213930113 0.00459373788908124 -0.009999999776482579
v 0.024985823780298216 -0.0008438819204457104 0.0
v 0.024574328213930113 0.00459373788908124 -0.009999999776482579
v 0.024738773703575117 0.0036051857750862837 0.0
v 0.02120123244822024 0.013123912736773491 0.0
v 0.021780148148536668 0.012273440137505531 0.0
v 0.021255427971482263 0.01316080428659916 -0.009999999776482579
v 0.021255427971482263 0.01316080428659916 -0.009999999776482579
v 0.021780148148536668 0.012273440137505531 0.0
v 0.02362688630819319 0.008171693421900272 0.0
v 0.021255427971482263 0.01316080428659916 -0.009999999776482579
v 0.02362688630819319 0.008171693421900272 0.0
v 0.024574328213930113 0.00459373788908124 -0.009999999776482579
v 0.024574328213930113 0.00459373788908124 -0.009999999776482579
v 0.02362688630819319 0.008171693421900272 0.0
v 0.024502342566847784 0.004576210398226976 0.0
v 0.024574328213930113 0.00459373788908124 -0.009999999776482579
v 0.024502342566847784 0.004576210398226976 0.0
v 0.024738773703575117 0.0036051857750862837 0.0
v 0.02120123244822024 0.013123912736773491 0.0
v 0.021255427971482263 0.01316080428659916 -0.009999999776482579
v 0.01940493471920489 0.0157628133893013 0.0
v 0.01940493471920489 0.0157628133893013 0.0
v 0.021255427971482263 0.01316080428659916 -0.009999999776482579
v 0.015065865591168393 0.01995043084025383 -0.009999999776482579
v 0.01940493471920489 0.0157628133893013 0.0
v 0.015065865591168393 0.01995043084025383 -0.009999999776482579
v 0.016244426369667043 0.019003544002771378 0.0
v 0.006815617904067035 0.023958895355463028 0.0
v 0.009202367626130574 0.02324470691382885 0.0
v 0.006841574795544143 0.024045640602707863 -0.009999999776482579
v 0.006841574795544143 0.024045640602707863 -0.009999999776482579
v 0.009202367626130574 0.02324470691382885 0.0
v 0.01261005923151969 0.021586941555142403 0.0
v 0.006841574795544143 0.024045640602707863 -0.009999999776482579
v 0.01261005923151969 0.021586941555142403 0.0
v 0.015065865591168393 0.01995043084025383 -0.009999999776482579
v 0.015065865591168393 0.01995043084025383 -0.009999999776482579
v 0.01261005923151969 0.021586941555142403 0.0
v 0.015014328993856896 0.019877927377820015 0.0
v 0.015065865591168393 0.01995043084025383 -0.009999999776482579
v 0.015014328993856896 0.019877927377820015 0.0
v 0.016244426369667043 0.019003544002771378 0.0
v 0.006815617904067035 0.023958895355463028 0.0
v 0.006841574795544143 0.024045640602707863 -0.009999999776482579
v 0.0050775813870131935 0.024478968232870102 0.0
v 0.0050775813870131935 0.024478968232870102 0.0
v 0.006841574795544143 0.024045640602707863 -0.009999999776482579
v -0.0023067090660333616 0.02489335462450981 -0.009999999776482579
v 0.0050775813870131935 0.024478968232870102 0.0
v -0.0023067090660333616 0.02489335462450981 -0.009999999776482579
v 0.0008438819204457099 0.024985823780298233 0.0
v -0.011109700426459306 0.022304100915789604 0.0
v -0.008171693421900267 0.023626886308193207 0.0
v -0.011143459007143967 0.022379081696271896 -0.009999999776482579
v -0.011143459007143967 0.022379081696271896 -0.009999999776482579
v -0.008171693421900267 0.023626886308193207 0.0
v -0.003605185775086281 0.024738773703575134 0.0
v -0.011143459007143967 0.022379081696271896 -0.009999999776482579
v -0.003605185775086281 0.024738773703575134 0.0
v -0.0023067090660333616 0.02489335462450981 -0.009999999776482579
v -0.0023067090660333616 0.02489335462450981 -0.009999999776482579
v -0.003605185775086281 0.024738773703575134 0.0
v -0.0023021432571113092 0.02481113001704216 0.0
v -0.0023067090660333616 0.02489335462450981 -0.009999999776482579
v -0.0023021432571113092 0.02481113001704216 0.0
v 0.0008438819204457099 0.024985823780298233 0.0
v -0.011109700426459306 0.022304100915789604 0.0
v -0.011143459007143967 0.022379081696271896 -0.009999999776482579
v -0.012273440137505523 0.021780148148536682 0.0
v -0.012273440137505523 0.021780148148536682 0.0
v -0.011143459007143967 0.022379081696271896 -0.009999999776482579
v -0.018475223332643495 0.016842391341924667 -0.009999999776482579
v -0.012273440137505523 0.021780148148536682 0.0
v -0.018475223332643495 0.016842391341924667 -0.009999999776482579
v -0.01576281338930129 0.019404934719204903 0.0
v -0.023244706913828836 0.009202367626130581 0.0
v -0.02158694155514239 0.012610059231519699 0.0
v -0.023311804980039583 0.009031041525304317 -0.009999999776482579
v -0.023311804980039583 0.009031041525304317 -0.009999999776482579
v -0.02158694155514239 0.012610059231519699 0.0
v -0.019003544002771364 0.016244426369667053 0.0
v -0.023311804980039583 0.009031041525304317 -0.009999999776482579
v -0.019003544002771364 0.016244426369667053 0.0
v -0.018475223332643495 0.016842391341924667 -0.009999999776482579
v -0.018475223332643495 0.016842391341924667 -0.009999999776482579
v -0.019003544002771364 0.016244426369667053 0.0
v -0.018433874472975717 0.016799993813037872 0.0
v -0.018475223332643495 0.016842391341924667 -0.009999999776482579
v -0.018433874472975717 0.016799993813037872 0.0
v -0.01576281338930129 0.019404934719204903 0.0
v -0.025000000372529012 0.0 0.0
v -0.024985698983073217 0.0008479381795041263 0.0
v -0.025000000372529012 0.0 -0.009999999776482579
v -0.025000000372529012 0.0 -0.009999999776482579
v -0.024985698983073217 0.0008479381795041263 0.0
v -0.024478968232870085 0.005077581387013197 0.0
v -0.025000000372529012 0.0 -0.009999999776482579
v -0.024478968232870085 0.005077581387013197 0.0
v -0.023311804980039583 0.009031041525304317 -0.009999999776482579
v -0.023311804980039583 0.009031041525304317 -0.009999999776482579
v -0.024478968232870085 0.005077581387013197 0.0
v -0.023297274485230432 0.009026693180203438 0.0
v -0.023311804980039583 0.009031041525304317 -0.009999999776482579
v -0.023297274485230432 0.009026693180203438 0.0
v -0.023244706913828836 0.009202367626130581 0.0
v -0.03656343370676038 -0.057214729487895966 0.018674353137612336
v -0.03656343370676038 -0.057214729487895966 0.024651125073432915
v -0.0408300347626209 -0.05425235256552696 0.024651125073432915
v -0.03136897459626196 -0.060116592794656754 0.021662723273038857
v -0.031495239585638025 -0.060050707310438156 0.021541822701692574
v -0.030590036883950213 -0.06061897054314613 0.016697179526090615
v -0.02141770720481871 -0.06443362683057785 0.024651125073432915
v -0.02824795246124266 -0.06174514815211296 0.024651125073432915
v -0.026016090065240843 -0.06262104213237762 0.020694984123110764
v -0.026016090065240843 -0.06262104213237762 0.020694984123110764
v -0.02824795246124266 -0.06174514815211296 0.024651125073432915
v -0.03136897459626196 -0.060116592794656754 0.021662723273038857
v -0.026016090065240843 -0.06262104213237762 0.020694984123110764
v -0.03136897459626196 -0.060116592794656754 0.021662723273038857
v -0.02830878645181654 -0.06171731650829315 0.018722500652074807
v -0.02830878645181654 -0.06171731650829315 0.018722500652074807
v -0.03136897459626196 -0.060116592794656754 0.021662723273038857
v -0.030590036883950213 -0.06061897054314613 0.016697179526090615
v -0.0408300384879112 -0.054252348840236664 0.008383625186979767
v -0.03656343370676038 -0.057214729487895966 0.008383625186979767
v -0.03656343370676038 -0.057214729487895966 0.014630025252699847
v -0.02141770720481871 -0.06443362683057785 0.008383625186979767
v -0.023831116035580618 -0.06358063966035843 0.010524132288992401
v -0.02824795246124266 -0.06174514815211296 0.008383625186979767
v -0.02824795246124266 -0.06174514815211296 0.008383625186979767
v -0.023831116035580618 -0.06358063966035843 0.010524132288992401
v -0.02601626887917517 -0.06262313574552536 0.012519873678684231
v -0.02824795246124266 -0.06174514815211296 0.008383625186979767
v -0.02601626887917517 -0.06262313574552536 0.012519873678684231
v -0.03142939135432241 -0.0600808784365654 0.011506819166243073
v -0.03142939135432241 -0.0600808784365654 0.011506819166243073
v -0.02601626887917517 -0.06262313574552536 0.012519873678684231
v -0.030590036883950213 -0.06061897054314613 0.016697179526090615
v -0.03142939135432241 -0.0600808784365654 0.011506819166243073
v -0.030590036883950213 -0.06061897054314613 0.016697179526090615
v -0.03149341419339178 -0.06004738807678223 0.011569668538868424
v -0.03149341419339178 -0.06004738807678223 0.011569668538868424
v -0.030590036883950213 -0.06061897054314613 0.016697179526090615
v -0.031495239585638025 -0.060050707310438156 0.021541822701692574
v -0.03149341419339178 -0.06004738807678223 0.011569668538868424
v -0.031495239585638025 -0.060050707310438156 0.021541822701692574
v -0.034610841423273066 -0.05841660499572754 0.014630025252699847
v -0.034610841423273066 -0.05841660499572754 0.014630025252699847
v -0.031495239585638025 -0.060050707310438156 0.021541822701692574
v -0.03448996692895887 -0.05848805233836174 0.018674353137612336
v -0.034610841423273066 -0.05841660499572754 0.014630025252699847
v -0.03448996692895887 -0.05848805233836174 0.018674353137612336
v -0.03656343370676038 -0.057214729487895966 0.014630025252699847
v -0.03656343370676038 -0.057214729487895966 0.014630025252699847
v -0.03448996692895887 -0.05848805233836174 0.018674353137612336
v -0.03656343370676038 -0.057214729487895966 0.018674353137612336
v -0.03656343370676038 -0.057214729487895966 0.014630025252699847
v -0.03656343370676038 -0.057214729487895966 0.018674353137612336
v -0.0408300384879112 -0.054252348840236664 0.008383625186979767
v -0.0408300384879112 -0.054252348840236664 0.008383625186979767
v -0.03656343370676038 -0.057214729487895966 0.018674353137612336
v -0.0408300347626209 -0.05425235256552696 0.024651125073432915
v -0.011026471853256219 0.06699870526790619 0.018674353137612336
v -0.011026471853256219 0.06699870526790619 0.024651125073432915
v -0.005877514369785781 0.06764513999223709 0.024651125073432915
v -0.020235018804669366 0.06481476873159409 0.008383625186979767
v -0.02711211517453192 0.06225225329399109 0.008383625186979767
v -0.022443279623985277 0.06398976594209671 0.012552116997539994
v -0.020235018804669366 0.06481476873159409 0.008383625186979767
v -0.022443279623985277 0.06398976594209671 0.012552116997539994
v -0.016757769510149945 0.0657016709446907 0.011506822891533371
v -0.016757769510149945 0.0657016709446907 0.011506822891533371
v -0.022443279623985277 0.06398976594209671 0.012552116997539994
v -0.020182166248559938 0.06483124196529388 0.014570913277566428
v -0.016757769510149945 0.0657016709446907 0.011506822891533371
v -0.020182166248559938 0.06483124196529388 0.014570913277566428
v -0.016754280775785436 0.06570255756378174 0.011509954929351803
v -0.01675512082874774 0.06570617854595184 0.02160010859370231
v -0.017741182819008817 0.06554128974676132 0.016697179526090615
v -0.016826555132865895 0.0656878799200058 0.02166273817420005
v -0.016826555132865895 0.0656878799200058 0.02166273817420005
v -0.017741182819008817 0.06554128974676132 0.016697179526090615
v -0.02244361117482184 0.0639890655875206 0.020661607384681695
v -0.016826555132865895 0.0656878799200058 0.02166273817420005
v -0.02244361117482184 0.0639890655875206 0.020661607384681695
v -0.020235018804669366 0.06481476873159409 0.024651125073432915
v -0.020235018804669366 0.06481476873159409 0.024651125073432915
v -0.02244361117482184 0.0639890655875206 0.020661607384681695
v -0.024762826040387136 0.06322351098060608 0.022616842761635773
v -0.020235018804669366 0.06481476873159409 0.024651125073432915
v -0.024762826040387136 0.06322351098060608 0.022616842761635773
v -0.02711211517453192 0.06225225329399109 0.024651125073432915
v -0.005877514369785781 0.06764513999223709 0.008383625186979767
v -0.011026471853256219 0.06699870526790619 0.008383625186979767
v -0.011026471853256219 0.06699870526790619 0.014630025252699847
v -0.020182166248559938 0.06483124196529388 0.014570913277566428
v -0.017741182819008817 0.06554128974676132 0.016697179526090615
v -0.016754280775785436 0.06570255756378174 0.011509954929351803
v -0.016754280775785436 0.06570255756378174 0.011509954929351803
v -0.017741182819008817 0.06554128974676132 0.016697179526090615
v -0.01675512082874774 0.06570617854595184 0.02160010859370231
v -0.016754280775785436 0.06570255756378174 0.011509954929351803
v -0.01675512082874774 0.06570617854595184 0.02160010859370231
v -0.0132805136963725 0.06658857315778732 0.014630025252699847
v -0.0132805136963725 0.06658857315778732 0.014630025252699847
v -0.01675512082874774 0.06570617854595184 0.02160010859370231
v -0.013418093323707572 0.06656098365783691 0.018674353137612336
v -0.0132805136963725 0.06658857315778732 0.014630025252699847
v -0.013418093323707572 0.06656098365783691 0.018674353137612336
v -0.011026471853256219 0.06699870526790619 0.014630025252699847
v -0.011026471853256219 0.06699870526790619 0.014630025252699847
v -0.013418093323707572 0.06656098365783691 0.018674353137612336
v -0.011026471853256219 0.06699870526790619 0.018674353137612336
v -0.011026471853256219 0.06699870526790619 0.014630025252699847
v -0.011026471853256219 0.06699870526790619 0.018674353137612336
v -0.005877514369785781 0.06764513999223709 0.008383625186979767
v -0.005877514369785781 0.06764513999223709 0.008383625186979767
v -0.011026471853256219 0.06699870526790619 0.018674353137612336
v -0.005877514369785781 0.06764513999223709 0.024651125073432915
v 0.01857552863657473 0.06530971825122833 0.010169766843318936
v 0.017038028687238683 0.0657275840640068 0.008906467817723748
v 0.014100438915193072 0.06641978025436401 0.013157658278942103
v 0.014100438915193072 0.06641978025436401 0.013157658278942103
v 0.017038028687238683 0.0657275840640068 0.008906467817723748
v 0.016624178737401952 0.0658285841345787 0.008758936077356335
v 0.014100438915193072 0.06641978025436401 0.013157658278942103
v 0.016624178737401952 0.0658285841345787 0.008758936077356335
v 0.013531586155295363 0.06653692573308945 0.012707793153822419
v 0.013531586155295363 0.06653692573308945 0.012707793153822419
v 0.016624178737401952 0.0658285841345787 0.008758936077356335
v 0.015155840665101995 0.06618693470954895 0.008235491812229153
v 0.014667214825749387 0.06629692763090134 0.02465102076530456
v 0.019688250496983514 0.06498294323682785 0.02465102076530456
v 0.014667214825749387 0.06629692763090134 0.015130260027945036
v 0.014667214825749387 0.06629692763090134 0.015130260027945036
v 0.019688250496983514 0.06498294323682785 0.02465102076530456
v 0.019688250496983514 0.06498294323682785 0.014052990823984141
v 0.014667214825749387 0.06629692763090134 0.015130260027945036
v 0.019688250496983514 0.06498294323682785 0.014052990823984141
v 0.01459297165274619 0.06631331145763397 0.014186327345669264
v 0.01459297165274619 0.06631331145763397 0.014186327345669264
v 0.019688250496983514 0.06498294323682785 0.014052990823984141
v 0.019558697938919054 0.06502193957567215 0.012808814644813534
v 0.01459297165274619 0.06631331145763397 0.014186327345669264
v 0.019558697938919054 0.06502193957567215 0.012808814644813534
v 0.014288456179201594 0.0663791373372078 0.013550337404012675
v 0.014288456179201594 0.0663791373372078 0.013550337404012675
v 0.019558697938919054 0.06502193957567215 0.012808814644813534
v 0.019456269219517694 0.06505277752876282 0.011825122870504853
v 0.014288456179201594 0.0663791373372078 0.013550337404012675
v 0.019456269219517694 0.06505277752876282 0.011825122870504853
v 0.014100438915193072 0.06641978025436401 0.013157658278942103
v 0.014100438915193072 0.06641978025436401 0.013157658278942103
v 0.019456269219517694 0.06505277752876282 0.011825122870504853
v 0.018696425482630716 0.06527445465326309 0.01039699278771877
v 0.014100438915193072 0.06641978025436401 0.013157658278942103
v 0.018696425482630716 0.06527445465326309 0.01039699278771877
v 0.01857552863657473 0.06530971825122833 0.010169766843318936
v -0.0013494596350938073 0.0678865909576416 0.014052990823984141
v -0.0013494596350938073 0.0678865909576416 0.02465102076530456
v 0.0038389766123145793 0.06779138743877411 0.02465102076530456
v 0.0038389766123145793 0.06779138743877411 0.02465102076530456
v 0.0038389766123145793 0.06779138743877411 0.015130260027945036
v -0.0013494596350938073 0.0678865909576416 0.014052990823984141
v -0.0013494596350938073 0.0678865909576416 0.014052990823984141
v 0.0038389766123145793 0.06779138743877411 0.015130260027945036
v 0.003961420152336356 0.06778422743082047 0.014423157088458533
v -0.0013494596350938073 0.0678865909576416 0.014052990823984141
v 0.003961420152336356 0.06778422743082047 0.014423157088458533
v -0.0012190688867121926 0.06788905709981918 0.012277742847800251
v -0.0012190688867121926 0.06788905709981918 0.012277742847800251
v 0.003961420152336356 0.06778422743082047 0.014423157088458533
v 0.004092261195182798 0.06777656823396683 0.013667560182511801
v 0.004355092998594043 0.06775936484336853 0.013337802141904826
v -0.0004829559184145179 0.06789828091859818 0.010546505451202389
v 0.004092261195182798 0.06777656823396683 0.013667560182511801
v 0.004092261195182798 0.06777656823396683 0.013667560182511801
v -0.0004829559184145179 0.06789828091859818 0.010546505451202389
v -0.0007991426391527051 0.06789431720972061 0.011290133930742737
v 0.004092261195182798 0.06777656823396683 0.013667560182511801
v -0.0007991426391527051 0.06789431720972061 0.011290133930742737
v -0.0012190688867121926 0.06788905709981918 0.012277742847800251
v 0.00558826886117458 0.06766964495182037 0.008082238025963303
v 0.0033997667487710693 0.06780725717544556 0.008280356414616104
v 0.005223250947892662 0.06769680231809616 0.012601455673575398
v 0.005223250947892662 0.06769680231809616 0.012601455673575398
v 0.0033997667487710693 0.06780725717544556 0.008280356414616104
v 0.002932245610281823 0.06783665716648102 0.00832267943769693
v 0.005223250947892662 0.06769680231809616 0.012601455673575398
v 0.002932245610281823 0.06783665716648102 0.00832267943769693
v 0.004779833368957039 0.06773155182600021 0.012804908677935597
v 0.004779833368957039 0.06773155182600021 0.012804908677935597
v 0.002932245610281823 0.06783665716648102 0.00832267943769693
v 0.0008209431543946261 0.06789503991603851 0.009261903353035447
v 0.004779833368957039 0.06773155182600021 0.012804908677935597
v 0.0008209431543946261 0.06789503991603851 0.009261903353035447
v 0.004355092998594043 0.06775936484336853 0.013337802141904826
v 0.004355092998594043 0.06775936484336853 0.013337802141904826
v 0.0008209431543946261 0.06789503991603851 0.009261903353035447
v 0.000635332136880606 0.06789550185203552 0.009444767609238621
v 0.004355092998594043 0.06775936484336853 0.013337802141904826
v 0.000635332136880606 0.06789550185203552 0.009444767609238621
v -0.0004829559184145179 0.06789828091859818 0.010546505451202389
v 0.005223250947892662 0.06769680231809616 0.012601455673575398
v 0.005828799214214083 0.06764935702085495 0.012323612347245213
v 0.00558826886117458 0.06766964495182037 0.008082238025963303
v 0.00558826886117458 0.06766964495182037 0.008082238025963303
v 0.005828799214214083 0.06764935702085495 0.012323612347245213
v 0.006729136221110816 0.06756573915481567 0.012257021851837632
v 0.00558826886117458 0.06766964495182037 0.008082238025963303
v 0.006729136221110816 0.06756573915481567 0.012257021851837632
v 0.009283606894314282 0.06726235896348953 0.008082238025963303
v 0.009283606894314282 0.06726235896348953 0.008082238025963303
v 0.006729136221110816 0.06756573915481567 0.012257021851837632
v 0.009283606894314282 0.06726235896348953 0.012257021851837632
v 0.009283606894314282 0.06726235896348953 0.008082238025963303
v 0.009283606894314282 0.06726235896348953 0.012257021851837632
v 0.011121065355837338 0.06698307394981384 0.008082238025963303
v 0.011121065355837338 0.06698307394981384 0.008082238025963303
v 0.009283606894314282 0.06726235896348953 0.012257021851837632
v 0.01182375941425561 0.06686261296272278 0.012257021851837632
v 0.011121065355837338 0.06698307394981384 0.008082238025963303
v 0.01182375941425561 0.06686261296272278 0.012257021851837632
v 0.012950191274285308 0.06665360182523727 0.008082238025963303
v 0.012950191274285308 0.06665360182523727 0.008082238025963303
v 0.01182375941425561 0.06686261296272278 0.012257021851837632
v 0.01242637448012828 0.066749207675457 0.01236351206898689
v 0.012950191274285308 0.06665360182523727 0.008082238025963303
v 0.01242637448012828 0.066749207675457 0.01236351206898689
v 0.015155840665101995 0.06618693470954895 0.008235491812229153
v 0.015155840665101995 0.06618693470954895 0.008235491812229153
v 0.01242637448012828 0.066749207675457 0.01236351206898689
v 0.013288997113704673 0.06658688187599182 0.012515948154032227
v 0.015155840665101995 0.06618693470954895 0.008235491812229153
v 0.013288997113704673 0.06658688187599182 0.012515948154032227
v 0.013531586155295363 0.06653692573308945 0.012707793153822419
v 0.03656343370676038 0.057214729487895966 0.018674353137612336
v 0.03656343370676038 0.057214729487895966 0.024651125073432915
v 0.0408300347626209 0.05425235256552696 0.024651125073432915
v 0.0408300384879112 0.054252348840236664 0.008383625186979767
v 0.03656343370676038 0.057214729487895966 0.008383625186979767
v 0.03656343370676038 0.057214729487895966 0.014630025252699847
v 0.0408300347626209 0.05425235256552696 0.024651125073432915
v 0.0408300384879112 0.054252348840236664 0.008383625186979767
v 0.03656343370676038 0.057214729487895966 0.018674353137612336
v 0.03656343370676038 0.057214729487895966 0.018674353137612336
v 0.0408300384879112 0.054252348840236664 0.008383625186979767
v 0.03656343370676038 0.057214729487895966 0.014630025252699847
v 0.03656343370676038 0.057214729487895966 0.018674353137612336
v 0.03656343370676038 0.057214729487895966 0.014630025252699847
v 0.03448996692895887 0.05848805233836174 0.018674353137612336
v 0.03448996692895887 0.05848805233836174 0.018674353137612336
v 0.03656343370676038 0.057214729487895966 0.014630025252699847
v 0.034610841423273066 0.05841660499572754 0.014630025252699847
v 0.03448996692895887 0.05848805233836174 0.018674353137612336
v 0.034610841423273066 0.05841660499572754 0.014630025252699847
v 0.031495239585638025 0.060050707310438156 0.021541822701692574
v 0.02141770720481871 0.06443362683057785 0.008383625186979767
v 0.02383217215538023 0.06358020752668381 0.010525184683501717
v 0.02824795246124266 0.06174514815211296 0.008383625186979767
v 0.02824795246124266 0.06174514815211296 0.008383625186979767
v 0.02383217215538023 0.06358020752668381 0.010525184683501717
v 0.026016188785433752 0.06262318789958954 0.012519859708845612
v 0.02824795246124266 0.06174514815211296 0.008383625186979767
v 0.026016188785433752 0.06262318789958954 0.012519859708845612
v 0.0314294137060642 0.060080867260694504 0.011506842449307438
v 0.0314294137060642 0.060080867260694504 0.011506842449307438
v 0.026016188785433752 0.06262318789958954 0.012519859708845612
v 0.030590036883950213 0.06061897054314613 0.016697179526090615
v 0.0314294137060642 0.060080867260694504 0.011506842449307438
v 0.030590036883950213 0.06061897054314613 0.016697179526090615
v 0.03149341419339178 0.06004738807678223 0.011569668538868424
v 0.034610841423273066 0.05841660499572754 0.014630025252699847
v 0.03149341419339178 0.06004738807678223 0.011569668538868424
v 0.031495239585638025 0.060050707310438156 0.021541822701692574
v 0.031495239585638025 0.060050707310438156 0.021541822701692574
v 0.03149341419339178 0.06004738807678223 0.011569668538868424
v 0.030590036883950213 0.06061897054314613 0.016697179526090615
v 0.031495239585638025 0.060050707310438156 0.021541822701692574
v 0.030590036883950213 0.06061897054314613 0.016697179526090615
v 0.03136895224452017 0.06011660397052765 0.0216627437621355
v 0.03136895224452017 0.06011660397052765 0.0216627437621355
v 0.030590036883950213 0.06061897054314613 0.016697179526090615
v 0.028309255838394148 0.06171714887022972 0.018722208216786378
v 0.03136895224452017 0.06011660397052765 0.0216627437621355
v 0.028309255838394148 0.06171714887022972 0.018722208216786378
v 0.02824795246124266 0.06174514815211296 0.024651125073432915
v 0.02824795246124266 0.06174514815211296 0.024651125073432915
v 0.028309255838394148 0.06171714887022972 0.018722208216786378
v 0.026016175746917707 0.06262101978063583 0.020694984123110764
v 0.02824795246124266 0.06174514815211296 0.024651125073432915
v 0.026016175746917707 0.06262101978063583 0.020694984123110764
v 0.02141770720481871 0.06443362683057785 0.024651125073432915
v 0.012273888103663913 0.010499999858438969 0.19372008740901941
v 0.0131239304319024 0.010499999858438969 0.1942987442016601
v -0.015763230621814717 0.010499999858438969 0.23490460216999046
v 0.012273888103663913 0.010499999858438969 0.19372008740901941
v -0.015763230621814717 0.010499999858438969 0.23490460216999046
v 0.008171998895704741 0.010499999858438969 0.19187319278717035
v -0.015763230621814717 0.010499999858438969 0.23490460216999046
v 0.023958904668688757 0.010499999858438969 0.20868438482284538
v 0.024478984996676428 0.010499999858438969 0.21042241156101218
v 0.021779915317893014 0.010499999858438969 0.22777388989925376
v 0.01940459571778773 0.010499999858438969 0.2312632352113723
v -0.015763230621814717 0.010499999858438969 0.23490460216999046
v -0.015763230621814717 0.010499999858438969 0.23490460216999046
v 0.01940459571778773 0.010499999858438969 0.2312632352113723
v 0.016799964010715474 0.010499999858438969 0.23393385112285606
v -0.015763230621814717 0.010499999858438969 0.23490460216999046
v 0.016799964010715474 0.010499999858438969 0.23393385112285606
v -0.012533955276012412 0.010499999858438969 0.23713123798370353
v -0.016780951991677274 0.010499999858438969 0.2339122146368026
v -0.01900064758956431 0.010499999858438969 0.23174779117107383
v -0.013132474385201922 0.010499999858438969 0.1942844241857528
v -0.013132474385201922 0.010499999858438969 0.1942844241857528
v -0.01900064758956431 0.010499999858438969 0.23174779117107383
v -0.021584508940577493 0.010499999858438969 0.22811418771743766
v -0.013132474385201922 0.010499999858438969 0.1942844241857528
v -0.021584508940577493 0.010499999858438969 0.22811418771743766
v -0.022315274924039827 0.010499999858438969 0.2266124039888381
v -0.016780951991677274 0.010499999858438969 0.2339122146368026
v -0.013132474385201922 0.010499999858438969 0.1942844241857528
v -0.015763230621814717 0.010499999858438969 0.23490460216999046
v -0.015763230621814717 0.010499999858438969 0.23490460216999046
v -0.013132474385201922 0.010499999858438969 0.1942844241857528
v -0.0126099744811654 0.010499999858438969 0.19391302764415735
v -0.015763230621814717 0.010499999858438969 0.23490460216999046
v -0.0126099744811654 0.010499999858438969 0.19391302764415735
v -0.009202367626130574 0.010499999858438969 0.192255288362503
v -0.009202367626130574 0.010499999858438969 0.192255288362503
v -0.005077582783997055 0.010499999858438969 0.1910210102796554
v -0.015763230621814717 0.010499999858438969 0.23490460216999046
v -0.015763230621814717 0.010499999858438969 0.23490460216999046
v -0.005077582783997055 0.010499999858438969 0.1910210102796554
v -0.00458932155743241 0.010499999858438969 0.19096256792545313
v -0.015763230621814717 0.010499999858438969 0.23490460216999046
v -0.00458932155743241 0.010499999858438969 0.19096256792545313
v -0.0008436689968220884 0.010499999858438969 0.19051414728164667
v -0.0008436689968220884 0.010499999858438969 0.19051414728164667
v 0.0036054740194231246 0.010499999858438969 0.19076125323772425
v -0.015763230621814717 0.010499999858438969 0.23490460216999046
v -0.015763230621814717 0.010499999858438969 0.23490460216999046
v 0.0036054740194231246 0.010499999858438969 0.19076125323772425
v 0.0045762173831462825 0.010499999858438969 0.19099763035774225
v -0.015763230621814717 0.010499999858438969 0.23490460216999046
v 0.0045762173831462825 0.010499999858438969 0.19099763035774225
v 0.008171998895704741 0.010499999858438969 0.19187319278717035
v 0.0131239304319024 0.010499999858438969 0.1942987442016601
v 0.015763230621814717 0.010499999858438969 0.1960954070091247
v -0.015763230621814717 0.010499999858438969 0.23490460216999046
v -0.015763230621814717 0.010499999858438969 0.23490460216999046
v 0.015763230621814717 0.010499999858438969 0.1960954070091247
v 0.019003881141543374 0.010499999858438969 0.19925598800182337
v -0.015763230621814717 0.010499999858438969 0.23490460216999046
v 0.019003881141543374 0.010499999858438969 0.19925598800182337
v 0.019877938553690896 0.010499999858438969 0.20048566162586207
v 0.019877938553690896 0.010499999858438969 0.20048566162586207
v 0.021586967632174478 0.010499999858438969 0.20289002358913416
v -0.015763230621814717 0.010499999858438969 0.23490460216999046
v -0.015763230621814717 0.010499999858438969 0.23490460216999046
v 0.021586967632174478 0.010499999858438969 0.20289002358913416
v 0.023244706913828836 0.010499999858438969 0.20629763603210444
v -0.015763230621814717 0.010499999858438969 0.23490460216999046
v 0.023244706913828836 0.010499999858438969 0.20629763603210444
v 0.023958904668688757 0.010499999858438969 0.20868438482284538
v 0.024478984996676428 0.010499999858438969 0.21042241156101218
v 0.024985849857330305 0.010499999858438969 0.2146563380956649
v -0.015763230621814717 0.010499999858438969 0.23490460216999046
v -0.015763230621814717 0.010499999858438969 0.23490460216999046
v 0.024985849857330305 0.010499999858438969 0.2146563380956649
v 0.02481113560497759 0.010499999858438969 0.21780213713645927
v -0.015763230621814717 0.010499999858438969 0.23490460216999046
v 0.02481113560497759 0.010499999858438969 0.21780213713645927
v 0.024738751351833326 0.010499999858438969 0.21910546720027915
v 0.024738751351833326 0.010499999858438969 0.21910546720027915
v 0.023626800626516325 0.010499999858438969 0.22367200255393974
v -0.015763230621814717 0.010499999858438969 0.23490460216999046
v -0.015763230621814717 0.010499999858438969 0.23490460216999046
v 0.023626800626516325 0.010499999858438969 0.22367200255393974
v 0.022304095327854143 0.010499999858438969 0.22660969197750083
v -0.015763230621814717 0.010499999858438969 0.23490460216999046
v 0.022304095327854143 0.010499999858438969 0.22660969197750083
v 0.021779915317893014 0.010499999858438969 0.22777388989925376
v 0.0126099744811654 0.010499999858438969 0.2370869666337966
v 0.009202367626130574 0.010499999858438969 0.23874470591545097
v -0.009010937064886088 0.010499999858438969 0.23876854777336112
v -0.022315274924039827 0.010499999858438969 0.2266124039888381
v -0.023244706913828836 0.010499999858438969 0.22470237314701072
v -0.013132474385201922 0.010499999858438969 0.1942844241857528
v -0.013132474385201922 0.010499999858438969 0.1942844241857528
v -0.023244706913828836 0.010499999858438969 0.22470237314701072
v -0.024478986859321577 0.010499999858438969 0.22057756781578056
v -0.013132474385201922 0.010499999858438969 0.1942844241857528
v -0.024478986859321577 0.010499999858438969 0.22057756781578056
v -0.024811867624521238 0.010499999858438969 0.2177969515323638
v 0.009202367626130574 0.010499999858438969 0.23874470591545097
v 0.009026693180203433 0.010499999858438969 0.23879727721214286
v -0.009010937064886088 0.010499999858438969 0.23876854777336112
v -0.009010937064886088 0.010499999858438969 0.23876854777336112
v 0.009026693180203433 0.010499999858438969 0.23879727721214286
v 0.005077582783997055 0.010499999858438969 0.23997898399829856
v -0.009010937064886088 0.010499999858438969 0.23876854777336112
v 0.005077582783997055 0.010499999858438969 0.23997898399829856
v 0.0008476271177642042 0.010499999858438969 0.24048569798469535
v -0.024811867624521238 0.010499999858438969 0.2177969515323638
v -0.024985849857330305 0.010499999858438969 0.21634365618228904
v -0.013132474385201922 0.010499999858438969 0.1942844241857528
v -0.013132474385201922 0.010499999858438969 0.1942844241857528
v -0.024985849857330305 0.010499999858438969 0.21634365618228904
v -0.024738749489188177 0.010499999858438969 0.2118945121765136
v -0.013132474385201922 0.010499999858438969 0.1942844241857528
v -0.024738749489188177 0.010499999858438969 0.2118945121765136
v -0.023956069722771627 0.010499999858438969 0.20868024230003349
v -0.016244010999798764 0.010499999858438969 0.19649611413478846
v -0.013132474385201922 0.010499999858438969 0.1942844241857528
v -0.01940459571778773 0.010499999858438969 0.19973677396774286
v -0.01940459571778773 0.010499999858438969 0.19973677396774286
v -0.013132474385201922 0.010499999858438969 0.1942844241857528
v -0.01990183629095553 0.010499999858438969 0.20046721398830408
v -0.012533955276012412 0.010499999858438969 0.23713123798370353
v 0.016799964010715474 0.010499999858438969 0.23393385112285606
v -0.009010937064886088 0.010499999858438969 0.23876854777336112
v -0.009010937064886088 0.010499999858438969 0.23876854777336112
v 0.016799964010715474 0.010499999858438969 0.23393385112285606
v 0.016244010999798764 0.010499999858438969 0.2345038801431655
v -0.009010937064886088 0.010499999858438969 0.23876854777336112
v 0.016244010999798764 0.010499999858438969 0.2345038801431655
v 0.0126099744811654 0.010499999858438969 0.2370869666337966
v 0.0008476271177642042 0.010499999858438969 0.24048569798469535
v 0.0 0.010499999858438969 0.24050000309944145
v -0.009010937064886088 0.010499999858438969 0.23876854777336112
v -0.009010937064886088 0.010499999858438969 0.23876854777336112
v 0.0 0.010499999858438969 0.24050000309944145
v -0.004345960915088651 0.010499999858438969 0.2401193678379058
v -0.009010937064886088 0.010499999858438969 0.23876854777336112
v -0.004345960915088651 0.010499999858438969 0.2401193678379058
v -0.008454618975520129 0.010499999858438969 0.23902709782123557
v -0.023956069722771627 0.010499999858438969 0.20868024230003349
v -0.023626796901226026 0.010499999858438969 0.20732799172401423
v -0.013132474385201922 0.010499999858438969 0.1942844241857528
v -0.013132474385201922 0.010499999858438969 0.1942844241857528
v -0.023626796901226026 0.010499999858438969 0.20732799172401423
v -0.021779909729957567 0.010499999858438969 0.2032261043787002
v -0.013132474385201922 0.010499999858438969 0.1942844241857528
v -0.021779909729957567 0.010499999858438969 0.2032261043787002
v -0.01990183629095553 0.010499999858438969 0.20046721398830408
v -0.027747571468353254 0.062081173062324524 0.008383625186979767
v -0.02774014323949812 0.06197495013475418 0.008383625186979767
v -0.02947256527841089 0.06120298430323601 0.012963119894266125
v -0.02947256527841089 0.06120298430323601 0.012963119894266125
v -0.02774014323949812 0.06197495013475418 0.008383625186979767
v -0.030803781002759913 0.06041283905506134 0.016517369076609605
v -0.02947256527841089 0.06120298430323601 0.012963119894266125
v -0.030803781002759913 0.06041283905506134 0.016517369076609605
v -0.03081137128174303 0.06052139773964882 0.016517369076609605
v -0.03081137128174303 0.06052139773964882 0.016517369076609605
v -0.030803781002759913 0.06041283905506134 0.016517369076609605
v -0.033867422491312006 0.0588507242500782 0.024651125073432915
v -0.03081137128174303 0.06052139773964882 0.016517369076609605
v -0.033867422491312006 0.0588507242500782 0.024651125073432915
v -0.033875174820423105 0.058961618691682816 0.024651125073432915
v -0.03824623301625249 0.05622477829456329 0.024651125073432915
v -0.033875174820423105 0.058961618691682816 0.024651125073432915
v -0.03702393174171445 0.05691816657781601 0.024651125073432915
v -0.03702393174171445 0.05691816657781601 0.024651125073432915
v -0.033875174820423105 0.058961618691682816 0.024651125073432915
v -0.033867422491312006 0.0588507242500782 0.024651125073432915
v -0.03702393174171445 0.05691816657781601 0.024651125073432915
v -0.03848312795162198 0.05591142922639847 0.024651125073432915
v -0.03824623301625249 0.05622477829456329 0.024651125073432915
v -0.03824623301625249 0.05622477829456329 0.024651125073432915
v -0.03848312795162198 0.05591142922639847 0.024651125073432915
v -0.040066014975309344 0.05481935665011406 0.024651125073432915
v -0.03824623301625249 0.05622477829456329 0.024651125073432915
v -0.040066014975309344 0.05481935665011406 0.024651125073432915
v -0.04239730536937711 0.053164541721343994 0.024651125073432915
v -0.04239730536937711 0.053164541721343994 0.024651125073432915
v -0.040066014975309344 0.05481935665011406 0.024651125073432915
v -0.0428734980523586 0.05265238136053085 0.024651125073432915
v -0.04239730536937711 0.053164541721343994 0.024651125073432915
v -0.0428734980523586 0.05265238136053085 0.024651125073432915
v -0.04288202896714208 0.052774347364902496 0.024651125073432915
v -0.04798314720392224 0.0480419360101223 0.008383625186979767
v -0.047992378473281826 0.048173971474170685 0.008383625186979767
v -0.04543719813227651 0.05047416314482689 0.016517391428351395
v -0.04798314720392224 0.0480419360101223 0.008383625186979767
v -0.04543719813227651 0.05047416314482689 0.016517391428351395
v -0.045428317040204974 0.050347164273262024 0.016517391428351395
v -0.045428317040204974 0.050347164273262024 0.016517391428351395
v -0.04543719813227651 0.05047416314482689 0.016517391428351395
v -0.04288202896714208 0.052774347364902496 0.024651125073432915
v -0.045428317040204974 0.050347164273262024 0.016517391428351395
v -0.04288202896714208 0.052774347364902496 0.024651125073432915
v -0.0428734980523586 0.05265238136053085 0.024651125073432915
v -0.047992378473281826 0.048173971474170685 0.008383625186979767
v -0.04798314720392224 0.0480419360101223 0.008383625186979767
v -0.043561048805713626 0.05221527814865112 0.008383625186979767
v -0.043561048805713626 0.05221527814865112 0.008383625186979767
v -0.04798314720392224 0.0480419360101223 0.008383625186979767
v -0.04355243965983388 0.05209217965602875 0.008383625186979767
v -0.042618926614522906 0.05285865440964699 0.011237941682338711
v -0.0426274240016937 0.0529802106320858 0.011237941682338711
v -0.04309423640370366 0.05259774252772331 0.009810783900320526
v -0.042618926614522906 0.05285865440964699 0.011237941682338711
v -0.04309423640370366 0.05259774252772331 0.009810783900320526
v -0.04308568313717839 0.05247541517019272 0.009810783900320526
v -0.04308568313717839 0.05247541517019272 0.009810783900320526
v -0.04309423640370366 0.05259774252772331 0.009810783900320526
v -0.043561048805713626 0.05221527814865112 0.008383625186979767
v -0.04308568313717839 0.05247541517019272 0.009810783900320526
v -0.043561048805713626 0.05221527814865112 0.008383625186979767
v -0.04355243965983388 0.05209217965602875 0.008383625186979767
v -0.0426274240016937 0.0529802106320858 0.011237941682338711
v -0.042618926614522906 0.05285865440964699 0.011237941682338711
v -0.04239730536937711 0.053164541721343994 0.011237941682338711
v -0.04239730536937711 0.053164541721343994 0.011237941682338711
v -0.042618926614522906 0.05285865440964699 0.011237941682338711
v -0.039676114916801425 0.055102162063121796 0.011237941682338711
v -0.04239730536937711 0.053164541721343994 0.011237941682338711
v -0.039676114916801425 0.055102162063121796 0.011237941682338711
v -0.03838148340582845 0.05613253638148308 0.011237941682338711
v -0.03415090590715406 0.058686673641204834 0.011237941682338711
v -0.03415868058800695 0.05879782885313034 0.011237941682338711
v -0.036618910729885074 0.05717945843935013 0.011237941682338711
v -0.036618910729885074 0.05717945843935013 0.011237941682338711
v -0.03415868058800695 0.05879782885313034 0.011237941682338711
v -0.03838148340582845 0.05613253638148308 0.011237941682338711
v -0.036618910729885074 0.05717945843935013 0.011237941682338711
v -0.03838148340582845 0.05613253638148308 0.011237941682338711
v -0.038483895361423465 0.05591224506497383 0.011237941682338711
v -0.038483895361423465 0.05591224506497383 0.011237941682338711
v -0.03838148340582845 0.05613253638148308 0.011237941682338711
v -0.039676114916801425 0.055102162063121796 0.011237941682338711
v -0.03310199826955793 0.05928463116288185 0.008383625186979767
v -0.03310970589518545 0.05939484387636185 0.008383625186979767
v -0.0336341932415962 0.059096336364746094 0.009810783900320526
v -0.03310199826955793 0.05928463116288185 0.008383625186979767
v -0.0336341932415962 0.059096336364746094 0.009810783900320526
v -0.033626452088356 0.05898565426468849 0.009810783900320526
v -0.033626452088356 0.05898565426468849 0.009810783900320526
v -0.0336341932415962 0.059096336364746094 0.009810783900320526
v -0.03415868058800695 0.05879782885313034 0.011237941682338711
v -0.033626452088356 0.05898565426468849 0.009810783900320526
v -0.03415868058800695 0.05879782885313034 0.011237941682338711
v -0.03415090590715406 0.058686673641204834 0.011237941682338711
v -0.03310970589518545 0.05939484387636185 0.008383625186979767
v -0.03310199826955793 0.05928463116288185 0.008383625186979767
v -0.029504094272851923 0.06126588210463524 0.008383625186979767
v -0.029504094272851923 0.06126588210463524 0.008383625186979767
v -0.03310199826955793 0.05928463116288185 0.008383625186979767
v -0.02774014323949812 0.06197495013475418 0.008383625186979767
v -0.029504094272851923 0.06126588210463524 0.008383625186979767
v -0.02774014323949812 0.06197495013475418 0.008383625186979767
v -0.027747571468353254 0.062081173062324524 0.008383625186979767
v 0.043561048805713626 -0.05221527814865112 0.008383625186979767
v 0.04355243965983388 -0.05209217965602875 0.008383625186979767
v 0.04308568313717839 -0.05247541517019272 0.009810783900320526
v 0.043561048805713626 -0.05221527814865112 0.008383625186979767
v 0.04308568313717839 -0.05247541517019272 0.009810783900320526
v 0.04309423640370366 -0.05259774252772331 0.009810783900320526
v 0.04309423640370366 -0.05259774252772331 0.009810783900320526
v 0.04308568313717839 -0.05247541517019272 0.009810783900320526
v 0.042618926614522906 -0.05285865440964699 0.011237941682338711
v 0.04309423640370366 -0.05259774252772331 0.009810783900320526
v 0.042618926614522906 -0.05285865440964699 0.011237941682338711
v 0.0426274240016937 -0.0529802106320858 0.011237941682338711
v 0.0426274240016937 -0.0529802106320858 0.011237941682338711
v 0.042618926614522906 -0.05285865440964699 0.011237941682338711
v 0.04239730536937711 -0.053164541721343994 0.011237941682338711
v 0.04239730536937711 -0.053164541721343994 0.011237941682338711
v 0.042618926614522906 -0.05285865440964699 0.011237941682338711
v 0.039676114916801425 -0.055102162063121796 0.011237941682338711
v 0.04239730536937711 -0.053164541721343994 0.011237941682338711
v 0.039676114916801425 -0.055102162063121796 0.011237941682338711
v 0.03838148340582845 -0.05613253638148308 0.011237941682338711
v 0.03415090590715406 -0.058686673641204834 0.011237941682338711
v 0.03415868058800695 -0.05879782885313034 0.011237941682338711
v 0.036618910729885074 -0.05717945843935013 0.011237941682338711
v 0.036618910729885074 -0.05717945843935013 0.011237941682338711
v 0.03415868058800695 -0.05879782885313034 0.011237941682338711
v 0.03838148340582845 -0.05613253638148308 0.011237941682338711
v 0.036618910729885074 -0.05717945843935013 0.011237941682338711
v 0.03838148340582845 -0.05613253638148308 0.011237941682338711
v 0.038483895361423465 -0.05591224506497383 0.011237941682338711
v 0.038483895361423465 -0.05591224506497383 0.011237941682338711
v 0.03838148340582845 -0.05613253638148308 0.011237941682338711
v 0.039676114916801425 -0.055102162063121796 0.011237941682338711
v 0.03415868058800695 -0.05879782885313034 0.011237941682338711
v 0.03415090590715406 -0.058686673641204834 0.011237941682338711
v 0.033626452088356 -0.05898565426468849 0.009810783900320526
v 0.03415868058800695 -0.05879782885313034 0.011237941682338711
v 0.033626452088356 -0.05898565426468849 0.009810783900320526
v 0.0336341932415962 -0.059096336364746094 0.009810783900320526
v 0.0336341932415962 -0.059096336364746094 0.009810783900320526
v 0.033626452088356 -0.05898565426468849 0.009810783900320526
v 0.03310199826955793 -0.05928463116288185 0.008383625186979767
v 0.0336341932415962 -0.059096336364746094 0.009810783900320526
v 0.03310199826955793 -0.05928463116288185 0.008383625186979767
v 0.03310970589518545 -0.05939484387636185 0.008383625186979767
v 0.03310970589518545 -0.05939484387636185 0.008383625186979767
v 0.03310199826955793 -0.05928463116288185 0.008383625186979767
v 0.029504094272851923 -0.06126588210463524 0.008383625186979767
v 0.029504094272851923 -0.06126588210463524 0.008383625186979767
v 0.03310199826955793 -0.05928463116288185 0.008383625186979767
v 0.02774014323949812 -0.06197495013475418 0.008383625186979767
v 0.029504094272851923 -0.06126588210463524 0.008383625186979767
v 0.02774014323949812 -0.06197495013475418 0.008383625186979767
v 0.027747571468353254 -0.062081173062324524 0.008383625186979767
v 0.027747571468353254 -0.062081173062324524 0.008383625186979767
v 0.02774014323949812 -0.06197495013475418 0.008383625186979767
v 0.02947256527841089 -0.06120298430323601 0.012963119894266125
v 0.02947256527841089 -0.06120298430323601 0.012963119894266125
v 0.02774014323949812 -0.06197495013475418 0.008383625186979767
v 0.03080378659069536 -0.06041283532977104 0.016517385840415948
v 0.02947256527841089 -0.06120298430323601 0.012963119894266125
v 0.03080378659069536 -0.06041283532977104 0.016517385840415948
v 0.030811378732323626 -0.06052139401435852 0.016517385840415948
v 0.030811378732323626 -0.06052139401435852 0.016517385840415948
v 0.03080378659069536 -0.06041283532977104 0.016517385840415948
v 0.033867422491312006 -0.0588507242500782 0.024651125073432915
v 0.030811378732323626 -0.06052139401435852 0.016517385840415948
v 0.033867422491312006 -0.0588507242500782 0.024651125073432915
v 0.033875174820423105 -0.058961618691682816 0.024651125073432915
v 0.03824623301625249 -0.05622477829456329 0.024651125073432915
v 0.033875174820423105 -0.058961618691682816 0.024651125073432915
v 0.03702393174171445 -0.05691816657781601 0.024651125073432915
v 0.03702393174171445 -0.05691816657781601 0.024651125073432915
v 0.033875174820423105 -0.058961618691682816 0.024651125073432915
v 0.033867422491312006 -0.0588507242500782 0.024651125073432915
v 0.03702393174171445 -0.05691816657781601 0.024651125073432915
v 0.03848312795162198 -0.05591142922639847 0.024651125073432915
v 0.03824623301625249 -0.05622477829456329 0.024651125073432915
v 0.03824623301625249 -0.05622477829456329 0.024651125073432915
v 0.03848312795162198 -0.05591142922639847 0.024651125073432915
v 0.040066014975309344 -0.05481935665011406 0.024651125073432915
v 0.03824623301625249 -0.05622477829456329 0.024651125073432915
v 0.040066014975309344 -0.05481935665011406 0.024651125073432915
v 0.04239730536937711 -0.053164541721343994 0.024651125073432915
v 0.04239730536937711 -0.053164541721343994 0.024651125073432915
v 0.040066014975309344 -0.05481935665011406 0.024651125073432915
v 0.0428734980523586 -0.05265238136053085 0.024651125073432915
v 0.04239730536937711 -0.053164541721343994 0.024651125073432915
v 0.0428734980523586 -0.05265238136053085 0.024651125073432915
v 0.04288202896714208 -0.052774347364902496 0.024651125073432915
v 0.04288202896714208 -0.052774347364902496 0.024651125073432915
v 0.0428734980523586 -0.05265238136053085 0.024651125073432915
v 0.04542832449078557 -0.05034715309739113 0.016517363488674157
v 0.04288202896714208 -0.052774347364902496 0.024651125073432915
v 0.04542832449078557 -0.05034715309739113 0.016517363488674157
v 0.045437205582857104 -0.05047415569424629 0.016517363488674157
v 0.045437205582857104 -0.05047415569424629 0.016517363488674157
v 0.04542832449078557 -0.05034715309739113 0.016517363488674157
v 0.04798314720392224 -0.0480419360101223 0.008383625186979767
v 0.045437205582857104 -0.05047415569424629 0.016517363488674157
v 0.04798314720392224 -0.0480419360101223 0.008383625186979767
v 0.047992378473281826 -0.048173971474170685 0.008383625186979767
v 0.04355243965983388 -0.05209217965602875 0.008383625186979767
v 0.043561048805713626 -0.05221527814865112 0.008383625186979767
v 0.04798314720392224 -0.0480419360101223 0.008383625186979767
v 0.04798314720392224 -0.0480419360101223 0.008383625186979767
v 0.043561048805713626 -0.05221527814865112 0.008383625186979767
v 0.047992378473281826 -0.048173971474170685 0.008383625186979767
v 0.020235018804669366 -0.06481476873159409 0.024651125073432915
v 0.020242186263203607 -0.06491728127002716 0.024651125073432915
v 0.016833659261465062 -0.06578943133354187 0.02166274189949035
v 0.013425126671791068 -0.06666158139705658 0.018674353137612336
v 0.013418093323707572 -0.06656098365783691 0.018674353137612336
v 0.015114826150238504 -0.06622923165559769 0.02015577629208564
v 0.015114826150238504 -0.06622923165559769 0.02015577629208564
v 0.013418093323707572 -0.06656098365783691 0.018674353137612336
v 0.01675512082874774 -0.06570617854595184 0.02160010859370231
v 0.015114826150238504 -0.06622923165559769 0.02015577629208564
v 0.01675512082874774 -0.06570617854595184 0.02160010859370231
v 0.016833659261465062 -0.06578943133354187 0.02166274189949035
v 0.016833659261465062 -0.06578943133354187 0.02166274189949035
v 0.01675512082874774 -0.06570617854595184 0.02160010859370231
v 0.016826558858156194 -0.0656878724694252 0.02166274189949035
v 0.016833659261465062 -0.06578943133354187 0.02166274189949035
v 0.016826558858156194 -0.0656878724694252 0.02166274189949035
v 0.020235018804669366 -0.06481476873159409 0.024651125073432915
v 0.020242186263203607 -0.06491728127002716 0.024651125073432915
v 0.020235018804669366 -0.06481476873159409 0.024651125073432915
v 0.027119515463709814 -0.06235809251666069 0.024651125073432915
v 0.027119515463709814 -0.06235809251666069 0.024651125073432915
v 0.020235018804669366 -0.06481476873159409 0.024651125073432915
v 0.02711211517453192 -0.06225225329399109 0.024651125073432915
v 0.017741182819008817 -0.06554128974676132 0.016697179526090615
v 0.01774829253554343 -0.06564296036958694 0.016697179526090615
v 0.020183207467198358 -0.06493564695119858 0.018726428970694535
v 0.017741182819008817 -0.06554128974676132 0.016697179526090615
v 0.020183207467198358 -0.06493564695119858 0.018726428970694535
v 0.022443594411015497 -0.0639890655875206 0.0206615924835205
v 0.022443594411015497 -0.0639890655875206 0.0206615924835205
v 0.020183207467198358 -0.06493564695119858 0.018726428970694535
v 0.022449964657425867 -0.06409331411123276 0.020662594586610787
v 0.022443594411015497 -0.0639890655875206 0.0206615924835205
v 0.022449964657425867 -0.06409331411123276 0.020662594586610787
v 0.024762826040387136 -0.06322351098060608 0.022616842761635773
v 0.024762826040387136 -0.06322351098060608 0.022616842761635773
v 0.022449964657425867 -0.06409331411123276 0.020662594586610787
v 0.027119515463709814 -0.06235809251666069 0.024651125073432915
v 0.024762826040387136 -0.06322351098060608 0.022616842761635773
v 0.027119515463709814 -0.06235809251666069 0.024651125073432915
v 0.02711211517453192 -0.06225225329399109 0.024651125073432915
v 0.02711211517453192 -0.06225225329399109 0.008383625186979767
v 0.027119515463709814 -0.06235809251666069 0.008383625186979767
v 0.024775860831141455 -0.06332580000162125 0.010504631325602528
v 0.02711211517453192 -0.06225225329399109 0.008383625186979767
v 0.024775860831141455 -0.06332580000162125 0.010504631325602528
v 0.02244329825043677 -0.06398975849151611 0.012552101165056225
v 0.02244329825043677 -0.06398975849151611 0.012552101165056225
v 0.024775860831141455 -0.06332580000162125 0.010504631325602528
v 0.022451328113675104 -0.064092256128788 0.01255296170711517
v 0.02244329825043677 -0.06398975849151611 0.012552101165056225
v 0.022451328113675104 -0.064092256128788 0.01255296170711517
v 0.020182166248559938 -0.06483124196529388 0.014570913277566428
v 0.020182166248559938 -0.06483124196529388 0.014570913277566428
v 0.022451328113675104 -0.064092256128788 0.01255296170711517
v 0.01774829253554343 -0.06564296036958694 0.016697179526090615
v 0.020182166248559938 -0.06483124196529388 0.014570913277566428
v 0.01774829253554343 -0.06564296036958694 0.016697179526090615
v 0.017741182819008817 -0.06554128974676132 0.016697179526090615
v 0.027119515463709814 -0.06235809251666069 0.008383625186979767
v 0.02711211517453192 -0.06225225329399109 0.008383625186979767
v 0.020242186263203607 -0.06491728127002716 0.008383625186979767
v 0.020242186263203607 -0.06491728127002716 0.008383625186979767
v 0.02711211517453192 -0.06225225329399109 0.008383625186979767
v 0.020235018804669366 -0.06481476873159409 0.008383625186979767
v 0.0132805136963725 -0.06658857315778732 0.014630025252699847
v 0.013287545181810847 -0.0666891410946846 0.014630025252699847
v 0.015113561414182176 -0.06622391939163208 0.012989965267479416
v 0.0132805136963725 -0.06658857315778732 0.014630025252699847
v 0.015113561414182176 -0.06622391939163208 0.012989965267479416
v 0.016754280775785436 -0.06570255756378174 0.011509954929351803
v 0.016754280775785436 -0.06570255756378174 0.011509954929351803
v 0.015113561414182176 -0.06622391939163208 0.012989965267479416
v 0.016764866188168515 -0.06580321490764618 0.011506825685501095
v 0.016754280775785436 -0.06570255756378174 0.011509954929351803
v 0.016764866188168515 -0.06580321490764618 0.011506825685501095
v 0.016757765784859647 -0.0657016709446907 0.011506825685501095
v 0.016757765784859647 -0.0657016709446907 0.011506825685501095
v 0.016764866188168515 -0.06580321490764618 0.011506825685501095
v 0.020242186263203607 -0.06491728127002716 0.008383625186979767
v 0.016757765784859647 -0.0657016709446907 0.011506825685501095
v 0.020242186263203607 -0.06491728127002716 0.008383625186979767
v 0.020235018804669366 -0.06481476873159409 0.008383625186979767
v 0.013287545181810847 -0.0666891410946846 0.014630025252699847
v 0.0132805136963725 -0.06658857315778732 0.014630025252699847
v 0.011033477261662476 -0.06709890067577362 0.014630025252699847
v 0.011033477261662476 -0.06709890067577362 0.014630025252699847
v 0.0132805136963725 -0.06658857315778732 0.014630025252699847
v 0.011026471853256219 -0.06699870526790619 0.014630025252699847
v 0.011033477261662476 -0.06709890067577362 0.014630025252699847
v 0.011026471853256219 -0.06699870526790619 0.014630025252699847
v 0.011033477261662476 -0.06709890067577362 0.008383625186979767
v 0.011033477261662476 -0.06709890067577362 0.008383625186979767
v 0.011026471853256219 -0.06699870526790619 0.014630025252699847
v 0.011026471853256219 -0.06699870526790619 0.008383625186979767
v 0.011033477261662476 -0.06709890067577362 0.008383625186979767
v 0.011026471853256219 -0.06699870526790619 0.008383625186979767
v 0.005884490907192226 -0.0677449107170105 0.008383625186979767
v 0.005884490907192226 -0.0677449107170105 0.008383625186979767
v 0.011026471853256219 -0.06699870526790619 0.008383625186979767
v 0.005877514369785781 -0.06764513999223709 0.008383625186979767
v 0.005884490907192226 -0.0677449107170105 0.008383625186979767
v 0.005877514369785781 -0.06764513999223709 0.008383625186979767
v 0.005884490907192226 -0.0677449107170105 0.024651125073432915
v 0.005884490907192226 -0.0677449107170105 0.024651125073432915
v 0.005877514369785781 -0.06764513999223709 0.008383625186979767
v 0.005877514369785781 -0.06764513999223709 0.024651125073432915
v 0.005884490907192226 -0.0677449107170105 0.024651125073432915
v 0.005877514369785781 -0.06764513999223709 0.024651125073432915
v 0.011033478192985051 -0.06709890067577362 0.024651125073432915
v 0.011033478192985051 -0.06709890067577362 0.024651125073432915
v 0.005877514369785781 -0.06764513999223709 0.024651125073432915
v 0.011026471853256219 -0.06699870526790619 0.024651125073432915
v 0.011033478192985051 -0.06709890067577362 0.024651125073432915
v 0.011026471853256219 -0.06699870526790619 0.024651125073432915
v 0.011033478192985051 -0.06709890067577362 0.018674353137612336
v 0.011033478192985051 -0.06709890067577362 0.018674353137612336
v 0.011026471853256219 -0.06699870526790619 0.024651125073432915
v 0.011026471853256219 -0.06699870526790619 0.018674353137612336
v 0.011033478192985051 -0.06709890067577362 0.018674353137612336
v 0.011026471853256219 -0.06699870526790619 0.018674353137612336
v 0.013425126671791068 -0.06666158139705658 0.018674353137612336
v 0.013425126671791068 -0.06666158139705658 0.018674353137612336
v 0.011026471853256219 -0.06699870526790619 0.018674353137612336
v 0.013418093323707572 -0.06656098365783691 0.018674353137612336
v -0.009275948628783219 -0.06736435741186142 0.008082238025963303
v -0.005581211764365431 -0.0677705705165863 0.008082238025963303
v -0.00558826886117458 -0.06766964495182037 0.008082238025963303
v -0.00558826886117458 -0.06766964495182037 0.008082238025963303
v -0.009284378029406064 -0.06726224720478058 0.008082238025963303
v -0.009275948628783219 -0.06736435741186142 0.008082238025963303
v -0.009275948628783219 -0.06736435741186142 0.008082238025963303
v -0.009284378029406064 -0.06726224720478058 0.008082238025963303
v -0.01112144906073808 -0.06698300689458847 0.008082238025963303
v -0.009275948628783219 -0.06736435741186142 0.008082238025963303
v -0.01112144906073808 -0.06698300689458847 0.008082238025963303
v -0.01294296979904174 -0.06675686687231064 0.008082238025963303
v -0.01294296979904174 -0.06675686687231064 0.008082238025963303
v -0.01112144906073808 -0.06698300689458847 0.008082238025963303
v -0.012950191274285308 -0.06665360182523727 0.008082238025963303
v -0.01294296979904174 -0.06675686687231064 0.008082238025963303
v -0.012950191274285308 -0.06665360182523727 0.008082238025963303
v -0.015129964798688878 -0.0662882924079895 0.008284149691462513
v -0.015129964798688878 -0.0662882924079895 0.008284149691462513
v -0.012950191274285308 -0.06665360182523727 0.008082238025963303
v -0.015158616006374349 -0.06618630141019821 0.00823599379509687
v -0.015129964798688878 -0.0662882924079895 0.008284149691462513
v -0.015158616006374349 -0.06618630141019821 0.00823599379509687
v -0.015543844550847997 -0.06619961559772491 0.008322360925376412
v -0.015543844550847997 -0.06619961559772491 0.008322360925376412
v -0.015158616006374349 -0.06618630141019821 0.00823599379509687
v -0.016623347997665395 -0.06582877784967422 0.008758792653679844
v -0.015543844550847997 -0.06619961559772491 0.008322360925376412
v -0.016623347997665395 -0.06582877784967422 0.008758792653679844
v -0.016590679064393033 -0.0659366324543953 0.008801460266113278
v -0.016590679064393033 -0.0659366324543953 0.008801460266113278
v -0.016623347997665395 -0.06582877784967422 0.008758792653679844
v -0.01703963801264762 -0.06572716683149338 0.008907375857233998
v -0.016590679064393033 -0.0659366324543953 0.008801460266113278
v -0.01703963801264762 -0.06572716683149338 0.008907375857233998
v -0.01758786104619502 -0.06568612903356552 0.009257835336029526
v -0.01758786104619502 -0.06568612903356552 0.009257835336029526
v -0.01703963801264762 -0.06572716683149338 0.008907375857233998
v -0.01857579499483107 -0.06530964374542236 0.010170434601604935
v -0.01758786104619502 -0.06568612903356552 0.009257835336029526
v -0.01857579499483107 -0.06530964374542236 0.010170434601604935
v -0.018702223896980272 -0.06537623703479767 0.010395948775112625
v -0.018702223896980272 -0.06537623703479767 0.010395948775112625
v -0.01857579499483107 -0.06530964374542236 0.010170434601604935
v -0.018694385886192308 -0.06527505069971085 0.010393329896032807
v -0.018702223896980272 -0.06537623703479767 0.010395948775112625
v -0.018694385886192308 -0.06527505069971085 0.010393329896032807
v -0.01884767413139342 -0.06533578783273697 0.010544499382376667
v -0.01884767413139342 -0.06533578783273697 0.010544499382376667
v -0.018694385886192308 -0.06527505069971085 0.010393329896032807
v -0.019456610083580003 -0.06505267322063446 0.011825954541563984
v -0.01884767413139342 -0.06533578783273697 0.010544499382376667
v -0.019456610083580003 -0.06505267322063446 0.011825954541563984
v -0.019555136561393724 -0.06512754410505295 0.012277327477931973
v -0.019555136561393724 -0.06512754410505295 0.012277327477931973
v -0.019456610083580003 -0.06505267322063446 0.011825954541563984
v -0.0195315796881914 -0.06503010541200638 0.012546737678349015
v -0.019555136561393724 -0.06512754410505295 0.012277327477931973
v -0.0195315796881914 -0.06503010541200638 0.012546737678349015
v -0.019573790952563272 -0.06512191891670227 0.0125409597530961
v -0.019573790952563272 -0.06512191891670227 0.0125409597530961
v -0.0195315796881914 -0.06503010541200638 0.012546737678349015
v -0.019688250496983514 -0.06498294323682785 0.014052990823984141
v -0.019573790952563272 -0.06512191891670227 0.0125409597530961
v -0.019688250496983514 -0.06498294323682785 0.014052990823984141
v -0.019680786877870546 -0.06508968025445938 0.014052990823984141
v -0.019680786877870546 -0.06508968025445938 0.014052990823984141
v -0.019688250496983514 -0.06498294323682785 0.014052990823984141
v -0.019680786877870546 -0.06508968025445938 0.02465102076530456
v -0.019680786877870546 -0.06508968025445938 0.02465102076530456
v -0.019688250496983514 -0.06498294323682785 0.014052990823984141
v -0.019688250496983514 -0.06498294323682785 0.02465102076530456
v -0.019680786877870546 -0.06508968025445938 0.02465102076530456
v -0.019688250496983514 -0.06498294323682785 0.02465102076530456
v -0.015131423249840726 -0.0662950947880745 0.02465102076530456
v -0.015131423249840726 -0.0662950947880745 0.02465102076530456
v -0.019688250496983514 -0.06498294323682785 0.02465102076530456
v -0.014667214825749387 -0.06629692763090134 0.02465102076530456
v -0.015131423249840726 -0.0662950947880745 0.02465102076530456
v -0.014667214825749387 -0.06629692763090134 0.02465102076530456
v -0.014659940265119065 -0.06640095263719559 0.02465102076530456
v -0.014659940265119065 -0.06640095263719559 0.02465102076530456
v -0.014667214825749387 -0.06629692763090134 0.02465102076530456
v -0.014659940265119065 -0.06640095263719559 0.015130260027945036
v -0.014659940265119065 -0.06640095263719559 0.015130260027945036
v -0.014667214825749387 -0.06629692763090134 0.02465102076530456
v -0.014667214825749387 -0.06629692763090134 0.015130260027945036
v -0.01182375941425561 -0.06686261296272278 0.012257021851837632
v -0.011816569603979579 -0.06696543097496033 0.012257021851837632
v -0.012389790266752234 -0.06686029583215714 0.012300550937652584
v -0.01182375941425561 -0.06686261296272278 0.012257021851837632
v -0.012389790266752234 -0.06686029583215714 0.012300550937652584
v -0.012384613975882522 -0.06675706803798676 0.012356080114841458
v -0.012384613975882522 -0.06675706803798676 0.012356080114841458
v -0.012389790266752234 -0.06686029583215714 0.012300550937652584
v -0.0127175748348236 -0.06680017709732056 0.012325441464781758
v -0.012384613975882522 -0.06675706803798676 0.012356080114841458
v -0.0127175748348236 -0.06680017709732056 0.012325441464781758
v -0.01328876055777072 -0.0665869265794754 0.0125157693400979
v -0.01328876055777072 -0.0665869265794754 0.0125157693400979
v -0.0127175748348236 -0.06680017709732056 0.012325441464781758
v -0.013493027538061133 -0.06664631515741348 0.012692769989371296
v -0.01328876055777072 -0.0665869265794754 0.0125157693400979
v -0.013493027538061133 -0.06664631515741348 0.012692769989371296
v -0.01349588204175233 -0.06654427200555801 0.012679619714617726
v -0.01349588204175233 -0.06654427200555801 0.012679619714617726
v -0.013493027538061133 -0.06664631515741348 0.012692769989371296
v -0.013750223442912093 -0.06659527868032455 0.01281460281461477
v -0.01349588204175233 -0.06654427200555801 0.012679619714617726
v -0.013750223442912093 -0.06659527868032455 0.01281460281461477
v -0.01410093903541564 -0.06641967594623566 0.013158268295228476
v -0.01410093903541564 -0.06641967594623566 0.013158268295228476
v -0.013750223442912093 -0.06659527868032455 0.01281460281461477
v -0.014283848926424971 -0.06648232042789459 0.013503747992217536
v -0.01410093903541564 -0.06641967594623566 0.013158268295228476
v -0.014283848926424971 -0.06648232042789459 0.013503747992217536
v -0.014267256483435622 -0.0663837194442749 0.013505897484719748
v -0.014267256483435622 -0.0663837194442749 0.013505897484719748
v -0.014283848926424971 -0.06648232042789459 0.013503747992217536
v -0.014414910227060308 -0.06645457446575165 0.013673004694283003
v -0.014267256483435622 -0.0663837194442749 0.013505897484719748
v -0.014414910227060308 -0.06645457446575165 0.013673004694283003
v -0.014593100175261487 -0.06631328165531158 0.014186961576342577
v -0.014593100175261487 -0.06631328165531158 0.014186961576342577
v -0.014414910227060308 -0.06645457446575165 0.013673004694283003
v -0.014659940265119065 -0.06640095263719559 0.015130260027945036
v -0.014593100175261487 -0.06631328165531158 0.014186961576342577
v -0.014659940265119065 -0.06640095263719559 0.015130260027945036
v -0.014667214825749387 -0.06629692763090134 0.015130260027945036
v -0.006729136221110816 -0.06756573915481567 0.012257021851837632
v -0.006722059566527601 -0.0676669329404831 0.012257021851837632
v -0.009284378029406064 -0.06726224720478058 0.012257021851837632
v -0.009284378029406064 -0.06726224720478058 0.012257021851837632
v -0.006722059566527601 -0.0676669329404831 0.012257021851837632
v -0.011816569603979579 -0.06696543097496033 0.012257021851837632
v -0.009284378029406064 -0.06726224720478058 0.012257021851837632
v -0.011816569603979579 -0.06696543097496033 0.012257021851837632
v -0.01182375941425561 -0.06686261296272278 0.012257021851837632
v -0.0038389766123145793 -0.06779138743877411 0.015130260027945036
v -0.0038319451268762324 -0.06789194792509079 0.015130260027945036
v -0.003885689657181499 -0.06788887828588486 0.014487096108496184
v -0.0038389766123145793 -0.06779138743877411 0.015130260027945036
v -0.003885689657181499 -0.06788887828588486 0.014487096108496184
v -0.003948165103793142 -0.06778500229120255 0.014498878270387644
v -0.003948165103793142 -0.06778500229120255 0.014498878270387644
v -0.003885689657181499 -0.06788887828588486 0.014487096108496184
v -0.003912454936653373 -0.06788735091686249 0.01416679192334413
v -0.003948165103793142 -0.06778500229120255 0.014498878270387644
v -0.003912454936653373 -0.06788735091686249 0.01416679192334413
v -0.004091787151992318 -0.06777659803628922 0.013668382540345187
v -0.004091787151992318 -0.06777659803628922 0.013668382540345187
v -0.003912454936653373 -0.06788735091686249 0.01416679192334413
v -0.0043012537062168095 -0.06786347925662994 0.013387147337198252
v -0.004091787151992318 -0.06777659803628922 0.013668382540345187
v -0.0043012537062168095 -0.06786347925662994 0.013387147337198252
v -0.004306503571569917 -0.06776253879070282 0.013398853130638594
v -0.004306503571569917 -0.06776253879070282 0.013398853130638594
v -0.0043012537062168095 -0.06786347925662994 0.013387147337198252
v -0.004422429017722604 -0.06785603612661362 0.013144159689545626
v -0.004306503571569917 -0.06776253879070282 0.013398853130638594
v -0.004422429017722604 -0.06785603612661362 0.013144159689545626
v -0.004779326729476448 -0.0677315890789032 0.012805328704416748
v -0.004779326729476448 -0.0677315890789032 0.012805328704416748
v -0.004422429017722604 -0.06785603612661362 0.013144159689545626
v -0.005128734745085236 -0.06780574470758438 0.012599666602909562
v -0.004779326729476448 -0.0677315890789032 0.012805328704416748
v -0.005128734745085236 -0.06780574470758438 0.012599666602909562
v -0.0051467423327267135 -0.06770280003547668 0.01263654418289661
v -0.0051467423327267135 -0.06770280003547668 0.01263654418289661
v -0.005128734745085236 -0.06780574470758438 0.012599666602909562
v -0.005237710662186142 -0.06779798120260239 0.012515656650066372
v -0.0051467423327267135 -0.06770280003547668 0.01263654418289661
v -0.005237710662186142 -0.06779798120260239 0.012515656650066372
v -0.0058280448429286445 -0.06764941662549973 0.012323563918471333
v -0.0058280448429286445 -0.06764941662549973 0.012323563918471333
v -0.005237710662186142 -0.06779798120260239 0.012515656650066372
v -0.006722059566527601 -0.0676669329404831 0.012257021851837632
v -0.0058280448429286445 -0.06764941662549973 0.012323563918471333
v -0.006722059566527601 -0.0676669329404831 0.012257021851837632
v -0.006729136221110816 -0.06756573915481567 0.012257021851837632
v -0.0038319451268762324 -0.06789194792509079 0.015130260027945036
v -0.0038389766123145793 -0.06779138743877411 0.015130260027945036
v -0.0038319448940455888 -0.06789194792509079 0.02465102076530456
v -0.0038319448940455888 -0.06789194792509079 0.02465102076530456
v -0.0038389766123145793 -0.06779138743877411 0.015130260027945036
v -0.0038389766123145793 -0.06779138743877411 0.02465102076530456
v -0.0038319448940455888 -0.06789194792509079 0.02465102076530456
v -0.0038389766123145793 -0.06779138743877411 0.02465102076530456
v -1.2491397532409235e-17 -0.06800000369548798 0.02465102076530456
v -1.2491397532409235e-17 -0.06800000369548798 0.02465102076530456
v -0.0038389766123145793 -0.06779138743877411 0.02465102076530456
v 0.0013494596350938073 -0.0678865909576416 0.02465102076530456
v -1.2491397532409235e-17 -0.06800000369548798 0.02465102076530456
v 0.0013494596350938073 -0.0678865909576416 0.02465102076530456
v 0.0013564439723268143 -0.06798646599054337 0.02465102076530456
v 0.0013564439723268143 -0.06798646599054337 0.02465102076530456
v 0.0013494596350938073 -0.0678865909576416 0.02465102076530456
v 0.0013564439723268143 -0.06798646599054337 0.014052990823984141
v 0.0013564439723268143 -0.06798646599054337 0.014052990823984141
v 0.0013494596350938073 -0.0678865909576416 0.02465102076530456
v 0.0013494596350938073 -0.0678865909576416 0.014052990823984141
v -0.00558826886117458 -0.06766964495182037 0.008082238025963303
v -0.005581211764365431 -0.0677705705165863 0.008082238025963303
v -0.0033693201839923837 -0.06791530549526215 0.008236858993768689
v -0.00558826886117458 -0.06766964495182037 0.008082238025963303
v -0.0033693201839923837 -0.06791530549526215 0.008236858993768689
v -0.0033810045570135095 -0.06780847907066345 0.008281744085252282
v -0.0033810045570135095 -0.06780847907066345 0.008281744085252282
v -0.0033693201839923837 -0.06791530549526215 0.008236858993768689
v -0.003297684947028754 -0.06791999191045761 0.008241866715252396
v -0.0033810045570135095 -0.06780847907066345 0.008281744085252282
v -0.003297684947028754 -0.06791999191045761 0.008241866715252396
v -0.0029346048831939676 -0.06783655285835266 0.008322092704474923
v -0.0029346048831939676 -0.06783655285835266 0.008322092704474923
v -0.003297684947028754 -0.06791999191045761 0.008241866715252396
v -0.0014184834435582152 -0.06798520684242249 0.008894550614058968
v -0.0029346048831939676 -0.06783655285835266 0.008322092704474923
v -0.0014184834435582152 -0.06798520684242249 0.008894550614058968
v -0.0008269259706139559 -0.06789496541023254 0.009257748723030087
v -0.0008269259706139559 -0.06789496541023254 0.009257748723030087
v -0.0014184834435582152 -0.06798520684242249 0.008894550614058968
v -0.0006477168644778426 -0.0679922103881836 0.009499877691268917
v -0.0008269259706139559 -0.06789496541023254 0.009257748723030087
v -0.0006477168644778426 -0.0679922103881836 0.009499877691268917
v -0.0006259149522520597 -0.06789545714855194 0.00945605523884296
v -0.0006259149522520597 -0.06789545714855194 0.00945605523884296
v -0.0006477168644778426 -0.0679922103881836 0.009499877691268917
v 1.5090627414338077e-08 -0.06799809634685516 0.010008579120039936
v -0.0006259149522520597 -0.06789545714855194 0.00945605523884296
v 1.5090627414338077e-08 -0.06799809634685516 0.010008579120039936
v 0.0004917375044897195 -0.0678982213139534 0.010558664798736569
v 1.5090627414338077e-08 -0.06799809634685516 0.010008579120039936
v 0.00018234900198876847 -0.06799975782632828 0.010151776485145089
v 0.0004917375044897195 -0.0678982213139534 0.010558664798736569
v 0.0004917375044897195 -0.0678982213139534 0.010558664798736569
v 0.00018234900198876847 -0.06799975782632828 0.010151776485145089
v 0.0008216103306040162 -0.06799367815256119 0.011294140480458733
v 0.0004917375044897195 -0.0678982213139534 0.010558664798736569
v 0.0008216103306040162 -0.06799367815256119 0.011294140480458733
v 0.0008004725095815951 -0.06789432466030121 0.011289766989648339
v 0.0008004725095815951 -0.06789432466030121 0.011289766989648339
v 0.0008216103306040162 -0.06799367815256119 0.011294140480458733
v 0.0011106642195954912 -0.06799092888832092 0.011810681782662865
v 0.0008004725095815951 -0.06789432466030121 0.011289766989648339
v 0.0011106642195954912 -0.06799092888832092 0.011810681782662865
v 0.0012222711229696861 -0.06788899749517441 0.012288609519600865
v 0.0012222711229696861 -0.06788899749517441 0.012288609519600865
v 0.0011106642195954912 -0.06799092888832092 0.011810681782662865
v 0.0013564439723268143 -0.06798646599054337 0.014052990823984141
v 0.0012222711229696861 -0.06788899749517441 0.012288609519600865
v 0.0013564439723268143 -0.06798646599054337 0.014052990823984141
v 0.0013494596350938073 -0.0678865909576416 0.014052990823984141
v 0.024502342566847784 0.004576210398226976 0.0
v 0.02362688630819319 0.008171693421900272 0.0
v 0.06629509478807445 0.015131423249840736 0.0
v -0.02348546497523783 -0.008569462224841118 0.0
v -0.0612658821046352 -0.029504094272851944 0.0
v -0.024597883224487287 -0.004465878009796143 0.0
v -0.024597883224487287 -0.004465878009796143 0.0
v -0.0612658821046352 -0.029504094272851944 0.0
v -0.06629509478807445 -0.015131423249840736 0.0
v -0.024597883224487287 -0.004465878009796143 0.0
v -0.06629509478807445 -0.015131423249840736 0.0
v -0.025000000372529012 0.0 0.0
v -0.025000000372529012 0.0 0.0
v -0.06629509478807445 -0.015131423249840736 0.0
v -0.06800000369548793 8.327598630666366e-18 0.0
v 0.003605200676247475 -0.024738771840929985 0.0
v 0.015131423249840726 -0.0662950947880745 0.0
v -0.0008438676595687861 -0.024985823780298233 0.0
v -0.0008438676595687861 -0.024985823780298233 0.0
v 0.015131423249840726 -0.0662950947880745 0.0
v -1.2491397532409235e-17 -0.06800000369548798 0.0
v -0.0008438676595687861 -0.024985823780298233 0.0
v -1.2491397532409235e-17 -0.06800000369548798 0.0
v -0.002296952996402977 -0.024811862036585808 0.0
v -0.002296952996402977 -0.024811862036585808 0.0
v -1.2491397532409235e-17 -0.06800000369548798 0.0
v -0.015131423249840726 -0.0662950947880745 0.0
v -0.015131423249840726 0.0662950947880745 0.0
v -0.008171693421900267 0.023626886308193207 0.0
v -0.011109700426459306 0.022304100915789604 0.0
v -0.015131423249840726 0.0662950947880745 0.0
v -0.011109700426459306 0.022304100915789604 0.0
v -0.029504094272851923 0.06126588210463524 0.0
v -0.029504094272851923 0.06126588210463524 0.0
v -0.011109700426459306 0.022304100915789604 0.0
v -0.012273440137505523 0.021780148148536682 0.0
v -0.029504094272851923 0.06126588210463524 0.0
v -0.012273440137505523 0.021780148148536682 0.0
v -0.04239730536937711 0.053164541721343994 0.0
v -0.012273440137505523 0.021780148148536682 0.0
v -0.01576281338930129 0.019404934719204903 0.0
v -0.04239730536937711 0.053164541721343994 0.0
v -0.04239730536937711 0.053164541721343994 0.0
v -0.01576281338930129 0.019404934719204903 0.0
v -0.018433874472975717 0.016799993813037872 0.0
v -0.04239730536937711 0.053164541721343994 0.0
v -0.018433874472975717 0.016799993813037872 0.0
v -0.05316454172134396 0.042397305369377136 0.0
v -0.05316454172134396 0.042397305369377136 0.0
v -0.018433874472975717 0.016799993813037872 0.0
v -0.019003544002771364 0.016244426369667053 0.0
v -0.05316454172134396 0.042397305369377136 0.0
v -0.019003544002771364 0.016244426369667053 0.0
v -0.0612658821046352 0.029504094272851944 0.0
v -0.0612658821046352 0.029504094272851944 0.0
v -0.019003544002771364 0.016244426369667053 0.0
v -0.02158694155514239 0.012610059231519699 0.0
v -0.02348546497523783 -0.008569462224841118 0.0
v -0.023276116698980318 -0.009014243260025978 0.0
v -0.0612658821046352 -0.029504094272851944 0.0
v -0.0612658821046352 -0.029504094272851944 0.0
v -0.023276116698980318 -0.009014243260025978 0.0
v -0.02157022804021834 -0.012638573534786701 0.0
v -0.0612658821046352 -0.029504094272851944 0.0
v -0.02157022804021834 -0.012638573534786701 0.0
v -0.05316454172134396 -0.042397305369377136 0.0
v -0.02157022804021834 -0.012638573534786701 0.0
v -0.01940493471920489 -0.0157628133893013 0.0
v -0.05316454172134396 -0.042397305369377136 0.0
v -0.05316454172134396 -0.042397305369377136 0.0
v -0.01940493471920489 -0.0157628133893013 0.0
v -0.018412247300147996 -0.016780992969870567 0.0
v -0.05316454172134396 -0.042397305369377136 0.0
v -0.018412247300147996 -0.016780992969870567 0.0
v -0.04239730536937711 -0.053164541721343994 0.0
v -0.04239730536937711 -0.053164541721343994 0.0
v -0.018412247300147996 -0.016780992969870567 0.0
v -0.01624993421137332 -0.018998833373188972 0.0
v -0.04239730536937711 -0.053164541721343994 0.0
v -0.01624993421137332 -0.018998833373188972 0.0
v -0.029504094272851923 -0.06126588210463524 0.0
v -0.029504094272851923 -0.06126588210463524 0.0
v -0.01624993421137332 -0.018998833373188972 0.0
v -0.012616184540092936 -0.02158336155116558 0.0
v 0.003605200676247475 -0.024738771840929985 0.0
v 0.006819763686507936 -0.023956064134836197 0.0
v 0.015131423249840726 -0.0662950947880745 0.0
v 0.015131423249840726 -0.0662950947880745 0.0
v 0.006819763686507936 -0.023956064134836197 0.0
v 0.008171708323061461 -0.02362688072025776 0.0
v 0.015131423249840726 -0.0662950947880745 0.0
v 0.008171708323061461 -0.02362688072025776 0.0
v 0.029504094272851923 -0.06126588210463524 0.0
v 0.06629509478807445 0.015131423249840736 0.0
v 0.02362688630819319 0.008171693421900272 0.0
v 0.0612658821046352 0.029504094272851944 0.0
v -0.02158694155514239 0.012610059231519699 0.0
v -0.023244706913828836 0.009202367626130581 0.0
v -0.0612658821046352 0.029504094272851944 0.0
v -0.0612658821046352 0.029504094272851944 0.0
v -0.023244706913828836 0.009202367626130581 0.0
v -0.023297274485230432 0.009026693180203438 0.0
v -0.0612658821046352 0.029504094272851944 0.0
v -0.023297274485230432 0.009026693180203438 0.0
v -0.06629509478807445 0.015131423249840736 0.0
v -0.06629509478807445 0.015131423249840736 0.0
v -0.023297274485230432 0.009026693180203438 0.0
v -0.024478968232870085 0.005077581387013197 0.0
v -0.06629509478807445 0.015131423249840736 0.0
v -0.024478968232870085 0.005077581387013197 0.0
v -0.06800000369548793 8.327598630666366e-18 0.0
v -0.06800000369548793 8.327598630666366e-18 0.0
v -0.024478968232870085 0.005077581387013197 0.0
v -0.024985698983073217 0.0008479381795041263 0.0
v -0.06800000369548793 8.327598630666366e-18 0.0
v -0.024985698983073217 0.0008479381795041263 0.0
v -0.025000000372529012 0.0 0.0
v -0.012616184540092936 -0.02158336155116558 0.0
v -0.011112369596958153 -0.022315198555588722 0.0
v -0.029504094272851923 -0.06126588210463524 0.0
v -0.029504094272851923 -0.06126588210463524 0.0
v -0.011112369596958153 -0.022315198555588722 0.0
v -0.009202367626130574 -0.02324470691382885 0.0
v -0.029504094272851923 -0.06126588210463524 0.0
v -0.009202367626130574 -0.02324470691382885 0.0
v -0.015131423249840726 -0.0662950947880745 0.0
v -0.015131423249840726 -0.0662950947880745 0.0
v -0.009202367626130574 -0.02324470691382885 0.0
v -0.005077566485852 -0.0244789719581604 0.0
v -0.015131423249840726 -0.0662950947880745 0.0
v -0.005077566485852 -0.0244789719581604 0.0
v -0.002296952996402977 -0.024811862036585808 0.0
v 0.008171708323061461 -0.02362688072025776 0.0
v 0.012273454107344142 -0.021780140697956085 0.0
v 0.029504094272851923 -0.06126588210463524 0.0
v 0.029504094272851923 -0.06126588210463524 0.0
v 0.012273454107344142 -0.021780140697956085 0.0
v 0.015032799914479245 -0.019901854917407036 0.0
v 0.029504094272851923 -0.06126588210463524 0.0
v 0.015032799914479245 -0.019901854917407036 0.0
v 0.04239730536937711 -0.053164541721343994 0.0
v 0.04239730536937711 -0.053164541721343994 0.0
v 0.015032799914479245 -0.019901854917407036 0.0
v 0.01576281338930129 -0.019404934719204903 0.0
v 0.04239730536937711 -0.053164541721343994 0.0
v 0.01576281338930129 -0.019404934719204903 0.0
v 0.05316454172134396 -0.042397305369377136 0.0
v 0.024502342566847784 0.004576210398226976 0.0
v 0.06629509478807445 0.015131423249840736 0.0
v 0.024738773703575117 0.0036051857750862837 0.0
v 0.024738773703575117 0.0036051857750862837 0.0
v 0.06629509478807445 0.015131423249840736 0.0
v 0.06799967586994167 -1.6390493840487598e-16 0.0
v 0.024738773703575117 0.0036051857750862837 0.0
v 0.06799967586994167 -1.6390493840487598e-16 0.0
v 0.024985823780298216 -0.0008438819204457104 0.0
v 0.02362688630819319 0.008171693421900272 0.0
v 0.021780148148536668 0.012273440137505531 0.0
v 0.0612658821046352 0.029504094272851944 0.0
v 0.0612658821046352 0.029504094272851944 0.0
v 0.021780148148536668 0.012273440137505531 0.0
v 0.02120123244822024 0.013123912736773491 0.0
v 0.0612658821046352 0.029504094272851944 0.0
v 0.02120123244822024 0.013123912736773491 0.0
v 0.05316454172134396 0.042397305369377136 0.0
v 0.05316454172134396 0.042397305369377136 0.0
v 0.02120123244822024 0.013123912736773491 0.0
v 0.01940493471920489 0.0157628133893013 0.0
v 0.05316454172134396 0.042397305369377136 0.0
v 0.01940493471920489 0.0157628133893013 0.0
v 0.04239730536937711 0.053164541721343994 0.0
v 4.16379931533318e-18 0.06800000369548798 0.0
v -0.0023021432571113092 0.02481113001704216 0.0
v -0.015131423249840726 0.0662950947880745 0.0
v -0.015131423249840726 0.0662950947880745 0.0
v -0.0023021432571113092 0.02481113001704216 0.0
v -0.003605185775086281 0.024738773703575134 0.0
v -0.015131423249840726 0.0662950947880745 0.0
v -0.003605185775086281 0.024738773703575134 0.0
v -0.008171693421900267 0.023626886308193207 0.0
v 0.06799967586994167 -1.6390493840487598e-16 0.0
v 0.06799934059381481 -0.0001500000071246177 0.0
v 0.024985823780298216 -0.0008438819204457104 0.0
v 0.024985823780298216 -0.0008438819204457104 0.0
v 0.06799934059381481 -0.0001500000071246177 0.0
v 0.06799934059381481 -0.0003000000142492354 0.0
v 0.024985823780298216 -0.0008438819204457104 0.0
v 0.06799934059381481 -0.0003000000142492354 0.0
v 0.0245374236255884 -0.004589319694787264 0.0
v 0.0245374236255884 -0.004589319694787264 0.0
v 0.06799934059381481 -0.0003000000142492354 0.0
v 0.06629509478807445 -0.015131423249840736 0.0
v 0.01576281338930129 -0.019404934719204903 0.0
v 0.019003544002771364 -0.016244426369667053 0.0
v 0.05316454172134396 -0.042397305369377136 0.0
v 0.05316454172134396 -0.042397305369377136 0.0
v 0.019003544002771364 -0.016244426369667053 0.0
v 0.021215587854385362 -0.013132484629750252 0.0
v 0.05316454172134396 -0.042397305369377136 0.0
v 0.021215587854385362 -0.013132484629750252 0.0
v 0.0612658821046352 -0.029504094272851944 0.0
v 0.021215587854385362 -0.013132484629750252 0.0
v 0.02158694155514239 -0.012610059231519699 0.0
v 0.0612658821046352 -0.029504094272851944 0.0
v 0.0612658821046352 -0.029504094272851944 0.0
v 0.02158694155514239 -0.012610059231519699 0.0
v 0.023244706913828836 -0.009202367626130581 0.0
v 0.0612658821046352 -0.029504094272851944 0.0
v 0.023244706913828836 -0.009202367626130581 0.0
v 0.06629509478807445 -0.015131423249840736 0.0
v 0.06629509478807445 -0.015131423249840736 0.0
v 0.023244706913828836 -0.009202367626130581 0.0
v 0.024478968232870085 -0.005077581387013197 0.0
v 0.06629509478807445 -0.015131423249840736 0.0
v 0.024478968232870085 -0.005077581387013197 0.0
v 0.0245374236255884 -0.004589319694787264 0.0
v 0.01261005923151969 0.021586941555142403 0.0
v 0.029504094272851923 0.06126588210463524 0.0
v 0.015014328993856896 0.019877927377820015 0.0
v 0.015014328993856896 0.019877927377820015 0.0
v 0.029504094272851923 0.06126588210463524 0.0
v 0.04239730536937711 0.053164541721343994 0.0
v 0.015014328993856896 0.019877927377820015 0.0
v 0.04239730536937711 0.053164541721343994 0.0
v 0.016244426369667043 0.019003544002771378 0.0
v 0.016244426369667043 0.019003544002771378 0.0
v 0.04239730536937711 0.053164541721343994 0.0
v 0.01940493471920489 0.0157628133893013 0.0
v 0.01261005923151969 0.021586941555142403 0.0
v 0.009202367626130574 0.02324470691382885 0.0
v 0.029504094272851923 0.06126588210463524 0.0
v 0.029504094272851923 0.06126588210463524 0.0
v 0.009202367626130574 0.02324470691382885 0.0
v 0.006815617904067035 0.023958895355463028 0.0
v 0.029504094272851923 0.06126588210463524 0.0
v 0.006815617904067035 0.023958895355463028 0.0
v 0.015131423249840726 0.0662950947880745 0.0
v 0.015131423249840726 0.0662950947880745 0.0
v 0.006815617904067035 0.023958895355463028 0.0
v 0.0050775813870131935 0.024478968232870102 0.0
v 0.015131423249840726 0.0662950947880745 0.0
v 0.0050775813870131935 0.024478968232870102 0.0
v 4.16379931533318e-18 0.06800000369548798 0.0
v 4.16379931533318e-18 0.06800000369548798 0.0
v 0.0050775813870131935 0.024478968232870102 0.0
v 0.0008438819204457099 0.024985823780298233 0.0
v 4.16379931533318e-18 0.06800000369548798 0.0
v 0.0008438819204457099 0.024985823780298233 0.0
v -0.0023021432571113092 0.02481113001704216 0.0
v 0.06799934059381481 -0.0003000000142492354 0.03299999982118605
v 0.06799934059381481 -0.0003000000142492354 0.0
v 0.06799969077110286 -1.639052295724516e-16 0.03299999982118605
v 0.06799969077110286 -1.639052295724516e-16 0.03299999982118605
v 0.06799934059381481 -0.0003000000142492354 0.0
v 0.06799934059381481 -0.0001500000071246177 0.0
v 0.06799969077110286 -1.639052295724516e-16 0.03299999982118605
v 0.06799934059381481 -0.0001500000071246177 0.0
v 0.06799967586994167 -1.6390493840487598e-16 0.0
v -0.031360771507024744 -0.06023390218615532 0.021662723273038857
v -0.03448150306940077 -0.058609094470739365 0.018674353137612336
v -0.03448996692895887 -0.05848805233836174 0.018674353137612336
v -0.03448996692895887 -0.05848805233836174 0.018674353137612336
v -0.031495239585638025 -0.060050707310438156 0.021541822701692574
v -0.031360771507024744 -0.06023390218615532 0.021662723273038857
v -0.031360771507024744 -0.06023390218615532 0.021662723273038857
v -0.031495239585638025 -0.060050707310438156 0.021541822701692574
v -0.03136897459626196 -0.060116592794656754 0.021662723273038857
v -0.031360771507024744 -0.06023390218615532 0.021662723273038857
v -0.03136897459626196 -0.060116592794656754 0.021662723273038857
v -0.029477570205926874 -0.0612143911421299 0.023466054350137704
v -0.029477570205926874 -0.0612143911421299 0.023466054350137704
v -0.03136897459626196 -0.060116592794656754 0.021662723273038857
v -0.02824795246124266 -0.06174514815211296 0.024651125073432915
v -0.029477570205926874 -0.0612143911421299 0.023466054350137704
v -0.02824795246124266 -0.06174514815211296 0.024651125073432915
v -0.028240010142326338 -0.06185872480273247 0.024651125073432915
v -0.02141770720481871 -0.06443362683057785 0.024651125073432915
v -0.021410163491964326 -0.06454149633646011 0.024651125073432915
v -0.02824795246124266 -0.06174514815211296 0.024651125073432915
v -0.02824795246124266 -0.06174514815211296 0.024651125073432915
v -0.021410163491964326 -0.06454149633646011 0.024651125073432915
v -0.028240010142326338 -0.06185872480273247 0.024651125073432915
v -0.02141770720481871 -0.06443362683057785 0.024651125073432915
v -0.026016090065240843 -0.06262104213237762 0.020694984123110764
v -0.021410163491964326 -0.06454149633646011 0.024651125073432915
v -0.021410163491964326 -0.06454149633646011 0.024651125073432915
v -0.026016090065240843 -0.06262104213237762 0.020694984123110764
v -0.026008302345871908 -0.06273292005062103 0.020695023238658898
v -0.026008302345871908 -0.06273292005062103 0.020695023238658898
v -0.026016090065240843 -0.06262104213237762 0.020694984123110764
v -0.028296379372477514 -0.061832960695028305 0.018726428970694535
v -0.028296379372477514 -0.061832960695028305 0.018726428970694535
v -0.026016090065240843 -0.06262104213237762 0.020694984123110764
v -0.02830878645181654 -0.06171731650829315 0.018722500652074807
v -0.028296379372477514 -0.061832960695028305 0.018726428970694535
v -0.02830878645181654 -0.06171731650829315 0.018722500652074807
v -0.02949898876249788 -0.061255257576704025 0.017658675089478486
v -0.02949898876249788 -0.061255257576704025 0.017658675089478486
v -0.02830878645181654 -0.06171731650829315 0.018722500652074807
v -0.030590036883950213 -0.06061897054314613 0.016697179526090615
v -0.02949898876249788 -0.061255257576704025 0.017658675089478486
v -0.030590036883950213 -0.06061897054314613 0.016697179526090615
v -0.030581921339035013 -0.06073504686355591 0.016697179526090615
v -0.030581921339035013 -0.06073504686355591 0.016697179526090615
v -0.030590036883950213 -0.06061897054314613 0.016697179526090615
v -0.029481906443834284 -0.061215806752443314 0.015692541375756257
v -0.029481906443834284 -0.061215806752443314 0.015692541375756257
v -0.030590036883950213 -0.06061897054314613 0.016697179526090615
v -0.02601626887917517 -0.06262313574552536 0.012519873678684231
v -0.02141770720481871 -0.06443362683057785 0.008383625186979767
v -0.021410163491964326 -0.06454149633646011 0.008383625186979767
v -0.023831116035580618 -0.06358063966035843 0.010524132288992401
v -0.023831116035580618 -0.06358063966035843 0.010524132288992401
v -0.021410163491964326 -0.06454149633646011 0.008383625186979767
v -0.023801481351256353 -0.0636984258890152 0.010504631325602528
v -0.023831116035580618 -0.06358063966035843 0.010524132288992401
v -0.023801481351256353 -0.0636984258890152 0.010504631325602528
v -0.02601626887917517 -0.06262313574552536 0.012519873678684231
v -0.02601626887917517 -0.06262313574552536 0.012519873678684231
v -0.023801481351256353 -0.0636984258890152 0.010504631325602528
v -0.02600830048322676 -0.06273394078016281 0.012520109303295609
v -0.02601626887917517 -0.06262313574552536 0.012519873678684231
v -0.02600830048322676 -0.06273394078016281 0.012520109303295609
v -0.029481906443834284 -0.061215806752443314 0.015692541375756257
v -0.02824795246124266 -0.06174514815211296 0.008383625186979767
v -0.028240010142326338 -0.06185872480273247 0.008383625186979767
v -0.02141770720481871 -0.06443362683057785 0.008383625186979767
v -0.02141770720481871 -0.06443362683057785 0.008383625186979767
v -0.028240010142326338 -0.06185872480273247 0.008383625186979767
v -0.021410163491964326 -0.06454149633646011 0.008383625186979767
v -0.034610841423273066 -0.05841660499572754 0.014630025252699847
v -0.034602366387844065 -0.05853781849145889 0.014630025252699847
v -0.03149341419339178 -0.06004738807678223 0.011569668538868424
v -0.03149341419339178 -0.06004738807678223 0.011569668538868424
v -0.034602366387844065 -0.05853781849145889 0.014630025252699847
v -0.0314211808145046 -0.06019827350974083 0.011506819166243073
v -0.03149341419339178 -0.06004738807678223 0.011569668538868424
v -0.0314211808145046 -0.06019827350974083 0.011506819166243073
v -0.03142939135432241 -0.0600808784365654 0.011506819166243073
v -0.03142939135432241 -0.0600808784365654 0.011506819166243073
v -0.0314211808145046 -0.06019827350974083 0.011506819166243073
v -0.029476869851350763 -0.06121313199400902 0.009597943164408203
v -0.03142939135432241 -0.0600808784365654 0.011506819166243073
v -0.029476869851350763 -0.06121313199400902 0.009597943164408203
v -0.02824795246124266 -0.06174514815211296 0.008383625186979767
v -0.02824795246124266 -0.06174514815211296 0.008383625186979767
v -0.029476869851350763 -0.06121313199400902 0.009597943164408203
v -0.028240010142326338 -0.06185872480273247 0.008383625186979767
v -0.03656343370676038 -0.057214729487895966 0.014630025252699847
v -0.036554750055074664 -0.0573389045894146 0.014630025252699847
v -0.034610841423273066 -0.05841660499572754 0.014630025252699847
v -0.034610841423273066 -0.05841660499572754 0.014630025252699847
v -0.036554750055074664 -0.0573389045894146 0.014630025252699847
v -0.034602366387844065 -0.05853781849145889 0.014630025252699847
v -0.03656343370676038 -0.057214729487895966 0.008383625186979767
v -0.036554750055074664 -0.0573389045894146 0.008383625186979767
v -0.03656343370676038 -0.057214729487895966 0.014630025252699847
v -0.03656343370676038 -0.057214729487895966 0.014630025252699847
v -0.036554750055074664 -0.0573389045894146 0.008383625186979767
v -0.036554750055074664 -0.0573389045894146 0.014630025252699847
v -0.0408300384879112 -0.054252348840236664 0.008383625186979767
v -0.04082080721855161 -0.05438438802957535 0.008383625186979767
v -0.03656343370676038 -0.057214729487895966 0.008383625186979767
v -0.03656343370676038 -0.057214729487895966 0.008383625186979767
v -0.04082080721855161 -0.05438438802957535 0.008383625186979767
v -0.036554750055074664 -0.0573389045894146 0.008383625186979767
v -0.0408300347626209 -0.05425235256552696 0.024651125073432915
v -0.04082079976797101 -0.054384391754865646 0.024651125073432915
v -0.0408300384879112 -0.054252348840236664 0.008383625186979767
v -0.0408300384879112 -0.054252348840236664 0.008383625186979767
v -0.04082079976797101 -0.054384391754865646 0.024651125073432915
v -0.04082080721855161 -0.05438438802957535 0.008383625186979767
v -0.03656343370676038 -0.057214729487895966 0.024651125073432915
v -0.036554750055074664 -0.0573389045894146 0.024651125073432915
v -0.0408300347626209 -0.05425235256552696 0.024651125073432915
v -0.0408300347626209 -0.05425235256552696 0.024651125073432915
v -0.036554750055074664 -0.0573389045894146 0.024651125073432915
v -0.04082079976797101 -0.054384391754865646 0.024651125073432915
v -0.03656343370676038 -0.057214729487895966 0.018674353137612336
v -0.036554750055074664 -0.0573389045894146 0.018674353137612336
v -0.03656343370676038 -0.057214729487895966 0.024651125073432915
v -0.03656343370676038 -0.057214729487895966 0.024651125073432915
v -0.036554750055074664 -0.0573389045894146 0.018674353137612336
v -0.036554750055074664 -0.0573389045894146 0.024651125073432915
v -0.03448996692895887 -0.05848805233836174 0.018674353137612336
v -0.03448150306940077 -0.058609094470739365 0.018674353137612336
v -0.03656343370676038 -0.057214729487895966 0.018674353137612336
v -0.03656343370676038 -0.057214729487895966 0.018674353137612336
v -0.03448150306940077 -0.058609094470739365 0.018674353137612336
v -0.036554750055074664 -0.0573389045894146 0.018674353137612336
v -0.013425126671791068 0.06666158139705658 0.018674353137612336
v -0.013418093323707572 0.06656098365783691 0.018674353137612336
v -0.015114826150238504 0.06622923165559769 0.02015577629208564
v -0.015114826150238504 0.06622923165559769 0.02015577629208564
v -0.013418093323707572 0.06656098365783691 0.018674353137612336
v -0.01675512082874774 0.06570617854595184 0.02160010859370231
v -0.015114826150238504 0.06622923165559769 0.02015577629208564
v -0.01675512082874774 0.06570617854595184 0.02160010859370231
v -0.016833657398819913 0.06578943133354187 0.02166273817420005
v -0.01675512082874774 0.06570617854595184 0.02160010859370231
v -0.016826555132865895 0.0656878799200058 0.02166273817420005
v -0.016833657398819913 0.06578943133354187 0.02166273817420005
v -0.016833657398819913 0.06578943133354187 0.02166273817420005
v -0.016826555132865895 0.0656878799200058 0.02166273817420005
v -0.020235018804669366 0.06481476873159409 0.024651125073432915
v -0.016833657398819913 0.06578943133354187 0.02166273817420005
v -0.020235018804669366 0.06481476873159409 0.024651125073432915
v -0.020242186263203607 0.06491728127002716 0.024651125073432915
v -0.02711211517453192 0.06225225329399109 0.024651125073432915
v -0.027119515463709814 0.06235809251666069 0.024651125073432915
v -0.020235018804669366 0.06481476873159409 0.024651125073432915
v -0.020235018804669366 0.06481476873159409 0.024651125073432915
v -0.027119515463709814 0.06235809251666069 0.024651125073432915
v -0.020242186263203607 0.06491728127002716 0.024651125073432915
v -0.027119515463709814 0.06235809251666069 0.024651125073432915
v -0.02711211517453192 0.06225225329399109 0.024651125073432915
v -0.024762826040387136 0.06322351098060608 0.022616842761635773
v -0.027119515463709814 0.06235809251666069 0.024651125073432915
v -0.024762826040387136 0.06322351098060608 0.022616842761635773
v -0.02244998142123221 0.06409330666065216 0.02066260948777198
v -0.02244998142123221 0.06409330666065216 0.02066260948777198
v -0.024762826040387136 0.06322351098060608 0.022616842761635773
v -0.02244361117482184 0.0639890655875206 0.020661607384681695
v -0.02244998142123221 0.06409330666065216 0.02066260948777198
v -0.02244361117482184 0.0639890655875206 0.020661607384681695
v -0.020183207467198358 0.06493564695119858 0.018726428970694535
v -0.020183207467198358 0.06493564695119858 0.018726428970694535
v -0.02244361117482184 0.0639890655875206 0.020661607384681695
v -0.017741182819008817 0.06554128974676132 0.016697179526090615
v -0.020183207467198358 0.06493564695119858 0.018726428970694535
v -0.017741182819008817 0.06554128974676132 0.016697179526090615
v -0.01774829253554343 0.06564296036958694 0.016697179526090615
v -0.01774829253554343 0.06564296036958694 0.016697179526090615
v -0.017741182819008817 0.06554128974676132 0.016697179526090615
v -0.020182166248559938 0.06483124196529388 0.014570913277566428
v -0.01774829253554343 0.06564296036958694 0.016697179526090615
v -0.020182166248559938 0.06483124196529388 0.014570913277566428
v -0.02245130948722361 0.064092256128788 0.012552977539598938
v -0.02245130948722361 0.064092256128788 0.012552977539598938
v -0.020182166248559938 0.06483124196529388 0.014570913277566428
v -0.022443279623985277 0.06398976594209671 0.012552116997539994
v -0.02245130948722361 0.064092256128788 0.012552977539598938
v -0.022443279623985277 0.06398976594209671 0.012552116997539994
v -0.024775860831141455 0.06332580000162125 0.010504631325602528
v -0.024775860831141455 0.06332580000162125 0.010504631325602528
v -0.022443279623985277 0.06398976594209671 0.012552116997539994
v -0.02711211517453192 0.06225225329399109 0.008383625186979767
v -0.024775860831141455 0.06332580000162125 0.010504631325602528
v -0.02711211517453192 0.06225225329399109 0.008383625186979767
v -0.027119515463709814 0.06235809251666069 0.008383625186979767
v -0.020235018804669366 0.06481476873159409 0.008383625186979767
v -0.020242186263203607 0.06491728127002716 0.008383625186979767
v -0.02711211517453192 0.06225225329399109 0.008383625186979767
v -0.02711211517453192 0.06225225329399109 0.008383625186979767
v -0.020242186263203607 0.06491728127002716 0.008383625186979767
v -0.027119515463709814 0.06235809251666069 0.008383625186979767
v -0.020242186263203607 0.06491728127002716 0.008383625186979767
v -0.020235018804669366 0.06481476873159409 0.008383625186979767
v -0.016757769510149945 0.0657016709446907 0.011506822891533371
v -0.020242186263203607 0.06491728127002716 0.008383625186979767
v -0.016757769510149945 0.0657016709446907 0.011506822891533371
v -0.016764869913458814 0.06580320745706558 0.011506822891533371
v -0.016764869913458814 0.06580320745706558 0.011506822891533371
v -0.016757769510149945 0.0657016709446907 0.011506822891533371
v -0.016754280775785436 0.06570255756378174 0.011509954929351803
v -0.016764869913458814 0.06580320745706558 0.011506822891533371
v -0.016754280775785436 0.06570255756378174 0.011509954929351803
v -0.015113561414182176 0.06622391939163208 0.012989965267479416
v -0.015113561414182176 0.06622391939163208 0.012989965267479416
v -0.016754280775785436 0.06570255756378174 0.011509954929351803
v -0.0132805136963725 0.06658857315778732 0.014630025252699847
v -0.015113561414182176 0.06622391939163208 0.012989965267479416
v -0.0132805136963725 0.06658857315778732 0.014630025252699847
v -0.013287545181810847 0.0666891410946846 0.014630025252699847
v -0.011026471853256219 0.06699870526790619 0.014630025252699847
v -0.011033477261662476 0.06709890067577362 0.014630025252699847
v -0.0132805136963725 0.06658857315778732 0.014630025252699847
v -0.0132805136963725 0.06658857315778732 0.014630025252699847
v -0.011033477261662476 0.06709890067577362 0.014630025252699847
v -0.013287545181810847 0.0666891410946846 0.014630025252699847
v -0.011026471853256219 0.06699870526790619 0.008383625186979767
v -0.011033477261662476 0.06709890067577362 0.008383625186979767
v -0.011026471853256219 0.06699870526790619 0.014630025252699847
v -0.011026471853256219 0.06699870526790619 0.014630025252699847
v -0.011033477261662476 0.06709890067577362 0.008383625186979767
v -0.011033477261662476 0.06709890067577362 0.014630025252699847
v -0.005877514369785781 0.06764513999223709 0.008383625186979767
v -0.005884490907192226 0.0677449107170105 0.008383625186979767
v -0.011026471853256219 0.06699870526790619 0.008383625186979767
v -0.011026471853256219 0.06699870526790619 0.008383625186979767
v -0.005884490907192226 0.0677449107170105 0.008383625186979767
v -0.011033477261662476 0.06709890067577362 0.008383625186979767
v -0.005877514369785781 0.06764513999223709 0.024651125073432915
v -0.005884490907192226 0.0677449107170105 0.024651125073432915
v -0.005877514369785781 0.06764513999223709 0.008383625186979767
v -0.005877514369785781 0.06764513999223709 0.008383625186979767
v -0.005884490907192226 0.0677449107170105 0.024651125073432915
v -0.005884490907192226 0.0677449107170105 0.008383625186979767
v -0.011026471853256219 0.06699870526790619 0.024651125073432915
v -0.011033478192985051 0.06709890067577362 0.024651125073432915
v -0.005877514369785781 0.06764513999223709 0.024651125073432915
v -0.005877514369785781 0.06764513999223709 0.024651125073432915
v -0.011033478192985051 0.06709890067577362 0.024651125073432915
v -0.005884490907192226 0.0677449107170105 0.024651125073432915
v -0.011026471853256219 0.06699870526790619 0.018674353137612336
v -0.011033478192985051 0.06709890067577362 0.018674353137612336
v -0.011026471853256219 0.06699870526790619 0.024651125073432915
v -0.011026471853256219 0.06699870526790619 0.024651125073432915
v -0.011033478192985051 0.06709890067577362 0.018674353137612336
v -0.011033478192985051 0.06709890067577362 0.024651125073432915
v -0.013418093323707572 0.06656098365783691 0.018674353137612336
v -0.013425126671791068 0.06666158139705658 0.018674353137612336
v -0.011026471853256219 0.06699870526790619 0.018674353137612336
v -0.011026471853256219 0.06699870526790619 0.018674353137612336
v -0.013425126671791068 0.06666158139705658 0.018674353137612336
v -0.011033478192985051 0.06709890067577362 0.018674353137612336
v 0.009275948628783219 0.06736435741186142 0.008082238025963303
v 0.005581211764365431 0.0677705705165863 0.008082238025963303
v 0.00558826886117458 0.06766964495182037 0.008082238025963303
v 0.00558826886117458 0.06766964495182037 0.008082238025963303
v 0.009283606894314282 0.06726235896348953 0.008082238025963303
v 0.009275948628783219 0.06736435741186142 0.008082238025963303
v 0.009275948628783219 0.06736435741186142 0.008082238025963303
v 0.009283606894314282 0.06726235896348953 0.008082238025963303
v 0.011121065355837338 0.06698307394981384 0.008082238025963303
v 0.009275948628783219 0.06736435741186142 0.008082238025963303
v 0.011121065355837338 0.06698307394981384 0.008082238025963303
v 0.01294296979904174 0.06675686687231064 0.008082238025963303
v 0.01294296979904174 0.06675686687231064 0.008082238025963303
v 0.011121065355837338 0.06698307394981384 0.008082238025963303
v 0.012950191274285308 0.06665360182523727 0.008082238025963303
v 0.01294296979904174 0.06675686687231064 0.008082238025963303
v 0.012950191274285308 0.06665360182523727 0.008082238025963303
v 0.015129962936043729 0.0662882849574089 0.008284224197268483
v 0.015129962936043729 0.0662882849574089 0.008284224197268483
v 0.012950191274285308 0.06665360182523727 0.008082238025963303
v 0.015155840665101995 0.06618693470954895 0.008235491812229153
v 0.015129962936043729 0.0662882849574089 0.008284224197268483
v 0.015155840665101995 0.06618693470954895 0.008235491812229153
v 0.015544385649263848 0.06619948893785477 0.008322498761117455
v 0.015544385649263848 0.06619948893785477 0.008322498761117455
v 0.015155840665101995 0.06618693470954895 0.008235491812229153
v 0.016624178737401952 0.0658285841345787 0.008758936077356335
v 0.015544385649263848 0.06619948893785477 0.008322498761117455
v 0.016624178737401952 0.0658285841345787 0.008758936077356335
v 0.016591127961873998 0.06593649089336395 0.008802185766398903
v 0.016591127961873998 0.06593649089336395 0.008802185766398903
v 0.016624178737401952 0.0658285841345787 0.008758936077356335
v 0.017038028687238683 0.0657275840640068 0.008906467817723748
v 0.016591127961873998 0.06593649089336395 0.008802185766398903
v 0.017038028687238683 0.0657275840640068 0.008906467817723748
v 0.017592176795005788 0.0656849667429924 0.009260933846235272
v 0.017592176795005788 0.0656849667429924 0.009260933846235272
v 0.017038028687238683 0.0657275840640068 0.008906467817723748
v 0.01857552863657473 0.06530971825122833 0.010169766843318936
v 0.017592176795005788 0.0656849667429924 0.009260933846235272
v 0.01857552863657473 0.06530971825122833 0.010169766843318936
v 0.018704857677221284 0.06537546217441559 0.010399337857961651
v 0.018704857677221284 0.06537546217441559 0.010399337857961651
v 0.01857552863657473 0.06530971825122833 0.010169766843318936
v 0.018696425482630716 0.06527445465326309 0.01039699278771877
v 0.018704857677221284 0.06537546217441559 0.010399337857961651
v 0.018696425482630716 0.06527445465326309 0.01039699278771877
v 0.01885253563523291 0.06533438712358475 0.010550430044531819
v 0.01885253563523291 0.06533438712358475 0.010550430044531819
v 0.018696425482630716 0.06527445465326309 0.01039699278771877
v 0.019456269219517694 0.06505277752876282 0.011825122870504853
v 0.01885253563523291 0.06533438712358475 0.010550430044531819
v 0.019456269219517694 0.06505277752876282 0.011825122870504853
v 0.019556542858481393 0.06512711942195892 0.012280340306460854
v 0.019556542858481393 0.06512711942195892 0.012280340306460854
v 0.019456269219517694 0.06505277752876282 0.011825122870504853
v 0.019558697938919054 0.06502193957567215 0.012808814644813534
v 0.019556542858481393 0.06512711942195892 0.012280340306460854
v 0.019558697938919054 0.06502193957567215 0.012808814644813534
v 0.01959319971501826 0.06511607021093369 0.012803359888494011
v 0.01959319971501826 0.06511607021093369 0.012803359888494011
v 0.019558697938919054 0.06502193957567215 0.012808814644813534
v 0.019688250496983514 0.06498294323682785 0.014052990823984141
v 0.01959319971501826 0.06511607021093369 0.012803359888494011
v 0.019688250496983514 0.06498294323682785 0.014052990823984141
v 0.019680786877870546 0.06508968025445938 0.014052990823984141
v 0.019688250496983514 0.06498294323682785 0.02465102076530456
v 0.019680786877870546 0.06508968025445938 0.02465102076530456
v 0.019688250496983514 0.06498294323682785 0.014052990823984141
v 0.019688250496983514 0.06498294323682785 0.014052990823984141
v 0.019680786877870546 0.06508968025445938 0.02465102076530456
v 0.019680786877870546 0.06508968025445938 0.014052990823984141
v 0.019680786877870546 0.06508968025445938 0.02465102076530456
v 0.019688250496983514 0.06498294323682785 0.02465102076530456
v 0.015131423249840726 0.0662950947880745 0.02465102076530456
v 0.015131423249840726 0.0662950947880745 0.02465102076530456
v 0.019688250496983514 0.06498294323682785 0.02465102076530456
v 0.014667214825749387 0.06629692763090134 0.02465102076530456
v 0.015131423249840726 0.0662950947880745 0.02465102076530456
v 0.014667214825749387 0.06629692763090134 0.02465102076530456
v 0.014659940265119065 0.06640095263719559 0.02465102076530456
v 0.014667214825749387 0.06629692763090134 0.015130260027945036
v 0.014659940265119065 0.06640095263719559 0.015130260027945036
v 0.014667214825749387 0.06629692763090134 0.02465102076530456
v 0.014667214825749387 0.06629692763090134 0.02465102076530456
v 0.014659940265119065 0.06640095263719559 0.015130260027945036
v 0.014659940265119065 0.06640095263719559 0.02465102076530456
v 0.014659940265119065 0.06640095263719559 0.015130260027945036
v 0.014667214825749387 0.06629692763090134 0.015130260027945036
v 0.01459297165274619 0.06631331145763397 0.014186327345669264
v 0.014659940265119065 0.06640095263719559 0.015130260027945036
v 0.01459297165274619 0.06631331145763397 0.014186327345669264
v 0.014412975870072831 0.06645499169826508 0.013669017702341075
v 0.014412975870072831 0.06645499169826508 0.013669017702341075
v 0.01459297165274619 0.06631331145763397 0.014186327345669264
v 0.014288456179201594 0.0663791373372078 0.013550337404012675
v 0.014412975870072831 0.06645499169826508 0.013669017702341075
v 0.014288456179201594 0.0663791373372078 0.013550337404012675
v 0.014314177446067325 0.06647589802742004 0.013542342931032176
v 0.014314177446067325 0.06647589802742004 0.013542342931032176
v 0.014288456179201594 0.0663791373372078 0.013550337404012675
v 0.014100438915193072 0.06641978025436401 0.013157658278942103
v 0.014314177446067325 0.06647589802742004 0.013542342931032176
v 0.014100438915193072 0.06641978025436401 0.013157658278942103
v 0.013740898109972468 0.06659720838069916 0.012807318940758702
v 0.013740898109972468 0.06659720838069916 0.012807318940758702
v 0.014100438915193072 0.06641978025436401 0.013157658278942103
v 0.013531586155295363 0.06653692573308945 0.012707793153822419
v 0.013740898109972468 0.06659720838069916 0.012807318940758702
v 0.013531586155295363 0.06653692573308945 0.012707793153822419
v 0.013535002246499053 0.0666380301117897 0.012710796669125553
v 0.013535002246499053 0.0666380301117897 0.012710796669125553
v 0.013531586155295363 0.06653692573308945 0.012707793153822419
v 0.013288997113704673 0.06658688187599182 0.012515948154032227
v 0.013535002246499053 0.0666380301117897 0.012710796669125553
v 0.013288997113704673 0.06658688187599182 0.012515948154032227
v 0.01270946115255355 0.06680171936750412 0.012323790229856964
v 0.01270946115255355 0.06680171936750412 0.012323790229856964
v 0.013288997113704673 0.06658688187599182 0.012515948154032227
v 0.01242637448012828 0.066749207675457 0.01236351206898689
v 0.01270946115255355 0.06680171936750412 0.012323790229856964
v 0.01242637448012828 0.066749207675457 0.01236351206898689
v 0.01243212725967168 0.06685256958007812 0.012303051538765427
v 0.01243212725967168 0.06685256958007812 0.012303051538765427
v 0.01242637448012828 0.066749207675457 0.01236351206898689
v 0.01182375941425561 0.06686261296272278 0.012257021851837632
v 0.01243212725967168 0.06685256958007812 0.012303051538765427
v 0.01182375941425561 0.06686261296272278 0.012257021851837632
v 0.011816569603979579 0.06696543097496033 0.012257021851837632
v 0.006729136221110816 0.06756573915481567 0.012257021851837632
v 0.006722059566527601 0.0676669329404831 0.012257021851837632
v 0.009283606894314282 0.06726235896348953 0.012257021851837632
v 0.009283606894314282 0.06726235896348953 0.012257021851837632
v 0.006722059566527601 0.0676669329404831 0.012257021851837632
v 0.011816569603979579 0.06696543097496033 0.012257021851837632
v 0.009283606894314282 0.06726235896348953 0.012257021851837632
v 0.011816569603979579 0.06696543097496033 0.012257021851837632
v 0.01182375941425561 0.06686261296272278 0.012257021851837632
v 0.006722059566527601 0.0676669329404831 0.012257021851837632
v 0.006729136221110816 0.06756573915481567 0.012257021851837632
v 0.005828799214214083 0.06764935702085495 0.012323612347245213
v 0.006722059566527601 0.0676669329404831 0.012257021851837632
v 0.005828799214214083 0.06764935702085495 0.012323612347245213
v 0.005236856173723933 0.06779804825782776 0.012516151182353493
v 0.005236856173723933 0.06779804825782776 0.012516151182353493
v 0.005828799214214083 0.06764935702085495 0.012323612347245213
v 0.005223250947892662 0.06769680231809616 0.012601455673575398
v 0.005236856173723933 0.06779804825782776 0.012516151182353493
v 0.005223250947892662 0.06769680231809616 0.012601455673575398
v 0.005194455850869414 0.06780106574296951 0.012549077160656449
v 0.005194455850869414 0.06780106574296951 0.012549077160656449
v 0.005223250947892662 0.06769680231809616 0.012601455673575398
v 0.004779833368957039 0.06773155182600021 0.012804908677935597
v 0.005194455850869414 0.06780106574296951 0.012549077160656449
v 0.004779833368957039 0.06773155182600021 0.012804908677935597
v 0.004411407280713317 0.06785675883293152 0.013157156296074385
v 0.004411407280713317 0.06785675883293152 0.013157156296074385
v 0.004779833368957039 0.06773155182600021 0.012804908677935597
v 0.004355092998594043 0.06775936484336853 0.013337802141904826
v 0.004411407280713317 0.06785675883293152 0.013157156296074385
v 0.004355092998594043 0.06775936484336853 0.013337802141904826
v 0.004333367105573413 0.06786154210567474 0.013316444121301169
v 0.004333367105573413 0.06786154210567474 0.013316444121301169
v 0.004355092998594043 0.06775936484336853 0.013337802141904826
v 0.004092261195182798 0.06777656823396683 0.013667560182511801
v 0.004333367105573413 0.06786154210567474 0.013316444121301169
v 0.004092261195182798 0.06777656823396683 0.013667560182511801
v 0.003909411840140817 0.06788752973079681 0.014181781560182566
v 0.003909411840140817 0.06788752973079681 0.014181781560182566
v 0.004092261195182798 0.06777656823396683 0.013667560182511801
v 0.003961420152336356 0.06778422743082047 0.014423157088458533
v 0.003909411840140817 0.06788752973079681 0.014181781560182566
v 0.003961420152336356 0.06778422743082047 0.014423157088458533
v 0.003890749998390672 0.06788859516382217 0.014410270377993578
v 0.003890749998390672 0.06788859516382217 0.014410270377993578
v 0.003961420152336356 0.06778422743082047 0.014423157088458533
v 0.0038389766123145793 0.06779138743877411 0.015130260027945036
v 0.003890749998390672 0.06788859516382217 0.014410270377993578
v 0.0038389766123145793 0.06779138743877411 0.015130260027945036
v 0.0038319451268762324 0.06789194792509079 0.015130260027945036
v 0.0038389766123145793 0.06779138743877411 0.02465102076530456
v 0.0038319448940455888 0.06789194792509079 0.02465102076530456
v 0.0038389766123145793 0.06779138743877411 0.015130260027945036
v 0.0038389766123145793 0.06779138743877411 0.015130260027945036
v 0.0038319448940455888 0.06789194792509079 0.02465102076530456
v 0.0038319451268762324 0.06789194792509079 0.015130260027945036
v 0.0038319448940455888 0.06789194792509079 0.02465102076530456
v 0.0038389766123145793 0.06779138743877411 0.02465102076530456
v 4.16379931533318e-18 0.06800000369548798 0.02465102076530456
v 4.16379931533318e-18 0.06800000369548798 0.02465102076530456
v 0.0038389766123145793 0.06779138743877411 0.02465102076530456
v -0.0013494596350938073 0.0678865909576416 0.02465102076530456
v 4.16379931533318e-18 0.06800000369548798 0.02465102076530456
v -0.0013494596350938073 0.0678865909576416 0.02465102076530456
v -0.0013564439723268143 0.06798646599054337 0.02465102076530456
v -0.0013494596350938073 0.0678865909576416 0.014052990823984141
v -0.0013564439723268143 0.06798646599054337 0.014052990823984141
v -0.0013494596350938073 0.0678865909576416 0.02465102076530456
v -0.0013494596350938073 0.0678865909576416 0.02465102076530456
v -0.0013564439723268143 0.06798646599054337 0.014052990823984141
v -0.0013564439723268143 0.06798646599054337 0.02465102076530456
v -0.0013564439723268143 0.06798646599054337 0.014052990823984141
v -0.0013494596350938073 0.0678865909576416 0.014052990823984141
v -0.0012190688867121926 0.06788905709981918 0.012277742847800251
v -0.0013564439723268143 0.06798646599054337 0.014052990823984141
v -0.0012190688867121926 0.06788905709981918 0.012277742847800251
v -0.0011145829921588295 0.06799086183309555 0.011825862340629097
v -0.0011145829921588295 0.06799086183309555 0.011825862340629097
v -0.0012190688867121926 0.06788905709981918 0.012277742847800251
v -0.0007991426391527051 0.06789431720972061 0.011290133930742737
v -0.0011145829921588295 0.06799086183309555 0.011825862340629097
v -0.0007991426391527051 0.06789431720972061 0.011290133930742737
v -0.0008199526928365225 0.06799370795488358 0.011294136755168434
v -0.0008199526928365225 0.06799370795488358 0.011294136755168434
v -0.0007991426391527051 0.06789431720972061 0.011290133930742737
v -0.0004829559184145179 0.06789828091859818 0.010546505451202389
v -0.0008199526928365225 0.06799370795488358 0.011294136755168434
v -0.0004829559184145179 0.06789828091859818 0.010546505451202389
v -0.0001969624281628056 0.0679997131228447 0.010169811546802517
v -0.0001969624281628056 0.0679997131228447 0.010169811546802517
v -0.0004829559184145179 0.06789828091859818 0.010546505451202389
v -1.5516892659661598e-08 0.06799797713756561 0.010013588704168793
v -1.5516892659661598e-08 0.06799797713756561 0.010013588704168793
v -0.0004829559184145179 0.06789828091859818 0.010546505451202389
v 0.000635332136880606 0.06789550185203552 0.009444767609238621
v -1.5516892659661598e-08 0.06799797713756561 0.010013588704168793
v 0.000635332136880606 0.06789550185203552 0.009444767609238621
v 0.0006596185266971584 0.06799216568470001 0.009490353055298325
v 0.0006596185266971584 0.06799216568470001 0.009490353055298325
v 0.000635332136880606 0.06789550185203552 0.009444767609238621
v 0.0008209431543946261 0.06789503991603851 0.009261903353035447
v 0.0006596185266971584 0.06799216568470001 0.009490353055298325
v 0.0008209431543946261 0.06789503991603851 0.009261903353035447
v 0.0013953656889498225 0.06798568367958069 0.00890674255788326
v 0.0013953656889498225 0.06798568367958069 0.00890674255788326
v 0.0008209431543946261 0.06789503991603851 0.009261903353035447
v 0.002932245610281823 0.06783665716648102 0.00832267943769693
v 0.0013953656889498225 0.06798568367958069 0.00890674255788326
v 0.002932245610281823 0.06783665716648102 0.00832267943769693
v 0.0033339650835841872 0.06791821867227554 0.00823509972542524
v 0.0033339650835841872 0.06791821867227554 0.00823509972542524
v 0.002932245610281823 0.06783665716648102 0.00832267943769693
v 0.0033997667487710693 0.06780725717544556 0.008280356414616104
v 0.0033339650835841872 0.06791821867227554 0.00823509972542524
v 0.0033997667487710693 0.06780725717544556 0.008280356414616104
v 0.0033876269590109565 0.0679146945476532 0.008231449872255322
v 0.0033876269590109565 0.0679146945476532 0.008231449872255322
v 0.0033997667487710693 0.06780725717544556 0.008280356414616104
v 0.00558826886117458 0.06766964495182037 0.008082238025963303
v 0.0033876269590109565 0.0679146945476532 0.008231449872255322
v 0.00558826886117458 0.06766964495182037 0.008082238025963303
v 0.005581211764365431 0.0677705705165863 0.008082238025963303
v 0.021410163491964326 0.06454149633646011 0.008383625186979767
v 0.02141770720481871 0.06443362683057785 0.008383625186979767
v 0.028240010142326338 0.06185872480273247 0.008383625186979767
v 0.028240010142326338 0.06185872480273247 0.008383625186979767
v 0.02141770720481871 0.06443362683057785 0.008383625186979767
v 0.02824795246124266 0.06174514815211296 0.008383625186979767
v 0.034610841423273066 0.05841660499572754 0.014630025252699847
v 0.034602366387844065 0.05853781849145889 0.014630025252699847
v 0.03149341419339178 0.06004738807678223 0.011569668538868424
v 0.03149341419339178 0.06004738807678223 0.011569668538868424
v 0.034602366387844065 0.05853781849145889 0.014630025252699847
v 0.03142120689153669 0.060198262333869934 0.011506842449307438
v 0.03149341419339178 0.06004738807678223 0.011569668538868424
v 0.03142120689153669 0.060198262333869934 0.011506842449307438
v 0.0314294137060642 0.060080867260694504 0.011506842449307438
v 0.0314294137060642 0.060080867260694504 0.011506842449307438
v 0.03142120689153669 0.060198262333869934 0.011506842449307438
v 0.029476869851350763 0.06121313199400902 0.009597943164408203
v 0.0314294137060642 0.060080867260694504 0.011506842449307438
v 0.029476869851350763 0.06121313199400902 0.009597943164408203
v 0.02824795246124266 0.06174514815211296 0.008383625186979767
v 0.02824795246124266 0.06174514815211296 0.008383625186979767
v 0.029476869851350763 0.06121313199400902 0.009597943164408203
v 0.028240010142326338 0.06185872480273247 0.008383625186979767
v 0.034602366387844065 0.05853781849145889 0.014630025252699847
v 0.034610841423273066 0.05841660499572754 0.014630025252699847
v 0.036554750055074664 0.0573389045894146 0.014630025252699847
v 0.036554750055074664 0.0573389045894146 0.014630025252699847
v 0.034610841423273066 0.05841660499572754 0.014630025252699847
v 0.03656343370676038 0.057214729487895966 0.014630025252699847
v 0.036554750055074664 0.0573389045894146 0.014630025252699847
v 0.03656343370676038 0.057214729487895966 0.014630025252699847
v 0.036554750055074664 0.0573389045894146 0.008383625186979767
v 0.036554750055074664 0.0573389045894146 0.008383625186979767
v 0.03656343370676038 0.057214729487895966 0.014630025252699847
v 0.03656343370676038 0.057214729487895966 0.008383625186979767
v 0.036554750055074664 0.0573389045894146 0.008383625186979767
v 0.03656343370676038 0.057214729487895966 0.008383625186979767
v 0.04082080721855161 0.05438438802957535 0.008383625186979767
v 0.04082080721855161 0.05438438802957535 0.008383625186979767
v 0.03656343370676038 0.057214729487895966 0.008383625186979767
v 0.0408300384879112 0.054252348840236664 0.008383625186979767
v 0.04082080721855161 0.05438438802957535 0.008383625186979767
v 0.0408300384879112 0.054252348840236664 0.008383625186979767
v 0.04082079976797101 0.054384391754865646 0.024651125073432915
v 0.04082079976797101 0.054384391754865646 0.024651125073432915
v 0.0408300384879112 0.054252348840236664 0.008383625186979767
v 0.0408300347626209 0.05425235256552696 0.024651125073432915
v 0.04082079976797101 0.054384391754865646 0.024651125073432915
v 0.0408300347626209 0.05425235256552696 0.024651125073432915
v 0.036554750055074664 0.0573389045894146 0.024651125073432915
v 0.036554750055074664 0.0573389045894146 0.024651125073432915
v 0.0408300347626209 0.05425235256552696 0.024651125073432915
v 0.03656343370676038 0.057214729487895966 0.024651125073432915
v 0.036554750055074664 0.0573389045894146 0.024651125073432915
v 0.03656343370676038 0.057214729487895966 0.024651125073432915
v 0.036554750055074664 0.0573389045894146 0.018674353137612336
v 0.036554750055074664 0.0573389045894146 0.018674353137612336
v 0.03656343370676038 0.057214729487895966 0.024651125073432915
v 0.03656343370676038 0.057214729487895966 0.018674353137612336
v 0.036554750055074664 0.0573389045894146 0.018674353137612336
v 0.03656343370676038 0.057214729487895966 0.018674353137612336
v 0.03448150306940077 0.058609094470739365 0.018674353137612336
v 0.03448150306940077 0.058609094470739365 0.018674353137612336
v 0.03656343370676038 0.057214729487895966 0.018674353137612336
v 0.03448996692895887 0.05848805233836174 0.018674353137612336
v 0.03136074915528295 0.060233913362026215 0.0216627437621355
v 0.03448150306940077 0.058609094470739365 0.018674353137612336
v 0.03448996692895887 0.05848805233836174 0.018674353137612336
v 0.03448996692895887 0.05848805233836174 0.018674353137612336
v 0.031495239585638025 0.060050707310438156 0.021541822701692574
v 0.03136074915528295 0.060233913362026215 0.0216627437621355
v 0.03136074915528295 0.060233913362026215 0.0216627437621355
v 0.031495239585638025 0.060050707310438156 0.021541822701692574
v 0.03136895224452017 0.06011660397052765 0.0216627437621355
v 0.03136074915528295 0.060233913362026215 0.0216627437621355
v 0.03136895224452017 0.06011660397052765 0.0216627437621355
v 0.029477570205926874 0.0612143911421299 0.023466054350137704
v 0.029477570205926874 0.0612143911421299 0.023466054350137704
v 0.03136895224452017 0.06011660397052765 0.0216627437621355
v 0.02824795246124266 0.06174514815211296 0.024651125073432915
v 0.029477570205926874 0.0612143911421299 0.023466054350137704
v 0.02824795246124266 0.06174514815211296 0.024651125073432915
v 0.028240010142326338 0.06185872480273247 0.024651125073432915
v 0.028240010142326338 0.06185872480273247 0.024651125073432915
v 0.02824795246124266 0.06174514815211296 0.024651125073432915
v 0.021410163491964326 0.06454149633646011 0.024651125073432915
v 0.021410163491964326 0.06454149633646011 0.024651125073432915
v 0.02824795246124266 0.06174514815211296 0.024651125073432915
v 0.02141770720481871 0.06443362683057785 0.024651125073432915
v 0.026016175746917707 0.06262101978063583 0.020694984123110764
v 0.028309255838394148 0.06171714887022972 0.018722208216786378
v 0.028296379372477514 0.061832960695028305 0.018726428970694535
v 0.028296379372477514 0.061832960695028305 0.018726428970694535
v 0.028309255838394148 0.06171714887022972 0.018722208216786378
v 0.02949898876249788 0.061255257576704025 0.017658675089478486
v 0.02949898876249788 0.061255257576704025 0.017658675089478486
v 0.028309255838394148 0.06171714887022972 0.018722208216786378
v 0.030590036883950213 0.06061897054314613 0.016697179526090615
v 0.02949898876249788 0.061255257576704025 0.017658675089478486
v 0.030590036883950213 0.06061897054314613 0.016697179526090615
v 0.030581919476389864 0.06073505058884621 0.016697179526090615
v 0.028296379372477514 0.061832960695028305 0.018726428970694535
v 0.026008350774645788 0.06273290514945984 0.020694982260465615
v 0.026016175746917707 0.06262101978063583 0.020694984123110764
v 0.026016175746917707 0.06262101978063583 0.020694984123110764
v 0.026008350774645788 0.06273290514945984 0.020694982260465615
v 0.021410163491964326 0.06454149633646011 0.024651125073432915
v 0.026016175746917707 0.06262101978063583 0.020694984123110764
v 0.021410163491964326 0.06454149633646011 0.024651125073432915
v 0.02141770720481871 0.06443362683057785 0.024651125073432915
v 0.030581919476389864 0.06073505058884621 0.016697179526090615
v 0.030590036883950213 0.06061897054314613 0.016697179526090615
v 0.029481906443834284 0.061215806752443314 0.015692541375756257
v 0.029481906443834284 0.061215806752443314 0.015692541375756257
v 0.030590036883950213 0.06061897054314613 0.016697179526090615
v 0.026016188785433752 0.06262318789958954 0.012519859708845612
v 0.02141770720481871 0.06443362683057785 0.008383625186979767
v 0.021410163491964326 0.06454149633646011 0.008383625186979767
v 0.02383217215538023 0.06358020752668381 0.010525184683501717
v 0.02383217215538023 0.06358020752668381 0.010525184683501717
v 0.021410163491964326 0.06454149633646011 0.008383625186979767
v 0.023801481351256353 0.0636984258890152 0.010504631325602528
v 0.02383217215538023 0.06358020752668381 0.010525184683501717
v 0.023801481351256353 0.0636984258890152 0.010504631325602528
v 0.026016188785433752 0.06262318789958954 0.012519859708845612
v 0.026016188785433752 0.06262318789958954 0.012519859708845612
v 0.023801481351256353 0.0636984258890152 0.010504631325602528
v 0.02600825019180773 0.0627339631319046 0.012520064599812027
v 0.026016188785433752 0.06262318789958954 0.012519859708845612
v 0.02600825019180773 0.0627339631319046 0.012520064599812027
v 0.029481906443834284 0.061215806752443314 0.015692541375756257
v 0.05812524631619449 -0.03512130305171013 0.03299999982118605
v 0.05757724493741985 -0.03617818281054497 0.03299999982118605
v 0.059515193104743916 -0.03289288282394409 0.03299999982118605
v 0.06434909999370571 -0.02174888551235199 0.03299999982118605
v 0.06418406963348385 -0.02245897613465786 0.03299999982118605
v 0.0653423815965652 -0.01882481388747692 0.03299999982118605
v 0.06788003444671627 -0.004037416074424982 0.03299999982118605
v 0.06755851209163662 -0.0072927880100905895 0.03299999982118605
v 0.06755547225475307 -0.007762623019516468 0.03299999982118605
v 0.06755547225475307 -0.007762623019516468 0.03299999982118605
v 0.06755851209163662 -0.0072927880100905895 0.03299999982118605
v 0.06668905913829799 -0.012551265768706799 0.03299999982118605
v 0.06755547225475307 -0.007762623019516468 0.03299999982118605
v 0.06668905913829799 -0.012551265768706799 0.03299999982118605
v 0.06629509478807445 -0.015131423249840736 0.03299999982118605
v 0.06434909999370571 -0.02174888551235199 0.03299999982118605
v 0.06290540844202037 -0.02534850873053074 0.03299999982118605
v 0.06418406963348385 -0.02245897613465786 0.03299999982118605
v 0.06418406963348385 -0.02245897613465786 0.03299999982118605
v 0.06290540844202037 -0.02534850873053074 0.03299999982118605
v 0.06159443035721775 -0.028617221862077713 0.03299999982118605
v 0.06418406963348385 -0.02245897613465786 0.03299999982118605
v 0.06159443035721775 -0.028617221862077713 0.03299999982118605
v 0.0612658821046352 -0.029504094272851944 0.03299999982118605
v 0.06668905913829799 -0.012551265768706799 0.03299999982118605
v 0.06635124236345287 -0.014594404958188534 0.03299999982118605
v 0.06629509478807445 -0.015131423249840736 0.03299999982118605
v 0.06629509478807445 -0.015131423249840736 0.03299999982118605
v 0.06635124236345287 -0.014594404958188534 0.03299999982118605
v 0.06592559814453121 -0.016395607963204384 0.03299999982118605
v 0.06629509478807445 -0.015131423249840736 0.03299999982118605
v 0.06592559814453121 -0.016395607963204384 0.03299999982118605
v 0.0653423815965652 -0.01882481388747692 0.03299999982118605
v 0.0653423815965652 -0.01882481388747692 0.03299999982118605
v 0.06592559814453121 -0.016395607963204384 0.03299999982118605
v 0.06544966995716091 -0.018189679831266403 0.03299999982118605
v 0.0653423815965652 -0.01882481388747692 0.03299999982118605
v 0.06544966995716091 -0.018189679831266403 0.03299999982118605
v 0.06434909999370571 -0.02174888551235199 0.03299999982118605
v 0.05812524631619449 -0.03512130305171013 0.03299999982118605
v 0.05671220645308491 -0.03719222545623779 0.03299999982118605
v 0.05757724493741985 -0.03617818281054497 0.03299999982118605
v 0.05757724493741985 -0.03617818281054497 0.03299999982118605
v 0.05671220645308491 -0.03719222545623779 0.03299999982118605
v 0.053934615105390514 -0.04126300662755966 0.03299999982118605
v 0.05757724493741985 -0.03617818281054497 0.03299999982118605
v 0.053934615105390514 -0.04126300662755966 0.03299999982118605
v 0.05316454172134396 -0.042397305369377136 0.03299999982118605
v 0.05316454172134396 -0.042397305369377136 0.03299999982118605
v 0.053934615105390514 -0.04126300662755966 0.03299999982118605
v 0.052826996892690624 -0.0426618792116642 0.03299999982118605
v 0.052826996892690624 -0.0426618792116642 0.03299999982118605
v 0.05253832787275311 -0.04302645102143288 0.03299999982118605
v 0.05316454172134396 -0.042397305369377136 0.03299999982118605
v 0.05316454172134396 -0.042397305369377136 0.03299999982118605
v 0.05253832787275311 -0.04302645102143288 0.03299999982118605
v 0.05158731713891026 -0.04416321963071823 0.03299999982118605
v 0.05316454172134396 -0.042397305369377136 0.03299999982118605
v 0.05158731713891026 -0.04416321963071823 0.03299999982118605
v 0.0507036671042442 -0.045311566442251205 0.03299999982118605
v 0.0507036671042442 -0.045311566442251205 0.03299999982118605
v 0.05158731713891026 -0.04416321963071823 0.03299999982118605
v 0.04909991472959515 -0.04691758379340172 0.03299999982118605
v 0.0507036671042442 -0.045311566442251205 0.03299999982118605
v 0.04909991472959515 -0.04691758379340172 0.03299999982118605
v 0.0480832606554031 -0.04808326065540314 0.03299999982118605
v 0.06159443035721775 -0.028617221862077713 0.03299999982118605
v 0.06079340726137157 -0.030278431251645088 0.03299999982118605
v 0.0612658821046352 -0.029504094272851944 0.03299999982118605
v 0.0612658821046352 -0.029504094272851944 0.03299999982118605
v 0.06079340726137157 -0.030278431251645088 0.03299999982118605
v 0.060182295739650685 -0.03146257996559143 0.03299999982118605
v 0.0612658821046352 -0.029504094272851944 0.03299999982118605
v 0.060182295739650685 -0.03146257996559143 0.03299999982118605
v 0.059515193104743916 -0.03289288282394409 0.03299999982118605
v 0.059515193104743916 -0.03289288282394409 0.03299999982118605
v 0.060182295739650685 -0.03146257996559143 0.03299999982118605
v 0.059948202222585636 -0.03191618248820305 0.03299999982118605
v 0.059515193104743916 -0.03289288282394409 0.03299999982118605
v 0.059948202222585636 -0.03191618248820305 0.03299999982118605
v 0.05812524631619449 -0.03512130305171013 0.03299999982118605
v 0.043408684432506534 -0.05223304033279419 0.03299999982118605
v 0.04239730536937711 -0.053164541721343994 0.03299999982118605
v 0.04371244460344312 -0.05198396369814873 0.03299999982118605
v 0.04371244460344312 -0.05198396369814873 0.03299999982118605
v 0.04239730536937711 -0.053164541721343994 0.03299999982118605
v 0.0480832606554031 -0.04808326065540314 0.03299999982118605
v 0.04371244460344312 -0.05198396369814873 0.03299999982118605
v 0.0480832606554031 -0.04808326065540314 0.03299999982118605
v 0.048326499760150875 -0.047644902020692825 0.03299999982118605
v 0.048326499760150875 -0.047644902020692825 0.03299999982118605
v 0.0480832606554031 -0.04808326065540314 0.03299999982118605
v 0.04909991472959515 -0.04691758379340172 0.03299999982118605
v 0.0670867264270782 0.011107277125120163 0.03299999982118605
v 0.06751962006092067 0.007880612276494503 0.03300004824995993
v 0.06748577952384945 0.00834685005247593 0.03299999982118605
v 0.06748577952384945 0.00834685005247593 0.03299999982118605
v 0.06751962006092067 0.007880612276494503 0.03300004824995993
v 0.06756331026554104 0.007554966490715742 0.03300005197525023
v 0.06748577952384945 0.00834685005247593 0.03299999982118605
v 0.06756331026554104 0.007554966490715742 0.03300005197525023
v 0.06777129322290416 0.005572380498051643 0.03299999982118605
v 0.06756331026554104 0.007554966490715742 0.03300005197525023
v 0.0677387341856956 0.005694802850484848 0.03300005942583083
v 0.06777129322290416 0.005572380498051643 0.03299999982118605
v 0.06777129322290416 0.005572380498051643 0.03299999982118605
v 0.0677387341856956 0.005694802850484848 0.03300005942583083
v 0.0678639635443687 0.003830763278529048 0.03300005570054053
v 0.06777129322290416 0.005572380498051643 0.03299999982118605
v 0.0678639635443687 0.003830763278529048 0.03300005570054053
v 0.06794279813766475 0.0027885357849299908 0.03299999982118605
v 0.06794279813766475 0.0027885357849299908 0.03299999982118605
v 0.0678639635443687 0.003830763278529048 0.03300005570054053
v 0.06793889403343197 0.0019642068073153496 0.03300003334879874
v 0.06794279813766475 0.0027885357849299908 0.03299999982118605
v 0.06793889403343197 0.0019642068073153496 0.03300003334879874
v 0.06799969077110286 -1.639052295724516e-16 0.03299999982118605
v 0.06799969077110286 -1.639052295724516e-16 0.03299999982118605
v 0.06793889403343197 0.0019642068073153496 0.03300003334879874
v 0.06796342879533764 9.649070852901787e-05 0.03299999982118605
v 0.06799969077110286 -1.639052295724516e-16 0.03299999982118605
v 0.06796342879533764 9.649070852901787e-05 0.03299999982118605
v 0.06799934059381481 -0.0003000000142492354 0.03299999982118605
v 0.06799934059381481 -0.0003000000142492354 0.03299999982118605
v 0.06796342879533764 9.649070852901787e-05 0.03299999982118605
v 0.0679376050829887 -0.0017580558778718114 0.03299999982118605
v 0.06799934059381481 -0.0003000000142492354 0.03299999982118605
v 0.0679376050829887 -0.0017580558778718114 0.03299999982118605
v 0.06788003444671627 -0.004037416074424982 0.03299999982118605
v 0.06788003444671627 -0.004037416074424982 0.03299999982118605
v 0.0679376050829887 -0.0017580558778718114 0.03299999982118605
v 0.06786150485277172 -0.0036077857948839664 0.03299999982118605
v 0.06788003444671627 -0.004037416074424982 0.03299999982118605
v 0.06786150485277172 -0.0036077857948839664 0.03299999982118605
v 0.06755851209163662 -0.0072927880100905895 0.03299999982118605
v 0.039349649101495715 -0.05545813962817192 0.03299999982118605
v 0.03779803961515424 -0.056442514061927795 0.03299999982118605
v 0.03617818281054495 -0.05757724493741989 0.03299999982118605
v 0.03617818281054495 -0.05757724493741989 0.03299999982118605
v 0.03779803961515424 -0.056442514061927795 0.03299999982118605
v 0.03464885428547857 -0.05843609943985939 0.03299999982118605
v 0.03617818281054495 -0.05757724493741989 0.03299999982118605
v 0.03464885428547857 -0.05843609943985939 0.03299999982118605
v 0.03289288282394407 -0.05951519310474396 0.03299999982118605
v 0.003035832894966004 -0.06792472302913666 0.03299999982118605
v -3.875703858731035e-15 -0.06799489259719849 0.03299998119473456
v 0.0019071453716605889 -0.06797324866056442 0.03299999982118605
v 0.043408684432506534 -0.05223304033279419 0.03299999982118605
v 0.0422817915678024 -0.053157053887844086 0.03299999982118605
v 0.04239730536937711 -0.053164541721343994 0.03299999982118605
v 0.04239730536937711 -0.053164541721343994 0.03299999982118605
v 0.0422817915678024 -0.053157053887844086 0.03299999982118605
v 0.04081917554140088 -0.054291173815727234 0.03299999982118605
v 0.04239730536937711 -0.053164541721343994 0.03299999982118605
v 0.04081917554140088 -0.054291173815727234 0.03299999982118605
v 0.039349649101495715 -0.05545813962817192 0.03299999982118605
v 0.039349649101495715 -0.05545813962817192 0.03299999982118605
v 0.04081917554140088 -0.054291173815727234 0.03299999982118605
v 0.038028113543987246 -0.05627867951989174 0.03299999982118605
v 0.039349649101495715 -0.05545813962817192 0.03299999982118605
v 0.038028113543987246 -0.05627867951989174 0.03299999982118605
v 0.03779803961515424 -0.056442514061927795 0.03299999982118605
v 0.026022473350167257 -0.0628238096833229 0.03299999982118605
v 0.029504094272851923 -0.06126588210463524 0.03299999982118605
v 0.028084084391593916 -0.06187543645501137 0.03299999982118605
v 0.03464885428547857 -0.05843609943985939 0.03299999982118605
v 0.03226707503199575 -0.05976726487278938 0.03299999982118605
v 0.03289288282394407 -0.05951519310474396 0.03299999982118605
v 0.03289288282394407 -0.05951519310474396 0.03299999982118605
v 0.03226707503199575 -0.05976726487278938 0.03299999982118605
v 0.031396303325891474 -0.06025393679738045 0.03299999982118605
v 0.03289288282394407 -0.05951519310474396 0.03299999982118605
v 0.031396303325891474 -0.06025393679738045 0.03299999982118605
v 0.029504094272851923 -0.06126588210463524 0.03299999982118605
v 0.029504094272851923 -0.06126588210463524 0.03299999982118605
v 0.031396303325891474 -0.06025393679738045 0.03299999982118605
v 0.029750557616353014 -0.061087459325790405 0.03299999982118605
v 0.029504094272851923 -0.06126588210463524 0.03299999982118605
v 0.029750557616353014 -0.061087459325790405 0.03299999982118605
v 0.028084084391593916 -0.06187543645501137 0.03299999982118605
v 0.028084084391593916 -0.06187543645501137 0.03299999982118605
v 0.02619297988712786 -0.06267711520195007 0.03299999982118605
v 0.026022473350167257 -0.0628238096833229 0.03299999982118605
v 0.026022473350167257 -0.0628238096833229 0.03299999982118605
v 0.02619297988712786 -0.06267711520195007 0.03299999982118605
v 0.024689227342605573 -0.06331457942724228 0.03299999982118605
v 0.026022473350167257 -0.0628238096833229 0.03299999982118605
v 0.024689227342605573 -0.06331457942724228 0.03299999982118605
v 0.022458976134657846 -0.06418406963348389 0.03299999982118605
v 0.022458976134657846 -0.06418406963348389 0.03299999982118605
v 0.024689227342605573 -0.06331457942724228 0.03299999982118605
v 0.02120621688663958 -0.06457192450761795 0.03299999982118605
v 0.022458976134657846 -0.06418406963348389 0.03299999982118605
v 0.02120621688663958 -0.06457192450761795 0.03299999982118605
v 0.018824813887476907 -0.06534238159656525 0.03299999982118605
v 0.02120621688663958 -0.06457192450761795 0.03299999982118605
v 0.019864214584231363 -0.0649750605225563 0.03299999982118605
v 0.018824813887476907 -0.06534238159656525 0.03299999982118605
v 0.018824813887476907 -0.06534238159656525 0.03299999982118605
v 0.019864214584231363 -0.0649750605225563 0.03299999982118605
v 0.017642244696617116 -0.06564254313707352 0.03299999982118605
v 0.018824813887476907 -0.06534238159656525 0.03299999982118605
v 0.017642244696617116 -0.06564254313707352 0.03299999982118605
v 0.015131423249840726 -0.0662950947880745 0.03299999982118605
v 0.013266141526401034 -0.06669339537620544 0.03299999982118605
v 0.011849796399474135 -0.06694118678569794 0.03299999982118605
v 0.011390423402190201 -0.06703922897577286 0.03299999982118605
v 0.011390423402190201 -0.06703922897577286 0.03299999982118605
v 0.011849796399474135 -0.06694118678569794 0.03299999982118605
v 0.010381422936916344 -0.0671868547797203 0.03299999982118605
v 0.011390423402190201 -0.06703922897577286 0.03299999982118605
v 0.010381422936916344 -0.0671868547797203 0.03299999982118605
v 0.009505743160843842 -0.06733231991529465 0.03299999982118605
v 0.009505743160843842 -0.06733231991529465 0.03299999982118605
v 0.010381422936916344 -0.0671868547797203 0.03299999982118605
v 0.008553437888622279 -0.06744655221700668 0.03299999982118605
v 0.009505743160843842 -0.06733231991529465 0.03299999982118605
v 0.008553437888622279 -0.06744655221700668 0.03299999982118605
v 0.007613584399223322 -0.06757242977619171 0.03299999982118605
v 0.007613584399223322 -0.06757242977619171 0.03299999982118605
v 0.008553437888622279 -0.06744655221700668 0.03299999982118605
v 0.006719844881445165 -0.06765609979629517 0.03299999982118605
v 0.007613584399223322 -0.06757242977619171 0.03299999982118605
v 0.006719844881445165 -0.06765609979629517 0.03299999982118605
v 0.005715435836464163 -0.06775937974452972 0.03299999982118605
v 0.005715435836464163 -0.06775937974452972 0.03299999982118605
v 0.006719844881445165 -0.06765609979629517 0.03299999982118605
v 0.0067015769891440825 -0.06765780597925186 0.03299999982118605
v 0.0067015769891440825 -0.06765780597925186 0.03299999982118605
v 0.005800944752991196 -0.06774205714464188 0.03299999982118605
v 0.005715435836464163 -0.06775937974452972 0.03299999982118605
v 0.005715435836464163 -0.06775937974452972 0.03299999982118605
v 0.005800944752991196 -0.06774205714464188 0.03299999982118605
v 0.00488064298406243 -0.06781548261642456 0.03299999982118605
v 0.005715435836464163 -0.06775937974452972 0.03299999982118605
v 0.00488064298406243 -0.06781548261642456 0.03299999982118605
v 0.004764581564813849 -0.06783287227153778 0.03299999982118605
v 0.004764581564813849 -0.06783287227153778 0.03299999982118605
v 0.00488064298406243 -0.06781548261642456 0.03299999982118605
v 0.003958939108997581 -0.06787636876106262 0.03299999982118605
v 0.004764581564813849 -0.06783287227153778 0.03299999982118605
v 0.003958939108997581 -0.06787636876106262 0.03299999982118605
v 0.003812790382653472 -0.06789302080869675 0.03299999982118605
v 0.003812790382653472 -0.06789302080869675 0.03299999982118605
v 0.003958939108997581 -0.06787636876106262 0.03299999982118605
v 0.003035832894966004 -0.06792472302913666 0.03299999982118605
v 0.003812790382653472 -0.06789302080869675 0.03299999982118605
v 0.003035832894966004 -0.06792472302913666 0.03299999982118605
v 0.0028602492529898865 -0.06793981790542603 0.03299999982118605
v 0.0028602492529898865 -0.06793981790542603 0.03299999982118605
v 0.003035832894966004 -0.06792472302913666 0.03299999982118605
v 0.0019071453716605889 -0.06797324866056442 0.03299999982118605
v 0.017642244696617116 -0.06564254313707352 0.03299999982118605
v 0.015486150979995717 -0.06618852913379669 0.03299999982118605
v 0.015131423249840726 -0.0662950947880745 0.03299999982118605
v 0.015131423249840726 -0.0662950947880745 0.03299999982118605
v 0.015486150979995717 -0.06618852913379669 0.03299999982118605
v 0.014402282424271096 -0.06643469631671906 0.03299999982118605
v 0.015131423249840726 -0.0662950947880745 0.03299999982118605
v 0.014402282424271096 -0.06643469631671906 0.03299999982118605
v 0.013266141526401034 -0.06669339537620544 0.03299999982118605
v 0.013266141526401034 -0.06669339537620544 0.03299999982118605
v 0.014402282424271096 -0.06643469631671906 0.03299999982118605
v 0.013314531184732905 -0.0666629821062088 0.03299999982118605
v 0.013266141526401034 -0.06669339537620544 0.03299999982118605
v 0.013314531184732905 -0.0666629821062088 0.03299999982118605
v 0.011849796399474135 -0.06694118678569794 0.03299999982118605
v -0.008454618975520129 0.010499999858438969 0.23902709782123557
v -0.009026693180203433 0.0005000000237487257 0.23879727721214286
v -0.009010937064886088 0.010499999858438969 0.23876854777336112
v -0.009010937064886088 0.010499999858438969 0.23876854777336112
v -0.009026693180203433 0.0005000000237487257 0.23879727721214286
v -0.009202367626130574 0.0005000000237487257 0.23874470591545097
v -0.009010937064886088 0.010499999858438969 0.23876854777336112
v -0.009202367626130574 0.0005000000237487257 0.23874470591545097
v -0.012533955276012412 0.010499999858438969 0.23713123798370353
v -0.012533955276012412 0.010499999858438969 0.23713123798370353
v -0.009202367626130574 0.0005000000237487257 0.23874470591545097
v -0.01261005923151969 0.0005000000237487257 0.23708693683147422
v -0.012533955276012412 0.010499999858438969 0.23713123798370353
v -0.01261005923151969 0.0005000000237487257 0.23708693683147422
v -0.015763230621814717 0.010499999858438969 0.23490460216999046
v -0.015763230621814717 0.010499999858438969 0.23490460216999046
v -0.01261005923151969 0.0005000000237487257 0.23708693683147422
v -0.016244426369667043 0.0005000000237487257 0.23450353741645805
v -0.015763230621814717 0.010499999858438969 0.23490460216999046
v -0.016244426369667043 0.0005000000237487257 0.23450353741645805
v -0.016780951991677274 0.010499999858438969 0.2339122146368026
v -0.016780951991677274 0.010499999858438969 0.2339122146368026
v -0.016244426369667043 0.0005000000237487257 0.23450353741645805
v -0.016799993813037862 0.0005000000237487257 0.23393388092517844
v -0.016780951991677274 0.010499999858438969 0.2339122146368026
v -0.016799993813037862 0.0005000000237487257 0.23393388092517844
v -0.01900064758956431 0.010499999858438969 0.23174779117107383
v -0.01900064758956431 0.010499999858438969 0.23174779117107383
v -0.016799993813037862 0.0005000000237487257 0.23393388092517844
v -0.01940493471920489 0.0005000000237487257 0.23126281797885886
v -0.01900064758956431 0.010499999858438969 0.23174779117107383
v -0.01940493471920489 0.0005000000237487257 0.23126281797885886
v -0.021584508940577493 0.010499999858438969 0.22811418771743766
v -0.021584508940577493 0.010499999858438969 0.22811418771743766
v -0.01940493471920489 0.0005000000237487257 0.23126281797885886
v -0.021780148148536668 0.0005000000237487257 0.22777344286441795
v -0.021584508940577493 0.010499999858438969 0.22811418771743766
v -0.021780148148536668 0.0005000000237487257 0.22777344286441795
v -0.022315274924039827 0.010499999858438969 0.2266124039888381
v -0.022315274924039827 0.010499999858438969 0.2266124039888381
v -0.021780148148536668 0.0005000000237487257 0.22777344286441795
v -0.02230410091578959 0.0005000000237487257 0.22660970687866203
v -0.022315274924039827 0.010499999858438969 0.2266124039888381
v -0.02230410091578959 0.0005000000237487257 0.22660970687866203
v -0.023244706913828836 0.010499999858438969 0.22470237314701072
v -0.023244706913828836 0.010499999858438969 0.22470237314701072
v -0.02230410091578959 0.0005000000237487257 0.22660970687866203
v -0.02362688630819319 0.0005000000237487257 0.22367168962955467
v -0.023244706913828836 0.010499999858438969 0.22470237314701072
v -0.02362688630819319 0.0005000000237487257 0.22367168962955467
v -0.024478986859321577 0.010499999858438969 0.22057756781578056
v -0.024478986859321577 0.010499999858438969 0.22057756781578056
v -0.02362688630819319 0.0005000000237487257 0.22367168962955467
v -0.024738773703575117 0.0005000000237487257 0.21910518407821647
v -0.024478986859321577 0.010499999858438969 0.22057756781578056
v -0.024738773703575117 0.0005000000237487257 0.21910518407821647
v -0.024811867624521238 0.010499999858438969 0.2177969515323638
v -0.024811867624521238 0.010499999858438969 0.2177969515323638
v -0.024738773703575117 0.0005000000237487257 0.21910518407821647
v -0.024811130017042143 0.0005000000237487257 0.21780213713645927
v -0.024811867624521238 0.010499999858438969 0.2177969515323638
v -0.024811130017042143 0.0005000000237487257 0.21780213713645927
v -0.024985849857330305 0.010499999858438969 0.21634365618228904
v -0.024985849857330305 0.010499999858438969 0.21634365618228904
v -0.024811130017042143 0.0005000000237487257 0.21780213713645927
v -0.024985823780298216 0.0005000000237487257 0.214656114578247
v -0.024985849857330305 0.010499999858438969 0.21634365618228904
v -0.024985823780298216 0.0005000000237487257 0.214656114578247
v -0.024738749489188177 0.010499999858438969 0.2118945121765136
v -0.024738749489188177 0.010499999858438969 0.2118945121765136
v -0.024985823780298216 0.0005000000237487257 0.214656114578247
v -0.024478968232870085 0.0005000000237487257 0.21042241156101218
v -0.024738749489188177 0.010499999858438969 0.2118945121765136
v -0.024478968232870085 0.0005000000237487257 0.21042241156101218
v -0.023956069722771627 0.010499999858438969 0.20868024230003349
v -0.023956069722771627 0.010499999858438969 0.20868024230003349
v -0.024478968232870085 0.0005000000237487257 0.21042241156101218
v -0.02395889535546301 0.0005000000237487257 0.20868438482284538
v -0.023956069722771627 0.010499999858438969 0.20868024230003349
v -0.02395889535546301 0.0005000000237487257 0.20868438482284538
v -0.023626796901226026 0.010499999858438969 0.20732799172401423
v -0.023626796901226026 0.010499999858438969 0.20732799172401423
v -0.02395889535546301 0.0005000000237487257 0.20868438482284538
v -0.023244706913828836 0.0005000000237487257 0.20629763603210444
v -0.023626796901226026 0.010499999858438969 0.20732799172401423
v -0.023244706913828836 0.0005000000237487257 0.20629763603210444
v -0.021779909729957567 0.010499999858438969 0.2032261043787002
v -0.021779909729957567 0.010499999858438969 0.2032261043787002
v -0.023244706913828836 0.0005000000237487257 0.20629763603210444
v -0.02158694155514239 0.0005000000237487257 0.202889934182167
v -0.021779909729957567 0.010499999858438969 0.2032261043787002
v -0.02158694155514239 0.0005000000237487257 0.202889934182167
v -0.01990183629095553 0.010499999858438969 0.20046721398830408
v -0.01990183629095553 0.010499999858438969 0.20046721398830408
v -0.02158694155514239 0.0005000000237487257 0.202889934182167
v -0.01987792737782 0.0005000000237487257 0.20048567652702326
v -0.01990183629095553 0.010499999858438969 0.20046721398830408
v -0.01987792737782 0.0005000000237487257 0.20048567652702326
v -0.01940459571778773 0.010499999858438969 0.19973677396774286
v -0.01940459571778773 0.010499999858438969 0.19973677396774286
v -0.01987792737782 0.0005000000237487257 0.20048567652702326
v -0.019003544002771364 0.0005000000237487257 0.19925557076930994
v -0.01940459571778773 0.010499999858438969 0.19973677396774286
v -0.019003544002771364 0.0005000000237487257 0.19925557076930994
v -0.016244010999798764 0.010499999858438969 0.19649611413478846
v -0.016244010999798764 0.010499999858438969 0.19649611413478846
v -0.019003544002771364 0.0005000000237487257 0.19925557076930994
v -0.01576281338930129 0.0005000000237487257 0.19609506428241724
v -0.016244010999798764 0.010499999858438969 0.19649611413478846
v -0.01576281338930129 0.0005000000237487257 0.19609506428241724
v -0.013132474385201922 0.010499999858438969 0.1942844241857528
v -0.013132474385201922 0.010499999858438969 0.1942844241857528
v -0.01576281338930129 0.0005000000237487257 0.19609506428241724
v -0.013123912736773482 0.0005000000237487257 0.1942987740039825
v -0.013132474385201922 0.010499999858438969 0.1942844241857528
v -0.013123912736773482 0.0005000000237487257 0.1942987740039825
v -0.0126099744811654 0.010499999858438969 0.19391302764415735
v -0.0126099744811654 0.010499999858438969 0.19391302764415735
v -0.013123912736773482 0.0005000000237487257 0.1942987740039825
v -0.012273440137505523 0.0005000000237487257 0.1937198489904403
v -0.0126099744811654 0.010499999858438969 0.19391302764415735
v -0.012273440137505523 0.0005000000237487257 0.1937198489904403
v -0.009202367626130574 0.010499999858438969 0.192255288362503
v -0.009202367626130574 0.010499999858438969 0.192255288362503
v -0.012273440137505523 0.0005000000237487257 0.1937198489904403
v -0.008171693421900267 0.0005000000237487257 0.19187311828136439
v -0.009202367626130574 0.010499999858438969 0.192255288362503
v -0.008171693421900267 0.0005000000237487257 0.19187311828136439
v -0.005077582783997055 0.010499999858438969 0.1910210102796554
v -0.005077582783997055 0.010499999858438969 0.1910210102796554
v -0.008171693421900267 0.0005000000237487257 0.19187311828136439
v -0.004576210398226973 0.0005000000237487257 0.19099766016006464
v -0.005077582783997055 0.010499999858438969 0.1910210102796554
v -0.004576210398226973 0.0005000000237487257 0.19099766016006464
v -0.00458932155743241 0.010499999858438969 0.19096256792545313
v -0.00458932155743241 0.010499999858438969 0.19096256792545313
v -0.004576210398226973 0.0005000000237487257 0.19099766016006464
v -0.003605185775086281 0.0005000000237487257 0.19076122343540186
v -0.00458932155743241 0.010499999858438969 0.19096256792545313
v -0.003605185775086281 0.0005000000237487257 0.19076122343540186
v -0.0008436689968220884 0.010499999858438969 0.19051414728164667
v -0.0008436689968220884 0.010499999858438969 0.19051414728164667
v -0.003605185775086281 0.0005000000237487257 0.19076122343540186
v 0.0008438819204457099 0.0005000000237487257 0.19051417708396906
v -0.0008436689968220884 0.010499999858438969 0.19051414728164667
v 0.0008438819204457099 0.0005000000237487257 0.19051417708396906
v 0.0036054740194231246 0.010499999858438969 0.19076125323772425
v 0.0036054740194231246 0.010499999858438969 0.19076125323772425
v 0.0008438819204457099 0.0005000000237487257 0.19051417708396906
v 0.00458931969478726 0.0005000000237487257 0.19096258282661432
v 0.0036054740194231246 0.010499999858438969 0.19076125323772425
v 0.00458931969478726 0.0005000000237487257 0.19096258282661432
v 0.0045762173831462825 0.010499999858438969 0.19099763035774225
v 0.0045762173831462825 0.010499999858438969 0.19099763035774225
v 0.00458931969478726 0.0005000000237487257 0.19096258282661432
v 0.0050775813870131935 0.0005000000237487257 0.1910210251808166
v 0.0045762173831462825 0.010499999858438969 0.19099763035774225
v 0.0050775813870131935 0.0005000000237487257 0.1910210251808166
v 0.008171998895704741 0.010499999858438969 0.19187319278717035
v 0.008171998895704741 0.010499999858438969 0.19187319278717035
v 0.0050775813870131935 0.0005000000237487257 0.1910210251808166
v 0.009202367626130574 0.0005000000237487257 0.192255288362503
v 0.008171998895704741 0.010499999858438969 0.19187319278717035
v 0.009202367626130574 0.0005000000237487257 0.192255288362503
v 0.012273888103663913 0.010499999858438969 0.19372008740901941
v 0.012273888103663913 0.010499999858438969 0.19372008740901941
v 0.009202367626130574 0.0005000000237487257 0.192255288362503
v 0.01261005923151969 0.0005000000237487257 0.19391305744647974
v 0.012273888103663913 0.010499999858438969 0.19372008740901941
v 0.01261005923151969 0.0005000000237487257 0.19391305744647974
v 0.0131239304319024 0.010499999858438969 0.1942987442016601
v 0.0131239304319024 0.010499999858438969 0.1942987442016601
v 0.01261005923151969 0.0005000000237487257 0.19391305744647974
v 0.013132484629750243 0.0005000000237487257 0.19428440928459162
v 0.0131239304319024 0.010499999858438969 0.1942987442016601
v 0.013132484629750243 0.0005000000237487257 0.19428440928459162
v 0.015763230621814717 0.010499999858438969 0.1960954070091247
v 0.015763230621814717 0.010499999858438969 0.1960954070091247
v 0.013132484629750243 0.0005000000237487257 0.19428440928459162
v 0.016244426369667043 0.0005000000237487257 0.19649645686149592
v 0.015763230621814717 0.010499999858438969 0.1960954070091247
v 0.016244426369667043 0.0005000000237487257 0.19649645686149592
v 0.019003881141543374 0.010499999858438969 0.19925598800182337
v 0.019003881141543374 0.010499999858438969 0.19925598800182337
v 0.016244426369667043 0.0005000000237487257 0.19649645686149592
v 0.01940493471920489 0.0005000000237487257 0.1997371912002563
v 0.019003881141543374 0.010499999858438969 0.19925598800182337
v 0.01940493471920489 0.0005000000237487257 0.1997371912002563
v 0.019877938553690896 0.010499999858438969 0.20048566162586207
v 0.019877938553690896 0.010499999858438969 0.20048566162586207
v 0.01940493471920489 0.0005000000237487257 0.1997371912002563
v 0.019901854917407022 0.0005000000237487257 0.2004671990871429
v 0.019877938553690896 0.010499999858438969 0.20048566162586207
v 0.019901854917407022 0.0005000000237487257 0.2004671990871429
v 0.021586967632174478 0.010499999858438969 0.20289002358913416
v 0.021586967632174478 0.010499999858438969 0.20289002358913416
v 0.019901854917407022 0.0005000000237487257 0.2004671990871429
v 0.02178014069795607 0.0005000000237487257 0.20322655141353602
v 0.021586967632174478 0.010499999858438969 0.20289002358913416
v 0.02178014069795607 0.0005000000237487257 0.20322655141353602
v 0.023244706913828836 0.010499999858438969 0.20629763603210444
v 0.023244706913828836 0.010499999858438969 0.20629763603210444
v 0.02178014069795607 0.0005000000237487257 0.20322655141353602
v 0.023626880720257742 0.0005000000237487257 0.2073282897472381
v 0.023244706913828836 0.010499999858438969 0.20629763603210444
v 0.023626880720257742 0.0005000000237487257 0.2073282897472381
v 0.023958904668688757 0.010499999858438969 0.20868438482284538
v 0.023958904668688757 0.010499999858438969 0.20868438482284538
v 0.023626880720257742 0.0005000000237487257 0.2073282897472381
v 0.02395606413483618 0.0005000000237487257 0.20868024230003349
v 0.023958904668688757 0.010499999858438969 0.20868438482284538
v 0.02395606413483618 0.0005000000237487257 0.20868024230003349
v 0.024478984996676428 0.010499999858438969 0.21042241156101218
v 0.024478984996676428 0.010499999858438969 0.21042241156101218
v 0.02395606413483618 0.0005000000237487257 0.20868024230003349
v 0.024738771840929968 0.0005000000237487257 0.21189479529857627
v 0.024478984996676428 0.010499999858438969 0.21042241156101218
v 0.024738771840929968 0.0005000000237487257 0.21189479529857627
v 0.024985849857330305 0.010499999858438969 0.2146563380956649
v 0.024985849857330305 0.010499999858438969 0.2146563380956649
v 0.024738771840929968 0.0005000000237487257 0.21189479529857627
v 0.024985823780298216 0.0005000000237487257 0.21634386479854575
v 0.024985849857330305 0.010499999858438969 0.2146563380956649
v 0.024985823780298216 0.0005000000237487257 0.21634386479854575
v 0.02481113560497759 0.010499999858438969 0.21780213713645927
v 0.02481113560497759 0.010499999858438969 0.21780213713645927
v 0.024985823780298216 0.0005000000237487257 0.21634386479854575
v 0.02481186203658579 0.0005000000237487257 0.2177969515323638
v 0.02481113560497759 0.010499999858438969 0.21780213713645927
v 0.02481186203658579 0.0005000000237487257 0.2177969515323638
v 0.024738751351833326 0.010499999858438969 0.21910546720027915
v 0.024738751351833326 0.010499999858438969 0.21910546720027915
v 0.02481186203658579 0.0005000000237487257 0.2177969515323638
v 0.024478971958160383 0.0005000000237487257 0.22057756781578056
v 0.024738751351833326 0.010499999858438969 0.21910546720027915
v 0.024478971958160383 0.0005000000237487257 0.22057756781578056
v 0.023626800626516325 0.010499999858438969 0.22367200255393974
v 0.023626800626516325 0.010499999858438969 0.22367200255393974
v 0.024478971958160383 0.0005000000237487257 0.22057756781578056
v 0.023244706913828836 0.0005000000237487257 0.22470237314701072
v 0.023626800626516325 0.010499999858438969 0.22367200255393974
v 0.023244706913828836 0.0005000000237487257 0.22470237314701072
v 0.022304095327854143 0.010499999858438969 0.22660969197750083
v 0.022304095327854143 0.010499999858438969 0.22660969197750083
v 0.023244706913828836 0.0005000000237487257 0.22470237314701072
v 0.02231519855558871 0.0005000000237487257 0.22661237418651572
v 0.022304095327854143 0.010499999858438969 0.22660969197750083
v 0.02231519855558871 0.0005000000237487257 0.22661237418651572
v 0.021779915317893014 0.010499999858438969 0.22777388989925376
v 0.021779915317893014 0.010499999858438969 0.22777388989925376
v 0.02231519855558871 0.0005000000237487257 0.22661237418651572
v 0.021583361551165567 0.0005000000237487257 0.22811618447303764
v 0.021779915317893014 0.010499999858438969 0.22777388989925376
v 0.021583361551165567 0.0005000000237487257 0.22811618447303764
v 0.01940459571778773 0.010499999858438969 0.2312632352113723
v 0.01940459571778773 0.010499999858438969 0.2312632352113723
v 0.021583361551165567 0.0005000000237487257 0.22811618447303764
v 0.01899883337318896 0.0005000000237487257 0.23174993693828574
v 0.01940459571778773 0.010499999858438969 0.2312632352113723
v 0.01899883337318896 0.0005000000237487257 0.23174993693828574
v 0.016799964010715474 0.010499999858438969 0.23393385112285606
v 0.016799964010715474 0.010499999858438969 0.23393385112285606
v 0.01899883337318896 0.0005000000237487257 0.23174993693828574
v 0.016780992969870557 0.0005000000237487257 0.23391224443912498
v 0.016799964010715474 0.010499999858438969 0.23393385112285606
v 0.016780992969870557 0.0005000000237487257 0.23391224443912498
v 0.016244010999798764 0.010499999858438969 0.2345038801431655
v 0.016244010999798764 0.010499999858438969 0.2345038801431655
v 0.016780992969870557 0.0005000000237487257 0.23391224443912498
v 0.01576281338930129 0.0005000000237487257 0.23490492999553672
v 0.016244010999798764 0.010499999858438969 0.2345038801431655
v 0.01576281338930129 0.0005000000237487257 0.23490492999553672
v 0.0126099744811654 0.010499999858438969 0.2370869666337966
v 0.0126099744811654 0.010499999858438969 0.2370869666337966
v 0.01576281338930129 0.0005000000237487257 0.23490492999553672
v 0.012638573534786693 0.0005000000237487257 0.23707023262977592
v 0.0126099744811654 0.010499999858438969 0.2370869666337966
v 0.012638573534786693 0.0005000000237487257 0.23707023262977592
v 0.009202367626130574 0.010499999858438969 0.23874470591545097
v 0.009202367626130574 0.010499999858438969 0.23874470591545097
v 0.012638573534786693 0.0005000000237487257 0.23707023262977592
v 0.009014243260025973 0.0005000000237487257 0.2387761175632476
v 0.009202367626130574 0.010499999858438969 0.23874470591545097
v 0.009014243260025973 0.0005000000237487257 0.2387761175632476
v 0.009026693180203433 0.010499999858438969 0.23879727721214286
v 0.009026693180203433 0.010499999858438969 0.23879727721214286
v 0.009014243260025973 0.0005000000237487257 0.2387761175632476
v 0.008569462224841113 0.0005000000237487257 0.23898546397685996
v 0.009026693180203433 0.010499999858438969 0.23879727721214286
v 0.008569462224841113 0.0005000000237487257 0.23898546397685996
v 0.005077582783997055 0.010499999858438969 0.23997898399829856
v 0.005077582783997055 0.010499999858438969 0.23997898399829856
v 0.008569462224841113 0.0005000000237487257 0.23898546397685996
v 0.00446587800979614 0.0005000000237487257 0.24009788036346427
v 0.005077582783997055 0.010499999858438969 0.23997898399829856
v 0.00446587800979614 0.0005000000237487257 0.24009788036346427
v 0.0008476271177642042 0.010499999858438969 0.24048569798469535
v 0.0008476271177642042 0.010499999858438969 0.24048569798469535
v 0.00446587800979614 0.0005000000237487257 0.24009788036346427
v 0.0 0.0005000000237487257 0.24050000309944145
v 0.0008476271177642042 0.010499999858438969 0.24048569798469535
v 0.0 0.0005000000237487257 0.24050000309944145
v 0.0 0.010499999858438969 0.24050000309944145
v 0.0 0.010499999858438969 0.24050000309944145
v 0.0 0.0005000000237487257 0.24050000309944145
v -0.0008479381795041258 0.0005000000237487257 0.24048569798469535
v 0.0 0.010499999858438969 0.24050000309944145
v -0.0008479381795041258 0.0005000000237487257 0.24048569798469535
v -0.004345960915088651 0.010499999858438969 0.2401193678379058
v -0.004345960915088651 0.010499999858438969 0.2401193678379058
v -0.0008479381795041258 0.0005000000237487257 0.24048569798469535
v -0.0050775813870131935 0.0005000000237487257 0.23997896909713737
v -0.004345960915088651 0.010499999858438969 0.2401193678379058
v -0.0050775813870131935 0.0005000000237487257 0.23997896909713737
v -0.008454618975520129 0.010499999858438969 0.23902709782123557
v -0.008454618975520129 0.010499999858438969 0.23902709782123557
v -0.0050775813870131935 0.0005000000237487257 0.23997896909713737
v -0.009026693180203433 0.0005000000237487257 0.23879727721214286
v 0.031158380210399607 -0.053603798151016235 0.061146073043346384
v 0.03156236559152601 -0.056926626712083817 0.05101696029305457
v 0.03717259690165517 -0.05273929610848427 0.05147938430309294
v 0.011717596091330044 -0.037655171006917953 0.09213697910308835
v 0.011465114541351788 -0.02993061952292919 0.09845141321420667
v -3.878150089882705e-15 -0.0360899418592453 0.09422087669372556
v 0.019170561805367456 -0.06063436344265938 0.06004704535007475
v 0.01938611268997191 -0.06324683874845505 0.05029555037617682
v 0.025607945397496206 -0.060448624193668365 0.05062171816825865
v 0.042769700288772555 0.011709043756127357 0.15641438961029047
v 0.037496458739042254 0.010105294175446033 0.1516848057508468
v 0.037007473409175845 0.011154312640428543 0.14872018992900843
v 0.03231162950396536 0.005685530137270689 0.15280288457870478
v 0.03807478398084638 0.006188857834786177 0.15666133165359492
v 0.03812893480062482 0.003115528728812933 0.15853996574878687
v 0.01336495950818061 0.0017368592089042068 0.1484177261590957
v 0.0133618963882327 0.0026200120337307453 0.1478519886732101
v 0.01990662701427935 0.002672637579962611 0.14958767592906946
v -3.875343869728452e-15 0.0038508055731654167 0.14478333294391627
v -3.875358269288555e-15 0.003931777086108923 0.1444456428289413
v 0.01334606483578681 0.003925965167582035 0.14636057615280146
v -3.875990155867207e-15 0.0014811871806159616 0.12995842099189753
v -3.876224783993596e-15 -0.0018154808785766363 0.12535677850246424
v 0.006279203575104471 9.998373570851982e-05 0.1276013404130935
v 0.03786236047744748 0.007019922137260437 0.1261408925056457
v 0.0420095510780811 0.012204541824758053 0.12982341647148127
v 0.04299027100205419 0.016385557129979134 0.1387732028961181
v 0.028801223263144472 0.0030316119082272053 0.12673509120941157
v 0.02329943515360354 -0.0010137390345335007 0.12324576824903484
v 0.02280633151531218 -0.007137324195355177 0.11628753691911693
v 0.024559119716286642 0.005370489787310362 0.13372075557708735
v 0.02409908547997473 0.003706129500642419 0.13026931881904596
v 0.029779041185975054 0.007106306031346321 0.13411076366901392
v 0.029779041185975054 0.007106306031346321 0.13411076366901392
v 0.02409908547997473 0.003706129500642419 0.13026931881904596
v 0.02329943515360354 -0.0010137390345335007 0.12324576824903484
v -3.878150089882705e-15 -0.0360899418592453 0.09422087669372556
v 0.011465114541351788 -0.02993061952292919 0.09845141321420667
v -3.877680833629926e-15 -0.02728680521249771 0.1013393625617027
v 0.05542615801095959 0.04434361308813095 0.14862352609634394
v 0.0559308938682079 0.045474182814359665 0.15515664219856257
v 0.053333874791860546 0.034216225147247314 0.14615012705326075
v 0.05636489391326901 0.043668195605278015 0.12053013592958446
v 0.05624682083725926 0.04450729861855507 0.12232109159231182
v 0.055663626641035045 0.031999193131923676 0.1170883402228355
v 0.055717784911394085 0.05311102047562599 0.14565698802471155
v 0.0558206774294376 0.054150089621543884 0.14986231923103327
v 0.055126663297414745 0.0426618717610836 0.14214694499969477
v 0.05585117265582081 0.05445805937051773 0.15110872685909266
v 0.05617638677358624 0.055380918085575104 0.15705743432044977
v 0.05542615801095959 0.04434361308813095 0.14862352609634394
v 0.05629673227667805 0.055722419172525406 0.1592587530612945
v 0.05672347545623776 0.05599493905901909 0.16431482136249537
v 0.0559308938682079 0.045474182814359665 0.15515664219856257
v 0.06191403418779369 0.046188436448574066 0.19650965929031367
v 0.06226126104593273 0.045048393309116364 0.19796337187290186
v 0.06127157434821125 0.03885972872376442 0.18590150773525232
v 0.041256438940763446 0.0005000000237487257 0.1614378541707992
v 0.03803144395351407 0.0005000000237487257 0.15924198925495142
v 0.03809910267591474 0.001022254815325141 0.15912163257598871
v 0.04371244460344312 -0.05198396369814873 0.03299999982118605
v 0.048326499760150875 -0.047644902020692825 0.03299999982118605
v 0.04828424751758572 -0.04715711250901222 0.036796331405639635
v 0.053934615105390514 -0.04126300662755966 0.03299999982118605
v 0.05671220645308491 -0.03719222545623779 0.03299999982118605
v 0.05664478242397305 -0.03653711825609207 0.03723981231451033
v 0.06159443035721775 -0.028617221862077713 0.03299999982118605
v 0.06290540844202037 -0.02534850873053074 0.03299999982118605
v 0.06277154386043544 -0.02454494498670101 0.03774483874440192
v 0.06755851209163662 -0.0072927880100905895 0.03299999982118605
v 0.06786150485277172 -0.0036077857948839664 0.03299999982118605
v 0.06755962222814556 0.0011978308903053403 0.038800559937953935
v 0.06755962222814556 0.0011978308903053403 0.038800559937953935
v 0.06786150485277172 -0.0036077857948839664 0.03299999982118605
v 0.0679376050829887 -0.0017580558778718114 0.03299999982118605
v 0.06755962222814556 0.0011978308903053403 0.038800559937953935
v 0.0679376050829887 -0.0017580558778718114 0.03299999982118605
v 0.06796342879533764 9.649070852901787e-05 0.03299999982118605
v 0.06434909999370571 -0.02174888551235199 0.03299999982118605
v 0.06544966995716091 -0.018189679831266403 0.03299999982118605
v 0.06646835058927532 -0.011660140939056873 0.03829502314329146
v 0.06544966995716091 -0.018189679831266403 0.03299999982118605
v 0.06592559814453121 -0.016395607963204384 0.03299999982118605
v 0.06646835058927532 -0.011660140939056873 0.03829502314329146
v 0.06646835058927532 -0.011660140939056873 0.03829502314329146
v 0.06592559814453121 -0.016395607963204384 0.03299999982118605
v 0.06635124236345287 -0.014594404958188534 0.03299999982118605
v 0.06646835058927532 -0.011660140939056873 0.03829502314329146
v 0.06635124236345287 -0.014594404958188534 0.03299999982118605
v 0.06668905913829799 -0.012551265768706799 0.03299999982118605
v 0.05812524631619449 -0.03512130305171013 0.03299999982118605
v 0.059948202222585636 -0.03191618248820305 0.03299999982118605
v 0.06000166386365886 -0.03068288043141365 0.03748559579253195
v 0.06000166386365886 -0.03068288043141365 0.03748559579253195
v 0.059948202222585636 -0.03191618248820305 0.03299999982118605
v 0.060182295739650685 -0.03146257996559143 0.03299999982118605
v 0.06000166386365886 -0.03068288043141365 0.03748559579253195
v 0.060182295739650685 -0.03146257996559143 0.03299999982118605
v 0.06079340726137157 -0.030278431251645088 0.03299999982118605
v 0.04909991472959515 -0.04691758379340172 0.03299999982118605
v 0.05158731713891026 -0.04416321963071823 0.03299999982118605
v 0.05272730812430378 -0.042047787457704544 0.03700950741767882
v 0.05272730812430378 -0.042047787457704544 0.03700950741767882
v 0.05158731713891026 -0.04416321963071823 0.03299999982118605
v 0.05253832787275311 -0.04302645102143288 0.03299999982118605
v 0.05272730812430378 -0.042047787457704544 0.03700950741767882
v 0.05253832787275311 -0.04302645102143288 0.03299999982118605
v 0.052826996892690624 -0.0426618792116642 0.03299999982118605
v 0.0422817915678024 -0.053157053887844086 0.03299999982118605
v 0.043408684432506534 -0.05223304033279419 0.03299999982118605
v 0.04335514456033704 -0.05180898308753967 0.03660173714160918
v 0.0422817915678024 -0.053157053887844086 0.03299999982118605
v 0.04335514456033704 -0.05180898308753967 0.03660173714160918
v 0.04081917554140088 -0.054291173815727234 0.03299999982118605
v 0.04309472814202306 -0.05083407089114189 0.04178481176495551
v 0.03776999190449712 -0.055164724588394165 0.041475374251604066
v 0.04335514456033704 -0.05180898308753967 0.03660173714160918
v 0.04335514456033704 -0.05180898308753967 0.03660173714160918
v 0.03776999190449712 -0.055164724588394165 0.041475374251604066
v 0.038028113543987246 -0.05627867951989174 0.03299999982118605
v 0.04335514456033704 -0.05180898308753967 0.03660173714160918
v 0.038028113543987246 -0.05627867951989174 0.03299999982118605
v 0.04081917554140088 -0.054291173815727234 0.03299999982118605
v 0.031396303325891474 -0.06025393679738045 0.03299999982118605
v 0.03226707503199575 -0.05976726487278938 0.03299999982118605
v 0.03205150365829466 -0.05892607942223549 0.041204355657100664
v 0.03205150365829466 -0.05892607942223549 0.041204355657100664
v 0.03226707503199575 -0.05976726487278938 0.03299999982118605
v 0.03464885428547857 -0.05843609943985939 0.03299999982118605
v 0.03205150365829466 -0.05892607942223549 0.041204355657100664
v 0.03464885428547857 -0.05843609943985939 0.03299999982118605
v 0.03776999190449712 -0.055164724588394165 0.041475374251604066
v 0.03776999190449712 -0.055164724588394165 0.041475374251604066
v 0.03464885428547857 -0.05843609943985939 0.03299999982118605
v 0.03779803961515424 -0.056442514061927795 0.03299999982118605
v 0.03776999190449712 -0.055164724588394165 0.041475374251604066
v 0.03779803961515424 -0.056442514061927795 0.03299999982118605
v 0.038028113543987246 -0.05627867951989174 0.03299999982118605
v 0.02600413188338278 -0.06207001581788063 0.040973629802465425
v 0.02619297988712786 -0.06267711520195007 0.03299999982118605
v 0.028084084391593916 -0.06187543645501137 0.03299999982118605
v 0.02600413188338278 -0.06207001581788063 0.040973629802465425
v 0.028084084391593916 -0.06187543645501137 0.03299999982118605
v 0.03205150365829466 -0.05892607942223549 0.041204355657100664
v 0.03205150365829466 -0.05892607942223549 0.041204355657100664
v 0.028084084391593916 -0.06187543645501137 0.03299999982118605
v 0.029750557616353014 -0.061087459325790405 0.03299999982118605
v 0.03205150365829466 -0.05892607942223549 0.041204355657100664
v 0.029750557616353014 -0.061087459325790405 0.03299999982118605
v 0.031396303325891474 -0.06025393679738045 0.03299999982118605
v 0.0196974854916334 -0.06455381959676743 0.04078515246510504
v 0.02120621688663958 -0.06457192450761795 0.03299999982118605
v 0.02600413188338278 -0.06207001581788063 0.040973629802465425
v 0.02600413188338278 -0.06207001581788063 0.040973629802465425
v 0.02120621688663958 -0.06457192450761795 0.03299999982118605
v 0.024689227342605573 -0.06331457942724228 0.03299999982118605
v 0.02600413188338278 -0.06207001581788063 0.040973629802465425
v 0.024689227342605573 -0.06331457942724228 0.03299999982118605
v 0.02619297988712786 -0.06267711520195007 0.03299999982118605
v 0.014402282424271096 -0.06643469631671906 0.03299999982118605
v 0.015486150979995717 -0.06618852913379669 0.03299999982118605
v 0.013208416290581218 -0.06634782999753952 0.04064140468835829
v 0.013208416290581218 -0.06634782999753952 0.04064140468835829
v 0.015486150979995717 -0.06618852913379669 0.03299999982118605
v 0.017642244696617116 -0.06564254313707352 0.03299999982118605
v 0.013208416290581218 -0.06634782999753952 0.04064140468835829
v 0.017642244696617116 -0.06564254313707352 0.03299999982118605
v 0.0196974854916334 -0.06455381959676743 0.04078515246510504
v 0.0196974854916334 -0.06455381959676743 0.04078515246510504
v 0.017642244696617116 -0.06564254313707352 0.03299999982118605
v 0.019864214584231363 -0.0649750605225563 0.03299999982118605
v 0.0196974854916334 -0.06455381959676743 0.04078515246510504
v 0.019864214584231363 -0.0649750605225563 0.03299999982118605
v 0.02120621688663958 -0.06457192450761795 0.03299999982118605
v 0.010381422936916344 -0.0671868547797203 0.03299999982118605
v 0.011849796399474135 -0.06694118678569794 0.03299999982118605
v 0.013208416290581218 -0.06634782999753952 0.04064140468835829
v 0.013208416290581218 -0.06634782999753952 0.04064140468835829
v 0.011849796399474135 -0.06694118678569794 0.03299999982118605
v 0.013314531184732905 -0.0666629821062088 0.03299999982118605
v 0.013208416290581218 -0.06634782999753952 0.04064140468835829
v 0.013314531184732905 -0.0666629821062088 0.03299999982118605
v 0.014402282424271096 -0.06643469631671906 0.03299999982118605
v 0.010381422936916344 -0.0671868547797203 0.03299999982118605
v 0.013208416290581218 -0.06634782999753952 0.04064140468835829
v 0.008553437888622279 -0.06744655221700668 0.03299999982118605
v 0.008553437888622279 -0.06744655221700668 0.03299999982118605
v 0.013208416290581218 -0.06634782999753952 0.04064140468835829
v 0.006615943275392051 -0.06742952018976212 0.040545001626014696
v 0.008553437888622279 -0.06744655221700668 0.03299999982118605
v 0.006615943275392051 -0.06742952018976212 0.040545001626014696
v 0.006719844881445165 -0.06765609979629517 0.03299999982118605
v -3.878057339774981e-15 -0.06757081300020218 0.04048607125878333
v -3.875703858731035e-15 -0.06799489259719849 0.03299998119473456
v 0.003035832894966004 -0.06792472302913666 0.03299999982118605
v -3.878057339774981e-15 -0.06757081300020218 0.04048607125878333
v 0.003035832894966004 -0.06792472302913666 0.03299999982118605
v 0.006615943275392051 -0.06742952018976212 0.040545001626014696
v 0.006615943275392051 -0.06742952018976212 0.040545001626014696
v 0.003035832894966004 -0.06792472302913666 0.03299999982118605
v 0.003958939108997581 -0.06787636876106262 0.03299999982118605
v 0.006615943275392051 -0.06742952018976212 0.040545001626014696
v 0.003958939108997581 -0.06787636876106262 0.03299999982118605
v 0.00488064298406243 -0.06781548261642456 0.03299999982118605
v 0.00488064298406243 -0.06781548261642456 0.03299999982118605
v 0.005800944752991196 -0.06774205714464188 0.03299999982118605
v 0.006615943275392051 -0.06742952018976212 0.040545001626014696
v 0.006615943275392051 -0.06742952018976212 0.040545001626014696
v 0.005800944752991196 -0.06774205714464188 0.03299999982118605
v 0.0067015769891440825 -0.06765780597925186 0.03299999982118605
v 0.006615943275392051 -0.06742952018976212 0.040545001626014696
v 0.0067015769891440825 -0.06765780597925186 0.03299999982118605
v 0.006719844881445165 -0.06765609979629517 0.03299999982118605
v -3.8749271295184025e-15 0.0005000000237487257 0.1474632024765014
v -3.874952964023294e-15 0.0006458100979216397 0.14740058779716486
v 0.007364465389400715 0.0005000000237487257 0.14786610007286066
v 0.007364465389400715 0.0005000000237487257 0.14786610007286066
v -3.874952964023294e-15 0.0006458100979216397 0.14740058779716486
v 0.013365084305405608 0.0006994373979978263 0.14876393973827357
v 0.019901145249605165 0.0007517055491916835 0.15041673183441157
v 0.014607728458940972 0.0005000000237487257 0.14905771613121027
v 0.013365084305405608 0.0006994373979978263 0.14876393973827357
v 0.013365084305405608 0.0006994373979978263 0.14876393973827357
v 0.014607728458940972 0.0005000000237487257 0.14905771613121027
v 0.013355587609112254 0.0005000000237487257 0.14885172247886652
v 0.013365084305405608 0.0006994373979978263 0.14876393973827357
v 0.013355587609112254 0.0005000000237487257 0.14885172247886652
v 0.007364465389400715 0.0005000000237487257 0.14786610007286066
v 0.026246560737490637 0.0008238190202973783 0.15271021425724024
v 0.021689357236027704 0.0005000000237487257 0.15102808177471155
v 0.019901145249605165 0.0007517055491916835 0.15041673183441157
v 0.019901145249605165 0.0007517055491916835 0.15041673183441157
v 0.021689357236027704 0.0005000000237487257 0.15102808177471155
v 0.01987938582897185 0.0005000000237487257 0.15052448213100428
v 0.019901145249605165 0.0007517055491916835 0.15041673183441157
v 0.01987938582897185 0.0005000000237487257 0.15052448213100428
v 0.014607728458940972 0.0005000000237487257 0.14905771613121027
v 0.03513871505856512 0.0005000000237487257 0.15727236866950983
v 0.032279007136821726 0.0005000000237487257 0.15575048327445978
v 0.03233353793621061 0.0009143637726083398 0.15562248229980463
v 0.03233353793621061 0.0009143637726083398 0.15562248229980463
v 0.032279007136821726 0.0005000000237487257 0.15575048327445978
v 0.028576510027050955 0.0005000000237487257 0.15378008782863611
v 0.03233353793621061 0.0009143637726083398 0.15562248229980463
v 0.028576510027050955 0.0005000000237487257 0.15378008782863611
v 0.026246560737490637 0.0008238190202973783 0.15271021425724024
v 0.026246560737490637 0.0008238190202973783 0.15271021425724024
v 0.028576510027050955 0.0005000000237487257 0.15378008782863611
v 0.026208482682704908 0.0005000000237487257 0.1528338491916656
v 0.026246560737490637 0.0008238190202973783 0.15271021425724024
v 0.026208482682704908 0.0005000000237487257 0.1528338491916656
v 0.021689357236027704 0.0005000000237487257 0.15102808177471155
v 0.048433598130941356 0.001286089769564569 0.16772723197937006
v 0.04835831001400944 0.0005000000237487257 0.1678085476160049
v 0.046884857118129696 0.0005000000237487257 0.16624377667903895
v 0.04835831001400944 0.0005000000237487257 0.1678085476160049
v 0.048433598130941356 0.001286089769564569 0.16772723197937006
v 0.051956977695226635 0.0005000000237487257 0.1716302186250686
v 0.051956977695226635 0.0005000000237487257 0.1716302186250686
v 0.048433598130941356 0.001286089769564569 0.16772723197937006
v 0.05684490874409672 0.001606942038051784 0.17816361784934992
v 0.051956977695226635 0.0005000000237487257 0.1716302186250686
v 0.05684490874409672 0.001606942038051784 0.17816361784934992
v 0.056413318961858715 0.0005000000237487257 0.17753824591636652
v 0.06300262361764904 0.0005000000237487257 0.19003100693225855
v 0.06021079793572422 0.0005000000237487257 0.18391634523868555
v 0.05684490874409672 0.001606942038051784 0.17816361784934992
v 0.05684490874409672 0.001606942038051784 0.17816361784934992
v 0.06021079793572422 0.0005000000237487257 0.18391634523868555
v 0.05680400878190991 0.0005000000237487257 0.1781944334506988
v 0.05684490874409672 0.001606942038051784 0.17816361784934992
v 0.05680400878190991 0.0005000000237487257 0.1781944334506988
v 0.056413318961858715 0.0005000000237487257 0.17753824591636652
v 0.06328842788934703 0.0005000000237487257 0.1906569749116897
v 0.06296340376138683 0.004932299256324768 0.1897571682929992
v 0.06559918075799938 0.0005000000237487257 0.19764052331447596
v 0.06559918075799938 0.0005000000237487257 0.19764052331447596
v 0.06296340376138683 0.004932299256324768 0.1897571682929992
v 0.06666149199008937 0.005688101053237915 0.20256698131561274
v 0.06559918075799938 0.0005000000237487257 0.19764052331447596
v 0.06666149199008937 0.005688101053237915 0.20256698131561274
v 0.06671125441789623 0.0005000000237487257 0.20284008979797358
v 0.06671125441789623 0.0005000000237487257 0.20284008979797358
v 0.06666149199008937 0.005688101053237915 0.20256698131561274
v 0.06715105473995205 0.0005000000237487257 0.20489642024040217
v 0.06715105473995205 0.0005000000237487257 0.20489642024040217
v 0.06666149199008937 0.005688101053237915 0.20256698131561274
v 0.06781174242496486 0.006412082817405462 0.215139552950859
v 0.06715105473995205 0.0005000000237487257 0.20489642024040217
v 0.06781174242496486 0.006412082817405462 0.215139552950859
v 0.06790650635957714 0.0005000000237487257 0.21232250332832328
v 0.06790650635957714 0.0005000000237487257 0.21232250332832328
v 0.06781174242496486 0.006412082817405462 0.215139552950859
v 0.06785456836223598 0.005652827676385641 0.21523456275463096
v 0.06790650635957714 0.0005000000237487257 0.21232250332832328
v 0.06785456836223598 0.005652827676385641 0.21523456275463096
v 0.0679799988865852 0.0004999953671358526 0.2154720574617385
v 0.06627469509840007 0.012119641527533531 0.20164437592029566
v 0.067397728562355 0.013752052560448647 0.21422104537487022
v 0.06751854717731472 0.011610055342316628 0.21448908746242515
v 0.06626927852630611 0.024589380249381065 0.21131865680217735
v 0.06673318892717357 0.020738983526825905 0.21255797147750846
v 0.0656483024358749 0.01834479346871376 0.20004397630691523
v 0.0656483024358749 0.01834479346871376 0.20004397630691523
v 0.06673318892717357 0.020738983526825905 0.21255797147750846
v 0.06685701757669445 0.019711215049028397 0.21288877725601188
v 0.0656483024358749 0.01834479346871376 0.20004397630691523
v 0.06685701757669445 0.019711215049028397 0.21288877725601188
v 0.06699526309967037 0.018187638372182846 0.21322938799858085
v 0.06536978483200069 0.030730178579688072 0.20874115824699394
v 0.0658471584320068 0.027568263933062553 0.21012187004089347
v 0.06480061262845989 0.024272356182336807 0.19769594073295588
v 0.06480061262845989 0.024272356182336807 0.19769594073295588
v 0.0658471584320068 0.027568263933062553 0.21012187004089347
v 0.06616012006998058 0.025495368987321854 0.21102704107761375
v 0.0643130168318748 0.03646636754274368 0.20540529489517206
v 0.0643718764185905 0.03619910404086113 0.20560829341411585
v 0.06375901401042934 0.02977258339524269 0.19456234574317927
v 0.06375901401042934 0.02977258339524269 0.19456234574317927
v 0.0643718764185905 0.03619910404086113 0.20560829341411585
v 0.06477275490760799 0.03401605784893036 0.2068698406219482
v 0.06375901401042934 0.02977258339524269 0.19456234574317927
v 0.06477275490760799 0.03401605784893036 0.2068698406219482
v 0.06534034013748165 0.030925216153264046 0.2086559832096099
v 0.06354989856481548 0.03993184119462967 0.20277309417724604
v 0.06256351619958873 0.034691911190748215 0.19062374532222742
v 0.06330566853284832 0.04104093089699745 0.20193068683147425
v 0.06330566853284832 0.04104093089699745 0.20193068683147425
v 0.06256351619958873 0.034691911190748215 0.19062374532222742
v 0.0631434321403503 0.04166346415877342 0.2013143897056579
v 0.06034228205680843 0.05087537690997124 0.189480572938919
v 0.06068375706672664 0.049920517951250076 0.1910677850246429
v 0.05995741859078403 0.04211924597620964 0.1804817765951156
v 0.05995741859078403 0.04211924597620964 0.1804817765951156
v 0.06068375706672664 0.049920517951250076 0.1910677850246429
v 0.06088905036449428 0.04934646189212799 0.1920220106840133
v 0.05995741859078403 0.04211924597620964 0.1804817765951156
v 0.06088905036449428 0.04934646189212799 0.1920220106840133
v 0.061314664781093556 0.04815632477402687 0.1940003186464309
v 0.05870326608419414 0.04437357559800148 0.17451873421669
v 0.058452624827623326 0.05474737286567688 0.17877890169620508
v 0.05850504711270328 0.05468197911977768 0.17915198206901545
v 0.05850504711270328 0.05468197911977768 0.17915198206901545
v 0.05928838998079296 0.05328494310379028 0.1839123666286468
v 0.05870326608419414 0.04437357559800148 0.17451873421669
v 0.05870326608419414 0.04437357559800148 0.17451873421669
v 0.05928838998079296 0.05328494310379028 0.1839123666286468
v 0.05951397493481632 0.05276917666196823 0.1851042360067367
v 0.05870326608419414 0.04437357559800148 0.17451873421669
v 0.05951397493481632 0.05276917666196823 0.1851042360067367
v 0.05960712209343906 0.05255621671676636 0.1855963617563247
v 0.05844668671488758 0.05475477874279022 0.17873665690422053
v 0.05758363381028171 0.04561992362141609 0.1682023555040359
v 0.05767749622464176 0.055714234709739685 0.17326262593269343
v 0.05767749622464176 0.055714234709739685 0.17326262593269343
v 0.05758363381028171 0.04561992362141609 0.1682023555040359
v 0.05754802748560901 0.05581364035606384 0.1722037643194198
v 0.05672347545623776 0.05599493905901909 0.16431482136249537
v 0.05682580918073651 0.056060291826725006 0.16552728414535517
v 0.05665105208754536 0.04594333469867706 0.16170707345008845
v 0.05682580918073651 0.056060291826725006 0.16552728414535517
v 0.05689223483204838 0.05610271170735359 0.16631427407264704
v 0.05665105208754536 0.04594333469867706 0.16170707345008845
v 0.05665105208754536 0.04594333469867706 0.16170707345008845
v 0.05689223483204838 0.05610271170735359 0.16631427407264704
v 0.057368379086255986 0.05595157667994499 0.17073453962802881
v 0.05665105208754536 0.04594333469867706 0.16170707345008845
v 0.057368379086255986 0.05595157667994499 0.17073453962802881
v 0.05747173726558681 0.05587221682071686 0.1715798377990722
v 0.05542615801095959 0.04434361308813095 0.14862352609634394
v 0.05617638677358624 0.055380918085575104 0.15705743432044977
v 0.0559308938682079 0.045474182814359665 0.15515664219856257
v 0.0559308938682079 0.045474182814359665 0.15515664219856257
v 0.05617638677358624 0.055380918085575104 0.15705743432044977
v 0.056273806840181316 0.05565735697746277 0.15883935987949366
v 0.0559308938682079 0.045474182814359665 0.15515664219856257
v 0.056273806840181316 0.05565735697746277 0.15883935987949366
v 0.05629673227667805 0.055722419172525406 0.1592587530612945
v 0.055717784911394085 0.05311102047562599 0.14565698802471155
v 0.055126663297414745 0.0426618717610836 0.14214694499969477
v 0.05565714091062542 0.052498605102300644 0.1431784033775329
v 0.05600318685173985 0.0462387315928936 0.126016616821289
v 0.05577227100729939 0.04896816238760948 0.1328745782375335
v 0.055080402642488445 0.03798649087548256 0.12943902611732477
v 0.055080402642488445 0.03798649087548256 0.12943902611732477
v 0.05577227100729939 0.04896816238760948 0.1328745782375335
v 0.05568790808320042 0.04996534064412117 0.13538010418415064
v 0.055080402642488445 0.03798649087548256 0.12943902611732477
v 0.05568790808320042 0.04996534064412117 0.13538010418415064
v 0.05568619072437283 0.05010679364204407 0.13581553101539606
v 0.05675653740763661 0.02510691061615944 0.10503183305263515
v 0.0573203824460506 0.03799111396074295 0.1092719659209251
v 0.055663626641035045 0.031999193131923676 0.1170883402228355
v 0.055663626641035045 0.031999193131923676 0.1170883402228355
v 0.0573203824460506 0.03799111396074295 0.1092719659209251
v 0.056680150330066646 0.04142776504158974 0.11574821174144741
v 0.055663626641035045 0.031999193131923676 0.1170883402228355
v 0.056680150330066646 0.04142776504158974 0.11574821174144741
v 0.05636489391326901 0.043668195605278015 0.12053013592958446
v 0.05999608337879177 0.010043068788945675 0.0812234207987785
v 0.060716859996318776 0.02348894253373146 0.08409514278173444
v 0.05675653740763661 0.02510691061615944 0.10503183305263515
v 0.05675653740763661 0.02510691061615944 0.10503183305263515
v 0.060716859996318776 0.02348894253373146 0.08409514278173444
v 0.059309881180524784 0.028692949563264847 0.09277469664812085
v 0.05675653740763661 0.02510691061615944 0.10503183305263515
v 0.059309881180524784 0.028692949563264847 0.09277469664812085
v 0.058775607496499974 0.031070780009031296 0.09689199924468991
v 0.058775607496499974 0.031070780009031296 0.09689199924468991
v 0.057804197072982746 0.03539410978555679 0.1043780073523521
v 0.05675653740763661 0.02510691061615944 0.10503183305263515
v 0.05675653740763661 0.02510691061615944 0.10503183305263515
v 0.057804197072982746 0.03539410978555679 0.1043780073523521
v 0.057390417903661686 0.037615176290273666 0.1085635274648666
v 0.05675653740763661 0.02510691061615944 0.10503183305263515
v 0.057390417903661686 0.037615176290273666 0.1085635274648666
v 0.0573203824460506 0.03799111396074295 0.1092719659209251
v 0.06431938707828518 0.010851599276065826 0.062404289841651896
v 0.06287839263677593 0.015494032762944698 0.0707607492804527
v 0.061915669590234715 0.0026945960707962513 0.06927976012229917
v 0.061915669590234715 0.0026945960707962513 0.06927976012229917
v 0.06287839263677593 0.015494032762944698 0.0707607492804527
v 0.06273163855075832 0.01603684574365616 0.0716660916805267
v 0.061915669590234715 0.0026945960707962513 0.06927976012229917
v 0.06273163855075832 0.01603684574365616 0.0716660916805267
v 0.05999608337879177 0.010043068788945675 0.0812234207987785
v 0.05999608337879177 0.010043068788945675 0.0812234207987785
v 0.06273163855075832 0.01603684574365616 0.0716660916805267
v 0.06235682964324947 0.01742316409945488 0.07397827506065366
v 0.05999608337879177 0.010043068788945675 0.0812234207987785
v 0.06235682964324947 0.01742316409945488 0.07397827506065366
v 0.060716859996318776 0.02348894253373146 0.08409514278173444
v 0.06490029394626613 0.008980094455182552 0.05903555080294607
v 0.06391667574644085 -0.004044061526656151 0.05725291743874548
v 0.06493782252073284 0.008859194815158844 0.05881792679429052
v 0.06493782252073284 0.008859194815158844 0.05881792679429052
v 0.06391667574644085 -0.004044061526656151 0.05725291743874548
v 0.0662528499960899 0.004904528614133596 0.0505000129342079
v 0.06668905913829799 -0.012551265768706799 0.03299999982118605
v 0.06755851209163662 -0.0072927880100905895 0.03299999982118605
v 0.06646835058927532 -0.011660140939056873 0.03829502314329146
v 0.06646835058927532 -0.011660140939056873 0.03829502314329146
v 0.06755851209163662 -0.0072927880100905895 0.03299999982118605
v 0.06755962222814556 0.0011978308903053403 0.038800559937953935
v 0.06646835058927532 -0.011660140939056873 0.03829502314329146
v 0.06755962222814556 0.0011978308903053403 0.038800559937953935
v 0.06577523052692409 -0.009663171134889126 0.044821605086326585
v 0.06577523052692409 -0.009663171134889126 0.044821605086326585
v 0.06755962222814556 0.0011978308903053403 0.038800559937953935
v 0.06733970344066616 0.001797622418962419 0.04195955395698546
v 0.06577523052692409 -0.009663171134889126 0.044821605086326585
v 0.06733970344066616 0.001797622418962419 0.04195955395698546
v 0.06685502827167507 0.00318312575109303 0.045768111944198595
v 0.04828424751758572 -0.04715711250901222 0.036796331405639635
v 0.052353102713823284 -0.04069481045007706 0.04251101985573767
v 0.04797180369496342 -0.045990847051143646 0.04213073477149008
v 0.04797180369496342 -0.045990847051143646 0.04213073477149008
v 0.052353102713823284 -0.04069481045007706 0.04251101985573767
v 0.051310900598764385 -0.03687428683042526 0.05324709415435789
v 0.04797180369496342 -0.045990847051143646 0.04213073477149008
v 0.051310900598764385 -0.03687428683042526 0.05324709415435789
v 0.04709674790501591 -0.04263747110962868 0.052597153931856135
v 0.04709674790501591 -0.04263747110962868 0.052597153931856135
v 0.051310900598764385 -0.03687428683042526 0.05324709415435789
v 0.050261165946721996 -0.03183261677622795 0.0641156807541847
v 0.05249588564038273 -0.01855074055492878 0.07628066837787625
v 0.050261165946721996 -0.03183261677622795 0.0641156807541847
v 0.053725760430097545 -0.02528424933552742 0.06502179056406018
v 0.053725760430097545 -0.02528424933552742 0.06502179056406018
v 0.050261165946721996 -0.03183261677622795 0.0641156807541847
v 0.051310900598764385 -0.03687428683042526 0.05324709415435789
v 0.053725760430097545 -0.02528424933552742 0.06502179056406018
v 0.051310900598764385 -0.03687428683042526 0.05324709415435789
v 0.05498139560222622 -0.0307412538677454 0.05395304784178732
v 0.05498139560222622 -0.0307412538677454 0.05395304784178732
v 0.051310900598764385 -0.03687428683042526 0.05324709415435789
v 0.052353102713823284 -0.04069481045007706 0.04251101985573767
v 0.052826996892690624 -0.0426618792116642 0.03299999982118605
v 0.053934615105390514 -0.04126300662755966 0.03299999982118605
v 0.05272730812430378 -0.042047787457704544 0.03700950741767882
v 0.05272730812430378 -0.042047787457704544 0.03700950741767882
v 0.053934615105390514 -0.04126300662755966 0.03299999982118605
v 0.05664478242397305 -0.03653711825609207 0.03723981231451033
v 0.05272730812430378 -0.042047787457704544 0.03700950741767882
v 0.05664478242397305 -0.03653711825609207 0.03723981231451033
v 0.05620209872722622 -0.035009559243917465 0.042922955006360994
v 0.05620209872722622 -0.035009559243917465 0.042922955006360994
v 0.05664478242397305 -0.03653711825609207 0.03723981231451033
v 0.05948769673705097 -0.028999559581279755 0.04336355999112128
v 0.05620209872722622 -0.035009559243917465 0.042922955006360994
v 0.05948769673705097 -0.028999559581279755 0.04336355999112128
v 0.05808552727103229 -0.024317273870110512 0.05471098795533178
v 0.05808552727103229 -0.024317273870110512 0.05471098795533178
v 0.05948769673705097 -0.028999559581279755 0.04336355999112128
v 0.06061258539557453 -0.01767820119857788 0.055516477674245814
v 0.05808552727103229 -0.024317273870110512 0.05471098795533178
v 0.06061258539557453 -0.01767820119857788 0.055516477674245814
v 0.05894697830080982 -0.011488502845168114 0.06702489405870435
v 0.06290540844202037 -0.02534850873053074 0.03299999982118605
v 0.06434909999370571 -0.02174888551235199 0.03299999982118605
v 0.06277154386043544 -0.02454494498670101 0.03774483874440192
v 0.06277154386043544 -0.02454494498670101 0.03774483874440192
v 0.06434909999370571 -0.02174888551235199 0.03299999982118605
v 0.06646835058927532 -0.011660140939056873 0.03829502314329146
v 0.06277154386043544 -0.02454494498670101 0.03774483874440192
v 0.06646835058927532 -0.011660140939056873 0.03829502314329146
v 0.0642878413200378 -0.016263164579868317 0.0443165823817253
v 0.0642878413200378 -0.016263164579868317 0.0443165823817253
v 0.06646835058927532 -0.011660140939056873 0.03829502314329146
v 0.06577523052692409 -0.009663171134889126 0.044821605086326585
v 0.0642878413200378 -0.016263164579868317 0.0443165823817253
v 0.06577523052692409 -0.009663171134889126 0.044821605086326585
v 0.06391667574644085 -0.004044061526656151 0.05725291743874548
v 0.06391667574644085 -0.004044061526656151 0.05725291743874548
v 0.06577523052692409 -0.009663171134889126 0.044821605086326585
v 0.06685502827167507 0.00318312575109303 0.045768111944198595
v 0.06391667574644085 -0.004044061526656151 0.05725291743874548
v 0.06685502827167507 0.00318312575109303 0.045768111944198595
v 0.0662528499960899 0.004904528614133596 0.0505000129342079
v 0.06079340726137157 -0.030278431251645088 0.03299999982118605
v 0.06159443035721775 -0.028617221862077713 0.03299999982118605
v 0.06000166386365886 -0.03068288043141365 0.03748559579253195
v 0.06000166386365886 -0.03068288043141365 0.03748559579253195
v 0.06159443035721775 -0.028617221862077713 0.03299999982118605
v 0.06277154386043544 -0.02454494498670101 0.03774483874440192
v 0.06000166386365886 -0.03068288043141365 0.03748559579253195
v 0.06277154386043544 -0.02454494498670101 0.03774483874440192
v 0.062188632786273915 -0.022729404270648956 0.04382931813597678
v 0.062188632786273915 -0.022729404270648956 0.04382931813597678
v 0.06277154386043544 -0.02454494498670101 0.03774483874440192
v 0.0642878413200378 -0.016263164579868317 0.0443165823817253
v 0.062188632786273915 -0.022729404270648956 0.04382931813597678
v 0.0642878413200378 -0.016263164579868317 0.0443165823817253
v 0.06255631148815151 -0.010897652246057987 0.05636512115597723
v 0.06255631148815151 -0.010897652246057987 0.05636512115597723
v 0.0642878413200378 -0.016263164579868317 0.0443165823817253
v 0.06391667574644085 -0.004044061526656151 0.05725291743874548
v 0.06255631148815151 -0.010897652246057987 0.05636512115597723
v 0.06391667574644085 -0.004044061526656151 0.05725291743874548
v 0.061915669590234715 0.0026945960707962513 0.06927976012229917
v 0.061915669590234715 0.0026945960707962513 0.06927976012229917
v 0.06391667574644085 -0.004044061526656151 0.05725291743874548
v 0.06490029394626613 0.008980094455182552 0.05903555080294607
v 0.061915669590234715 0.0026945960707962513 0.06927976012229917
v 0.06490029394626613 0.008980094455182552 0.05903555080294607
v 0.06431938707828518 0.010851599276065826 0.062404289841651896
v 0.05999608337879177 0.010043068788945675 0.0812234207987785
v 0.057337284088134724 -0.004377508070319891 0.07859732210636136
v 0.061915669590234715 0.0026945960707962513 0.06927976012229917
v 0.061915669590234715 0.0026945960707962513 0.06927976012229917
v 0.057337284088134724 -0.004377508070319891 0.07859732210636136
v 0.05894697830080982 -0.011488502845168114 0.06702489405870435
v 0.061915669590234715 0.0026945960707962513 0.06927976012229917
v 0.05894697830080982 -0.011488502845168114 0.06702489405870435
v 0.06255631148815151 -0.010897652246057987 0.05636512115597723
v 0.06255631148815151 -0.010897652246057987 0.05636512115597723
v 0.05894697830080982 -0.011488502845168114 0.06702489405870435
v 0.06061258539557453 -0.01767820119857788 0.055516477674245814
v 0.06255631148815151 -0.010897652246057987 0.05636512115597723
v 0.06061258539557453 -0.01767820119857788 0.055516477674245814
v 0.062188632786273915 -0.022729404270648956 0.04382931813597678
v 0.062188632786273915 -0.022729404270648956 0.04382931813597678
v 0.06061258539557453 -0.01767820119857788 0.055516477674245814
v 0.05948769673705097 -0.028999559581279755 0.04336355999112128
v 0.062188632786273915 -0.022729404270648956 0.04382931813597678
v 0.05948769673705097 -0.028999559581279755 0.04336355999112128
v 0.06000166386365886 -0.03068288043141365 0.03748559579253195
v 0.06000166386365886 -0.03068288043141365 0.03748559579253195
v 0.05948769673705097 -0.028999559581279755 0.04336355999112128
v 0.05664478242397305 -0.03653711825609207 0.03723981231451033
v 0.06000166386365886 -0.03068288043141365 0.03748559579253195
v 0.05664478242397305 -0.03653711825609207 0.03723981231451033
v 0.05812524631619449 -0.03512130305171013 0.03299999982118605
v 0.05812524631619449 -0.03512130305171013 0.03299999982118605
v 0.05664478242397305 -0.03653711825609207 0.03723981231451033
v 0.05671220645308491 -0.03719222545623779 0.03299999982118605
v 0.057337284088134724 -0.004377508070319891 0.07859732210636136
v 0.05249588564038273 -0.01855074055492878 0.07628066837787625
v 0.05894697830080982 -0.011488502845168114 0.06702489405870435
v 0.05894697830080982 -0.011488502845168114 0.06702489405870435
v 0.05249588564038273 -0.01855074055492878 0.07628066837787625
v 0.053725760430097545 -0.02528424933552742 0.06502179056406018
v 0.05894697830080982 -0.011488502845168114 0.06702489405870435
v 0.053725760430097545 -0.02528424933552742 0.06502179056406018
v 0.05808552727103229 -0.024317273870110512 0.05471098795533178
v 0.05808552727103229 -0.024317273870110512 0.05471098795533178
v 0.053725760430097545 -0.02528424933552742 0.06502179056406018
v 0.05498139560222622 -0.0307412538677454 0.05395304784178732
v 0.05808552727103229 -0.024317273870110512 0.05471098795533178
v 0.05498139560222622 -0.0307412538677454 0.05395304784178732
v 0.05620209872722622 -0.035009559243917465 0.042922955006360994
v 0.05620209872722622 -0.035009559243917465 0.042922955006360994
v 0.05498139560222622 -0.0307412538677454 0.05395304784178732
v 0.052353102713823284 -0.04069481045007706 0.04251101985573767
v 0.05620209872722622 -0.035009559243917465 0.042922955006360994
v 0.052353102713823284 -0.04069481045007706 0.04251101985573767
v 0.05272730812430378 -0.042047787457704544 0.03700950741767882
v 0.05272730812430378 -0.042047787457704544 0.03700950741767882
v 0.052353102713823284 -0.04069481045007706 0.04251101985573767
v 0.04828424751758572 -0.04715711250901222 0.036796331405639635
v 0.05272730812430378 -0.042047787457704544 0.03700950741767882
v 0.04828424751758572 -0.04715711250901222 0.036796331405639635
v 0.04909991472959515 -0.04691758379340172 0.03299999982118605
v 0.04909991472959515 -0.04691758379340172 0.03299999982118605
v 0.04828424751758572 -0.04715711250901222 0.036796331405639635
v 0.048326499760150875 -0.047644902020692825 0.03299999982118605
v 0.04895874112844464 0.005136726424098015 0.107647992670536
v 0.042412094771862 -0.007708535995334387 0.103426419198513
v 0.04996837675571438 -0.002625107765197754 0.09763346612453458
v 0.04996837675571438 -0.002625107765197754 0.09763346612453458
v 0.042412094771862 -0.007708535995334387 0.103426419198513
v 0.0433227829635143 -0.01579967327415943 0.09437839686870572
v 0.04996837675571438 -0.002625107765197754 0.09763346612453458
v 0.0433227829635143 -0.01579967327415943 0.09437839686870572
v 0.051211163401603664 -0.010738539509475231 0.0872472748160362
v 0.051211163401603664 -0.010738539509475231 0.0872472748160362
v 0.0433227829635143 -0.01579967327415943 0.09437839686870572
v 0.04438494518399236 -0.024086637422442436 0.08472267538309095
v 0.051211163401603664 -0.010738539509475231 0.0872472748160362
v 0.04438494518399236 -0.024086637422442436 0.08472267538309095
v 0.04922392219305035 -0.02533763274550438 0.07521989196538922
v 0.04922392219305035 -0.02533763274550438 0.07521989196538922
v 0.04438494518399236 -0.024086637422442436 0.08472267538309095
v 0.04538720473647115 -0.03180256113409996 0.07421670109033582
v 0.04922392219305035 -0.02533763274550438 0.07521989196538922
v 0.04538720473647115 -0.03180256113409996 0.07421670109033582
v 0.046241000294685336 -0.03802952542901039 0.06327455490827558
v 0.05332180857658383 0.01852722465991974 0.11217165738344188
v 0.04895874112844464 0.005136726424098015 0.107647992670536
v 0.05439444258809086 0.01119142398238182 0.10114660114049909
v 0.05439444258809086 0.01119142398238182 0.10114660114049909
v 0.04895874112844464 0.005136726424098015 0.107647992670536
v 0.04996837675571438 -0.002625107765197754 0.09763346612453458
v 0.05439444258809086 0.01119142398238182 0.10114660114049909
v 0.04996837675571438 -0.002625107765197754 0.09763346612453458
v 0.055785965174436535 0.003383702365681529 0.09001362323760984
v 0.055785965174436535 0.003383702365681529 0.09001362323760984
v 0.04996837675571438 -0.002625107765197754 0.09763346612453458
v 0.051211163401603664 -0.010738539509475231 0.0872472748160362
v 0.055663626641035045 0.031999193131923676 0.1170883402228355
v 0.05332180857658383 0.01852722465991974 0.11217165738344188
v 0.05675653740763661 0.02510691061615944 0.10503183305263515
v 0.05675653740763661 0.02510691061615944 0.10503183305263515
v 0.05332180857658383 0.01852722465991974 0.11217165738344188
v 0.05439444258809086 0.01119142398238182 0.10114660114049909
v 0.05675653740763661 0.02510691061615944 0.10503183305263515
v 0.05439444258809086 0.01119142398238182 0.10114660114049909
v 0.05999608337879177 0.010043068788945675 0.0812234207987785
v 0.05999608337879177 0.010043068788945675 0.0812234207987785
v 0.05439444258809086 0.01119142398238182 0.10114660114049909
v 0.055785965174436535 0.003383702365681529 0.09001362323760984
v 0.05999608337879177 0.010043068788945675 0.0812234207987785
v 0.055785965174436535 0.003383702365681529 0.09001362323760984
v 0.057337284088134724 -0.004377508070319891 0.07859732210636136
v 0.057337284088134724 -0.004377508070319891 0.07859732210636136
v 0.055785965174436535 0.003383702365681529 0.09001362323760984
v 0.051211163401603664 -0.010738539509475231 0.0872472748160362
v 0.057337284088134724 -0.004377508070319891 0.07859732210636136
v 0.051211163401603664 -0.010738539509475231 0.0872472748160362
v 0.05249588564038273 -0.01855074055492878 0.07628066837787625
v 0.05249588564038273 -0.01855074055492878 0.07628066837787625
v 0.051211163401603664 -0.010738539509475231 0.0872472748160362
v 0.04922392219305035 -0.02533763274550438 0.07521989196538922
v 0.05249588564038273 -0.01855074055492878 0.07628066837787625
v 0.04922392219305035 -0.02533763274550438 0.07521989196538922
v 0.050261165946721996 -0.03183261677622795 0.0641156807541847
v 0.050261165946721996 -0.03183261677622795 0.0641156807541847
v 0.04922392219305035 -0.02533763274550438 0.07521989196538922
v 0.046241000294685336 -0.03802952542901039 0.06327455490827558
v 0.050261165946721996 -0.03183261677622795 0.0641156807541847
v 0.046241000294685336 -0.03802952542901039 0.06327455490827558
v 0.04709674790501591 -0.04263747110962868 0.052597153931856135
v 0.06328842788934703 0.0005000000237487257 0.1906569749116897
v 0.06300262361764904 0.0005000000237487257 0.19003100693225855
v 0.06296340376138683 0.004932299256324768 0.1897571682929992
v 0.06296340376138683 0.004932299256324768 0.1897571682929992
v 0.06300262361764904 0.0005000000237487257 0.19003100693225855
v 0.05684490874409672 0.001606942038051784 0.17816361784934992
v 0.06296340376138683 0.004932299256324768 0.1897571682929992
v 0.05684490874409672 0.001606942038051784 0.17816361784934992
v 0.05683050677180287 0.004226443823426962 0.17784582078456873
v 0.05683050677180287 0.004226443823426962 0.17784582078456873
v 0.05684490874409672 0.001606942038051784 0.17816361784934992
v 0.048433598130941356 0.001286089769564569 0.16772723197937006
v 0.05683050677180287 0.004226443823426962 0.17784582078456873
v 0.048433598130941356 0.001286089769564569 0.16772723197937006
v 0.0484538450837135 0.0036093436647206545 0.16729415953159327
v 0.047575764358043636 0.013395282439887524 0.16153006255626673
v 0.04694116115570065 0.015578891150653362 0.1586524993181228
v 0.05482149869203564 0.02026665210723877 0.16983202099800104
v 0.04164395853877065 0.006528813857585192 0.12098323553800579
v 0.04833501949906346 0.01218674797564745 0.11757292598485942
v 0.04821990057826039 0.018256178125739098 0.1275708228349685
v 0.04821990057826039 0.018256178125739098 0.1275708228349685
v 0.04833501949906346 0.01218674797564745 0.11757292598485942
v 0.05270452052354809 0.025042500346899033 0.12329518049955364
v 0.04821990057826039 0.018256178125739098 0.1275708228349685
v 0.05270452052354809 0.025042500346899033 0.12329518049955364
v 0.052665662020444835 0.030409444123506546 0.1346223652362823
v 0.052665662020444835 0.030409444123506546 0.1346223652362823
v 0.05270452052354809 0.025042500346899033 0.12329518049955364
v 0.055080402642488445 0.03798649087548256 0.12943902611732477
v 0.052665662020444835 0.030409444123506546 0.1346223652362823
v 0.055080402642488445 0.03798649087548256 0.12943902611732477
v 0.055126663297414745 0.0426618717610836 0.14214694499969477
v 0.055126663297414745 0.0426618717610836 0.14214694499969477
v 0.055080402642488445 0.03798649087548256 0.12943902611732477
v 0.05568619072437283 0.05010679364204407 0.13581553101539606
v 0.055126663297414745 0.0426618717610836 0.14214694499969477
v 0.05568619072437283 0.05010679364204407 0.13581553101539606
v 0.05565714091062542 0.052498605102300644 0.1431784033775329
v 0.05672347545623776 0.05599493905901909 0.16431482136249537
v 0.05665105208754536 0.04594333469867706 0.16170707345008845
v 0.0559308938682079 0.045474182814359665 0.15515664219856257
v 0.0559308938682079 0.045474182814359665 0.15515664219856257
v 0.05665105208754536 0.04594333469867706 0.16170707345008845
v 0.05396916344761845 0.035345256328582764 0.15196055173873896
v 0.0559308938682079 0.045474182814359665 0.15515664219856257
v 0.05396916344761845 0.035345256328582764 0.15196055173873896
v 0.053333874791860546 0.034216225147247314 0.14615012705326075
v 0.053333874791860546 0.034216225147247314 0.14615012705326075
v 0.05396916344761845 0.035345256328582764 0.15196055173873896
v 0.049261547625064815 0.024787476286292076 0.14280258119106287
v 0.053333874791860546 0.034216225147247314 0.14615012705326075
v 0.049261547625064815 0.024787476286292076 0.14280258119106287
v 0.04873427748680111 0.023034512996673584 0.13769485056400294
v 0.0420095510780811 0.012204541824758053 0.12982341647148127
v 0.04873427748680111 0.023034512996673584 0.13769485056400294
v 0.04299027100205419 0.016385557129979134 0.1387732028961181
v 0.04299027100205419 0.016385557129979134 0.1387732028961181
v 0.04873427748680111 0.023034512996673584 0.13769485056400294
v 0.049261547625064815 0.024787476286292076 0.14280258119106287
v 0.04299027100205419 0.016385557129979134 0.1387732028961181
v 0.049261547625064815 0.024787476286292076 0.14280258119106287
v 0.04997217655181881 0.025976533070206642 0.14791403710842127
v 0.04997217655181881 0.025976533070206642 0.14791403710842127
v 0.049261547625064815 0.024787476286292076 0.14280258119106287
v 0.05396916344761845 0.035345256328582764 0.15196055173873896
v 0.04997217655181881 0.025976533070206642 0.14791403710842127
v 0.05396916344761845 0.035345256328582764 0.15196055173873896
v 0.05480788648128506 0.03580259904265404 0.15775218605995173
v 0.05480788648128506 0.03580259904265404 0.15775218605995173
v 0.05396916344761845 0.035345256328582764 0.15196055173873896
v 0.05665105208754536 0.04594333469867706 0.16170707345008845
v 0.05480788648128506 0.03580259904265404 0.15775218605995173
v 0.05665105208754536 0.04594333469867706 0.16170707345008845
v 0.05758363381028171 0.04561992362141609 0.1682023555040359
v 0.05758363381028171 0.04561992362141609 0.1682023555040359
v 0.05665105208754536 0.04594333469867706 0.16170707345008845
v 0.05747173726558681 0.05587221682071686 0.1715798377990722
v 0.05758363381028171 0.04561992362141609 0.1682023555040359
v 0.05747173726558681 0.05587221682071686 0.1715798377990722
v 0.05754802748560901 0.05581364035606384 0.1722037643194198
v 0.047575764358043636 0.013395282439887524 0.16153006255626673
v 0.05482149869203564 0.02026665210723877 0.16983202099800104
v 0.05561267584562298 0.016947682946920395 0.17273066937923426
v 0.05561267584562298 0.016947682946920395 0.17273066937923426
v 0.05482149869203564 0.02026665210723877 0.16983202099800104
v 0.06044459342956539 0.025052988901734352 0.18190433084964747
v 0.05561267584562298 0.016947682946920395 0.17273066937923426
v 0.06044459342956539 0.025052988901734352 0.18190433084964747
v 0.06138205528259273 0.020621564239263535 0.18490266799926752
v 0.06138205528259273 0.020621564239263535 0.18490266799926752
v 0.06044459342956539 0.025052988901734352 0.18190433084964747
v 0.06375901401042934 0.02977258339524269 0.19456234574317927
v 0.06138205528259273 0.020621564239263535 0.18490266799926752
v 0.06375901401042934 0.02977258339524269 0.19456234574317927
v 0.06480061262845989 0.024272356182336807 0.19769594073295588
v 0.06480061262845989 0.024272356182336807 0.19769594073295588
v 0.06375901401042934 0.02977258339524269 0.19456234574317927
v 0.06534034013748165 0.030925216153264046 0.2086559832096099
v 0.06480061262845989 0.024272356182336807 0.19769594073295588
v 0.06534034013748165 0.030925216153264046 0.2086559832096099
v 0.06536978483200069 0.030730178579688072 0.20874115824699394
v -3.877680833629926e-15 -0.02728680521249771 0.1013393625617027
v 0.011465114541351788 -0.02993061952292919 0.09845141321420667
v -3.877380136933651e-15 -0.021690839901566505 0.10596968978643413
v -3.877380136933651e-15 -0.021690839901566505 0.10596968978643413
v 0.011465114541351788 -0.02993061952292919 0.09845141321420667
v 0.011422957293689244 -0.01507325004786253 0.11075325310230251
v -3.877380136933651e-15 -0.021690839901566505 0.10596968978643413
v 0.011422957293689244 -0.01507325004786253 0.11075325310230251
v -3.87699473694265e-15 -0.014531398192048073 0.11189369112253185
v -3.87699473694265e-15 -0.014531398192048073 0.11189369112253185
v 0.011422957293689244 -0.01507325004786253 0.11075325310230251
v 0.011681412346661084 -0.008329450152814388 0.11708015948534008
v -3.87699473694265e-15 -0.014531398192048073 0.11189369112253185
v 0.011681412346661084 -0.008329450152814388 0.11708015948534008
v -3.876919351010345e-15 -0.013129856437444687 0.11305338144302364
v 0.018173517659306516 0.0005023634294047952 0.12677261233329767
v 0.012108476832509032 -0.0024838396348059177 0.12361431121826168
v 0.011681412346661084 -0.008329450152814388 0.11708015948534008
v 0.011681412346661084 -0.008329450152814388 0.11708015948534008
v 0.012108476832509032 -0.0024838396348059177 0.12361431121826168
v 0.006014110986143346 -0.005233582574874163 0.12077739834785457
v 0.03299853578209875 -0.004391341935843229 0.11492583900690075
v 0.03774844110012052 -0.0060555036179721355 0.10968616604804989
v 0.04164395853877065 0.006528813857585192 0.12098323553800579
v 0.04164395853877065 0.006528813857585192 0.12098323553800579
v 0.03774844110012052 -0.0060555036179721355 0.10968616604804989
v 0.04181356355547902 -0.00018944985640700907 0.11222034692764278
v 0.04164395853877065 0.006528813857585192 0.12098323553800579
v 0.04181356355547902 -0.00018944985640700907 0.11222034692764278
v 0.04833501949906346 0.01218674797564745 0.11757292598485942
v 0.028801223263144472 0.0030316119082272053 0.12673509120941157
v 0.033237818628549555 0.002042663749307394 0.12264904379844661
v 0.03396748378872869 0.007300363853573799 0.13049533963203425
v 0.03396748378872869 0.007300363853573799 0.13049533963203425
v 0.033237818628549555 0.002042663749307394 0.12264904379844661
v 0.03871581703424451 0.011762699112296104 0.13451498746871943
v 0.03396748378872869 0.007300363853573799 0.13049533963203425
v 0.03871581703424451 0.011762699112296104 0.13451498746871943
v 0.03933747857809064 0.013395804911851883 0.1386937648057937
v 0.03933747857809064 0.013395804911851883 0.1386937648057937
v 0.03871581703424451 0.011762699112296104 0.13451498746871943
v 0.04369684681296346 0.01765681803226471 0.14322277903556818
v 0.03933747857809064 0.013395804911851883 0.1386937648057937
v 0.04369684681296346 0.01765681803226471 0.14322277903556818
v 0.044502999633550616 0.018233051523566246 0.14754156768321985
v 0.044502999633550616 0.018233051523566246 0.14754156768321985
v 0.04369684681296346 0.01765681803226471 0.14322277903556818
v 0.050844974815845455 0.02646649070084095 0.1529573649168014
v 0.044502999633550616 0.018233051523566246 0.14754156768321985
v 0.050844974815845455 0.02646649070084095 0.1529573649168014
v 0.05183392018079754 0.026144523173570633 0.15780735015869135
v 0.05183392018079754 0.026144523173570633 0.15780735015869135
v 0.050844974815845455 0.02646649070084095 0.1529573649168014
v 0.05582621321082112 0.035449445247650146 0.16343003511428827
v 0.05183392018079754 0.026144523173570633 0.15780735015869135
v 0.05582621321082112 0.035449445247650146 0.16343003511428827
v 0.05697323381900784 0.034179676324129105 0.16884267330169672
v 0.05697323381900784 0.034179676324129105 0.16884267330169672
v 0.05582621321082112 0.035449445247650146 0.16343003511428827
v 0.05870326608419414 0.04437357559800148 0.17451873421669
v 0.05697323381900784 0.034179676324129105 0.16884267330169672
v 0.05870326608419414 0.04437357559800148 0.17451873421669
v 0.05995741859078403 0.04211924597620964 0.1804817765951156
v 0.05995741859078403 0.04211924597620964 0.1804817765951156
v 0.05870326608419414 0.04437357559800148 0.17451873421669
v 0.05960712209343906 0.05255621671676636 0.1855963617563247
v 0.05995741859078403 0.04211924597620964 0.1804817765951156
v 0.05960712209343906 0.05255621671676636 0.1855963617563247
v 0.06034228205680843 0.05087537690997124 0.189480572938919
v 0.033237818628549555 0.002042663749307394 0.12264904379844661
v 0.03786236047744748 0.007019922137260437 0.1261408925056457
v 0.03871581703424451 0.011762699112296104 0.13451498746871943
v 0.03871581703424451 0.011762699112296104 0.13451498746871943
v 0.03786236047744748 0.007019922137260437 0.1261408925056457
v 0.04299027100205419 0.016385557129979134 0.1387732028961181
v 0.03871581703424451 0.011762699112296104 0.13451498746871943
v 0.04299027100205419 0.016385557129979134 0.1387732028961181
v 0.04369684681296346 0.01765681803226471 0.14322277903556818
v 0.04369684681296346 0.01765681803226471 0.14322277903556818
v 0.04299027100205419 0.016385557129979134 0.1387732028961181
v 0.04997217655181881 0.025976533070206642 0.14791403710842127
v 0.04369684681296346 0.01765681803226471 0.14322277903556818
v 0.04997217655181881 0.025976533070206642 0.14791403710842127
v 0.050844974815845455 0.02646649070084095 0.1529573649168014
v 0.050844974815845455 0.02646649070084095 0.1529573649168014
v 0.04997217655181881 0.025976533070206642 0.14791403710842127
v 0.05480788648128506 0.03580259904265404 0.15775218605995173
v 0.050844974815845455 0.02646649070084095 0.1529573649168014
v 0.05480788648128506 0.03580259904265404 0.15775218605995173
v 0.05582621321082112 0.035449445247650146 0.16343003511428827
v 0.05582621321082112 0.035449445247650146 0.16343003511428827
v 0.05480788648128506 0.03580259904265404 0.15775218605995173
v 0.05758363381028171 0.04561992362141609 0.1682023555040359
v 0.05582621321082112 0.035449445247650146 0.16343003511428827
v 0.05758363381028171 0.04561992362141609 0.1682023555040359
v 0.05870326608419414 0.04437357559800148 0.17451873421669
v 0.05870326608419414 0.04437357559800148 0.17451873421669
v 0.05758363381028171 0.04561992362141609 0.1682023555040359
v 0.05844668671488758 0.05475477874279022 0.17873665690422053
v 0.05870326608419414 0.04437357559800148 0.17451873421669
v 0.05844668671488758 0.05475477874279022 0.17873665690422053
v 0.058452624827623326 0.05474737286567688 0.17877890169620508
v 0.028801223263144472 0.0030316119082272053 0.12673509120941157
v 0.02280633151531218 -0.007137324195355177 0.11628753691911693
v 0.033237818628549555 0.002042663749307394 0.12264904379844661
v 0.033237818628549555 0.002042663749307394 0.12264904379844661
v 0.02280633151531218 -0.007137324195355177 0.11628753691911693
v 0.03299853578209875 -0.004391341935843229 0.11492583900690075
v 0.033237818628549555 0.002042663749307394 0.12264904379844661
v 0.03299853578209875 -0.004391341935843229 0.11492583900690075
v 0.03786236047744748 0.007019922137260437 0.1261408925056457
v 0.03786236047744748 0.007019922137260437 0.1261408925056457
v 0.03299853578209875 -0.004391341935843229 0.11492583900690075
v 0.04164395853877065 0.006528813857585192 0.12098323553800579
v 0.03786236047744748 0.007019922137260437 0.1261408925056457
v 0.04164395853877065 0.006528813857585192 0.12098323553800579
v 0.0420095510780811 0.012204541824758053 0.12982341647148127
v 0.0420095510780811 0.012204541824758053 0.12982341647148127
v 0.04164395853877065 0.006528813857585192 0.12098323553800579
v 0.04821990057826039 0.018256178125739098 0.1275708228349685
v 0.0420095510780811 0.012204541824758053 0.12982341647148127
v 0.04821990057826039 0.018256178125739098 0.1275708228349685
v 0.04873427748680111 0.023034512996673584 0.13769485056400294
v 0.04873427748680111 0.023034512996673584 0.13769485056400294
v 0.04821990057826039 0.018256178125739098 0.1275708228349685
v 0.052665662020444835 0.030409444123506546 0.1346223652362823
v 0.04873427748680111 0.023034512996673584 0.13769485056400294
v 0.052665662020444835 0.030409444123506546 0.1346223652362823
v 0.053333874791860546 0.034216225147247314 0.14615012705326075
v 0.053333874791860546 0.034216225147247314 0.14615012705326075
v 0.052665662020444835 0.030409444123506546 0.1346223652362823
v 0.055126663297414745 0.0426618717610836 0.14214694499969477
v 0.053333874791860546 0.034216225147247314 0.14615012705326075
v 0.055126663297414745 0.0426618717610836 0.14214694499969477
v 0.05542615801095959 0.04434361308813095 0.14862352609634394
v 0.05542615801095959 0.04434361308813095 0.14862352609634394
v 0.055126663297414745 0.0426618717610836 0.14214694499969477
v 0.0558206774294376 0.054150089621543884 0.14986231923103327
v 0.05542615801095959 0.04434361308813095 0.14862352609634394
v 0.0558206774294376 0.054150089621543884 0.14986231923103327
v 0.05585117265582081 0.05445805937051773 0.15110872685909266
v -3.87380354031387e-15 -0.001815487747080624 0.12535677850246424
v -3.876381908605312e-15 -0.0040164305828511715 0.12228459864854808
v 0.006014110986143346 -0.005233582574874163 0.12077739834785457
v 0.006014110986143346 -0.005233582574874163 0.12077739834785457
v -3.876381908605312e-15 -0.0040164305828511715 0.12228459864854808
v -3.876609760468123e-15 -0.007882582023739815 0.11836847662925716
v 0.006014110986143346 -0.005233582574874163 0.12077739834785457
v -3.876609760468123e-15 -0.007882582023739815 0.11836847662925716
v 0.011681412346661084 -0.008329450152814388 0.11708015948534008
v 0.011681412346661084 -0.008329450152814388 0.11708015948534008
v -3.876609760468123e-15 -0.007882582023739815 0.11836847662925716
v -3.873418563839343e-15 -0.007882589474320412 0.11836846917867656
v 0.011681412346661084 -0.008329450152814388 0.11708015948534008
v -3.873418563839343e-15 -0.007882589474320412 0.11836846917867656
v -3.876919351010345e-15 -0.013129856437444687 0.11305338144302364
v -3.874188516788397e-15 0.0029323501512408257 0.13327334821224207
v -3.875990155867207e-15 0.0014811871806159616 0.12995842099189753
v 0.0064057647250592665 0.0022402629256248474 0.13122870028018946
v -3.874188516788397e-15 0.0029323501512408257 0.13327334821224207
v 0.0064057647250592665 0.0022402629256248474 0.13122870028018946
v -3.875839807519069e-15 0.002932355273514986 0.13327336311340326
v -3.876224783993596e-15 -0.0018154808785766363 0.12535677850246424
v -3.87380354031387e-15 -0.001815487747080624 0.12535677850246424
v 0.006279203575104471 9.998373570851982e-05 0.1276013404130935
v 0.006279203575104471 9.998373570851982e-05 0.1276013404130935
v -3.87380354031387e-15 -0.001815487747080624 0.12535677850246424
v 0.006014110986143346 -0.005233582574874163 0.12077739834785457
v 0.006279203575104471 9.998373570851982e-05 0.1276013404130935
v 0.006014110986143346 -0.005233582574874163 0.12077739834785457
v 0.012609870173037043 0.0020551562774926424 0.13034905493259424
v 0.012609870173037043 0.0020551562774926424 0.13034905493259424
v 0.006014110986143346 -0.005233582574874163 0.12077739834785457
v 0.012108476832509032 -0.0024838396348059177 0.12361431121826168
v 0.012609870173037043 0.0020551562774926424 0.13034905493259424
v 0.012108476832509032 -0.0024838396348059177 0.12361431121826168
v 0.018889462575316415 0.004202410113066435 0.13350975513458246
v 0.018889462575316415 0.004202410113066435 0.13350975513458246
v 0.012108476832509032 -0.0024838396348059177 0.12361431121826168
v 0.018173517659306516 0.0005023634294047952 0.12677261233329767
v -3.875990155867207e-15 0.0014811871806159616 0.12995842099189753
v 0.006279203575104471 9.998373570851982e-05 0.1276013404130935
v 0.0064057647250592665 0.0022402629256248474 0.13122870028018946
v 0.0064057647250592665 0.0022402629256248474 0.13122870028018946
v 0.006279203575104471 9.998373570851982e-05 0.1276013404130935
v 0.012609870173037043 0.0020551562774926424 0.13034905493259424
v 0.0064057647250592665 0.0022402629256248474 0.13122870028018946
v 0.012609870173037043 0.0020551562774926424 0.13034905493259424
v 0.012845419347286216 0.0037067073862999678 0.13381512463092798
v 0.012845419347286216 0.0037067073862999678 0.13381512463092798
v 0.012609870173037043 0.0020551562774926424 0.13034905493259424
v 0.018889462575316415 0.004202410113066435 0.13350975513458246
v 0.012845419347286216 0.0037067073862999678 0.13381512463092798
v 0.018889462575316415 0.004202410113066435 0.13350975513458246
v 0.019220918416976915 0.00534831453114748 0.13686086237430567
v 0.019220918416976915 0.00534831453114748 0.13686086237430567
v 0.018889462575316415 0.004202410113066435 0.13350975513458246
v 0.02501526288688181 0.006523957010358572 0.137090653181076
v 0.019220918416976915 0.00534831453114748 0.13686086237430567
v 0.02501526288688181 0.006523957010358572 0.137090653181076
v 0.025434264913201315 0.007148435804992914 0.14036819338798517
v -3.875647531040042e-15 0.004327505826950073 0.13764543831348414
v -3.8743807932674235e-15 0.004327503964304924 0.13764542341232294
v 0.013049555011093608 0.004835254978388548 0.13737046718597407
v 0.013049555011093608 0.004835254978388548 0.13737046718597407
v -3.8743807932674235e-15 0.004327503964304924 0.13764542341232294
v -3.8757212229064535e-15 0.004078802186995745 0.1358922123908996
v 0.013049555011093608 0.004835254978388548 0.13737046718597407
v -3.8757212229064535e-15 0.004078802186995745 0.1358922123908996
v 0.006517234258353706 0.0038817329332232475 0.13503961265087122
v 0.006517234258353706 0.0038817329332232475 0.13503961265087122
v -3.8757212229064535e-15 0.004078802186995745 0.1358922123908996
v -3.875839807519069e-15 0.002932355273514986 0.13327336311340326
v 0.01336495950818061 0.0017368592089042068 0.1484177261590957
v -3.874832685344784e-15 0.0017073971685022116 0.1469447016716003
v 0.0133618963882327 0.0026200120337307453 0.1478519886732101
v 0.0133618963882327 0.0026200120337307453 0.1478519886732101
v -3.874832685344784e-15 0.0017073971685022116 0.1469447016716003
v -3.875240108192413e-15 0.002271890640258789 0.14670227468013758
v 0.0133618963882327 0.0026200120337307453 0.1478519886732101
v -3.875240108192413e-15 0.002271890640258789 0.14670227468013758
v -3.875262131049042e-15 0.002608004491776228 0.14629377424716944
v -3.874952964023294e-15 0.0006458100979216397 0.14740058779716486
v -3.874915694573615e-15 0.0006458229036070406 0.14740058779716486
v 0.01336495950818061 0.0017368592089042068 0.1484177261590957
v 0.01336495950818061 0.0017368592089042068 0.1484177261590957
v -3.874915694573615e-15 0.0006458229036070406 0.14740058779716486
v -3.875140158304637e-15 0.0017073842464014888 0.1469447016716003
v 0.01336495950818061 0.0017368592089042068 0.1484177261590957
v -3.875140158304637e-15 0.0017073842464014888 0.1469447016716003
v -3.874832685344784e-15 0.0017073971685022116 0.1469447016716003
v -3.875343869728452e-15 0.0038508055731654167 0.14478333294391627
v 0.01334606483578681 0.003925965167582035 0.14636057615280146
v -3.874766193258424e-15 0.002608013339340687 0.14629377424716944
v -3.874573493262924e-15 0.004471036605536938 0.14219665527343744
v -3.875511582252008e-15 0.004786491394042969 0.14088103175163263
v 0.013209748081862918 0.005277014337480068 0.1410109549760818
v -3.874573493262924e-15 0.004471036605536938 0.14219665527343744
v 0.013209748081862918 0.005277014337480068 0.1410109549760818
v -3.875454831044542e-15 0.0044710333459079266 0.14219665527343744
v -3.875511582252008e-15 0.004786491394042969 0.14088103175163263
v -3.875647531040042e-15 0.004327505826950073 0.13764543831348414
v 0.013209748081862918 0.005277014337480068 0.1410109549760818
v 0.013209748081862918 0.005277014337480068 0.1410109549760818
v -3.875647531040042e-15 0.004327505826950073 0.13764543831348414
v 0.013049555011093608 0.004835254978388548 0.13737046718597407
v 0.013209748081862918 0.005277014337480068 0.1410109549760818
v 0.013049555011093608 0.004835254978388548 0.13737046718597407
v 0.019721139222383485 0.00588873540982604 0.14353877305984492
v 0.019721139222383485 0.00588873540982604 0.14353877305984492
v 0.013049555011093608 0.004835254978388548 0.13737046718597407
v 0.019504033029079423 0.005949744954705238 0.1402082741260528
v 0.019721139222383485 0.00588873540982604 0.14353877305984492
v 0.019504033029079423 0.005949744954705238 0.1402082741260528
v 0.026054471731185896 0.006632373668253422 0.1466176956892013
v 0.026054471731185896 0.006632373668253422 0.1466176956892013
v 0.019504033029079423 0.005949744954705238 0.1402082741260528
v 0.02578804083168505 0.0072099557146430016 0.1435504555702209
v 0.026054471731185896 0.006632373668253422 0.1466176956892013
v 0.02578804083168505 0.0072099557146430016 0.1435504555702209
v 0.03212566673755644 0.007494492921978235 0.15023195743560785
v 0.03231162950396536 0.005685530137270689 0.15280288457870478
v 0.026253353804349882 0.004204730037599802 0.1508082598447799
v 0.02621584199368952 0.005268344189971685 0.14949417114257807
v 0.02621584199368952 0.005268344189971685 0.14949417114257807
v 0.026253353804349882 0.004204730037599802 0.1508082598447799
v 0.01989304274320601 0.004024264868348837 0.1482712179422378
v 0.02621584199368952 0.005268344189971685 0.14949417114257807
v 0.01989304274320601 0.004024264868348837 0.1482712179422378
v 0.01985787414014338 0.00494693499058485 0.1467683315277099
v 0.01985787414014338 0.00494693499058485 0.1467683315277099
v 0.01989304274320601 0.004024264868348837 0.1482712179422378
v 0.01334606483578681 0.003925965167582035 0.14636057615280146
v 0.01985787414014338 0.00494693499058485 0.1467683315277099
v 0.01334606483578681 0.003925965167582035 0.14636057615280146
v 0.013315662741661063 0.00473144231364131 0.1446451991796493
v 0.013315662741661063 0.00473144231364131 0.1446451991796493
v 0.01334606483578681 0.003925965167582035 0.14636057615280146
v -3.875358269288555e-15 0.003931777086108923 0.1444456428289413
v 0.013315662741661063 0.00473144231364131 0.1446451991796493
v -3.875358269288555e-15 0.003931777086108923 0.1444456428289413
v -3.874670055018911e-15 0.003931780345737934 0.1444456279277801
v -3.875839807519069e-15 0.002932355273514986 0.13327336311340326
v 0.0064057647250592665 0.0022402629256248474 0.13122870028018946
v 0.006517234258353706 0.0038817329332232475 0.13503961265087122
v 0.006517234258353706 0.0038817329332232475 0.13503961265087122
v 0.0064057647250592665 0.0022402629256248474 0.13122870028018946
v 0.012845419347286216 0.0037067073862999678 0.13381512463092798
v 0.006517234258353706 0.0038817329332232475 0.13503961265087122
v 0.012845419347286216 0.0037067073862999678 0.13381512463092798
v 0.013049555011093608 0.004835254978388548 0.13737046718597407
v 0.013049555011093608 0.004835254978388548 0.13737046718597407
v 0.012845419347286216 0.0037067073862999678 0.13381512463092798
v 0.019220918416976915 0.00534831453114748 0.13686086237430567
v 0.013049555011093608 0.004835254978388548 0.13737046718597407
v 0.019220918416976915 0.00534831453114748 0.13686086237430567
v 0.019504033029079423 0.005949744954705238 0.1402082741260528
v 0.019504033029079423 0.005949744954705238 0.1402082741260528
v 0.019220918416976915 0.00534831453114748 0.13686086237430567
v 0.025434264913201315 0.007148435804992914 0.14036819338798517
v 0.019504033029079423 0.005949744954705238 0.1402082741260528
v 0.025434264913201315 0.007148435804992914 0.14036819338798517
v 0.02578804083168505 0.0072099557146430016 0.1435504555702209
v 0.029779041185975054 0.007106306031346321 0.13411076366901392
v 0.03450469300150869 0.009272702969610691 0.1344261467456817
v 0.035122688859701136 0.010678434744477272 0.13828454911708826
v 0.035122688859701136 0.010678434744477272 0.13828454911708826
v 0.03450469300150869 0.009272702969610691 0.1344261467456817
v 0.040049564093351336 0.014396684244275093 0.14277121424674982
v 0.035122688859701136 0.010678434744477272 0.13828454911708826
v 0.040049564093351336 0.014396684244275093 0.14277121424674982
v 0.04080237075686452 0.01471010036766529 0.14664913713932032
v 0.04080237075686452 0.01471010036766529 0.14664913713932032
v 0.040049564093351336 0.014396684244275093 0.14277121424674982
v 0.045353088527917834 0.018061501905322075 0.15161280333995814
v 0.04080237075686452 0.01471010036766529 0.14664913713932032
v 0.045353088527917834 0.018061501905322075 0.15161280333995814
v 0.046184934675693484 0.017157001420855522 0.15533681213855738
v 0.046184934675693484 0.017157001420855522 0.15533681213855738
v 0.045353088527917834 0.018061501905322075 0.15161280333995814
v 0.05287343636155125 0.02496785670518875 0.16231386363506312
v 0.046184934675693484 0.017157001420855522 0.15533681213855738
v 0.05287343636155125 0.02496785670518875 0.16231386363506312
v 0.05389119312167164 0.0229767095297575 0.16634836792945856
v 0.05389119312167164 0.0229767095297575 0.16634836792945856
v 0.05287343636155125 0.02496785670518875 0.16231386363506312
v 0.05817679688334461 0.03196847438812256 0.17381455004215235
v 0.05389119312167164 0.0229767095297575 0.16634836792945856
v 0.05817679688334461 0.03196847438812256 0.17381455004215235
v 0.05935770273208614 0.028883440420031548 0.17819777131080622
v 0.05935770273208614 0.028883440420031548 0.17819777131080622
v 0.05817679688334461 0.03196847438812256 0.17381455004215235
v 0.06127157434821125 0.03885972872376442 0.18590150773525232
v 0.05935770273208614 0.028883440420031548 0.17819777131080622
v 0.06127157434821125 0.03885972872376442 0.18590150773525232
v 0.06256351619958873 0.034691911190748215 0.19062374532222742
v 0.06256351619958873 0.034691911190748215 0.19062374532222742
v 0.06127157434821125 0.03885972872376442 0.18590150773525232
v 0.06226126104593273 0.045048393309116364 0.19796337187290186
v 0.06256351619958873 0.034691911190748215 0.19062374532222742
v 0.06226126104593273 0.045048393309116364 0.19796337187290186
v 0.0631434321403503 0.04166346415877342 0.2013143897056579
v 0.024559119716286642 0.005370489787310362 0.13372075557708735
v 0.029779041185975054 0.007106306031346321 0.13411076366901392
v 0.030337467789649943 0.008340227417647839 0.13767428696155543
v 0.030337467789649943 0.008340227417647839 0.13767428696155543
v 0.029779041185975054 0.007106306031346321 0.13411076366901392
v 0.035122688859701136 0.010678434744477272 0.13828454911708826
v 0.030337467789649943 0.008340227417647839 0.13767428696155543
v 0.035122688859701136 0.010678434744477272 0.13828454911708826
v 0.03577822446823118 0.011461271904408932 0.14199171960353846
v 0.03577822446823118 0.011461271904408932 0.14199171960353846
v 0.035122688859701136 0.010678434744477272 0.13828454911708826
v 0.04080237075686452 0.01471010036766529 0.14664913713932032
v 0.03577822446823118 0.011461271904408932 0.14199171960353846
v 0.04080237075686452 0.01471010036766529 0.14664913713932032
v 0.04153985530138013 0.014339007437229156 0.15024478733539576
v 0.04153985530138013 0.014339007437229156 0.15024478733539576
v 0.04080237075686452 0.01471010036766529 0.14664913713932032
v 0.046184934675693484 0.017157001420855522 0.15533681213855738
v 0.04153985530138013 0.014339007437229156 0.15024478733539576
v 0.046184934675693484 0.017157001420855522 0.15533681213855738
v 0.04694116115570065 0.015578891150653362 0.1586524993181228
v 0.04694116115570065 0.015578891150653362 0.1586524993181228
v 0.046184934675693484 0.017157001420855522 0.15533681213855738
v 0.05389119312167164 0.0229767095297575 0.16634836792945856
v 0.04694116115570065 0.015578891150653362 0.1586524993181228
v 0.05389119312167164 0.0229767095297575 0.16634836792945856
v 0.05482149869203564 0.02026665210723877 0.16983202099800104
v 0.05482149869203564 0.02026665210723877 0.16983202099800104
v 0.05389119312167164 0.0229767095297575 0.16634836792945856
v 0.05935770273208614 0.028883440420031548 0.17819777131080622
v 0.05482149869203564 0.02026665210723877 0.16983202099800104
v 0.05935770273208614 0.028883440420031548 0.17819777131080622
v 0.06044459342956539 0.025052988901734352 0.18190433084964747
v 0.06044459342956539 0.025052988901734352 0.18190433084964747
v 0.05935770273208614 0.028883440420031548 0.17819777131080622
v 0.06256351619958873 0.034691911190748215 0.19062374532222742
v 0.06044459342956539 0.025052988901734352 0.18190433084964747
v 0.06256351619958873 0.034691911190748215 0.19062374532222742
v 0.06375901401042934 0.02977258339524269 0.19456234574317927
v 0.06375901401042934 0.02977258339524269 0.19456234574317927
v 0.06256351619958873 0.034691911190748215 0.19062374532222742
v 0.06354989856481548 0.03993184119462967 0.20277309417724604
v 0.06375901401042934 0.02977258339524269 0.19456234574317927
v 0.06354989856481548 0.03993184119462967 0.20277309417724604
v 0.0643130168318748 0.03646636754274368 0.20540529489517206
v -3.874952964023294e-15 0.0006458100979216397 0.14740058779716486
v 0.01336495950818061 0.0017368592089042068 0.1484177261590957
v 0.013365084305405608 0.0006994373979978263 0.14876393973827357
v 0.013365084305405608 0.0006994373979978263 0.14876393973827357
v 0.01336495950818061 0.0017368592089042068 0.1484177261590957
v 0.01990662701427935 0.002672637579962611 0.14958767592906946
v 0.013365084305405608 0.0006994373979978263 0.14876393973827357
v 0.01990662701427935 0.002672637579962611 0.14958767592906946
v 0.019901145249605165 0.0007517055491916835 0.15041673183441157
v 0.019901145249605165 0.0007517055491916835 0.15041673183441157
v 0.01990662701427935 0.002672637579962611 0.14958767592906946
v 0.02626263350248335 0.0027755419723689556 0.1519643366336822
v 0.019901145249605165 0.0007517055491916835 0.15041673183441157
v 0.02626263350248335 0.0027755419723689556 0.1519643366336822
v 0.026246560737490637 0.0008238190202973783 0.15271021425724024
v 0.026246560737490637 0.0008238190202973783 0.15271021425724024
v 0.02626263350248335 0.0027755419723689556 0.1519643366336822
v 0.032358597964048365 0.0029244478791952133 0.1549596190452575
v 0.026246560737490637 0.0008238190202973783 0.15271021425724024
v 0.032358597964048365 0.0029244478791952133 0.1549596190452575
v 0.03233353793621061 0.0009143637726083398 0.15562248229980463
v 0.03803144395351407 0.0005000000237487257 0.15924198925495142
v 0.03513871505856512 0.0005000000237487257 0.15727236866950983
v 0.03809910267591474 0.001022254815325141 0.15912163257598871
v 0.03809910267591474 0.001022254815325141 0.15912163257598871
v 0.03513871505856512 0.0005000000237487257 0.15727236866950983
v 0.03233353793621061 0.0009143637726083398 0.15562248229980463
v 0.03809910267591474 0.001022254815325141 0.15912163257598871
v 0.03233353793621061 0.0009143637726083398 0.15562248229980463
v 0.03812893480062482 0.003115528728812933 0.15853996574878687
v 0.03812893480062482 0.003115528728812933 0.15853996574878687
v 0.03233353793621061 0.0009143637726083398 0.15562248229980463
v 0.032358597964048365 0.0029244478791952133 0.1549596190452575
v 0.03812893480062482 0.003115528728812933 0.15853996574878687
v 0.032358597964048365 0.0029244478791952133 0.1549596190452575
v 0.03231162950396536 0.005685530137270689 0.15280288457870478
v 0.03231162950396536 0.005685530137270689 0.15280288457870478
v 0.032358597964048365 0.0029244478791952133 0.1549596190452575
v 0.02626263350248335 0.0027755419723689556 0.1519643366336822
v 0.03231162950396536 0.005685530137270689 0.15280288457870478
v 0.02626263350248335 0.0027755419723689556 0.1519643366336822
v 0.026253353804349882 0.004204730037599802 0.1508082598447799
v 0.026253353804349882 0.004204730037599802 0.1508082598447799
v 0.02626263350248335 0.0027755419723689556 0.1519643366336822
v 0.01990662701427935 0.002672637579962611 0.14958767592906946
v 0.026253353804349882 0.004204730037599802 0.1508082598447799
v 0.01990662701427935 0.002672637579962611 0.14958767592906946
v 0.01989304274320601 0.004024264868348837 0.1482712179422378
v 0.01989304274320601 0.004024264868348837 0.1482712179422378
v 0.01990662701427935 0.002672637579962611 0.14958767592906946
v 0.0133618963882327 0.0026200120337307453 0.1478519886732101
v 0.01989304274320601 0.004024264868348837 0.1482712179422378
v 0.0133618963882327 0.0026200120337307453 0.1478519886732101
v 0.01334606483578681 0.003925965167582035 0.14636057615280146
v 0.01334606483578681 0.003925965167582035 0.14636057615280146
v 0.0133618963882327 0.0026200120337307453 0.1478519886732101
v -3.875262131049042e-15 0.002608004491776228 0.14629377424716944
v 0.01334606483578681 0.003925965167582035 0.14636057615280146
v -3.875262131049042e-15 0.002608004491776228 0.14629377424716944
v -3.874766193258424e-15 0.002608013339340687 0.14629377424716944
v -3.874670055018911e-15 0.003931780345737934 0.1444456279277801
v -3.875454831044542e-15 0.0044710333459079266 0.14219665527343744
v 0.013315662741661063 0.00473144231364131 0.1446451991796493
v 0.013315662741661063 0.00473144231364131 0.1446451991796493
v -3.875454831044542e-15 0.0044710333459079266 0.14219665527343744
v 0.013209748081862918 0.005277014337480068 0.1410109549760818
v 0.013315662741661063 0.00473144231364131 0.1446451991796493
v 0.013209748081862918 0.005277014337480068 0.1410109549760818
v 0.01985787414014338 0.00494693499058485 0.1467683315277099
v 0.01985787414014338 0.00494693499058485 0.1467683315277099
v 0.013209748081862918 0.005277014337480068 0.1410109549760818
v 0.019721139222383485 0.00588873540982604 0.14353877305984492
v 0.01985787414014338 0.00494693499058485 0.1467683315277099
v 0.019721139222383485 0.00588873540982604 0.14353877305984492
v 0.02621584199368952 0.005268344189971685 0.14949417114257807
v 0.02621584199368952 0.005268344189971685 0.14949417114257807
v 0.019721139222383485 0.00588873540982604 0.14353877305984492
v 0.026054471731185896 0.006632373668253422 0.1466176956892013
v 0.02621584199368952 0.005268344189971685 0.14949417114257807
v 0.026054471731185896 0.006632373668253422 0.1466176956892013
v 0.03231162950396536 0.005685530137270689 0.15280288457870478
v 0.03231162950396536 0.005685530137270689 0.15280288457870478
v 0.026054471731185896 0.006632373668253422 0.1466176956892013
v 0.03212566673755644 0.007494492921978235 0.15023195743560785
v 0.03231162950396536 0.005685530137270689 0.15280288457870478
v 0.03212566673755644 0.007494492921978235 0.15023195743560785
v 0.03807478398084638 0.006188857834786177 0.15666133165359492
v 0.037496458739042254 0.010105294175446033 0.1516848057508468
v 0.042769700288772555 0.011709043756127357 0.15641438961029047
v 0.043187793344259234 0.00952173676341772 0.158937320113182
v 0.043187793344259234 0.00952173676341772 0.158937320113182
v 0.042769700288772555 0.011709043756127357 0.15641438961029047
v 0.04805464670062062 0.010660365223884583 0.1639456450939178
v 0.043187793344259234 0.00952173676341772 0.158937320113182
v 0.04805464670062062 0.010660365223884583 0.1639456450939178
v 0.04835226386785504 0.007415675092488527 0.1658641397953033
v 0.04835226386785504 0.007415675092488527 0.1658641397953033
v 0.04805464670062062 0.010660365223884583 0.1639456450939178
v 0.056227449327707256 0.013118819333612919 0.17502950131893152
v 0.04835226386785504 0.007415675092488527 0.1658641397953033
v 0.056227449327707256 0.013118819333612919 0.17502950131893152
v 0.05663882941007611 0.008870409801602364 0.17671692371368403
v 0.05663882941007611 0.008870409801602364 0.17671692371368403
v 0.056227449327707256 0.013118819333612919 0.17502950131893152
v 0.062130965292453724 0.01572088710963726 0.18719287216663355
v 0.05663882941007611 0.008870409801602364 0.17671692371368403
v 0.062130965292453724 0.01572088710963726 0.18719287216663355
v 0.06266389042139049 0.010468460619449615 0.18878802657127375
v 0.06266389042139049 0.010468460619449615 0.18878802657127375
v 0.062130965292453724 0.01572088710963726 0.18719287216663355
v 0.0656483024358749 0.01834479346871376 0.20004397630691523
v 0.06266389042139049 0.010468460619449615 0.18878802657127375
v 0.0656483024358749 0.01834479346871376 0.20004397630691523
v 0.06627469509840007 0.012119641527533531 0.20164437592029566
v 0.06627469509840007 0.012119641527533531 0.20164437592029566
v 0.0656483024358749 0.01834479346871376 0.20004397630691523
v 0.06699526309967037 0.018187638372182846 0.21322938799858085
v 0.06627469509840007 0.012119641527533531 0.20164437592029566
v 0.06699526309967037 0.018187638372182846 0.21322938799858085
v 0.067397728562355 0.013752052560448647 0.21422104537487022
v 0.02501526288688181 0.006523957010358572 0.137090653181076
v 0.030888078734278658 0.009000886231660843 0.1410887092351913
v 0.025434264913201315 0.007148435804992914 0.14036819338798517
v 0.025434264913201315 0.007148435804992914 0.14036819338798517
v 0.030888078734278658 0.009000886231660843 0.1410887092351913
v 0.03139069676399229 0.009089754894375801 0.1443296074867248
v 0.025434264913201315 0.007148435804992914 0.14036819338798517
v 0.03139069676399229 0.009089754894375801 0.1443296074867248
v 0.02578804083168505 0.0072099557146430016 0.1435504555702209
v 0.02578804083168505 0.0072099557146430016 0.1435504555702209
v 0.03139069676399229 0.009089754894375801 0.1443296074867248
v 0.031811874359846094 0.008600341156125069 0.14738532900810236
v 0.02578804083168505 0.0072099557146430016 0.1435504555702209
v 0.031811874359846094 0.008600341156125069 0.14738532900810236
v 0.03212566673755644 0.007494492921978235 0.15023195743560785
v 0.03212566673755644 0.007494492921978235 0.15023195743560785
v 0.031811874359846094 0.008600341156125069 0.14738532900810236
v 0.03785976767539975 0.008461983874440193 0.1543507725000381
v 0.03212566673755644 0.007494492921978235 0.15023195743560785
v 0.03785976767539975 0.008461983874440193 0.1543507725000381
v 0.03807478398084638 0.006188857834786177 0.15666133165359492
v 0.03807478398084638 0.006188857834786177 0.15666133165359492
v 0.03785976767539975 0.008461983874440193 0.1543507725000381
v 0.04343974217772481 0.006768784951418638 0.16103085875511164
v 0.03807478398084638 0.006188857834786177 0.15666133165359492
v 0.04343974217772481 0.006768784951418638 0.16103085875511164
v 0.03812893480062482 0.003115528728812933 0.15853996574878687
v 0.03812893480062482 0.003115528728812933 0.15853996574878687
v 0.04343974217772481 0.006768784951418638 0.16103085875511164
v 0.0484538450837135 0.0036093436647206545 0.16729415953159327
v 0.03812893480062482 0.003115528728812933 0.15853996574878687
v 0.0484538450837135 0.0036093436647206545 0.16729415953159327
v 0.03809910267591474 0.001022254815325141 0.15912163257598871
v 0.03809910267591474 0.001022254815325141 0.15912163257598871
v 0.0484538450837135 0.0036093436647206545 0.16729415953159327
v 0.048433598130941356 0.001286089769564569 0.16772723197937006
v 0.03809910267591474 0.001022254815325141 0.15912163257598871
v 0.048433598130941356 0.001286089769564569 0.16772723197937006
v 0.041256438940763446 0.0005000000237487257 0.1614378541707992
v 0.041256438940763446 0.0005000000237487257 0.1614378541707992
v 0.048433598130941356 0.001286089769564569 0.16772723197937006
v 0.046884857118129696 0.0005000000237487257 0.16624377667903895
v 0.030888078734278658 0.009000886231660843 0.1410887092351913
v 0.036421991884708384 0.011612894013524055 0.14548279345035547
v 0.03139069676399229 0.009089754894375801 0.1443296074867248
v 0.03139069676399229 0.009089754894375801 0.1443296074867248
v 0.036421991884708384 0.011612894013524055 0.14548279345035547
v 0.037007473409175845 0.011154312640428543 0.14872018992900843
v 0.03139069676399229 0.009089754894375801 0.1443296074867248
v 0.037007473409175845 0.011154312640428543 0.14872018992900843
v 0.031811874359846094 0.008600341156125069 0.14738532900810236
v 0.031811874359846094 0.008600341156125069 0.14738532900810236
v 0.037007473409175845 0.011154312640428543 0.14872018992900843
v 0.037496458739042254 0.010105294175446033 0.1516848057508468
v 0.031811874359846094 0.008600341156125069 0.14738532900810236
v 0.037496458739042254 0.010105294175446033 0.1516848057508468
v 0.03785976767539975 0.008461983874440193 0.1543507725000381
v 0.03785976767539975 0.008461983874440193 0.1543507725000381
v 0.037496458739042254 0.010105294175446033 0.1516848057508468
v 0.043187793344259234 0.00952173676341772 0.158937320113182
v 0.03785976767539975 0.008461983874440193 0.1543507725000381
v 0.043187793344259234 0.00952173676341772 0.158937320113182
v 0.04343974217772481 0.006768784951418638 0.16103085875511164
v 0.04343974217772481 0.006768784951418638 0.16103085875511164
v 0.043187793344259234 0.00952173676341772 0.158937320113182
v 0.04835226386785504 0.007415675092488527 0.1658641397953033
v 0.04343974217772481 0.006768784951418638 0.16103085875511164
v 0.04835226386785504 0.007415675092488527 0.1658641397953033
v 0.0484538450837135 0.0036093436647206545 0.16729415953159327
v 0.0484538450837135 0.0036093436647206545 0.16729415953159327
v 0.04835226386785504 0.007415675092488527 0.1658641397953033
v 0.05663882941007611 0.008870409801602364 0.17671692371368403
v 0.0484538450837135 0.0036093436647206545 0.16729415953159327
v 0.05663882941007611 0.008870409801602364 0.17671692371368403
v 0.05683050677180287 0.004226443823426962 0.17784582078456873
v 0.05683050677180287 0.004226443823426962 0.17784582078456873
v 0.05663882941007611 0.008870409801602364 0.17671692371368403
v 0.06266389042139049 0.010468460619449615 0.18878802657127375
v 0.05683050677180287 0.004226443823426962 0.17784582078456873
v 0.06266389042139049 0.010468460619449615 0.18878802657127375
v 0.06296340376138683 0.004932299256324768 0.1897571682929992
v 0.06296340376138683 0.004932299256324768 0.1897571682929992
v 0.06266389042139049 0.010468460619449615 0.18878802657127375
v 0.06627469509840007 0.012119641527533531 0.20164437592029566
v 0.06296340376138683 0.004932299256324768 0.1897571682929992
v 0.06627469509840007 0.012119641527533531 0.20164437592029566
v 0.06666149199008937 0.005688101053237915 0.20256698131561274
v 0.06666149199008937 0.005688101053237915 0.20256698131561274
v 0.06627469509840007 0.012119641527533531 0.20164437592029566
v 0.06751854717731472 0.011610055342316628 0.21448908746242515
v 0.06666149199008937 0.005688101053237915 0.20256698131561274
v 0.06751854717731472 0.011610055342316628 0.21448908746242515
v 0.06781174242496486 0.006412082817405462 0.215139552950859
v 0.02329943515360354 -0.0010137390345335007 0.12324576824903484
v 0.028801223263144472 0.0030316119082272053 0.12673509120941157
v 0.029779041185975054 0.007106306031346321 0.13411076366901392
v 0.029779041185975054 0.007106306031346321 0.13411076366901392
v 0.028801223263144472 0.0030316119082272053 0.12673509120941157
v 0.03396748378872869 0.007300363853573799 0.13049533963203425
v 0.029779041185975054 0.007106306031346321 0.13411076366901392
v 0.03396748378872869 0.007300363853573799 0.13049533963203425
v 0.03450469300150869 0.009272702969610691 0.1344261467456817
v 0.03450469300150869 0.009272702969610691 0.1344261467456817
v 0.03396748378872869 0.007300363853573799 0.13049533963203425
v 0.03933747857809064 0.013395804911851883 0.1386937648057937
v 0.03450469300150869 0.009272702969610691 0.1344261467456817
v 0.03933747857809064 0.013395804911851883 0.1386937648057937
v 0.040049564093351336 0.014396684244275093 0.14277121424674982
v 0.040049564093351336 0.014396684244275093 0.14277121424674982
v 0.03933747857809064 0.013395804911851883 0.1386937648057937
v 0.044502999633550616 0.018233051523566246 0.14754156768321985
v 0.040049564093351336 0.014396684244275093 0.14277121424674982
v 0.044502999633550616 0.018233051523566246 0.14754156768321985
v 0.045353088527917834 0.018061501905322075 0.15161280333995814
v 0.045353088527917834 0.018061501905322075 0.15161280333995814
v 0.044502999633550616 0.018233051523566246 0.14754156768321985
v 0.05183392018079754 0.026144523173570633 0.15780735015869135
v 0.045353088527917834 0.018061501905322075 0.15161280333995814
v 0.05183392018079754 0.026144523173570633 0.15780735015869135
v 0.05287343636155125 0.02496785670518875 0.16231386363506312
v 0.05287343636155125 0.02496785670518875 0.16231386363506312
v 0.05183392018079754 0.026144523173570633 0.15780735015869135
v 0.05697323381900784 0.034179676324129105 0.16884267330169672
v 0.05287343636155125 0.02496785670518875 0.16231386363506312
v 0.05697323381900784 0.034179676324129105 0.16884267330169672
v 0.05817679688334461 0.03196847438812256 0.17381455004215235
v 0.05817679688334461 0.03196847438812256 0.17381455004215235
v 0.05697323381900784 0.034179676324129105 0.16884267330169672
v 0.05995741859078403 0.04211924597620964 0.1804817765951156
v 0.05817679688334461 0.03196847438812256 0.17381455004215235
v 0.05995741859078403 0.04211924597620964 0.1804817765951156
v 0.06127157434821125 0.03885972872376442 0.18590150773525232
v 0.06127157434821125 0.03885972872376442 0.18590150773525232
v 0.05995741859078403 0.04211924597620964 0.1804817765951156
v 0.061314664781093556 0.04815632477402687 0.1940003186464309
v 0.06127157434821125 0.03885972872376442 0.18590150773525232
v 0.061314664781093556 0.04815632477402687 0.1940003186464309
v 0.06191403418779369 0.046188436448574066 0.19650965929031367
v 0.012984067201614371 -0.06527900695800781 0.050040356814861284
v 0.01938611268997191 -0.06324683874845505 0.05029555037617682
v 0.012842009775340548 -0.06294111907482147 0.0595859996974468
v 0.012842009775340548 -0.06294111907482147 0.0595859996974468
v 0.01938611268997191 -0.06324683874845505 0.05029555037617682
v 0.019170561805367456 -0.06063436344265938 0.06004704535007475
v 0.012842009775340548 -0.06294111907482147 0.0595859996974468
v 0.019170561805367456 -0.06063436344265938 0.06004704535007475
v 0.012702249921858302 -0.05870341882109642 0.0690481215715408
v 0.0064918897114694075 -0.06651193648576736 0.04985777661204337
v 0.012984067201614371 -0.06527900695800781 0.050040356814861284
v 0.006419336423277851 -0.06438161432743073 0.05917806550860403
v 0.006419336423277851 -0.06438161432743073 0.05917806550860403
v 0.012984067201614371 -0.06527900695800781 0.050040356814861284
v 0.012842009775340548 -0.06294111907482147 0.0595859996974468
v 0.006419336423277851 -0.06438161432743073 0.05917806550860403
v 0.012842009775340548 -0.06294111907482147 0.0595859996974468
v 0.006350070238113399 -0.06049784645438194 0.06823655962944028
v 0.006350070238113399 -0.06049784645438194 0.06823655962944028
v 0.012842009775340548 -0.06294111907482147 0.0595859996974468
v 0.012702249921858302 -0.05870341882109642 0.0690481215715408
v 0.006350070238113399 -0.06049784645438194 0.06823655962944028
v 0.012702249921858302 -0.05870341882109642 0.0690481215715408
v 0.0062082130461931185 -0.05486926808953285 0.07650953531265256
v -3.8791936344737225e-15 -0.0546591691672802 0.07727457582950589
v -3.8793050193062864e-15 -0.05619486793875694 0.07507421821355817
v 0.0062082130461931185 -0.05486926808953285 0.07650953531265256
v 0.0062082130461931185 -0.05486926808953285 0.07650953531265256
v -3.8793050193062864e-15 -0.05619486793875694 0.07507421821355817
v -3.879644679518135e-15 -0.06087921932339668 0.0683624595403671
v 0.0062082130461931185 -0.05486926808953285 0.07650953531265256
v -3.879644679518135e-15 -0.06087921932339668 0.0683624595403671
v 0.006350070238113399 -0.06049784645438194 0.06823655962944028
v 0.006350070238113399 -0.06049784645438194 0.06823655962944028
v -3.879644679518135e-15 -0.06087921932339668 0.0683624595403671
v -3.8796899957808135e-15 -0.06130727380514145 0.06735602021217343
v 0.006350070238113399 -0.06049784645438194 0.06823655962944028
v -3.8796899957808135e-15 -0.06130727380514145 0.06735602021217343
v 0.006419336423277851 -0.06438161432743073 0.05917806550860403
v 0.006419336423277851 -0.06438161432743073 0.05917806550860403
v -3.8796899957808135e-15 -0.06130727380514145 0.06735602021217343
v -3.88007370170592e-15 -0.06492339074611664 0.05885379388928411
v 0.006419336423277851 -0.06438161432743073 0.05917806550860403
v -3.88007370170592e-15 -0.06492339074611664 0.05885379388928411
v 0.0064918897114694075 -0.06651193648576736 0.04985777661204337
v 0.0064918897114694075 -0.06651193648576736 0.04985777661204337
v -3.88007370170592e-15 -0.06492339074611664 0.05885379388928411
v -3.880460372246341e-15 -0.06683268398046494 0.0497276335954666
v 0.0064918897114694075 -0.06651193648576736 0.04985777661204337
v -3.880460372246341e-15 -0.06683268398046494 0.0497276335954666
v -3.880520088069123e-15 -0.06712698191404343 0.04832094907760619
v -3.878535066357232e-15 -0.043315716087818146 0.08837789297103879
v -3.87861299338838e-15 -0.044775448739528656 0.08719750493764875
v 0.012066875584423533 -0.04532574862241745 0.08535853773355481
v 0.011717596091330044 -0.037655171006917953 0.09213697910308835
v 0.018054481595754613 -0.041852716356515884 0.08686493337154386
v 0.011465114541351788 -0.02993061952292919 0.09845141321420667
v 0.011465114541351788 -0.02993061952292919 0.09845141321420667
v 0.018054481595754613 -0.041852716356515884 0.08686493337154386
v 0.01722276769578456 -0.026040147989988327 0.10053432732820508
v 0.011465114541351788 -0.02993061952292919 0.09845141321420667
v 0.01722276769578456 -0.026040147989988327 0.10053432732820508
v 0.011422957293689244 -0.01507325004786253 0.11075325310230251
v -3.878920042831759e-15 -0.050004083663225174 0.08194813132286069
v -3.8791936344737225e-15 -0.0546591691672802 0.07727457582950589
v 0.0060110003687441306 -0.048108261078596115 0.08379402011632917
v 0.0060110003687441306 -0.048108261078596115 0.08379402011632917
v -3.8791936344737225e-15 -0.0546591691672802 0.07727457582950589
v 0.0062082130461931185 -0.05486926808953285 0.07650953531265256
v 0.0060110003687441306 -0.048108261078596115 0.08379402011632917
v 0.0062082130461931185 -0.05486926808953285 0.07650953531265256
v 0.012433050200343123 -0.05257543548941612 0.07774620503187177
v 0.012433050200343123 -0.05257543548941612 0.07774620503187177
v 0.0062082130461931185 -0.05486926808953285 0.07650953531265256
v 0.012702249921858302 -0.05870341882109642 0.0690481215715408
v 0.012433050200343123 -0.05257543548941612 0.07774620503187177
v 0.012702249921858302 -0.05870341882109642 0.0690481215715408
v 0.01895385608077048 -0.05604254826903343 0.0698522329330444
v 0.01895385608077048 -0.05604254826903343 0.0698522329330444
v 0.012702249921858302 -0.05870341882109642 0.0690481215715408
v 0.019170561805367456 -0.06063436344265938 0.06004704535007475
v 0.01895385608077048 -0.05604254826903343 0.0698522329330444
v 0.019170561805367456 -0.06063436344265938 0.06004704535007475
v 0.025307390838861448 -0.05750422552227974 0.060565870255231836
v 0.025307390838861448 -0.05750422552227974 0.060565870255231836
v 0.019170561805367456 -0.06063436344265938 0.06004704535007475
v 0.025607945397496206 -0.060448624193668365 0.05062171816825865
v 0.025307390838861448 -0.05750422552227974 0.060565870255231836
v 0.025607945397496206 -0.060448624193668365 0.05062171816825865
v 0.03156236559152601 -0.056926626712083817 0.05101696029305457
v 0.03156236559152601 -0.056926626712083817 0.05101696029305457
v 0.031158380210399607 -0.053603798151016235 0.061146073043346384
v 0.025307390838861448 -0.05750422552227974 0.060565870255231836
v 0.025307390838861448 -0.05750422552227974 0.060565870255231836
v 0.031158380210399607 -0.053603798151016235 0.061146073043346384
v 0.025001661852002127 -0.05256158486008644 0.07066425681114194
v 0.025307390838861448 -0.05750422552227974 0.060565870255231836
v 0.025001661852002127 -0.05256158486008644 0.07066425681114194
v 0.01895385608077048 -0.05604254826903343 0.0698522329330444
v 0.01895385608077048 -0.05604254826903343 0.0698522329330444
v 0.025001661852002127 -0.05256158486008644 0.07066425681114194
v 0.018566560000181184 -0.049488700926303864 0.07892656326293943
v 0.01895385608077048 -0.05604254826903343 0.0698522329330444
v 0.018566560000181184 -0.049488700926303864 0.07892656326293943
v 0.012433050200343123 -0.05257543548941612 0.07774620503187177
v 0.012433050200343123 -0.05257543548941612 0.07774620503187177
v 0.018566560000181184 -0.049488700926303864 0.07892656326293943
v 0.012066875584423533 -0.04532574862241745 0.08535853773355481
v 0.012433050200343123 -0.05257543548941612 0.07774620503187177
v 0.012066875584423533 -0.04532574862241745 0.08535853773355481
v 0.0060110003687441306 -0.048108261078596115 0.08379402011632917
v 0.0060110003687441306 -0.048108261078596115 0.08379402011632917
v 0.012066875584423533 -0.04532574862241745 0.08535853773355481
v -3.87861299338838e-15 -0.044775448739528656 0.08719750493764875
v 0.0060110003687441306 -0.048108261078596115 0.08379402011632917
v -3.87861299338838e-15 -0.044775448739528656 0.08719750493764875
v -3.878920042831759e-15 -0.050004083663225174 0.08194813132286069
v 0.04309472814202306 -0.05083407089114189 0.04178481176495551
v 0.03717259690165517 -0.05273929610848427 0.05147938430309294
v 0.03776999190449712 -0.055164724588394165 0.041475374251604066
v 0.03776999190449712 -0.055164724588394165 0.041475374251604066
v 0.03717259690165517 -0.05273929610848427 0.05147938430309294
v 0.03156236559152601 -0.056926626712083817 0.05101696029305457
v 0.03776999190449712 -0.055164724588394165 0.041475374251604066
v 0.03156236559152601 -0.056926626712083817 0.05101696029305457
v 0.03205150365829466 -0.05892607942223549 0.041204355657100664
v 0.03205150365829466 -0.05892607942223549 0.041204355657100664
v 0.03156236559152601 -0.056926626712083817 0.05101696029305457
v 0.025607945397496206 -0.060448624193668365 0.05062171816825865
v 0.03205150365829466 -0.05892607942223549 0.041204355657100664
v 0.025607945397496206 -0.060448624193668365 0.05062171816825865
v 0.02600413188338278 -0.06207001581788063 0.040973629802465425
v 0.02600413188338278 -0.06207001581788063 0.040973629802465425
v 0.025607945397496206 -0.060448624193668365 0.05062171816825865
v 0.01938611268997191 -0.06324683874845505 0.05029555037617682
v 0.02600413188338278 -0.06207001581788063 0.040973629802465425
v 0.01938611268997191 -0.06324683874845505 0.05029555037617682
v 0.0196974854916334 -0.06455381959676743 0.04078515246510504
v 0.0196974854916334 -0.06455381959676743 0.04078515246510504
v 0.01938611268997191 -0.06324683874845505 0.05029555037617682
v 0.012984067201614371 -0.06527900695800781 0.050040356814861284
v 0.0196974854916334 -0.06455381959676743 0.04078515246510504
v 0.012984067201614371 -0.06527900695800781 0.050040356814861284
v 0.013208416290581218 -0.06634782999753952 0.04064140468835829
v 0.013208416290581218 -0.06634782999753952 0.04064140468835829
v 0.012984067201614371 -0.06527900695800781 0.050040356814861284
v 0.0064918897114694075 -0.06651193648576736 0.04985777661204337
v 0.013208416290581218 -0.06634782999753952 0.04064140468835829
v 0.0064918897114694075 -0.06651193648576736 0.04985777661204337
v 0.006615943275392051 -0.06742952018976212 0.040545001626014696
v 0.006615943275392051 -0.06742952018976212 0.040545001626014696
v 0.0064918897114694075 -0.06651193648576736 0.04985777661204337
v -3.880520088069123e-15 -0.06712698191404343 0.04832094907760619
v 0.006615943275392051 -0.06742952018976212 0.040545001626014696
v -3.880520088069123e-15 -0.06712698191404343 0.04832094907760619
v -3.878057339774981e-15 -0.06757081300020218 0.04048607125878333
v 0.04309472814202306 -0.05083407089114189 0.04178481176495551
v 0.04236872121691701 -0.047951485961675644 0.05200695618987082
v 0.03717259690165517 -0.05273929610848427 0.05147938430309294
v 0.03717259690165517 -0.05273929610848427 0.05147938430309294
v 0.04236872121691701 -0.047951485961675644 0.05200695618987082
v 0.036642521619796725 -0.0490042045712471 0.061789989471435526
v 0.03717259690165517 -0.05273929610848427 0.05147938430309294
v 0.036642521619796725 -0.0490042045712471 0.061789989471435526
v 0.031158380210399607 -0.053603798151016235 0.061146073043346384
v 0.031158380210399607 -0.053603798151016235 0.061146073043346384
v 0.036642521619796725 -0.0490042045712471 0.061789989471435526
v 0.030746420845389345 -0.0483175590634346 0.07149741053581235
v 0.031158380210399607 -0.053603798151016235 0.061146073043346384
v 0.030746420845389345 -0.0483175590634346 0.07149741053581235
v 0.025001661852002127 -0.05256158486008644 0.07066425681114194
v 0.025001661852002127 -0.05256158486008644 0.07066425681114194
v 0.030746420845389345 -0.0483175590634346 0.07149741053581235
v 0.024499934166669828 -0.04565171152353287 0.0800756290555
v 0.025001661852002127 -0.05256158486008644 0.07066425681114194
v 0.024499934166669828 -0.04565171152353287 0.0800756290555
v 0.018566560000181184 -0.049488700926303864 0.07892656326293943
v 0.018566560000181184 -0.049488700926303864 0.07892656326293943
v 0.024499934166669828 -0.04565171152353287 0.0800756290555
v 0.018054481595754613 -0.041852716356515884 0.08686493337154386
v 0.018566560000181184 -0.049488700926303864 0.07892656326293943
v 0.018054481595754613 -0.041852716356515884 0.08686493337154386
v 0.012066875584423533 -0.04532574862241745 0.08535853773355481
v 0.012066875584423533 -0.04532574862241745 0.08535853773355481
v 0.018054481595754613 -0.041852716356515884 0.08686493337154386
v 0.011717596091330044 -0.037655171006917953 0.09213697910308835
v 0.012066875584423533 -0.04532574862241745 0.08535853773355481
v 0.011717596091330044 -0.037655171006917953 0.09213697910308835
v -3.878535066357232e-15 -0.043315716087818146 0.08837789297103879
v -3.878535066357232e-15 -0.043315716087818146 0.08837789297103879
v 0.011717596091330044 -0.037655171006917953 0.09213697910308835
v -3.878150089882705e-15 -0.0360899418592453 0.09422087669372556
v 0.04168745875358579 -0.04378350451588631 0.06249931454658506
v 0.04100119322538373 -0.037850361317396164 0.07326595485210416
v 0.03610419854521749 -0.04338620975613594 0.07236173003911969
v 0.03610419854521749 -0.04338620975613594 0.07236173003911969
v 0.04100119322538373 -0.037850361317396164 0.07326595485210416
v 0.03536553680896757 -0.03595825284719467 0.08236043900251386
v 0.03610419854521749 -0.04338620975613594 0.07236173003911969
v 0.03536553680896757 -0.03595825284719467 0.08236043900251386
v 0.030128730461001375 -0.04111768305301666 0.08121490478515622
v 0.030128730461001375 -0.04111768305301666 0.08121490478515622
v 0.03536553680896757 -0.03595825284719467 0.08236043900251386
v 0.0293726362287998 -0.032989341765642166 0.0898182615637779
v 0.030128730461001375 -0.04111768305301666 0.08121490478515622
v 0.0293726362287998 -0.032989341765642166 0.0898182615637779
v 0.02385959401726721 -0.03772521764039993 0.08834315836429593
v 0.02385959401726721 -0.03772521764039993 0.08834315836429593
v 0.0293726362287998 -0.032989341765642166 0.0898182615637779
v 0.028191188350319845 -0.016849560663104057 0.1049183756113052
v 0.02385959401726721 -0.03772521764039993 0.08834315836429593
v 0.028191188350319845 -0.016849560663104057 0.1049183756113052
v 0.022836716845631586 -0.02166890539228916 0.10268246382474897
v 0.022836716845631586 -0.02166890539228916 0.10268246382474897
v 0.028191188350319845 -0.016849560663104057 0.1049183756113052
v 0.022664634510874734 -0.01412278227508068 0.1094681546092033
v 0.040134217590093585 -0.030251948162913322 0.08352611958980558
v 0.03916933387517926 -0.02195240929722786 0.09282408654689786
v 0.034502286463975886 -0.02770846337080002 0.09130725264549253
v 0.034502286463975886 -0.02770846337080002 0.09130725264549253
v 0.03916933387517926 -0.02195240929722786 0.09282408654689786
v 0.03774844110012052 -0.0060555036179721355 0.10968616604804989
v 0.034502286463975886 -0.02770846337080002 0.09130725264549253
v 0.03774844110012052 -0.0060555036179721355 0.10968616604804989
v 0.03318967297673223 -0.011628106236457825 0.10725145041942592
v 0.03318967297673223 -0.011628106236457825 0.10725145041942592
v 0.03774844110012052 -0.0060555036179721355 0.10968616604804989
v 0.03299853578209875 -0.004391341935843229 0.11492583900690075
v 0.02280633151531218 -0.007137324195355177 0.11628753691911693
v 0.022664634510874734 -0.01412278227508068 0.1094681546092033
v 0.03299853578209875 -0.004391341935843229 0.11492583900690075
v 0.03299853578209875 -0.004391341935843229 0.11492583900690075
v 0.022664634510874734 -0.01412278227508068 0.1094681546092033
v 0.028191188350319845 -0.016849560663104057 0.1049183756113052
v 0.03299853578209875 -0.004391341935843229 0.11492583900690075
v 0.028191188350319845 -0.016849560663104057 0.1049183756113052
v 0.03318967297673223 -0.011628106236457825 0.10725145041942592
v 0.03318967297673223 -0.011628106236457825 0.10725145041942592
v 0.028191188350319845 -0.016849560663104057 0.1049183756113052
v 0.0293726362287998 -0.032989341765642166 0.0898182615637779
v 0.03318967297673223 -0.011628106236457825 0.10725145041942592
v 0.0293726362287998 -0.032989341765642166 0.0898182615637779
v 0.034502286463975886 -0.02770846337080002 0.09130725264549253
v 0.034502286463975886 -0.02770846337080002 0.09130725264549253
v 0.0293726362287998 -0.032989341765642166 0.0898182615637779
v 0.03536553680896757 -0.03595825284719467 0.08236043900251386
v 0.034502286463975886 -0.02770846337080002 0.09130725264549253
v 0.03536553680896757 -0.03595825284719467 0.08236043900251386
v 0.040134217590093585 -0.030251948162913322 0.08352611958980558
v 0.040134217590093585 -0.030251948162913322 0.08352611958980558
v 0.03536553680896757 -0.03595825284719467 0.08236043900251386
v 0.04100119322538373 -0.037850361317396164 0.07326595485210416
v 0.04236872121691701 -0.047951485961675644 0.05200695618987082
v 0.04168745875358579 -0.04378350451588631 0.06249931454658506
v 0.036642521619796725 -0.0490042045712471 0.061789989471435526
v 0.036642521619796725 -0.0490042045712471 0.061789989471435526
v 0.04168745875358579 -0.04378350451588631 0.06249931454658506
v 0.03610419854521749 -0.04338620975613594 0.07236173003911969
v 0.036642521619796725 -0.0490042045712471 0.061789989471435526
v 0.03610419854521749 -0.04338620975613594 0.07236173003911969
v 0.030746420845389345 -0.0483175590634346 0.07149741053581235
v 0.030746420845389345 -0.0483175590634346 0.07149741053581235
v 0.03610419854521749 -0.04338620975613594 0.07236173003911969
v 0.030128730461001375 -0.04111768305301666 0.08121490478515622
v 0.030746420845389345 -0.0483175590634346 0.07149741053581235
v 0.030128730461001375 -0.04111768305301666 0.08121490478515622
v 0.024499934166669828 -0.04565171152353287 0.0800756290555
v 0.024499934166669828 -0.04565171152353287 0.0800756290555
v 0.030128730461001375 -0.04111768305301666 0.08121490478515622
v 0.02385959401726721 -0.03772521764039993 0.08834315836429593
v 0.024499934166669828 -0.04565171152353287 0.0800756290555
v 0.02385959401726721 -0.03772521764039993 0.08834315836429593
v 0.018054481595754613 -0.041852716356515884 0.08686493337154386
v 0.018054481595754613 -0.041852716356515884 0.08686493337154386
v 0.02385959401726721 -0.03772521764039993 0.08834315836429593
v 0.022836716845631586 -0.02166890539228916 0.10268246382474897
v 0.018054481595754613 -0.041852716356515884 0.08686493337154386
v 0.022836716845631586 -0.02166890539228916 0.10268246382474897
v 0.01722276769578456 -0.026040147989988327 0.10053432732820508
v 0.01722276769578456 -0.026040147989988327 0.10053432732820508
v 0.022836716845631586 -0.02166890539228916 0.10268246382474897
v 0.022664634510874734 -0.01412278227508068 0.1094681546092033
v 0.01722276769578456 -0.026040147989988327 0.10053432732820508
v 0.022664634510874734 -0.01412278227508068 0.1094681546092033
v 0.011422957293689244 -0.01507325004786253 0.11075325310230251
v 0.011422957293689244 -0.01507325004786253 0.11075325310230251
v 0.022664634510874734 -0.01412278227508068 0.1094681546092033
v 0.02280633151531218 -0.007137324195355177 0.11628753691911693
v 0.011422957293689244 -0.01507325004786253 0.11075325310230251
v 0.02280633151531218 -0.007137324195355177 0.11628753691911693
v 0.011681412346661084 -0.008329450152814388 0.11708015948534008
v 0.011681412346661084 -0.008329450152814388 0.11708015948534008
v 0.02280633151531218 -0.007137324195355177 0.11628753691911693
v 0.02329943515360354 -0.0010137390345335007 0.12324576824903484
v 0.011681412346661084 -0.008329450152814388 0.11708015948534008
v 0.02329943515360354 -0.0010137390345335007 0.12324576824903484
v 0.018173517659306516 0.0005023634294047952 0.12677261233329767
v 0.018173517659306516 0.0005023634294047952 0.12677261233329767
v 0.02329943515360354 -0.0010137390345335007 0.12324576824903484
v 0.02409908547997473 0.003706129500642419 0.13026931881904596
v 0.018173517659306516 0.0005023634294047952 0.12677261233329767
v 0.02409908547997473 0.003706129500642419 0.13026931881904596
v 0.018889462575316415 0.004202410113066435 0.13350975513458246
v 0.018889462575316415 0.004202410113066435 0.13350975513458246
v 0.02409908547997473 0.003706129500642419 0.13026931881904596
v 0.024559119716286642 0.005370489787310362 0.13372075557708735
v 0.018889462575316415 0.004202410113066435 0.13350975513458246
v 0.024559119716286642 0.005370489787310362 0.13372075557708735
v 0.02501526288688181 0.006523957010358572 0.137090653181076
v 0.02501526288688181 0.006523957010358572 0.137090653181076
v 0.024559119716286642 0.005370489787310362 0.13372075557708735
v 0.030337467789649943 0.008340227417647839 0.13767428696155543
v 0.02501526288688181 0.006523957010358572 0.137090653181076
v 0.030337467789649943 0.008340227417647839 0.13767428696155543
v 0.030888078734278658 0.009000886231660843 0.1410887092351913
v 0.030888078734278658 0.009000886231660843 0.1410887092351913
v 0.030337467789649943 0.008340227417647839 0.13767428696155543
v 0.03577822446823118 0.011461271904408932 0.14199171960353846
v 0.030888078734278658 0.009000886231660843 0.1410887092351913
v 0.03577822446823118 0.011461271904408932 0.14199171960353846
v 0.036421991884708384 0.011612894013524055 0.14548279345035547
v 0.036421991884708384 0.011612894013524055 0.14548279345035547
v 0.03577822446823118 0.011461271904408932 0.14199171960353846
v 0.04153985530138013 0.014339007437229156 0.15024478733539576
v 0.036421991884708384 0.011612894013524055 0.14548279345035547
v 0.04153985530138013 0.014339007437229156 0.15024478733539576
v 0.037007473409175845 0.011154312640428543 0.14872018992900843
v 0.037007473409175845 0.011154312640428543 0.14872018992900843
v 0.04153985530138013 0.014339007437229156 0.15024478733539576
v 0.04694116115570065 0.015578891150653362 0.1586524993181228
v 0.037007473409175845 0.011154312640428543 0.14872018992900843
v 0.04694116115570065 0.015578891150653362 0.1586524993181228
v 0.042769700288772555 0.011709043756127357 0.15641438961029047
v 0.042769700288772555 0.011709043756127357 0.15641438961029047
v 0.04694116115570065 0.015578891150653362 0.1586524993181228
v 0.047575764358043636 0.013395282439887524 0.16153006255626673
v 0.042769700288772555 0.011709043756127357 0.15641438961029047
v 0.047575764358043636 0.013395282439887524 0.16153006255626673
v 0.04805464670062062 0.010660365223884583 0.1639456450939178
v 0.04805464670062062 0.010660365223884583 0.1639456450939178
v 0.047575764358043636 0.013395282439887524 0.16153006255626673
v 0.05561267584562298 0.016947682946920395 0.17273066937923426
v 0.04805464670062062 0.010660365223884583 0.1639456450939178
v 0.05561267584562298 0.016947682946920395 0.17273066937923426
v 0.056227449327707256 0.013118819333612919 0.17502950131893152
v 0.056227449327707256 0.013118819333612919 0.17502950131893152
v 0.05561267584562298 0.016947682946920395 0.17273066937923426
v 0.06138205528259273 0.020621564239263535 0.18490266799926752
v 0.056227449327707256 0.013118819333612919 0.17502950131893152
v 0.06138205528259273 0.020621564239263535 0.18490266799926752
v 0.062130965292453724 0.01572088710963726 0.18719287216663355
v 0.062130965292453724 0.01572088710963726 0.18719287216663355
v 0.06138205528259273 0.020621564239263535 0.18490266799926752
v 0.06480061262845989 0.024272356182336807 0.19769594073295588
v 0.062130965292453724 0.01572088710963726 0.18719287216663355
v 0.06480061262845989 0.024272356182336807 0.19769594073295588
v 0.0656483024358749 0.01834479346871376 0.20004397630691523
v 0.0656483024358749 0.01834479346871376 0.20004397630691523
v 0.06480061262845989 0.024272356182336807 0.19769594073295588
v 0.06616012006998058 0.025495368987321854 0.21102704107761375
v 0.0656483024358749 0.01834479346871376 0.20004397630691523
v 0.06616012006998058 0.025495368987321854 0.21102704107761375
v 0.06626927852630611 0.024589380249381065 0.21131865680217735
v 0.043408684432506534 -0.05223304033279419 0.03299999982118605
v 0.04371244460344312 -0.05198396369814873 0.03299999982118605
v 0.04335514456033704 -0.05180898308753967 0.03660173714160918
v 0.04335514456033704 -0.05180898308753967 0.03660173714160918
v 0.04371244460344312 -0.05198396369814873 0.03299999982118605
v 0.04828424751758572 -0.04715711250901222 0.036796331405639635
v 0.04335514456033704 -0.05180898308753967 0.03660173714160918
v 0.04828424751758572 -0.04715711250901222 0.036796331405639635
v 0.04309472814202306 -0.05083407089114189 0.04178481176495551
v 0.04309472814202306 -0.05083407089114189 0.04178481176495551
v 0.04828424751758572 -0.04715711250901222 0.036796331405639635
v 0.04797180369496342 -0.045990847051143646 0.04213073477149008
v 0.04309472814202306 -0.05083407089114189 0.04178481176495551
v 0.04797180369496342 -0.045990847051143646 0.04213073477149008
v 0.04236872121691701 -0.047951485961675644 0.05200695618987082
v 0.04236872121691701 -0.047951485961675644 0.05200695618987082
v 0.04797180369496342 -0.045990847051143646 0.04213073477149008
v 0.04709674790501591 -0.04263747110962868 0.052597153931856135
v 0.04236872121691701 -0.047951485961675644 0.05200695618987082
v 0.04709674790501591 -0.04263747110962868 0.052597153931856135
v 0.04168745875358579 -0.04378350451588631 0.06249931454658506
v 0.04168745875358579 -0.04378350451588631 0.06249931454658506
v 0.04709674790501591 -0.04263747110962868 0.052597153931856135
v 0.046241000294685336 -0.03802952542901039 0.06327455490827558
v 0.04168745875358579 -0.04378350451588631 0.06249931454658506
v 0.046241000294685336 -0.03802952542901039 0.06327455490827558
v 0.04100119322538373 -0.037850361317396164 0.07326595485210416
v 0.04100119322538373 -0.037850361317396164 0.07326595485210416
v 0.046241000294685336 -0.03802952542901039 0.06327455490827558
v 0.04538720473647115 -0.03180256113409996 0.07421670109033582
v 0.04100119322538373 -0.037850361317396164 0.07326595485210416
v 0.04538720473647115 -0.03180256113409996 0.07421670109033582
v 0.040134217590093585 -0.030251948162913322 0.08352611958980558
v 0.040134217590093585 -0.030251948162913322 0.08352611958980558
v 0.04538720473647115 -0.03180256113409996 0.07421670109033582
v 0.04438494518399236 -0.024086637422442436 0.08472267538309095
v 0.040134217590093585 -0.030251948162913322 0.08352611958980558
v 0.04438494518399236 -0.024086637422442436 0.08472267538309095
v 0.03916933387517926 -0.02195240929722786 0.09282408654689786
v 0.03916933387517926 -0.02195240929722786 0.09282408654689786
v 0.04438494518399236 -0.024086637422442436 0.08472267538309095
v 0.0433227829635143 -0.01579967327415943 0.09437839686870572
v 0.03916933387517926 -0.02195240929722786 0.09282408654689786
v 0.0433227829635143 -0.01579967327415943 0.09437839686870572
v 0.03774844110012052 -0.0060555036179721355 0.10968616604804989
v 0.03774844110012052 -0.0060555036179721355 0.10968616604804989
v 0.0433227829635143 -0.01579967327415943 0.09437839686870572
v 0.042412094771862 -0.007708535995334387 0.103426419198513
v 0.03774844110012052 -0.0060555036179721355 0.10968616604804989
v 0.042412094771862 -0.007708535995334387 0.103426419198513
v 0.04181356355547902 -0.00018944985640700907 0.11222034692764278
v 0.04181356355547902 -0.00018944985640700907 0.11222034692764278
v 0.042412094771862 -0.007708535995334387 0.103426419198513
v 0.04895874112844464 0.005136726424098015 0.107647992670536
v 0.04181356355547902 -0.00018944985640700907 0.11222034692764278
v 0.04895874112844464 0.005136726424098015 0.107647992670536
v 0.04833501949906346 0.01218674797564745 0.11757292598485942
v 0.04833501949906346 0.01218674797564745 0.11757292598485942
v 0.04895874112844464 0.005136726424098015 0.107647992670536
v 0.05332180857658383 0.01852722465991974 0.11217165738344188
v 0.04833501949906346 0.01218674797564745 0.11757292598485942
v 0.05332180857658383 0.01852722465991974 0.11217165738344188
v 0.05270452052354809 0.025042500346899033 0.12329518049955364
v 0.05270452052354809 0.025042500346899033 0.12329518049955364
v 0.05332180857658383 0.01852722465991974 0.11217165738344188
v 0.055663626641035045 0.031999193131923676 0.1170883402228355
v 0.05270452052354809 0.025042500346899033 0.12329518049955364
v 0.055663626641035045 0.031999193131923676 0.1170883402228355
v 0.055080402642488445 0.03798649087548256 0.12943902611732477
v 0.055080402642488445 0.03798649087548256 0.12943902611732477
v 0.055663626641035045 0.031999193131923676 0.1170883402228355
v 0.05624682083725926 0.04450729861855507 0.12232109159231182
v 0.055080402642488445 0.03798649087548256 0.12943902611732477
v 0.05624682083725926 0.04450729861855507 0.12232109159231182
v 0.05600318685173985 0.0462387315928936 0.126016616821289
v -3.8703836447893305e-15 -0.06087921932339668 0.0683624595403671
v -3.8707233050011795e-15 -0.05619487166404724 0.07507421821355817
v -0.0062082130461931185 -0.05486927181482315 0.07650953531265256
v -3.869954622601546e-15 -0.06492339074611664 0.05885379388928411
v -3.870338328526652e-15 -0.06130727380514145 0.06735602021217343
v -0.006350070703774686 -0.06049785017967224 0.06823655217885968
v -0.01334606483578681 0.00392597122117877 0.14636056125164026
v -0.0133618963882327 0.002620021579787135 0.1478519886732101
v -0.01990662701427935 0.0026726473588496447 0.14958767592906946
v -0.019220918416976915 0.0053483122028410435 0.13686086237430567
v -0.018889460712671266 0.004202406387776136 0.13350975513458246
v -0.012609870173037043 0.0020551516208797693 0.13034905493259424
v -3.873646839218628e-15 -0.0040164305828511715 0.12228459864854808
v -3.87380354031387e-15 -0.001815487747080624 0.12535677850246424
v -0.006279203575104471 9.997784218285233e-05 0.1276013404130935
v -0.0656482949852943 0.018344810232520103 0.20004397630691523
v -0.06480061262845989 0.02427237294614315 0.19769594073295588
v -0.06138205155730243 0.02062157541513443 0.18490265309810633
v -0.04694115743041035 0.015578895807266235 0.1586524993181228
v -0.04757576063275334 0.013395288959145546 0.16153006255626673
v -0.05561267212033268 0.01694769226014614 0.17273066937923426
v -0.05482149496674534 0.020266659557819366 0.16983202099800104
v -0.053891189396381343 0.022976716980338097 0.16634835302829737
v -0.046184930950403186 0.01715700514614582 0.15533681213855738
v -0.06697741895914074 0.018294313922524452 0.21317735314369193
v -0.06672023236751552 0.020728526636958122 0.21251641213893882
v -0.0656482949852943 0.018344810232520103 0.20004397630691523
v -0.0624875500798225 0.016855234280228615 0.0730188116431236
v -0.06272548437118526 0.01607483997941017 0.0716438218951225
v -0.061915669590234715 0.002694594208151102 0.06927975267171857
v -0.05198192968964573 -0.043701279908418655 0.03299999982118605
v -0.04830248281359669 -0.04762665927410126 0.03299999982118605
v -0.04828424751758572 -0.04715711250901222 0.036796331405639635
v -0.02866745740175245 -0.06160634383559227 0.03299999982118605
v -0.026167759671807272 -0.062613345682621 0.03299999982118605
v -0.02600413188338278 -0.06207001581788063 0.040973629802465425
v -0.02181577496230601 -0.06436654925346375 0.03299999982118605
v -0.019863389432430253 -0.06497317552566528 0.03299999982118605
v -0.0196974854916334 -0.06455381959676743 0.04078515246510504
v -3.875703858731035e-15 -0.06799489259719849 0.03299998119473456
v -3.872676562977548e-15 -0.06757081300020218 0.04048607125878333
v -0.006615943275392051 -0.06742952018976212 0.040545001626014696
v -0.03144410252571104 0.0005000000237487257 0.15519377589225763
v -0.03230166807770727 0.0005000000237487257 0.15570315718650812
v -0.03233353793621061 0.0009143776842392981 0.15562248229980463
v -0.06666149199008937 0.005688120611011982 0.20256698131561274
v -0.06671136617660518 0.0005000000237487257 0.2028361558914184
v -0.06757707893848415 0.0005000000237487257 0.2080810368061065
v -0.05683050677180287 0.004226458724588156 0.17784582078456873
v -0.06293994933366771 0.0005000000237487257 0.19005441665649409
v -0.06296340376138683 0.0049323164857923985 0.1897571682929992
v -0.06296340376138683 0.0049323164857923985 0.1897571682929992
v -0.06293994933366771 0.0005000000237487257 0.19005441665649409
v -0.06437207013368602 0.0005000000237487257 0.19362570345401758
v -0.06296340376138683 0.0049323164857923985 0.1897571682929992
v -0.06437207013368602 0.0005000000237487257 0.19362570345401758
v -0.06666149199008937 0.005688120611011982 0.20256698131561274
v -0.06666149199008937 0.005688120611011982 0.20256698131561274
v -0.06437207013368602 0.0005000000237487257 0.19362570345401758
v -0.0663717687129974 0.0005000000237487257 0.20077870786190027
v -0.06666149199008937 0.005688120611011982 0.20256698131561274
v -0.0663717687129974 0.0005000000237487257 0.20077870786190027
v -0.06671136617660518 0.0005000000237487257 0.2028361558914184
v -0.06161646544933315 0.0005000000237487257 0.18675406277179712
v -0.05684490874409672 0.0016069590346887708 0.17816361784934992
v -0.058149691671133 0.0005000000237487257 0.18025769293308253
v -0.058149691671133 0.0005000000237487257 0.18025769293308253
v -0.05684490874409672 0.0016069590346887708 0.17816361784934992
v -0.05676198005676266 0.0005000000237487257 0.17822597920894617
v -0.0437577851116657 0.0005000000237487257 0.16344319283962244
v -0.048385720700025524 0.0005000000237487257 0.16778679192066187
v -0.048433598130941356 0.001286105252802372 0.16772723197937006
v -0.048433598130941356 0.001286105252802372 0.16772723197937006
v -0.048385720700025524 0.0005000000237487257 0.16778679192066187
v -0.04913331568241116 0.0005000000237487257 0.16848845779895777
v -0.048433598130941356 0.001286105252802372 0.16772723197937006
v -0.04913331568241116 0.0005000000237487257 0.16848845779895777
v -0.053964912891387905 0.0005000000237487257 0.17413085699081415
v -0.037848308682441684 0.0005000000237487257 0.15899777412414545
v -0.03807881474494931 0.0005000000237487257 0.15917116403579706
v -0.03809910267591474 0.0010222691344097257 0.15912163257598871
v -0.03809910267591474 0.0010222691344097257 0.15912163257598871
v -0.03807881474494931 0.0005000000237487257 0.15917116403579706
v -0.0437577851116657 0.0005000000237487257 0.16344319283962244
v -0.019901145249605165 0.0007517190533690155 0.15041673183441157
v -0.019871769472956644 0.0005000000237487257 0.15053649246692652
v -0.02473193965852259 0.0005000000237487257 0.15213720500469202
v -0.013365084305405608 0.0006994509021751583 0.14876392483711237
v -0.013343680649995795 0.0005000000237487257 0.14889530837535853
v -0.017698390409350385 0.0005000000237487257 0.14982068538665766
v -0.013343680649995795 0.0005000000237487257 0.14889530837535853
v -0.013365084305405608 0.0006994509021751583 0.14876392483711237
v -0.010430488735437386 0.0005000000237487257 0.1482762694358825
v -0.009221070446074002 -0.06735754758119583 0.03299999982118605
v -0.008305439725518221 -0.06747780740261078 0.03299999982118605
v -0.006615943275392051 -0.06742952018976212 0.040545001626014696
v -0.008305439725518221 -0.06747780740261078 0.03299999982118605
v -0.007388425990939135 -0.0675855204463005 0.03299999982118605
v -0.006615943275392051 -0.06742952018976212 0.040545001626014696
v -0.006615943275392051 -0.06742952018976212 0.040545001626014696
v -0.007388425990939135 -0.0675855204463005 0.03299999982118605
v -0.006699627265334125 -0.06762368232011795 0.03299999982118605
v -0.006615943275392051 -0.06742952018976212 0.040545001626014696
v -0.006699627265334125 -0.06762368232011795 0.03299999982118605
v -3.875703858731035e-15 -0.06799489259719849 0.03299998119473456
v -0.018264634534716592 -0.06546992063522339 0.03299999982118605
v -0.016475018113851537 -0.06594698131084442 0.03299999982118605
v -0.013208416290581218 -0.06634782999753952 0.04064140468835829
v -0.013208416290581218 -0.06634782999753952 0.04064140468835829
v -0.016475018113851537 -0.06594698131084442 0.03299999982118605
v -0.016026459634304036 -0.06605838239192963 0.03299999982118605
v -0.013208416290581218 -0.06634782999753952 0.04064140468835829
v -0.016026459634304036 -0.06605838239192963 0.03299999982118605
v -0.015577440150082101 -0.06616664677858353 0.03299999982118605
v -0.015577440150082101 -0.06616664677858353 0.03299999982118605
v -0.014678017236292352 -0.06637373566627502 0.03299999982118605
v -0.013208416290581218 -0.06634782999753952 0.04064140468835829
v -0.013208416290581218 -0.06634782999753952 0.04064140468835829
v -0.014678017236292352 -0.06637373566627502 0.03299999982118605
v -0.013343695551156989 -0.06663312017917633 0.03299999982118605
v -0.013208416290581218 -0.06634782999753952 0.04064140468835829
v -0.013343695551156989 -0.06663312017917633 0.03299999982118605
v -0.011048177257180207 -0.06707936525344849 0.03299999982118605
v -0.0351559519767761 -0.058131709694862366 0.03299999982118605
v -0.03227290138602255 -0.059777840971946716 0.03299999982118605
v -0.03205150365829466 -0.05892607942223549 0.041204355657100664
v -0.03205150365829466 -0.05892607942223549 0.041204355657100664
v -0.03227290138602255 -0.059777840971946716 0.03299999982118605
v -0.03195831552147863 -0.059957459568977356 0.03299999982118605
v -0.03205150365829466 -0.05892607942223549 0.041204355657100664
v -0.03195831552147863 -0.059957459568977356 0.03299999982118605
v -0.03032454103231428 -0.060804009437561035 0.03299999982118605
v -0.04692733660340306 -0.04909371957182884 0.03299999982118605
v -0.04417787492275235 -0.05158497020602226 0.03299999982118605
v -0.04335514456033704 -0.05180898308753967 0.03660173714160918
v -0.04335514456033704 -0.05180898308753967 0.03660173714160918
v -0.04417787492275235 -0.05158497020602226 0.03299999982118605
v -0.043407738208770724 -0.05223197862505913 0.03299999982118605
v -0.04335514456033704 -0.05180898308753967 0.03660173714160918
v -0.043407738208770724 -0.05223197862505913 0.03299999982118605
v -0.04308504238724706 -0.052503082901239395 0.03299999982118605
v -0.056431800127029384 -0.0377793088555336 0.03299999982118605
v -0.05428465455770489 -0.040804311633110046 0.03299999982118605
v -0.05272730812430378 -0.042047787457704544 0.03700950741767882
v -0.05272730812430378 -0.042047787457704544 0.03700950741767882
v -0.05428465455770489 -0.040804311633110046 0.03299999982118605
v -0.052815441042184795 -0.0426526740193367 0.03299999982118605
v -0.05272730812430378 -0.042047787457704544 0.03700950741767882
v -0.052815441042184795 -0.0426526740193367 0.03299999982118605
v -0.05198192968964573 -0.043701279908418655 0.03299999982118605
v -0.05842108651995655 -0.03462642803788185 0.03299999982118605
v -0.05677484348416325 -0.03723560646176338 0.03299999982118605
v -0.05664478242397305 -0.03653711825609207 0.03723981231451033
v -0.05664478242397305 -0.03653711825609207 0.03723981231451033
v -0.05677484348416325 -0.03723560646176338 0.03299999982118605
v -0.056431800127029384 -0.0377793088555336 0.03299999982118605
v -0.06329049170017238 -0.02465193346142769 0.03299999982118605
v -0.06299526244401928 -0.02538459002971649 0.03299999982118605
v -0.06277154386043544 -0.02454494498670101 0.03774483874440192
v -0.06277154386043544 -0.02454494498670101 0.03774483874440192
v -0.06299526244401928 -0.02538459002971649 0.03299999982118605
v -0.06275531649589534 -0.025980057194828987 0.03299999982118605
v -0.06277154386043544 -0.02454494498670101 0.03774483874440192
v -0.06275531649589534 -0.025980057194828987 0.03299999982118605
v -0.06000166386365886 -0.03068288043141365 0.03748559579253195
v -0.06000166386365886 -0.03068288043141365 0.03748559579253195
v -0.06275531649589534 -0.025980057194828987 0.03299999982118605
v -0.061855968087911564 -0.028047842904925346 0.03299999982118605
v -0.06000166386365886 -0.03068288043141365 0.03748559579253195
v -0.061855968087911564 -0.028047842904925346 0.03299999982118605
v -0.06023668870329853 -0.03136672079563141 0.03299999982118605
v -0.06714920699596401 -0.010338366031646729 0.03299999982118605
v -0.06675294786691661 -0.01256166584789753 0.03299999982118605
v -0.06646835058927532 -0.011660140939056873 0.03829502314329146
v -0.06646835058927532 -0.011660140939056873 0.03829502314329146
v -0.06675294786691661 -0.01256166584789753 0.03299999982118605
v -0.0666313990950584 -0.013243669643998146 0.03299999982118605
v -0.0666313990950584 -0.013243669643998146 0.03299999982118605
v -0.06615413725376125 -0.01543730404227972 0.03299999982118605
v -0.06646835058927532 -0.011660140939056873 0.03829502314329146
v -0.06646835058927532 -0.011660140939056873 0.03829502314329146
v -0.06615413725376125 -0.01543730404227972 0.03299999982118605
v -0.06560593098402019 -0.017611583694815636 0.03299999982118605
v -0.06646835058927532 -0.011660140939056873 0.03829502314329146
v -0.06560593098402019 -0.017611583694815636 0.03299999982118605
v -0.06277154386043544 -0.02454494498670101 0.03774483874440192
v -0.06277154386043544 -0.02454494498670101 0.03774483874440192
v -0.06560593098402019 -0.017611583694815636 0.03299999982118605
v -0.06454209983348842 -0.0211695097386837 0.03299999982118605
v -0.06277154386043544 -0.02454494498670101 0.03774483874440192
v -0.06454209983348842 -0.0211695097386837 0.03299999982118605
v -0.06329049170017238 -0.02465193346142769 0.03299999982118605
v -0.0677324458956718 0.000717108603566885 0.037528458982706056
v -0.06796342879533764 9.64869832387194e-05 0.03299999982118605
v -0.06789469718933101 -0.0029181339778006077 0.03299999982118605
v -0.0677324458956718 0.000717108603566885 0.037528458982706056
v -0.06789469718933101 -0.0029181339778006077 0.03299999982118605
v -0.06646835058927532 -0.011660140939056873 0.03829502314329146
v -0.06646835058927532 -0.011660140939056873 0.03829502314329146
v -0.06789469718933101 -0.0029181339778006077 0.03299999982118605
v -0.06762573122978206 -0.0066166953183710575 0.03299999982118605
v -0.06646835058927532 -0.011660140939056873 0.03829502314329146
v -0.06762573122978206 -0.0066166953183710575 0.03299999982118605
v -0.06714920699596401 -0.010338366031646729 0.03299999982118605
v -0.06687289476394649 0.0031242957338690758 0.04579071328043936
v -0.06715301424264904 0.002320030704140663 0.043663170188665376
v -0.06577523052692409 -0.009663171134889126 0.044821605086326585
v -0.06577523052692409 -0.009663171134889126 0.044821605086326585
v -0.06715301424264904 0.002320030704140663 0.043663170188665376
v -0.06731590628623958 0.0018694085301831365 0.04193854704499243
v -0.06577523052692409 -0.009663171134889126 0.044821605086326585
v -0.06731590628623958 0.0018694085301831365 0.04193854704499243
v -0.06646835058927532 -0.011660140939056873 0.03829502314329146
v -0.06646835058927532 -0.011660140939056873 0.03829502314329146
v -0.06731590628623958 0.0018694085301831365 0.04193854704499243
v -0.067609891295433 0.0010561246890574694 0.038825944066047655
v -0.06646835058927532 -0.011660140939056873 0.03829502314329146
v -0.067609891295433 0.0010561246890574694 0.038825944066047655
v -0.0677324458956718 0.000717108603566885 0.037528458982706056
v -0.06687289476394649 0.0031242957338690758 0.04579071328043936
v -0.06577523052692409 -0.009663171134889126 0.044821605086326585
v -0.0662528499960899 0.004904528614133596 0.0505000129342079
v -0.0662528499960899 0.004904528614133596 0.0505000129342079
v -0.06577523052692409 -0.009663171134889126 0.044821605086326585
v -0.06391667574644085 -0.004044062457978725 0.05725291371345518
v -0.0662528499960899 0.004904528614133596 0.0505000129342079
v -0.06391667574644085 -0.004044062457978725 0.05725291371345518
v -0.06617898494005199 0.005121211986988783 0.05100214853882788
v -0.06272548437118526 0.01607483997941017 0.0716438218951225
v -0.06450184434652324 0.010248574428260326 0.061378415673971155
v -0.061915669590234715 0.002694594208151102 0.06927975267171857
v -0.061915669590234715 0.002694594208151102 0.06927975267171857
v -0.06450184434652324 0.010248574428260326 0.061378415673971155
v -0.06470312178134914 0.009588400833308697 0.0602152459323406
v -0.061915669590234715 0.002694594208151102 0.06927975267171857
v -0.06470312178134914 0.009588400833308697 0.0602152459323406
v -0.06391667574644085 -0.004044062457978725 0.05725291371345518
v -0.06391667574644085 -0.004044062457978725 0.05725291371345518
v -0.06470312178134914 0.009588400833308697 0.0602152459323406
v -0.06489444524049755 0.009009300731122494 0.05902091413736341
v -0.06391667574644085 -0.004044062457978725 0.05725291371345518
v -0.06489444524049755 0.009009300731122494 0.05902091413736341
v -0.06617898494005199 0.005121211986988783 0.05100214853882788
v -0.05675653740763661 0.02510690689086914 0.10503182560205455
v -0.05743330717086788 0.03724958002567291 0.10775811970233913
v -0.057444598525762516 0.03718515485525131 0.10763318091630932
v -0.057444598525762516 0.03718515485525131 0.10763318091630932
v -0.058881375938653904 0.03059248998761177 0.09606275707483289
v -0.05675653740763661 0.02510690689086914 0.10503182560205455
v -0.05675653740763661 0.02510690689086914 0.10503182560205455
v -0.058881375938653904 0.03059248998761177 0.09606275707483289
v -0.059146855026483494 0.029374340549111366 0.09392485022544858
v -0.05675653740763661 0.02510690689086914 0.10503182560205455
v -0.059146855026483494 0.029374340549111366 0.09392485022544858
v -0.05999608337879177 0.010043065994977951 0.08122341334819791
v -0.05999608337879177 0.010043065994977951 0.08122341334819791
v -0.059146855026483494 0.029374340549111366 0.09392485022544858
v -0.060708332806825596 0.023473544046282768 0.08410269021987912
v -0.05999608337879177 0.010043065994977951 0.08122341334819791
v -0.060708332806825596 0.023473544046282768 0.08410269021987912
v -0.062276553362607914 0.017547274008393288 0.07423812896013257
v -0.056245930492877926 0.04450612887740135 0.1223194450139999
v -0.05639386549592015 0.04335916414856911 0.11978761106729503
v -0.055663626641035045 0.03199918568134308 0.1170883327722549
v -0.055663626641035045 0.03199918568134308 0.1170883327722549
v -0.05639386549592015 0.04335916414856911 0.11978761106729503
v -0.05648108199238774 0.04268296808004379 0.11829495429992672
v -0.055663626641035045 0.03199918568134308 0.1170883327722549
v -0.05648108199238774 0.04268296808004379 0.11829495429992672
v -0.05675653740763661 0.02510690689086914 0.10503182560205455
v -0.05675653740763661 0.02510690689086914 0.10503182560205455
v -0.05648108199238774 0.04268296808004379 0.11829495429992672
v -0.05729820206761356 0.03802048787474632 0.10925312340259548
v -0.05675653740763661 0.02510690689086914 0.10503182560205455
v -0.05729820206761356 0.03802048787474632 0.10925312340259548
v -0.05743330717086788 0.03724958002567291 0.10775811970233913
v -0.056245930492877926 0.04450612887740135 0.1223194450139999
v -0.055663626641035045 0.03199918568134308 0.1170883327722549
v -0.05590566992759701 0.04714421555399895 0.12814283370971674
v -0.05590566992759701 0.04714421555399895 0.12814283370971674
v -0.055663626641035045 0.03199918568134308 0.1170883327722549
v -0.055080402642488445 0.03798648715019226 0.12943901121616358
v -0.05590566992759701 0.04714421555399895 0.12814283370971674
v -0.055080402642488445 0.03798648715019226 0.12943901121616358
v -0.05579638853669163 0.04869566857814789 0.13220386207103724
v -0.055126663297414745 0.042661868035793304 0.14214693009853357
v -0.055834528058767284 0.05410974845290184 0.14986914396286005
v -0.05569323524832722 0.05318671837449074 0.14567509293556208
v -0.05569323524832722 0.05318671837449074 0.14567509293556208
v -0.055690780282020534 0.0529896579682827 0.14502783119678492
v -0.055126663297414745 0.042661868035793304 0.14214693009853357
v -0.055126663297414745 0.042661868035793304 0.14214693009853357
v -0.055690780282020534 0.0529896579682827 0.14502783119678492
v -0.055661208927631343 0.050614748150110245 0.13722719252109522
v -0.055126663297414745 0.042661868035793304 0.14214693009853357
v -0.055661208927631343 0.050614748150110245 0.13722719252109522
v -0.055080402642488445 0.03798648715019226 0.12943901121616358
v -0.055080402642488445 0.03798648715019226 0.12943901121616358
v -0.055661208927631343 0.050614748150110245 0.13722719252109522
v -0.05569890514016148 0.050079595297575 0.13582639396190638
v -0.055080402642488445 0.03798648715019226 0.12943901121616358
v -0.05569890514016148 0.050079595297575 0.13582639396190638
v -0.05579638853669163 0.04869566857814789 0.13220386207103724
v -0.055834528058767284 0.05410974845290184 0.14986914396286005
v -0.055126663297414745 0.042661868035793304 0.14214693009853357
v -0.05595965310931202 0.05492714047431946 0.1535831987857818
v -0.05595965310931202 0.05492714047431946 0.1535831987857818
v -0.055126663297414745 0.042661868035793304 0.14214693009853357
v -0.05542615801095959 0.04434360936284065 0.14862352609634394
v -0.05595965310931202 0.05492714047431946 0.1535831987857818
v -0.05542615801095959 0.04434360936284065 0.14862352609634394
v -0.056177169084548916 0.05537576228380203 0.15705539286136622
v -0.05625440180301663 0.055535051971673965 0.1582882553339004
v -0.0559308938682079 0.045474182814359665 0.15515662729740137
v -0.05641991645097729 0.05587641894817352 0.16093033552169794
v -0.05641991645097729 0.05587641894817352 0.16093033552169794
v -0.0559308938682079 0.045474182814359665 0.15515662729740137
v -0.05673114955425259 0.05596400797367096 0.1643125712871551
v -0.05673114955425259 0.05596400797367096 0.1643125712871551
v -0.0559308938682079 0.045474182814359665 0.15515662729740137
v -0.0567950680851936 0.055981993675231934 0.1650071740150451
v -0.0567950680851936 0.055981993675231934 0.1650071740150451
v -0.0559308938682079 0.045474182814359665 0.15515662729740137
v -0.05665105208754536 0.04594333469867706 0.16170705854892725
v -0.0567950680851936 0.055981993675231934 0.1650071740150451
v -0.05665105208754536 0.04594333469867706 0.16170705854892725
v -0.05710985884070393 0.05607058107852936 0.16842803359031672
v -0.05758363381028171 0.04561992734670639 0.1682023406028747
v -0.05845852568745609 0.0546891987323761 0.1787207126617431
v -0.058401882648467976 0.05476837605237961 0.17833504080772394
v -0.058401882648467976 0.05476837605237961 0.17833504080772394
v -0.057840216904878575 0.05555349588394165 0.1745107322931289
v -0.05758363381028171 0.04561992734670639 0.1682023406028747
v -0.05758363381028171 0.04561992734670639 0.1682023406028747
v -0.057840216904878575 0.05555349588394165 0.1745107322931289
v -0.057505201548337895 0.05579068511724472 0.1717206090688705
v -0.05758363381028171 0.04561992734670639 0.1682023406028747
v -0.057505201548337895 0.05579068511724472 0.1717206090688705
v -0.05665105208754536 0.04594333469867706 0.16170705854892725
v -0.05665105208754536 0.04594333469867706 0.16170705854892725
v -0.057505201548337895 0.05579068511724472 0.1717206090688705
v -0.05748738721013065 0.055803295224905014 0.17157223820686335
v -0.05665105208754536 0.04594333469867706 0.16170705854892725
v -0.05748738721013065 0.055803295224905014 0.17157223820686335
v -0.05710985884070393 0.05607058107852936 0.16842803359031672
v -0.05845852568745609 0.0546891987323761 0.1787207126617431
v -0.05758363381028171 0.04561992734670639 0.1682023406028747
v -0.05875911563634868 0.05426902323961258 0.1807673722505569
v -0.05875911563634868 0.05426902323961258 0.1807673722505569
v -0.05758363381028171 0.04561992734670639 0.1682023406028747
v -0.05870326608419414 0.04437357932329178 0.17451871931552881
v -0.05875911563634868 0.05426902323961258 0.1807673722505569
v -0.05870326608419414 0.04437357932329178 0.17451871931552881
v -0.0594505593180656 0.05289587378501892 0.1847348809242248
v -0.05995741486549373 0.04211924970149994 0.1804817765951156
v -0.06088604405522342 0.049386538565158844 0.19204421341419214
v -0.06077232956886287 0.04973091557621956 0.19154238700866694
v -0.06077232956886287 0.04973091557621956 0.19154238700866694
v -0.060618504881858784 0.050117406994104385 0.19077624380588526
v -0.05995741486549373 0.04211924970149994 0.1804817765951156
v -0.05995741486549373 0.04211924970149994 0.1804817765951156
v -0.060618504881858784 0.050117406994104385 0.19077624380588526
v -0.0597467832267284 0.052307598292827606 0.18643461167812342
v -0.05995741486549373 0.04211924970149994 0.1804817765951156
v -0.0597467832267284 0.052307598292827606 0.18643461167812342
v -0.05870326608419414 0.04437357932329178 0.17451871931552881
v -0.05870326608419414 0.04437357932329178 0.17451871931552881
v -0.0597467832267284 0.052307598292827606 0.18643461167812342
v -0.0596041195094585 0.05259092152118683 0.1856160014867782
v -0.05870326608419414 0.04437357932329178 0.17451871931552881
v -0.0596041195094585 0.05259092152118683 0.1856160014867782
v -0.0594505593180656 0.05289587378501892 0.1847348809242248
v -0.06088604405522342 0.049386538565158844 0.19204421341419214
v -0.05995741486549373 0.04211924970149994 0.1804817765951156
v -0.061811305582523304 0.0465843603014946 0.19612756371498102
v -0.061811305582523304 0.0465843603014946 0.19612756371498102
v -0.05995741486549373 0.04211924970149994 0.1804817765951156
v -0.06127157062292095 0.038859736174345016 0.18590149283409113
v -0.061811305582523304 0.0465843603014946 0.19612756371498102
v -0.06127157062292095 0.038859736174345016 0.18590149283409113
v -0.06185422837734218 0.046430960297584534 0.1962979137897491
v -0.06355000287294384 0.03991856053471565 0.20276382565498346
v -0.06309002637863155 0.04185561463236809 0.20110952854156489
v -0.06256351619958873 0.03469192236661911 0.19062373042106623
v -0.06256351619958873 0.03469192236661911 0.19062373042106623
v -0.06309002637863155 0.04185561463236809 0.20110952854156489
v -0.06284051388502117 0.042906347662210464 0.2002121657133102
v -0.06256351619958873 0.03469192236661911 0.19062373042106623
v -0.06284051388502117 0.042906347662210464 0.2002121657133102
v -0.06127157062292095 0.038859736174345016 0.18590149283409113
v -0.06127157062292095 0.038859736174345016 0.18590149283409113
v -0.06284051388502117 0.042906347662210464 0.2002121657133102
v -0.062229610979556996 0.0450894869863987 0.1977876871824264
v -0.06127157062292095 0.038859736174345016 0.18590149283409113
v -0.062229610979556996 0.0450894869863987 0.1977876871824264
v -0.06185422837734218 0.046430960297584534 0.1962979137897491
v -0.06355000287294384 0.03991856053471565 0.20276382565498346
v -0.06256351619958873 0.03469192236661911 0.19062373042106623
v -0.06390991061925884 0.038402900099754333 0.20405825972557062
v -0.06390991061925884 0.038402900099754333 0.20405825972557062
v -0.06256351619958873 0.03469192236661911 0.19062373042106623
v -0.06375900655984874 0.029772596433758736 0.19456234574317927
v -0.06390991061925884 0.038402900099754333 0.20405825972557062
v -0.06375900655984874 0.029772596433758736 0.19456234574317927
v -0.06426535546779628 0.036632634699344635 0.20522601902484888
v -0.0657112821936607 0.028605910018086433 0.20975281298160545
v -0.06532894074916835 0.030876075848937035 0.20859581232070915
v -0.06480061262845989 0.02427237294614315 0.19769594073295588
v -0.06480061262845989 0.02427237294614315 0.19769594073295588
v -0.06532894074916835 0.030876075848937035 0.20859581232070915
v -0.06484886258840557 0.033726535737514496 0.20714306831359858
v -0.06480061262845989 0.02427237294614315 0.19769594073295588
v -0.06484886258840557 0.033726535737514496 0.20714306831359858
v -0.06375900655984874 0.029772596433758736 0.19456234574317927
v -0.06375900655984874 0.029772596433758736 0.19456234574317927
v -0.06484886258840557 0.033726535737514496 0.20714306831359858
v -0.06478373706340786 0.03405090421438217 0.20692908763885492
v -0.06375900655984874 0.029772596433758736 0.19456234574317927
v -0.06478373706340786 0.03405090421438217 0.20692908763885492
v -0.06426535546779628 0.036632634699344635 0.20522601902484888
v -0.06672023236751552 0.020728526636958122 0.21251641213893882
v -0.06646817922592159 0.023114044219255447 0.21186870336532584
v -0.0656482949852943 0.018344810232520103 0.20004397630691523
v -0.0656482949852943 0.018344810232520103 0.20004397630691523
v -0.06646817922592159 0.023114044219255447 0.21186870336532584
v -0.06624558568000789 0.024729114025831223 0.21124644577503196
v -0.0656482949852943 0.018344810232520103 0.20004397630691523
v -0.06624558568000789 0.024729114025831223 0.21124644577503196
v -0.06480061262845989 0.02427237294614315 0.19769594073295588
v -0.06480061262845989 0.02427237294614315 0.19769594073295588
v -0.06624558568000789 0.024729114025831223 0.21124644577503196
v -0.06585235893726345 0.027582315728068352 0.21014717221260062
v -0.06480061262845989 0.02427237294614315 0.19769594073295588
v -0.06585235893726345 0.027582315728068352 0.21014717221260062
v -0.0657112821936607 0.028605910018086433 0.20975281298160545
v -0.06751558184623714 0.011686171405017376 0.21448038518428794
v -0.0673766657710075 0.013642549514770508 0.21415726840496055
v -0.06627469509840007 0.012119660153985023 0.20164437592029566
v -0.06627469509840007 0.012119660153985023 0.20164437592029566
v -0.0673766657710075 0.013642549514770508 0.21415726840496055
v -0.06718765199184414 0.016304591670632362 0.21371760964393607
v -0.06798005104064937 0.0005000006058253348 0.2154710888862609
v -0.06797860562801357 0.000559963402338326 0.21546980738639823
v -0.06757707893848415 0.0005000000237487257 0.2080810368061065
v -0.06757707893848415 0.0005000000237487257 0.2080810368061065
v -0.06797860562801357 0.000559963402338326 0.21546980738639823
v -0.0679502040147781 0.0022951941937208176 0.2154207080602645
v -0.06757707893848415 0.0005000000237487257 0.2080810368061065
v -0.0679502040147781 0.0022951941937208176 0.2154207080602645
v -0.06666149199008937 0.005688120611011982 0.20256698131561274
v -0.06666149199008937 0.005688120611011982 0.20256698131561274
v -0.0679502040147781 0.0022951941937208176 0.2154207080602645
v -0.0677980780601501 0.006411311682313681 0.2151094824075698
v -0.06666149199008937 0.005688120611011982 0.20256698131561274
v -0.0677980780601501 0.006411311682313681 0.2151094824075698
v -0.06769814342260357 0.009115000255405903 0.2149050384759902
v -0.06255631148815151 -0.010897653177380562 0.05636511743068693
v -0.06061258539557453 -0.01767820119857788 0.055516477674245814
v -0.05894697830080982 -0.011488504707813263 0.06702489405870435
v -0.05894697830080982 -0.011488504707813263 0.06702489405870435
v -0.06061258539557453 -0.01767820119857788 0.055516477674245814
v -0.05808552727103229 -0.024317273870110512 0.05471098795533178
v -0.056431800127029384 -0.0377793088555336 0.03299999982118605
v -0.05272730812430378 -0.042047787457704544 0.03700950741767882
v -0.05664478242397305 -0.03653711825609207 0.03723981231451033
v -0.05664478242397305 -0.03653711825609207 0.03723981231451033
v -0.05272730812430378 -0.042047787457704544 0.03700950741767882
v -0.05235310643911358 -0.04069481045007706 0.04251101985573767
v -0.05664478242397305 -0.03653711825609207 0.03723981231451033
v -0.05235310643911358 -0.04069481045007706 0.04251101985573767
v -0.05620209872722622 -0.035009559243917465 0.042922955006360994
v -0.05620209872722622 -0.035009559243917465 0.042922955006360994
v -0.05235310643911358 -0.04069481045007706 0.04251101985573767
v -0.051310900598764385 -0.03687428683042526 0.05324709415435789
v -0.05620209872722622 -0.035009559243917465 0.042922955006360994
v -0.051310900598764385 -0.03687428683042526 0.05324709415435789
v -0.05498139560222622 -0.03074125573039055 0.05395304784178732
v -0.05498139560222622 -0.03074125573039055 0.05395304784178732
v -0.051310900598764385 -0.03687428683042526 0.05324709415435789
v -0.050261169672012294 -0.03183261677622795 0.0641156807541847
v -0.05498139560222622 -0.03074125573039055 0.05395304784178732
v -0.050261169672012294 -0.03183261677622795 0.0641156807541847
v -0.053725760430097545 -0.02528425119817257 0.06502179056406018
v -0.053725760430097545 -0.02528425119817257 0.06502179056406018
v -0.050261169672012294 -0.03183261677622795 0.0641156807541847
v -0.04922392219305035 -0.02533763460814953 0.07521988451480863
v -0.053725760430097545 -0.02528425119817257 0.06502179056406018
v -0.04922392219305035 -0.02533763460814953 0.07521988451480863
v -0.05249588564038273 -0.01855074241757393 0.07628066837787625
v -0.05948769673705097 -0.028999561443924904 0.04336355999112128
v -0.05808552727103229 -0.024317273870110512 0.05471098795533178
v -0.062188632786273915 -0.022729404270648956 0.04382931813597678
v -0.062188632786273915 -0.022729404270648956 0.04382931813597678
v -0.05808552727103229 -0.024317273870110512 0.05471098795533178
v -0.06061258539557453 -0.01767820119857788 0.055516477674245814
v -0.062188632786273915 -0.022729404270648956 0.04382931813597678
v -0.06061258539557453 -0.01767820119857788 0.055516477674245814
v -0.0642878413200378 -0.016263164579868317 0.0443165823817253
v -0.0642878413200378 -0.016263164579868317 0.0443165823817253
v -0.06061258539557453 -0.01767820119857788 0.055516477674245814
v -0.06255631148815151 -0.010897653177380562 0.05636511743068693
v -0.06000166386365886 -0.03068288043141365 0.03748559579253195
v -0.05948769673705097 -0.028999561443924904 0.04336355999112128
v -0.06277154386043544 -0.02454494498670101 0.03774483874440192
v -0.06277154386043544 -0.02454494498670101 0.03774483874440192
v -0.05948769673705097 -0.028999561443924904 0.04336355999112128
v -0.062188632786273915 -0.022729404270648956 0.04382931813597678
v -0.06277154386043544 -0.02454494498670101 0.03774483874440192
v -0.062188632786273915 -0.022729404270648956 0.04382931813597678
v -0.06646835058927532 -0.011660140939056873 0.03829502314329146
v -0.06646835058927532 -0.011660140939056873 0.03829502314329146
v -0.062188632786273915 -0.022729404270648956 0.04382931813597678
v -0.0642878413200378 -0.016263164579868317 0.0443165823817253
v -0.06646835058927532 -0.011660140939056873 0.03829502314329146
v -0.0642878413200378 -0.016263164579868317 0.0443165823817253
v -0.06577523052692409 -0.009663171134889126 0.044821605086326585
v -0.06577523052692409 -0.009663171134889126 0.044821605086326585
v -0.0642878413200378 -0.016263164579868317 0.0443165823817253
v -0.06255631148815151 -0.010897653177380562 0.05636511743068693
v -0.06577523052692409 -0.009663171134889126 0.044821605086326585
v -0.06255631148815151 -0.010897653177380562 0.05636511743068693
v -0.06391667574644085 -0.004044062457978725 0.05725291371345518
v -0.06391667574644085 -0.004044062457978725 0.05725291371345518
v -0.06255631148815151 -0.010897653177380562 0.05636511743068693
v -0.05894697830080982 -0.011488504707813263 0.06702489405870435
v -0.06391667574644085 -0.004044062457978725 0.05725291371345518
v -0.05894697830080982 -0.011488504707813263 0.06702489405870435
v -0.061915669590234715 0.002694594208151102 0.06927975267171857
v -0.061915669590234715 0.002694594208151102 0.06927975267171857
v -0.05894697830080982 -0.011488504707813263 0.06702489405870435
v -0.05999608337879177 0.010043065994977951 0.08122341334819791
v -0.061915669590234715 0.002694594208151102 0.06927975267171857
v -0.05999608337879177 0.010043065994977951 0.08122341334819791
v -0.0624875500798225 0.016855234280228615 0.0730188116431236
v -0.0624875500798225 0.016855234280228615 0.0730188116431236
v -0.05999608337879177 0.010043065994977951 0.08122341334819791
v -0.062276553362607914 0.017547274008393288 0.07423812896013257
v -0.05198192968964573 -0.043701279908418655 0.03299999982118605
v -0.04828424751758572 -0.04715711250901222 0.036796331405639635
v -0.05272730812430378 -0.042047787457704544 0.03700950741767882
v -0.05272730812430378 -0.042047787457704544 0.03700950741767882
v -0.04828424751758572 -0.04715711250901222 0.036796331405639635
v -0.04797180369496342 -0.045990847051143646 0.04213073477149008
v -0.05272730812430378 -0.042047787457704544 0.03700950741767882
v -0.04797180369496342 -0.045990847051143646 0.04213073477149008
v -0.05235310643911358 -0.04069481045007706 0.04251101985573767
v -0.05235310643911358 -0.04069481045007706 0.04251101985573767
v -0.04797180369496342 -0.045990847051143646 0.04213073477149008
v -0.04709674790501591 -0.04263747110962868 0.052597153931856135
v -0.05235310643911358 -0.04069481045007706 0.04251101985573767
v -0.04709674790501591 -0.04263747110962868 0.052597153931856135
v -0.051310900598764385 -0.03687428683042526 0.05324709415435789
v -0.051310900598764385 -0.03687428683042526 0.05324709415435789
v -0.04709674790501591 -0.04263747110962868 0.052597153931856135
v -0.046241000294685336 -0.03802952542901039 0.06327454745769498
v -0.051310900598764385 -0.03687428683042526 0.05324709415435789
v -0.046241000294685336 -0.03802952542901039 0.06327454745769498
v -0.050261169672012294 -0.03183261677622795 0.0641156807541847
v -0.050261169672012294 -0.03183261677622795 0.0641156807541847
v -0.046241000294685336 -0.03802952542901039 0.06327454745769498
v -0.04538720473647115 -0.03180256113409996 0.07421669363975522
v -0.050261169672012294 -0.03183261677622795 0.0641156807541847
v -0.04538720473647115 -0.03180256113409996 0.07421669363975522
v -0.04922392219305035 -0.02533763460814953 0.07521988451480863
v -0.04922392219305035 -0.02533763460814953 0.07521988451480863
v -0.04538720473647115 -0.03180256113409996 0.07421669363975522
v -0.04438494518399236 -0.024086641147732735 0.08472266793251035
v -0.04922392219305035 -0.02533763460814953 0.07521988451480863
v -0.04438494518399236 -0.024086641147732735 0.08472266793251035
v -0.05249588564038273 -0.01855074241757393 0.07628066837787625
v -0.04299027100205419 0.016385555267333984 0.13877318799495691
v -0.049261547625064815 0.024787474423646927 0.14280256628990168
v -0.0420095510780811 0.01220453716814518 0.12982341647148127
v -0.0420095510780811 0.01220453716814518 0.12982341647148127
v -0.049261547625064815 0.024787474423646927 0.14280256628990168
v -0.04873427748680111 0.023034509271383286 0.13769483566284174
v -0.0420095510780811 0.01220453716814518 0.12982341647148127
v -0.04873427748680111 0.023034509271383286 0.13769483566284174
v -0.04164395853877065 0.006528808735311031 0.12098322808742519
v -0.04164395853877065 0.006528808735311031 0.12098322808742519
v -0.04873427748680111 0.023034509271383286 0.13769483566284174
v -0.04821990057826039 0.01825617253780365 0.12757080793380732
v -0.04164395853877065 0.006528808735311031 0.12098322808742519
v -0.04821990057826039 0.01825617253780365 0.12757080793380732
v -0.04181356355547902 -0.00018945528427138925 0.11222033947706218
v -0.04181356355547902 -0.00018945528427138925 0.11222033947706218
v -0.04821990057826039 0.01825617253780365 0.12757080793380732
v -0.04833501949906346 0.012186743319034576 0.11757291853427883
v -0.04181356355547902 -0.00018945528427138925 0.11222033947706218
v -0.04833501949906346 0.012186743319034576 0.11757291853427883
v -0.042412094771862 -0.007708541117608547 0.1034264117479324
v -0.042412094771862 -0.007708541117608547 0.1034264117479324
v -0.04833501949906346 0.012186743319034576 0.11757291853427883
v -0.04895874112844464 0.005136721767485142 0.1076479852199554
v -0.042412094771862 -0.007708541117608547 0.1034264117479324
v -0.04895874112844464 0.005136721767485142 0.1076479852199554
v -0.0433227829635143 -0.01579967699944973 0.09437838941812512
v -0.0433227829635143 -0.01579967699944973 0.09437838941812512
v -0.04895874112844464 0.005136721767485142 0.1076479852199554
v -0.04996837675571438 -0.002625112421810627 0.09763345867395398
v -0.0433227829635143 -0.01579967699944973 0.09437838941812512
v -0.04996837675571438 -0.002625112421810627 0.09763345867395398
v -0.04438494518399236 -0.024086641147732735 0.08472266793251035
v -0.04438494518399236 -0.024086641147732735 0.08472266793251035
v -0.04996837675571438 -0.002625112421810627 0.09763345867395398
v -0.051211163401603664 -0.01073854323476553 0.0872472748160362
v -0.04438494518399236 -0.024086641147732735 0.08472266793251035
v -0.051211163401603664 -0.01073854323476553 0.0872472748160362
v -0.05249588564038273 -0.01855074241757393 0.07628066837787625
v -0.046184930950403186 0.01715700514614582 0.15533681213855738
v -0.053891189396381343 0.022976716980338097 0.16634835302829737
v -0.045353088527917834 0.018061503767967224 0.15161278843879694
v -0.045353088527917834 0.018061503767967224 0.15161278843879694
v -0.053891189396381343 0.022976716980338097 0.16634835302829737
v -0.05287343263626095 0.02496786043047905 0.16231384873390192
v -0.045353088527917834 0.018061503767967224 0.15161278843879694
v -0.05287343263626095 0.02496786043047905 0.16231384873390192
v -0.044502999633550616 0.018233051523566246 0.14754156768321985
v -0.044502999633550616 0.018233051523566246 0.14754156768321985
v -0.05287343263626095 0.02496786043047905 0.16231384873390192
v -0.051833916455507244 0.026144525036215782 0.15780733525753016
v -0.044502999633550616 0.018233051523566246 0.14754156768321985
v -0.051833916455507244 0.026144525036215782 0.15780733525753016
v -0.04369684681296346 0.01765681616961956 0.143222764134407
v -0.04369684681296346 0.01765681616961956 0.143222764134407
v -0.051833916455507244 0.026144525036215782 0.15780733525753016
v -0.050844974815845455 0.02646649070084095 0.1529573649168014
v -0.04369684681296346 0.01765681616961956 0.143222764134407
v -0.050844974815845455 0.02646649070084095 0.1529573649168014
v -0.04299027100205419 0.016385555267333984 0.13877318799495691
v -0.04299027100205419 0.016385555267333984 0.13877318799495691
v -0.050844974815845455 0.02646649070084095 0.1529573649168014
v -0.04997217655181881 0.025976531207561493 0.14791402220726008
v -0.04299027100205419 0.016385555267333984 0.13877318799495691
v -0.04997217655181881 0.025976531207561493 0.14791402220726008
v -0.049261547625064815 0.024787474423646927 0.14280256628990168
v -0.06161646544933315 0.0005000000237487257 0.18675406277179712
v -0.06293994933366771 0.0005000000237487257 0.19005441665649409
v -0.05684490874409672 0.0016069590346887708 0.17816361784934992
v -0.05684490874409672 0.0016069590346887708 0.17816361784934992
v -0.06293994933366771 0.0005000000237487257 0.19005441665649409
v -0.05683050677180287 0.004226458724588156 0.17784582078456873
v -0.05684490874409672 0.0016069590346887708 0.17816361784934992
v -0.05683050677180287 0.004226458724588156 0.17784582078456873
v -0.0484538450837135 0.0036093564704060555 0.16729415953159327
v -0.0484538450837135 0.0036093564704060555 0.16729415953159327
v -0.05683050677180287 0.004226458724588156 0.17784582078456873
v -0.04835226386785504 0.007415685337036848 0.1658641397953033
v -0.062130961567163426 0.015720902010798454 0.18719287216663355
v -0.05561267212033268 0.01694769226014614 0.17273066937923426
v -0.05622744560241696 0.013118830509483814 0.17502948641777033
v -0.05622744560241696 0.013118830509483814 0.17502948641777033
v -0.05561267212033268 0.01694769226014614 0.17273066937923426
v -0.04757576063275334 0.013395288959145546 0.16153006255626673
v -0.05622744560241696 0.013118830509483814 0.17502948641777033
v -0.04757576063275334 0.013395288959145546 0.16153006255626673
v -0.04805464670062062 0.010660373605787754 0.1639456450939178
v -0.06627469509840007 0.012119660153985023 0.20164437592029566
v -0.062130961567163426 0.015720902010798454 0.18719287216663355
v -0.06266389042139049 0.010468476451933384 0.18878802657127375
v -0.06266389042139049 0.010468476451933384 0.18878802657127375
v -0.062130961567163426 0.015720902010798454 0.18719287216663355
v -0.05622744560241696 0.013118830509483814 0.17502948641777033
v -0.06266389042139049 0.010468476451933384 0.18878802657127375
v -0.05622744560241696 0.013118830509483814 0.17502948641777033
v -0.05663882941007611 0.008870422840118408 0.17671692371368403
v -0.05663882941007611 0.008870422840118408 0.17671692371368403
v -0.05622744560241696 0.013118830509483814 0.17502948641777033
v -0.04805464670062062 0.010660373605787754 0.1639456450939178
v -0.05663882941007611 0.008870422840118408 0.17671692371368403
v -0.04805464670062062 0.010660373605787754 0.1639456450939178
v -0.04835226386785504 0.007415685337036848 0.1658641397953033
v -0.06138205155730243 0.02062157541513443 0.18490265309810633
v -0.06044459342956539 0.025053000077605247 0.18190431594848627
v -0.05482149496674534 0.020266659557819366 0.16983202099800104
v -0.05482149496674534 0.020266659557819366 0.16983202099800104
v -0.06044459342956539 0.025053000077605247 0.18190431594848627
v -0.053891189396381343 0.022976716980338097 0.16634835302829737
v -0.053891189396381343 0.022976716980338097 0.16634835302829737
v -0.06044459342956539 0.025053000077605247 0.18190431594848627
v -0.05935769900679584 0.028883447870612144 0.17819775640964503
v -0.053891189396381343 0.022976716980338097 0.16634835302829737
v -0.05935769900679584 0.028883447870612144 0.17819775640964503
v -0.05287343263626095 0.02496786043047905 0.16231384873390192
v -0.05287343263626095 0.02496786043047905 0.16231384873390192
v -0.05935769900679584 0.028883447870612144 0.17819775640964503
v -0.05817679315805431 0.031968481838703156 0.17381455004215235
v -0.05287343263626095 0.02496786043047905 0.16231384873390192
v -0.05817679315805431 0.031968481838703156 0.17381455004215235
v -0.051833916455507244 0.026144525036215782 0.15780733525753016
v -0.051833916455507244 0.026144525036215782 0.15780733525753016
v -0.05817679315805431 0.031968481838703156 0.17381455004215235
v -0.05697323381900784 0.0341796800494194 0.16884265840053553
v -0.051833916455507244 0.026144525036215782 0.15780733525753016
v -0.05697323381900784 0.0341796800494194 0.16884265840053553
v -0.050844974815845455 0.02646649070084095 0.1529573649168014
v -0.050844974815845455 0.02646649070084095 0.1529573649168014
v -0.05697323381900784 0.0341796800494194 0.16884265840053553
v -0.05582620948553082 0.035449445247650146 0.16343002021312708
v -0.050844974815845455 0.02646649070084095 0.1529573649168014
v -0.05582620948553082 0.035449445247650146 0.16343002021312708
v -0.04997217655181881 0.025976531207561493 0.14791402220726008
v -0.04997217655181881 0.025976531207561493 0.14791402220726008
v -0.05582620948553082 0.035449445247650146 0.16343002021312708
v -0.05480788648128506 0.03580259531736374 0.15775217115879053
v -0.04997217655181881 0.025976531207561493 0.14791402220726008
v -0.05480788648128506 0.03580259531736374 0.15775217115879053
v -0.049261547625064815 0.024787474423646927 0.14280256628990168
v -0.049261547625064815 0.024787474423646927 0.14280256628990168
v -0.05480788648128506 0.03580259531736374 0.15775217115879053
v -0.05396915972232815 0.035345256328582764 0.15196053683757776
v -0.049261547625064815 0.024787474423646927 0.14280256628990168
v -0.05396915972232815 0.035345256328582764 0.15196053683757776
v -0.04873427748680111 0.023034509271383286 0.13769483566284174
v -0.04873427748680111 0.023034509271383286 0.13769483566284174
v -0.05396915972232815 0.035345256328582764 0.15196053683757776
v -0.05333387106657025 0.034216221421957016 0.14615011215209955
v -0.04873427748680111 0.023034509271383286 0.13769483566284174
v -0.05333387106657025 0.034216221421957016 0.14615011215209955
v -0.04821990057826039 0.01825617253780365 0.12757080793380732
v -0.04821990057826039 0.01825617253780365 0.12757080793380732
v -0.05333387106657025 0.034216221421957016 0.14615011215209955
v -0.052665662020444835 0.030409440398216248 0.1346223503351211
v -0.04821990057826039 0.01825617253780365 0.12757080793380732
v -0.052665662020444835 0.030409440398216248 0.1346223503351211
v -0.04833501949906346 0.012186743319034576 0.11757291853427883
v -0.04833501949906346 0.012186743319034576 0.11757291853427883
v -0.052665662020444835 0.030409440398216248 0.1346223503351211
v -0.05270452424883839 0.025042496621608734 0.12329517304897304
v -0.04833501949906346 0.012186743319034576 0.11757291853427883
v -0.05270452424883839 0.025042496621608734 0.12329517304897304
v -0.04895874112844464 0.005136721767485142 0.1076479852199554
v -0.04895874112844464 0.005136721767485142 0.1076479852199554
v -0.05270452424883839 0.025042496621608734 0.12329517304897304
v -0.05332180857658383 0.01852721907198429 0.11217164993286129
v -0.04895874112844464 0.005136721767485142 0.1076479852199554
v -0.05332180857658383 0.01852721907198429 0.11217164993286129
v -0.04996837675571438 -0.002625112421810627 0.09763345867395398
v -0.04996837675571438 -0.002625112421810627 0.09763345867395398
v -0.05332180857658383 0.01852721907198429 0.11217164993286129
v -0.05439444258809086 0.011191419325768948 0.10114659368991849
v -0.04996837675571438 -0.002625112421810627 0.09763345867395398
v -0.05439444258809086 0.011191419325768948 0.10114659368991849
v -0.051211163401603664 -0.01073854323476553 0.0872472748160362
v -0.051211163401603664 -0.01073854323476553 0.0872472748160362
v -0.05439444258809086 0.011191419325768948 0.10114659368991849
v -0.055785965174436535 0.0033836986403912306 0.09001362323760984
v -0.051211163401603664 -0.01073854323476553 0.0872472748160362
v -0.055785965174436535 0.0033836986403912306 0.09001362323760984
v -0.05249588564038273 -0.01855074241757393 0.07628066837787625
v -0.05249588564038273 -0.01855074241757393 0.07628066837787625
v -0.055785965174436535 0.0033836986403912306 0.09001362323760984
v -0.057337284088134724 -0.004377510864287615 0.07859732210636136
v -0.05249588564038273 -0.01855074241757393 0.07628066837787625
v -0.057337284088134724 -0.004377510864287615 0.07859732210636136
v -0.053725760430097545 -0.02528425119817257 0.06502179056406018
v -0.05333387106657025 0.034216221421957016 0.14615011215209955
v -0.05542615801095959 0.04434360936284065 0.14862352609634394
v -0.052665662020444835 0.030409440398216248 0.1346223503351211
v -0.052665662020444835 0.030409440398216248 0.1346223503351211
v -0.05542615801095959 0.04434360936284065 0.14862352609634394
v -0.055126663297414745 0.042661868035793304 0.14214693009853357
v -0.052665662020444835 0.030409440398216248 0.1346223503351211
v -0.055126663297414745 0.042661868035793304 0.14214693009853357
v -0.05270452424883839 0.025042496621608734 0.12329517304897304
v -0.05270452424883839 0.025042496621608734 0.12329517304897304
v -0.055126663297414745 0.042661868035793304 0.14214693009853357
v -0.055080402642488445 0.03798648715019226 0.12943901121616358
v -0.05270452424883839 0.025042496621608734 0.12329517304897304
v -0.055080402642488445 0.03798648715019226 0.12943901121616358
v -0.05332180857658383 0.01852721907198429 0.11217164993286129
v -0.05332180857658383 0.01852721907198429 0.11217164993286129
v -0.055080402642488445 0.03798648715019226 0.12943901121616358
v -0.055663626641035045 0.03199918568134308 0.1170883327722549
v -0.05332180857658383 0.01852721907198429 0.11217164993286129
v -0.055663626641035045 0.03199918568134308 0.1170883327722549
v -0.05439444258809086 0.011191419325768948 0.10114659368991849
v -0.05439444258809086 0.011191419325768948 0.10114659368991849
v -0.055663626641035045 0.03199918568134308 0.1170883327722549
v -0.05675653740763661 0.02510690689086914 0.10503182560205455
v -0.05439444258809086 0.011191419325768948 0.10114659368991849
v -0.05675653740763661 0.02510690689086914 0.10503182560205455
v -0.055785965174436535 0.0033836986403912306 0.09001362323760984
v -0.055785965174436535 0.0033836986403912306 0.09001362323760984
v -0.05675653740763661 0.02510690689086914 0.10503182560205455
v -0.05999608337879177 0.010043065994977951 0.08122341334819791
v -0.055785965174436535 0.0033836986403912306 0.09001362323760984
v -0.05999608337879177 0.010043065994977951 0.08122341334819791
v -0.057337284088134724 -0.004377510864287615 0.07859732210636136
v -0.057337284088134724 -0.004377510864287615 0.07859732210636136
v -0.05999608337879177 0.010043065994977951 0.08122341334819791
v -0.05894697830080982 -0.011488504707813263 0.06702489405870435
v -0.057337284088134724 -0.004377510864287615 0.07859732210636136
v -0.05894697830080982 -0.011488504707813263 0.06702489405870435
v -0.053725760430097545 -0.02528425119817257 0.06502179056406018
v -0.053725760430097545 -0.02528425119817257 0.06502179056406018
v -0.05894697830080982 -0.011488504707813263 0.06702489405870435
v -0.05808552727103229 -0.024317273870110512 0.05471098795533178
v -0.053725760430097545 -0.02528425119817257 0.06502179056406018
v -0.05808552727103229 -0.024317273870110512 0.05471098795533178
v -0.05498139560222622 -0.03074125573039055 0.05395304784178732
v -0.05498139560222622 -0.03074125573039055 0.05395304784178732
v -0.05808552727103229 -0.024317273870110512 0.05471098795533178
v -0.05948769673705097 -0.028999561443924904 0.04336355999112128
v -0.05498139560222622 -0.03074125573039055 0.05395304784178732
v -0.05948769673705097 -0.028999561443924904 0.04336355999112128
v -0.05620209872722622 -0.035009559243917465 0.042922955006360994
v -0.05620209872722622 -0.035009559243917465 0.042922955006360994
v -0.05948769673705097 -0.028999561443924904 0.04336355999112128
v -0.06000166386365886 -0.03068288043141365 0.03748559579253195
v -0.05620209872722622 -0.035009559243917465 0.042922955006360994
v -0.06000166386365886 -0.03068288043141365 0.03748559579253195
v -0.05664478242397305 -0.03653711825609207 0.03723981231451033
v -0.05664478242397305 -0.03653711825609207 0.03723981231451033
v -0.06000166386365886 -0.03068288043141365 0.03748559579253195
v -0.06023668870329853 -0.03136672079563141 0.03299999982118605
v -0.05664478242397305 -0.03653711825609207 0.03723981231451033
v -0.06023668870329853 -0.03136672079563141 0.03299999982118605
v -0.05842108651995655 -0.03462642803788185 0.03299999982118605
v -0.04835226386785504 0.007415685337036848 0.1658641397953033
v -0.05683050677180287 0.004226458724588156 0.17784582078456873
v -0.05663882941007611 0.008870422840118408 0.17671692371368403
v -0.05663882941007611 0.008870422840118408 0.17671692371368403
v -0.05683050677180287 0.004226458724588156 0.17784582078456873
v -0.06296340376138683 0.0049323164857923985 0.1897571682929992
v -0.05663882941007611 0.008870422840118408 0.17671692371368403
v -0.06296340376138683 0.0049323164857923985 0.1897571682929992
v -0.06266389042139049 0.010468476451933384 0.18878802657127375
v -0.06266389042139049 0.010468476451933384 0.18878802657127375
v -0.06296340376138683 0.0049323164857923985 0.1897571682929992
v -0.06666149199008937 0.005688120611011982 0.20256698131561274
v -0.06266389042139049 0.010468476451933384 0.18878802657127375
v -0.06666149199008937 0.005688120611011982 0.20256698131561274
v -0.06627469509840007 0.012119660153985023 0.20164437592029566
v -0.06627469509840007 0.012119660153985023 0.20164437592029566
v -0.06666149199008937 0.005688120611011982 0.20256698131561274
v -0.06769814342260357 0.009115000255405903 0.2149050384759902
v -0.06627469509840007 0.012119660153985023 0.20164437592029566
v -0.06769814342260357 0.009115000255405903 0.2149050384759902
v -0.06751558184623714 0.011686171405017376 0.21448038518428794
v -0.06138205155730243 0.02062157541513443 0.18490265309810633
v -0.06480061262845989 0.02427237294614315 0.19769594073295588
v -0.06044459342956539 0.025053000077605247 0.18190431594848627
v -0.06044459342956539 0.025053000077605247 0.18190431594848627
v -0.06480061262845989 0.02427237294614315 0.19769594073295588
v -0.06375900655984874 0.029772596433758736 0.19456234574317927
v -0.06044459342956539 0.025053000077605247 0.18190431594848627
v -0.06375900655984874 0.029772596433758736 0.19456234574317927
v -0.05935769900679584 0.028883447870612144 0.17819775640964503
v -0.05935769900679584 0.028883447870612144 0.17819775640964503
v -0.06375900655984874 0.029772596433758736 0.19456234574317927
v -0.06256351619958873 0.03469192236661911 0.19062373042106623
v -0.05935769900679584 0.028883447870612144 0.17819775640964503
v -0.06256351619958873 0.03469192236661911 0.19062373042106623
v -0.05817679315805431 0.031968481838703156 0.17381455004215235
v -0.05817679315805431 0.031968481838703156 0.17381455004215235
v -0.06256351619958873 0.03469192236661911 0.19062373042106623
v -0.06127157062292095 0.038859736174345016 0.18590149283409113
v -0.05817679315805431 0.031968481838703156 0.17381455004215235
v -0.06127157062292095 0.038859736174345016 0.18590149283409113
v -0.05697323381900784 0.0341796800494194 0.16884265840053553
v -0.05697323381900784 0.0341796800494194 0.16884265840053553
v -0.06127157062292095 0.038859736174345016 0.18590149283409113
v -0.05995741486549373 0.04211924970149994 0.1804817765951156
v -0.05697323381900784 0.0341796800494194 0.16884265840053553
v -0.05995741486549373 0.04211924970149994 0.1804817765951156
v -0.05582620948553082 0.035449445247650146 0.16343002021312708
v -0.05582620948553082 0.035449445247650146 0.16343002021312708
v -0.05995741486549373 0.04211924970149994 0.1804817765951156
v -0.05870326608419414 0.04437357932329178 0.17451871931552881
v -0.05582620948553082 0.035449445247650146 0.16343002021312708
v -0.05870326608419414 0.04437357932329178 0.17451871931552881
v -0.05480788648128506 0.03580259531736374 0.15775217115879053
v -0.05480788648128506 0.03580259531736374 0.15775217115879053
v -0.05870326608419414 0.04437357932329178 0.17451871931552881
v -0.05758363381028171 0.04561992734670639 0.1682023406028747
v -0.05480788648128506 0.03580259531736374 0.15775217115879053
v -0.05758363381028171 0.04561992734670639 0.1682023406028747
v -0.05396915972232815 0.035345256328582764 0.15196053683757776
v -0.05396915972232815 0.035345256328582764 0.15196053683757776
v -0.05758363381028171 0.04561992734670639 0.1682023406028747
v -0.05665105208754536 0.04594333469867706 0.16170705854892725
v -0.05396915972232815 0.035345256328582764 0.15196053683757776
v -0.05665105208754536 0.04594333469867706 0.16170705854892725
v -0.05333387106657025 0.034216221421957016 0.14615011215209955
v -0.05333387106657025 0.034216221421957016 0.14615011215209955
v -0.05665105208754536 0.04594333469867706 0.16170705854892725
v -0.0559308938682079 0.045474182814359665 0.15515662729740137
v -0.05333387106657025 0.034216221421957016 0.14615011215209955
v -0.0559308938682079 0.045474182814359665 0.15515662729740137
v -0.05542615801095959 0.04434360936284065 0.14862352609634394
v -0.05542615801095959 0.04434360936284065 0.14862352609634394
v -0.0559308938682079 0.045474182814359665 0.15515662729740137
v -0.05625440180301663 0.055535051971673965 0.1582882553339004
v -0.05542615801095959 0.04434360936284065 0.14862352609634394
v -0.05625440180301663 0.055535051971673965 0.1582882553339004
v -0.056177169084548916 0.05537576228380203 0.15705539286136622
v -0.02280633151531218 -0.007137330714613199 0.11628752946853634
v -0.011422957293689244 -0.015073256567120552 0.11075325310230251
v -0.02329943515360354 -0.001013744855299592 0.12324576079845424
v -0.02329943515360354 -0.001013744855299592 0.12324576079845424
v -0.011422957293689244 -0.015073256567120552 0.11075325310230251
v -0.011681412346661084 -0.00832945667207241 0.11708015203475948
v -0.011422957293689244 -0.015073256567120552 0.11075325310230251
v -3.8726486108902885e-15 -0.021690847352147102 0.10596968233585354
v -0.011681412346661084 -0.00832945667207241 0.11708015203475948
v -0.011681412346661084 -0.00832945667207241 0.11708015203475948
v -3.8726486108902885e-15 -0.021690847352147102 0.10596968233585354
v -3.8730335873648156e-15 -0.01453140564262867 0.11189368367195125
v -0.011681412346661084 -0.00832945667207241 0.11708015203475948
v -3.8730335873648156e-15 -0.01453140564262867 0.11189368367195125
v -3.873108973297121e-15 -0.013129856437444687 0.11305338144302364
v -0.03577822446823118 0.011461270041763783 0.14199171960353846
v -0.035122688859701136 0.010678431950509548 0.13828453421592707
v -0.029779039323329905 0.00710630277171731 0.13411074876785273
v -0.029779039323329905 0.00710630277171731 0.13411074876785273
v -0.035122688859701136 0.010678431950509548 0.13828453421592707
v -0.03450469300150869 0.009272699244320393 0.1344261467456817
v -0.029779039323329905 0.00710630277171731 0.13411074876785273
v -0.03450469300150869 0.009272699244320393 0.1344261467456817
v -0.028801221400499323 0.0030316065531224012 0.12673507630825037
v -0.028801221400499323 0.0030316065531224012 0.12673507630825037
v -0.03450469300150869 0.009272699244320393 0.1344261467456817
v -0.03396748378872869 0.007300359196960926 0.13049532473087305
v -0.028801221400499323 0.0030316065531224012 0.12673507630825037
v -0.03396748378872869 0.007300359196960926 0.13049532473087305
v -0.033237818628549555 0.0020426581613719463 0.12264903634786602
v -0.006014110986143346 -0.005233589559793472 0.12077739089727398
v -3.873418563839343e-15 -0.007882589474320412 0.11836846917867656
v -3.876609760468123e-15 -0.007882582023739815 0.11836847662925716
v -3.876224783993596e-15 -0.0018154808785766363 0.12535677850246424
v -3.874038168440259e-15 0.0014811871806159616 0.12995842099189753
v -0.006405764259397979 0.0022402580361813307 0.13122868537902826
v -0.006405764259397979 0.0022402580361813307 0.13122868537902826
v -3.874038168440259e-15 0.0014811871806159616 0.12995842099189753
v -0.006517234258353706 0.0038817294407635927 0.13503961265087122
v -0.006405764259397979 0.0022402580361813307 0.13122868537902826
v -0.006517234258353706 0.0038817294407635927 0.13503961265087122
v -0.013049555011093608 0.004835252650082111 0.13737046718597407
v -3.8743807932674235e-15 0.004327503964304924 0.13764542341232294
v -0.013209748081862918 0.005277014337480068 0.1410109400749206
v -3.874307524917486e-15 0.004078802186995745 0.1358922123908996
v -3.874307524917486e-15 0.004078802186995745 0.1358922123908996
v -0.013209748081862918 0.005277014337480068 0.1410109400749206
v -0.013049555011093608 0.004835252650082111 0.13737046718597407
v -3.874307524917486e-15 0.004078802186995745 0.1358922123908996
v -0.013049555011093608 0.004835252650082111 0.13737046718597407
v -3.875839807519069e-15 0.002932355273514986 0.13327336311340326
v -3.875839807519069e-15 0.002932355273514986 0.13327336311340326
v -0.013049555011093608 0.004835252650082111 0.13737046718597407
v -0.006517234258353706 0.0038817294407635927 0.13503961265087122
v -3.875839807519069e-15 0.002932355273514986 0.13327336311340326
v -0.006517234258353706 0.0038817294407635927 0.13503961265087122
v -3.874188516788397e-15 0.0029323501512408257 0.13327334821224207
v -3.874188516788397e-15 0.0029323501512408257 0.13327334821224207
v -0.006517234258353706 0.0038817294407635927 0.13503961265087122
v -3.874038168440259e-15 0.0014811871806159616 0.12995842099189753
v -3.875454831044542e-15 0.0044710333459079266 0.14219665527343744
v -3.874670055018911e-15 0.003931780345737934 0.1444456279277801
v -0.01334606483578681 0.00392597122117877 0.14636056125164026
v -3.875454831044542e-15 0.0044710333459079266 0.14219665527343744
v -0.01334606483578681 0.00392597122117877 0.14636056125164026
v -3.874573493262924e-15 0.004471036605536938 0.14219665527343744
v -3.874788216115053e-15 0.002271890640258789 0.14670227468013758
v -3.874832685344784e-15 0.0017073971685022116 0.1469447016716003
v -0.01336495950818061 0.0017368709668517113 0.1484177261590957
v -0.01336495950818061 0.0017368709668517113 0.1484177261590957
v -3.874832685344784e-15 0.0017073971685022116 0.1469447016716003
v -0.013365084305405608 0.0006994509021751583 0.14876392483711237
v -0.01336495950818061 0.0017368709668517113 0.1484177261590957
v -0.013365084305405608 0.0006994509021751583 0.14876392483711237
v -0.019901145249605165 0.0007517190533690155 0.15041673183441157
v -0.019901145249605165 0.0007517190533690155 0.15041673183441157
v -0.013365084305405608 0.0006994509021751583 0.14876392483711237
v -0.017698390409350385 0.0005000000237487257 0.14982068538665766
v -0.019901145249605165 0.0007517190533690155 0.15041673183441157
v -0.017698390409350385 0.0005000000237487257 0.14982068538665766
v -0.019871769472956644 0.0005000000237487257 0.15053649246692652
v -3.8749271295184025e-15 0.0005000000237487257 0.1474632024765014
v -0.003020113334059713 0.0005000000237487257 0.14753136038780207
v -3.874952964023294e-15 0.0006458100979216397 0.14740058779716486
v -3.874952964023294e-15 0.0006458100979216397 0.14740058779716486
v -0.003020113334059713 0.0005000000237487257 0.14753136038780207
v -0.010430488735437386 0.0005000000237487257 0.1482762694358825
v -3.874952964023294e-15 0.0006458100979216397 0.14740058779716486
v -0.010430488735437386 0.0005000000237487257 0.1482762694358825
v -3.874915694573615e-15 0.0006458229036070406 0.14740058779716486
v -3.874915694573615e-15 0.0006458229036070406 0.14740058779716486
v -0.010430488735437386 0.0005000000237487257 0.1482762694358825
v -0.013365084305405608 0.0006994509021751583 0.14876392483711237
v -3.874915694573615e-15 0.0006458229036070406 0.14740058779716486
v -0.013365084305405608 0.0006994509021751583 0.14876392483711237
v -3.875140158304637e-15 0.0017073842464014888 0.1469447016716003
v -3.875140158304637e-15 0.0017073842464014888 0.1469447016716003
v -0.013365084305405608 0.0006994509021751583 0.14876392483711237
v -3.874832685344784e-15 0.0017073971685022116 0.1469447016716003
v -3.874670055018911e-15 0.003931780345737934 0.1444456279277801
v -3.875358269288555e-15 0.003931777086108923 0.1444456428289413
v -0.01334606483578681 0.00392597122117877 0.14636056125164026
v -0.01334606483578681 0.00392597122117877 0.14636056125164026
v -3.875358269288555e-15 0.003931777086108923 0.1444456428289413
v -3.874684454579014e-15 0.0038508055731654167 0.14478333294391627
v -0.01334606483578681 0.00392597122117877 0.14636056125164026
v -3.874684454579014e-15 0.0038508055731654167 0.14478333294391627
v -0.0133618963882327 0.002620021579787135 0.1478519886732101
v -0.0133618963882327 0.002620021579787135 0.1478519886732101
v -3.874684454579014e-15 0.0038508055731654167 0.14478333294391627
v -3.874766193258424e-15 0.002608013339340687 0.14629377424716944
v -0.0133618963882327 0.002620021579787135 0.1478519886732101
v -3.874766193258424e-15 0.002608013339340687 0.14629377424716944
v -3.875262131049042e-15 0.002608004491776228 0.14629377424716944
v -3.8743807932674235e-15 0.004327503964304924 0.13764542341232294
v -3.875647531040042e-15 0.004327505826950073 0.13764543831348414
v -0.013209748081862918 0.005277014337480068 0.1410109400749206
v -0.013209748081862918 0.005277014337480068 0.1410109400749206
v -3.875647531040042e-15 0.004327505826950073 0.13764543831348414
v -3.8745171655719315e-15 0.004786491394042969 0.14088103175163263
v -0.013209748081862918 0.005277014337480068 0.1410109400749206
v -3.8745171655719315e-15 0.004786491394042969 0.14088103175163263
v -0.013315662741661063 0.004731445573270321 0.1446451991796493
v -3.875262131049042e-15 0.002608004491776228 0.14629377424716944
v -3.874788216115053e-15 0.002271890640258789 0.14670227468013758
v -0.0133618963882327 0.002620021579787135 0.1478519886732101
v -0.0133618963882327 0.002620021579787135 0.1478519886732101
v -3.874788216115053e-15 0.002271890640258789 0.14670227468013758
v -0.01336495950818061 0.0017368709668517113 0.1484177261590957
v -0.0133618963882327 0.002620021579787135 0.1478519886732101
v -0.01336495950818061 0.0017368709668517113 0.1484177261590957
v -0.01990662701427935 0.0026726473588496447 0.14958767592906946
v -0.01990662701427935 0.0026726473588496447 0.14958767592906946
v -0.01336495950818061 0.0017368709668517113 0.1484177261590957
v -0.019901145249605165 0.0007517190533690155 0.15041673183441157
v -0.01990662701427935 0.0026726473588496447 0.14958767592906946
v -0.019901145249605165 0.0007517190533690155 0.15041673183441157
v -0.026246560737490637 0.000823832699097693 0.15271021425724024
v -0.026246560737490637 0.000823832699097693 0.15271021425724024
v -0.019901145249605165 0.0007517190533690155 0.15041673183441157
v -0.02473193965852259 0.0005000000237487257 0.15213720500469202
v -0.026246560737490637 0.000823832699097693 0.15271021425724024
v -0.02473193965852259 0.0005000000237487257 0.15213720500469202
v -0.026213718578219396 0.0005000000237487257 0.15281197428703303
v -0.03700746968388555 0.011154314503073692 0.14872017502784723
v -0.036421988159418085 0.01161289494484663 0.14548277854919428
v -0.03088807687163351 0.009000885300338268 0.1410887092351913
v -0.03088807687163351 0.009000885300338268 0.1410887092351913
v -0.036421988159418085 0.01161289494484663 0.14548277854919428
v -0.030337465927004793 0.008340224623680115 0.13767428696155543
v -0.03088807687163351 0.009000885300338268 0.1410887092351913
v -0.030337465927004793 0.008340224623680115 0.13767428696155543
v -0.024559119716286642 0.005370486062020063 0.13372075557708735
v -0.024559119716286642 0.005370486062020063 0.13372075557708735
v -0.030337465927004793 0.008340224623680115 0.13767428696155543
v -0.02409908361732958 0.0037061250768601894 0.13026930391788477
v -0.024559119716286642 0.005370486062020063 0.13372075557708735
v -0.02409908361732958 0.0037061250768601894 0.13026930391788477
v -0.018173517659306516 0.000502358132507652 0.12677261233329767
v -0.018173517659306516 0.000502358132507652 0.12677261233329767
v -0.02409908361732958 0.0037061250768601894 0.13026930391788477
v -0.02329943515360354 -0.001013744855299592 0.12324576079845424
v -0.018173517659306516 0.000502358132507652 0.12677261233329767
v -0.02329943515360354 -0.001013744855299592 0.12324576079845424
v -0.012108475901186458 -0.0024838456884026527 0.12361430376768108
v -0.012108475901186458 -0.0024838456884026527 0.12361430376768108
v -0.02329943515360354 -0.001013744855299592 0.12324576079845424
v -0.011681412346661084 -0.00832945667207241 0.11708015203475948
v -0.012108475901186458 -0.0024838456884026527 0.12361430376768108
v -0.011681412346661084 -0.00832945667207241 0.11708015203475948
v -0.006014110986143346 -0.005233589559793472 0.12077739089727398
v -0.006014110986143346 -0.005233589559793472 0.12077739089727398
v -0.011681412346661084 -0.00832945667207241 0.11708015203475948
v -3.873108973297121e-15 -0.013129856437444687 0.11305338144302364
v -0.006014110986143346 -0.005233589559793472 0.12077739089727398
v -3.873108973297121e-15 -0.013129856437444687 0.11305338144302364
v -3.873418563839343e-15 -0.007882589474320412 0.11836846917867656
v -0.018889460712671266 0.004202406387776136 0.13350975513458246
v -0.019220918416976915 0.0053483122028410435 0.13686086237430567
v -0.025434263050556166 0.00714843487367034 0.14036819338798517
v -0.025434263050556166 0.00714843487367034 0.14036819338798517
v -0.019220918416976915 0.0053483122028410435 0.13686086237430567
v -0.02578804083168505 0.007209956180304289 0.1435504555702209
v -0.025434263050556166 0.00714843487367034 0.14036819338798517
v -0.02578804083168505 0.007209956180304289 0.1435504555702209
v -0.031811874359846094 0.008600343018770218 0.14738531410694117
v -0.031811874359846094 0.008600343018770218 0.14738531410694117
v -0.02578804083168505 0.007209956180304289 0.1435504555702209
v -0.026054469868540747 0.006632376462221146 0.1466176956892013
v -0.031811874359846094 0.008600343018770218 0.14738531410694117
v -0.026054469868540747 0.006632376462221146 0.1466176956892013
v -0.03212566673755644 0.007494496647268534 0.15023194253444666
v -0.03212566673755644 0.007494496647268534 0.15023194253444666
v -0.026054469868540747 0.006632376462221146 0.1466176956892013
v -0.02621584199368952 0.005268349777907133 0.14949417114257807
v -0.03212566673755644 0.007494496647268534 0.15023194253444666
v -0.02621584199368952 0.005268349777907133 0.14949417114257807
v -0.03231162950396536 0.005685536656528711 0.15280288457870478
v -0.032358597964048365 0.0029244583565741777 0.1549596190452575
v -0.03231162950396536 0.005685536656528711 0.15280288457870478
v -0.026253353804349882 0.004204737022519112 0.1508082598447799
v -0.026253353804349882 0.004204737022519112 0.1508082598447799
v -0.03231162950396536 0.005685536656528711 0.15280288457870478
v -0.02621584199368952 0.005268349777907133 0.14949417114257807
v -0.026253353804349882 0.004204737022519112 0.1508082598447799
v -0.02621584199368952 0.005268349777907133 0.14949417114257807
v -0.01985787414014338 0.004946939181536436 0.1467683166265487
v -0.01985787414014338 0.004946939181536436 0.1467683166265487
v -0.02621584199368952 0.005268349777907133 0.14949417114257807
v -0.026054469868540747 0.006632376462221146 0.1466176956892013
v -0.01985787414014338 0.004946939181536436 0.1467683166265487
v -0.026054469868540747 0.006632376462221146 0.1466176956892013
v -0.019721139222383485 0.005888736806809902 0.14353875815868372
v -0.019721139222383485 0.005888736806809902 0.14353875815868372
v -0.026054469868540747 0.006632376462221146 0.1466176956892013
v -0.02578804083168505 0.007209956180304289 0.1435504555702209
v -0.019721139222383485 0.005888736806809902 0.14353875815868372
v -0.02578804083168505 0.007209956180304289 0.1435504555702209
v -0.019504033029079423 0.005949744023382664 0.1402082592248916
v -0.019504033029079423 0.005949744023382664 0.1402082592248916
v -0.02578804083168505 0.007209956180304289 0.1435504555702209
v -0.019220918416976915 0.0053483122028410435 0.13686086237430567
v -0.019504033029079423 0.005949744023382664 0.1402082592248916
v -0.019220918416976915 0.0053483122028410435 0.13686086237430567
v -0.012845419347286216 0.0037067036610096693 0.1338151097297668
v -0.012845419347286216 0.0037067036610096693 0.1338151097297668
v -0.019220918416976915 0.0053483122028410435 0.13686086237430567
v -0.012609870173037043 0.0020551516208797693 0.13034905493259424
v -0.012845419347286216 0.0037067036610096693 0.1338151097297668
v -0.012609870173037043 0.0020551516208797693 0.13034905493259424
v -0.006279203575104471 9.997784218285233e-05 0.1276013404130935
v -3.8745171655719315e-15 0.004786491394042969 0.14088103175163263
v -3.874573493262924e-15 0.004471036605536938 0.14219665527343744
v -0.013315662741661063 0.004731445573270321 0.1446451991796493
v -0.013315662741661063 0.004731445573270321 0.1446451991796493
v -3.874573493262924e-15 0.004471036605536938 0.14219665527343744
v -0.01334606483578681 0.00392597122117877 0.14636056125164026
v -0.013315662741661063 0.004731445573270321 0.1446451991796493
v -0.01334606483578681 0.00392597122117877 0.14636056125164026
v -0.01989304274320601 0.004024271387606859 0.1482712179422378
v -0.01989304274320601 0.004024271387606859 0.1482712179422378
v -0.01334606483578681 0.00392597122117877 0.14636056125164026
v -0.01990662701427935 0.0026726473588496447 0.14958767592906946
v -0.01989304274320601 0.004024271387606859 0.1482712179422378
v -0.01990662701427935 0.0026726473588496447 0.14958767592906946
v -0.02626263350248335 0.0027755519840866327 0.1519643366336822
v -0.02626263350248335 0.0027755519840866327 0.1519643366336822
v -0.01990662701427935 0.0026726473588496447 0.14958767592906946
v -0.026246560737490637 0.000823832699097693 0.15271021425724024
v -0.02626263350248335 0.0027755519840866327 0.1519643366336822
v -0.026246560737490637 0.000823832699097693 0.15271021425724024
v -0.03233353793621061 0.0009143776842392981 0.15562248229980463
v -0.03233353793621061 0.0009143776842392981 0.15562248229980463
v -0.026246560737490637 0.000823832699097693 0.15271021425724024
v -0.026213718578219396 0.0005000000237487257 0.15281197428703303
v -0.03233353793621061 0.0009143776842392981 0.15562248229980463
v -0.026213718578219396 0.0005000000237487257 0.15281197428703303
v -0.03144410252571104 0.0005000000237487257 0.15519377589225763
v -3.87380354031387e-15 -0.001815487747080624 0.12535677850246424
v -3.876224783993596e-15 -0.0018154808785766363 0.12535677850246424
v -0.006279203575104471 9.997784218285233e-05 0.1276013404130935
v -0.006279203575104471 9.997784218285233e-05 0.1276013404130935
v -3.876224783993596e-15 -0.0018154808785766363 0.12535677850246424
v -0.006405764259397979 0.0022402580361813307 0.13122868537902826
v -0.006279203575104471 9.997784218285233e-05 0.1276013404130935
v -0.006405764259397979 0.0022402580361813307 0.13122868537902826
v -0.012845419347286216 0.0037067036610096693 0.1338151097297668
v -0.012845419347286216 0.0037067036610096693 0.1338151097297668
v -0.006405764259397979 0.0022402580361813307 0.13122868537902826
v -0.013049555011093608 0.004835252650082111 0.13737046718597407
v -0.012845419347286216 0.0037067036610096693 0.1338151097297668
v -0.013049555011093608 0.004835252650082111 0.13737046718597407
v -0.019504033029079423 0.005949744023382664 0.1402082592248916
v -0.019504033029079423 0.005949744023382664 0.1402082592248916
v -0.013049555011093608 0.004835252650082111 0.13737046718597407
v -0.013209748081862918 0.005277014337480068 0.1410109400749206
v -0.019504033029079423 0.005949744023382664 0.1402082592248916
v -0.013209748081862918 0.005277014337480068 0.1410109400749206
v -0.019721139222383485 0.005888736806809902 0.14353875815868372
v -0.019721139222383485 0.005888736806809902 0.14353875815868372
v -0.013209748081862918 0.005277014337480068 0.1410109400749206
v -0.013315662741661063 0.004731445573270321 0.1446451991796493
v -0.019721139222383485 0.005888736806809902 0.14353875815868372
v -0.013315662741661063 0.004731445573270321 0.1446451991796493
v -0.01985787414014338 0.004946939181536436 0.1467683166265487
v -0.01985787414014338 0.004946939181536436 0.1467683166265487
v -0.013315662741661063 0.004731445573270321 0.1446451991796493
v -0.01989304274320601 0.004024271387606859 0.1482712179422378
v -0.01985787414014338 0.004946939181536436 0.1467683166265487
v -0.01989304274320601 0.004024271387606859 0.1482712179422378
v -0.026253353804349882 0.004204737022519112 0.1508082598447799
v -0.026253353804349882 0.004204737022519112 0.1508082598447799
v -0.01989304274320601 0.004024271387606859 0.1482712179422378
v -0.02626263350248335 0.0027755519840866327 0.1519643366336822
v -0.026253353804349882 0.004204737022519112 0.1508082598447799
v -0.02626263350248335 0.0027755519840866327 0.1519643366336822
v -0.032358597964048365 0.0029244583565741777 0.1549596190452575
v -0.032358597964048365 0.0029244583565741777 0.1549596190452575
v -0.02626263350248335 0.0027755519840866327 0.1519643366336822
v -0.03233353793621061 0.0009143776842392981 0.15562248229980463
v -0.032358597964048365 0.0029244583565741777 0.1549596190452575
v -0.03233353793621061 0.0009143776842392981 0.15562248229980463
v -0.03809910267591474 0.0010222691344097257 0.15912163257598871
v -0.03809910267591474 0.0010222691344097257 0.15912163257598871
v -0.03233353793621061 0.0009143776842392981 0.15562248229980463
v -0.03230166807770727 0.0005000000237487257 0.15570315718650812
v -0.03809910267591474 0.0010222691344097257 0.15912163257598871
v -0.03230166807770727 0.0005000000237487257 0.15570315718650812
v -0.037848308682441684 0.0005000000237487257 0.15899777412414545
v -0.03812893480062482 0.0031155396718531847 0.15853996574878687
v -0.04343974217772481 0.006768793798983097 0.16103085875511164
v -0.03807478398084638 0.006188865285366774 0.15666133165359492
v -0.03807478398084638 0.006188865285366774 0.15666133165359492
v -0.04343974217772481 0.006768793798983097 0.16103085875511164
v -0.043187793344259234 0.009521743282675743 0.15893730521202082
v -0.03807478398084638 0.006188865285366774 0.15666133165359492
v -0.043187793344259234 0.009521743282675743 0.15893730521202082
v -0.03785976767539975 0.008461989462375641 0.1543507575988769
v -0.03785976767539975 0.008461989462375641 0.1543507575988769
v -0.043187793344259234 0.009521743282675743 0.15893730521202082
v -0.04276969656348226 0.01170904841274023 0.15641437470912928
v -0.03785976767539975 0.008461989462375641 0.1543507575988769
v -0.04276969656348226 0.01170904841274023 0.15641437470912928
v -0.037496455013751956 0.010105297900736332 0.1516848057508468
v -0.0437577851116657 0.0005000000237487257 0.16344319283962244
v -0.048433598130941356 0.001286105252802372 0.16772723197937006
v -0.03809910267591474 0.0010222691344097257 0.15912163257598871
v -0.03809910267591474 0.0010222691344097257 0.15912163257598871
v -0.048433598130941356 0.001286105252802372 0.16772723197937006
v -0.03812893480062482 0.0031155396718531847 0.15853996574878687
v -0.03809910267591474 0.0010222691344097257 0.15912163257598871
v -0.03812893480062482 0.0031155396718531847 0.15853996574878687
v -0.032358597964048365 0.0029244583565741777 0.1549596190452575
v -0.032358597964048365 0.0029244583565741777 0.1549596190452575
v -0.03812893480062482 0.0031155396718531847 0.15853996574878687
v -0.03807478398084638 0.006188865285366774 0.15666133165359492
v -0.032358597964048365 0.0029244583565741777 0.1549596190452575
v -0.03807478398084638 0.006188865285366774 0.15666133165359492
v -0.03231162950396536 0.005685536656528711 0.15280288457870478
v -0.03231162950396536 0.005685536656528711 0.15280288457870478
v -0.03807478398084638 0.006188865285366774 0.15666133165359492
v -0.03785976767539975 0.008461989462375641 0.1543507575988769
v -0.03231162950396536 0.005685536656528711 0.15280288457870478
v -0.03785976767539975 0.008461989462375641 0.1543507575988769
v -0.03212566673755644 0.007494496647268534 0.15023194253444666
v -0.03212566673755644 0.007494496647268534 0.15023194253444666
v -0.03785976767539975 0.008461989462375641 0.1543507575988769
v -0.037496455013751956 0.010105297900736332 0.1516848057508468
v -0.03212566673755644 0.007494496647268534 0.15023194253444666
v -0.037496455013751956 0.010105297900736332 0.1516848057508468
v -0.031811874359846094 0.008600343018770218 0.14738531410694117
v -0.031811874359846094 0.008600343018770218 0.14738531410694117
v -0.037496455013751956 0.010105297900736332 0.1516848057508468
v -0.03139069676399229 0.009089754894375801 0.1443296074867248
v -0.031811874359846094 0.008600343018770218 0.14738531410694117
v -0.03139069676399229 0.009089754894375801 0.1443296074867248
v -0.025434263050556166 0.00714843487367034 0.14036819338798517
v -0.025434263050556166 0.00714843487367034 0.14036819338798517
v -0.03139069676399229 0.009089754894375801 0.1443296074867248
v -0.02501526102423666 0.006523955147713423 0.1370906382799148
v -0.025434263050556166 0.00714843487367034 0.14036819338798517
v -0.02501526102423666 0.006523955147713423 0.1370906382799148
v -0.018889460712671266 0.004202406387776136 0.13350975513458246
v -3.876609760468123e-15 -0.007882582023739815 0.11836847662925716
v -3.873646839218628e-15 -0.0040164305828511715 0.12228459864854808
v -0.006014110986143346 -0.005233589559793472 0.12077739089727398
v -0.006014110986143346 -0.005233589559793472 0.12077739089727398
v -3.873646839218628e-15 -0.0040164305828511715 0.12228459864854808
v -0.006279203575104471 9.997784218285233e-05 0.1276013404130935
v -0.006014110986143346 -0.005233589559793472 0.12077739089727398
v -0.006279203575104471 9.997784218285233e-05 0.1276013404130935
v -0.012108475901186458 -0.0024838456884026527 0.12361430376768108
v -0.012108475901186458 -0.0024838456884026527 0.12361430376768108
v -0.006279203575104471 9.997784218285233e-05 0.1276013404130935
v -0.012609870173037043 0.0020551516208797693 0.13034905493259424
v -0.012108475901186458 -0.0024838456884026527 0.12361430376768108
v -0.012609870173037043 0.0020551516208797693 0.13034905493259424
v -0.018173517659306516 0.000502358132507652 0.12677261233329767
v -0.018173517659306516 0.000502358132507652 0.12677261233329767
v -0.012609870173037043 0.0020551516208797693 0.13034905493259424
v -0.018889460712671266 0.004202406387776136 0.13350975513458246
v -0.018173517659306516 0.000502358132507652 0.12677261233329767
v -0.018889460712671266 0.004202406387776136 0.13350975513458246
v -0.024559119716286642 0.005370486062020063 0.13372075557708735
v -0.024559119716286642 0.005370486062020063 0.13372075557708735
v -0.018889460712671266 0.004202406387776136 0.13350975513458246
v -0.02501526102423666 0.006523955147713423 0.1370906382799148
v -0.024559119716286642 0.005370486062020063 0.13372075557708735
v -0.02501526102423666 0.006523955147713423 0.1370906382799148
v -0.03088807687163351 0.009000885300338268 0.1410887092351913
v -0.03088807687163351 0.009000885300338268 0.1410887092351913
v -0.02501526102423666 0.006523955147713423 0.1370906382799148
v -0.03139069676399229 0.009089754894375801 0.1443296074867248
v -0.03088807687163351 0.009000885300338268 0.1410887092351913
v -0.03139069676399229 0.009089754894375801 0.1443296074867248
v -0.03700746968388555 0.011154314503073692 0.14872017502784723
v -0.03700746968388555 0.011154314503073692 0.14872017502784723
v -0.03139069676399229 0.009089754894375801 0.1443296074867248
v -0.037496455013751956 0.010105297900736332 0.1516848057508468
v -0.03700746968388555 0.011154314503073692 0.14872017502784723
v -0.037496455013751956 0.010105297900736332 0.1516848057508468
v -0.04694115743041035 0.015578895807266235 0.1586524993181228
v -0.04694115743041035 0.015578895807266235 0.1586524993181228
v -0.037496455013751956 0.010105297900736332 0.1516848057508468
v -0.04276969656348226 0.01170904841274023 0.15641437470912928
v -0.04694115743041035 0.015578895807266235 0.1586524993181228
v -0.04276969656348226 0.01170904841274023 0.15641437470912928
v -0.04757576063275334 0.013395288959145546 0.16153006255626673
v -0.04757576063275334 0.013395288959145546 0.16153006255626673
v -0.04276969656348226 0.01170904841274023 0.15641437470912928
v -0.043187793344259234 0.009521743282675743 0.15893730521202082
v -0.04757576063275334 0.013395288959145546 0.16153006255626673
v -0.043187793344259234 0.009521743282675743 0.15893730521202082
v -0.04805464670062062 0.010660373605787754 0.1639456450939178
v -0.04805464670062062 0.010660373605787754 0.1639456450939178
v -0.043187793344259234 0.009521743282675743 0.15893730521202082
v -0.04343974217772481 0.006768793798983097 0.16103085875511164
v -0.04805464670062062 0.010660373605787754 0.1639456450939178
v -0.04343974217772481 0.006768793798983097 0.16103085875511164
v -0.04835226386785504 0.007415685337036848 0.1658641397953033
v -0.04835226386785504 0.007415685337036848 0.1658641397953033
v -0.04343974217772481 0.006768793798983097 0.16103085875511164
v -0.03812893480062482 0.0031155396718531847 0.15853996574878687
v -0.04835226386785504 0.007415685337036848 0.1658641397953033
v -0.03812893480062482 0.0031155396718531847 0.15853996574878687
v -0.0484538450837135 0.0036093564704060555 0.16729415953159327
v -0.0484538450837135 0.0036093564704060555 0.16729415953159327
v -0.03812893480062482 0.0031155396718531847 0.15853996574878687
v -0.048433598130941356 0.001286105252802372 0.16772723197937006
v -0.0484538450837135 0.0036093564704060555 0.16729415953159327
v -0.048433598130941356 0.001286105252802372 0.16772723197937006
v -0.05684490874409672 0.0016069590346887708 0.17816361784934992
v -0.05684490874409672 0.0016069590346887708 0.17816361784934992
v -0.048433598130941356 0.001286105252802372 0.16772723197937006
v -0.053964912891387905 0.0005000000237487257 0.17413085699081415
v -0.05684490874409672 0.0016069590346887708 0.17816361784934992
v -0.053964912891387905 0.0005000000237487257 0.17413085699081415
v -0.05676198005676266 0.0005000000237487257 0.17822597920894617
v -0.04164395853877065 0.006528808735311031 0.12098322808742519
v -0.03786236047744748 0.007019917014986277 0.1261408776044845
v -0.0420095510780811 0.01220453716814518 0.12982341647148127
v -0.0420095510780811 0.01220453716814518 0.12982341647148127
v -0.03786236047744748 0.007019917014986277 0.1261408776044845
v -0.03871581703424451 0.011762695387005806 0.13451497256755823
v -0.0420095510780811 0.01220453716814518 0.12982341647148127
v -0.03871581703424451 0.011762695387005806 0.13451497256755823
v -0.04299027100205419 0.016385555267333984 0.13877318799495691
v -0.04299027100205419 0.016385555267333984 0.13877318799495691
v -0.03871581703424451 0.011762695387005806 0.13451497256755823
v -0.03933747857809064 0.013395802117884159 0.1386937648057937
v -0.04299027100205419 0.016385555267333984 0.13877318799495691
v -0.03933747857809064 0.013395802117884159 0.1386937648057937
v -0.04369684681296346 0.01765681616961956 0.143222764134407
v -0.04369684681296346 0.01765681616961956 0.143222764134407
v -0.03933747857809064 0.013395802117884159 0.1386937648057937
v -0.04004956036806104 0.014396682381629944 0.14277119934558863
v -0.04369684681296346 0.01765681616961956 0.143222764134407
v -0.04004956036806104 0.014396682381629944 0.14277119934558863
v -0.044502999633550616 0.018233051523566246 0.14754156768321985
v -0.044502999633550616 0.018233051523566246 0.14754156768321985
v -0.04004956036806104 0.014396682381629944 0.14277119934558863
v -0.04080237075686452 0.01471010036766529 0.14664912223815912
v -0.044502999633550616 0.018233051523566246 0.14754156768321985
v -0.04080237075686452 0.01471010036766529 0.14664912223815912
v -0.045353088527917834 0.018061503767967224 0.15161278843879694
v -0.045353088527917834 0.018061503767967224 0.15161278843879694
v -0.04080237075686452 0.01471010036766529 0.14664912223815912
v -0.04153985157608983 0.014339009299874306 0.15024477243423456
v -0.045353088527917834 0.018061503767967224 0.15161278843879694
v -0.04153985157608983 0.014339009299874306 0.15024477243423456
v -0.046184930950403186 0.01715700514614582 0.15533681213855738
v -0.019863389432430253 -0.06497317552566528 0.03299999982118605
v -0.018264634534716592 -0.06546992063522339 0.03299999982118605
v -0.0196974854916334 -0.06455381959676743 0.04078515246510504
v -0.0196974854916334 -0.06455381959676743 0.04078515246510504
v -0.018264634534716592 -0.06546992063522339 0.03299999982118605
v -0.013208416290581218 -0.06634782999753952 0.04064140468835829
v -0.0196974854916334 -0.06455381959676743 0.04078515246510504
v -0.013208416290581218 -0.06634782999753952 0.04064140468835829
v -0.01938611268997191 -0.06324683874845505 0.05029555037617682
v -0.026167759671807272 -0.062613345682621 0.03299999982118605
v -0.02181577496230601 -0.06436654925346375 0.03299999982118605
v -0.02600413188338278 -0.06207001581788063 0.040973629802465425
v -0.02600413188338278 -0.06207001581788063 0.040973629802465425
v -0.02181577496230601 -0.06436654925346375 0.03299999982118605
v -0.0196974854916334 -0.06455381959676743 0.04078515246510504
v -0.02600413188338278 -0.06207001581788063 0.040973629802465425
v -0.0196974854916334 -0.06455381959676743 0.04078515246510504
v -0.025607945397496206 -0.060448627918958664 0.05062171816825865
v -0.025607945397496206 -0.060448627918958664 0.05062171816825865
v -0.0196974854916334 -0.06455381959676743 0.04078515246510504
v -0.01938611268997191 -0.06324683874845505 0.05029555037617682
v -0.025607945397496206 -0.060448627918958664 0.05062171816825865
v -0.01938611268997191 -0.06324683874845505 0.05029555037617682
v -0.025307390838861448 -0.05750422552227974 0.06056586652994154
v -3.8708346898337434e-15 -0.0546591691672802 0.07727457582950589
v -3.8711082814757065e-15 -0.05000408738851547 0.0819481238722801
v -0.006011000834405418 -0.048108264803886414 0.08379402011632917
v -0.006011000834405418 -0.048108264803886414 0.08379402011632917
v -3.8711082814757065e-15 -0.05000408738851547 0.0819481238722801
v -3.871415330919086e-15 -0.044775448739528656 0.08719750493764875
v -3.870338328526652e-15 -0.06130727380514145 0.06735602021217343
v -3.8703836447893305e-15 -0.06087921932339668 0.0683624595403671
v -0.006350070703774686 -0.06049785017967224 0.06823655217885968
v -0.006350070703774686 -0.06049785017967224 0.06823655217885968
v -3.8703836447893305e-15 -0.06087921932339668 0.0683624595403671
v -0.0062082130461931185 -0.05486927181482315 0.07650953531265256
v -0.006350070703774686 -0.06049785017967224 0.06823655217885968
v -0.0062082130461931185 -0.05486927181482315 0.07650953531265256
v -0.012433051131665698 -0.05257543548941612 0.07774619758129117
v -0.012433051131665698 -0.05257543548941612 0.07774619758129117
v -0.0062082130461931185 -0.05486927181482315 0.07650953531265256
v -0.012066875584423533 -0.04532575234770775 0.08535853773355481
v -0.012433051131665698 -0.05257543548941612 0.07774619758129117
v -0.012066875584423533 -0.04532575234770775 0.08535853773355481
v -0.018054481595754613 -0.04185272008180618 0.08686492592096326
v -0.018054481595754613 -0.04185272008180618 0.08686492592096326
v -0.012066875584423533 -0.04532575234770775 0.08535853773355481
v -0.011717596091330044 -0.03765517473220825 0.09213697165250775
v -0.018054481595754613 -0.04185272008180618 0.08686492592096326
v -0.011717596091330044 -0.03765517473220825 0.09213697165250775
v -0.01722276769578456 -0.026040153577923775 0.10053431987762448
v -0.01722276769578456 -0.026040153577923775 0.10053431987762448
v -0.011717596091330044 -0.03765517473220825 0.09213697165250775
v -0.011465114541351788 -0.02993062511086464 0.09845140576362607
v -0.01722276769578456 -0.026040153577923775 0.10053431987762448
v -0.011465114541351788 -0.02993062511086464 0.09845140576362607
v -0.011422957293689244 -0.015073256567120552 0.11075325310230251
v -0.011422957293689244 -0.015073256567120552 0.11075325310230251
v -0.011465114541351788 -0.02993062511086464 0.09845140576362607
v -3.8723474906775396e-15 -0.02728680521249771 0.1013393625617027
v -0.011422957293689244 -0.015073256567120552 0.11075325310230251
v -3.8723474906775396e-15 -0.02728680521249771 0.1013393625617027
v -3.8726486108902885e-15 -0.021690847352147102 0.10596968233585354
v -3.8707233050011795e-15 -0.05619487166404724 0.07507421821355817
v -3.8708346898337434e-15 -0.0546591691672802 0.07727457582950589
v -0.0062082130461931185 -0.05486927181482315 0.07650953531265256
v -0.0062082130461931185 -0.05486927181482315 0.07650953531265256
v -3.8708346898337434e-15 -0.0546591691672802 0.07727457582950589
v -0.006011000834405418 -0.048108264803886414 0.08379402011632917
v -0.0062082130461931185 -0.05486927181482315 0.07650953531265256
v -0.006011000834405418 -0.048108264803886414 0.08379402011632917
v -0.012066875584423533 -0.04532575234770775 0.08535853773355481
v -0.012066875584423533 -0.04532575234770775 0.08535853773355481
v -0.006011000834405418 -0.048108264803886414 0.08379402011632917
v -3.871415330919086e-15 -0.044775448739528656 0.08719750493764875
v -0.012066875584423533 -0.04532575234770775 0.08535853773355481
v -3.871415330919086e-15 -0.044775448739528656 0.08719750493764875
v -0.011717596091330044 -0.03765517473220825 0.09213697165250775
v -0.011717596091330044 -0.03765517473220825 0.09213697165250775
v -3.871415330919086e-15 -0.044775448739528656 0.08719750493764875
v -3.871493257950234e-15 -0.043315719813108444 0.0883778855204582
v -0.011717596091330044 -0.03765517473220825 0.09213697165250775
v -3.871493257950234e-15 -0.043315719813108444 0.0883778855204582
v -0.011465114541351788 -0.02993062511086464 0.09845140576362607
v -0.011465114541351788 -0.02993062511086464 0.09845140576362607
v -3.871493257950234e-15 -0.043315719813108444 0.0883778855204582
v -3.871878234424761e-15 -0.0360899493098259 0.09422086924314496
v -0.011465114541351788 -0.02993062511086464 0.09845140576362607
v -3.871878234424761e-15 -0.0360899493098259 0.09422086924314496
v -3.8723474906775396e-15 -0.02728680521249771 0.1013393625617027
v -0.03032454103231428 -0.060804009437561035 0.03299999982118605
v -0.02866745740175245 -0.06160634383559227 0.03299999982118605
v -0.03205150365829466 -0.05892607942223549 0.041204355657100664
v -0.03205150365829466 -0.05892607942223549 0.041204355657100664
v -0.02866745740175245 -0.06160634383559227 0.03299999982118605
v -0.02600413188338278 -0.06207001581788063 0.040973629802465425
v -0.03205150365829466 -0.05892607942223549 0.041204355657100664
v -0.02600413188338278 -0.06207001581788063 0.040973629802465425
v -0.03156236559152601 -0.056926626712083817 0.05101695656776427
v -0.03156236559152601 -0.056926626712083817 0.05101695656776427
v -0.02600413188338278 -0.06207001581788063 0.040973629802465425
v -0.025607945397496206 -0.060448627918958664 0.05062171816825865
v -0.03156236559152601 -0.056926626712083817 0.05101695656776427
v -0.025607945397496206 -0.060448627918958664 0.05062171816825865
v -0.031158380210399607 -0.053603798151016235 0.061146073043346384
v -0.031158380210399607 -0.053603798151016235 0.061146073043346384
v -0.025607945397496206 -0.060448627918958664 0.05062171816825865
v -0.025307390838861448 -0.05750422552227974 0.06056586652994154
v -0.031158380210399607 -0.053603798151016235 0.061146073043346384
v -0.025307390838861448 -0.05750422552227974 0.06056586652994154
v -0.030746422708034495 -0.0483175590634346 0.07149740308523175
v -0.03797516599297521 -0.05620117112994194 0.03299999982118605
v -0.0351559519767761 -0.058131709694862366 0.03299999982118605
v -0.03776999190449712 -0.055164724588394165 0.04147537052631377
v -0.03776999190449712 -0.055164724588394165 0.04147537052631377
v -0.0351559519767761 -0.058131709694862366 0.03299999982118605
v -0.03205150365829466 -0.05892607942223549 0.041204355657100664
v -0.03776999190449712 -0.055164724588394165 0.04147537052631377
v -0.03205150365829466 -0.05892607942223549 0.041204355657100664
v -0.03717259690165517 -0.05273929610848427 0.051479380577802644
v -0.03717259690165517 -0.05273929610848427 0.051479380577802644
v -0.03205150365829466 -0.05892607942223549 0.041204355657100664
v -0.03156236559152601 -0.056926626712083817 0.05101695656776427
v -0.03717259690165517 -0.05273929610848427 0.051479380577802644
v -0.03156236559152601 -0.056926626712083817 0.05101695656776427
v -0.036642521619796725 -0.0490042045712471 0.061789989471435526
v -0.036642521619796725 -0.0490042045712471 0.061789989471435526
v -0.03156236559152601 -0.056926626712083817 0.05101695656776427
v -0.031158380210399607 -0.053603798151016235 0.061146073043346384
v -0.036642521619796725 -0.0490042045712471 0.061789989471435526
v -0.031158380210399607 -0.053603798151016235 0.061146073043346384
v -0.03610419854521749 -0.04338621348142624 0.07236173003911969
v -0.03610419854521749 -0.04338621348142624 0.07236173003911969
v -0.031158380210399607 -0.053603798151016235 0.061146073043346384
v -0.030746422708034495 -0.0483175590634346 0.07149740308523175
v -0.03610419854521749 -0.04338621348142624 0.07236173003911969
v -0.030746422708034495 -0.0483175590634346 0.07149740308523175
v -0.03536553680896757 -0.03595825657248497 0.08236043155193326
v -0.022664634510874734 -0.014122787863016129 0.1094681471586227
v -0.028191188350319845 -0.016849568113684654 0.1049183681607246
v -0.022836716845631586 -0.02166891098022461 0.10268245637416837
v -0.022836716845631586 -0.02166891098022461 0.10268245637416837
v -0.028191188350319845 -0.016849568113684654 0.1049183681607246
v -0.0293726362287998 -0.032989345490932465 0.0898182615637779
v -0.022836716845631586 -0.02166891098022461 0.10268245637416837
v -0.0293726362287998 -0.032989345490932465 0.0898182615637779
v -0.02385959401726721 -0.03772522509098053 0.08834315836429593
v -0.02385959401726721 -0.03772522509098053 0.08834315836429593
v -0.0293726362287998 -0.032989345490932465 0.0898182615637779
v -0.024499934166669828 -0.045651715248823166 0.0800756290555
v -0.02385959401726721 -0.03772522509098053 0.08834315836429593
v -0.024499934166669828 -0.045651715248823166 0.0800756290555
v -0.018566560000181184 -0.04948870465159416 0.07892656326293943
v -0.018566560000181184 -0.04948870465159416 0.07892656326293943
v -0.024499934166669828 -0.045651715248823166 0.0800756290555
v -0.01895385608077048 -0.05604254826903343 0.06985222548246381
v -0.018566560000181184 -0.04948870465159416 0.07892656326293943
v -0.01895385608077048 -0.05604254826903343 0.06985222548246381
v -0.012702249921858302 -0.05870341882109642 0.0690481215715408
v -0.012702249921858302 -0.05870341882109642 0.0690481215715408
v -0.01895385608077048 -0.05604254826903343 0.06985222548246381
v -0.012842009775340548 -0.06294112652540207 0.059585995972156504
v -0.012702249921858302 -0.05870341882109642 0.0690481215715408
v -0.012842009775340548 -0.06294112652540207 0.059585995972156504
v -0.006419336423277851 -0.06438161432743073 0.05917806178331373
v -0.006419336423277851 -0.06438161432743073 0.05917806178331373
v -0.012842009775340548 -0.06294112652540207 0.059585995972156504
v -0.0064918897114694075 -0.06651193648576736 0.04985777661204337
v -0.006419336423277851 -0.06438161432743073 0.05917806178331373
v -0.0064918897114694075 -0.06651193648576736 0.04985777661204337
v -3.8695679520611246e-15 -0.06683268398046494 0.0497276335954666
v -3.8695679520611246e-15 -0.06683268398046494 0.0497276335954666
v -0.0064918897114694075 -0.06651193648576736 0.04985777661204337
v -3.869508236238343e-15 -0.06712698191404343 0.04832094907760619
v -0.04308504238724706 -0.052503082901239395 0.03299999982118605
v -0.04128305241465566 -0.05393599718809128 0.03299999982118605
v -0.04335514456033704 -0.05180898308753967 0.03660173714160918
v -0.04335514456033704 -0.05180898308753967 0.03660173714160918
v -0.04128305241465566 -0.05393599718809128 0.03299999982118605
v -0.03797516599297521 -0.05620117112994194 0.03299999982118605
v -0.04335514456033704 -0.05180898308753967 0.03660173714160918
v -0.03797516599297521 -0.05620117112994194 0.03299999982118605
v -0.04309472814202306 -0.05083407089114189 0.04178481176495551
v -0.04309472814202306 -0.05083407089114189 0.04178481176495551
v -0.03797516599297521 -0.05620117112994194 0.03299999982118605
v -0.03776999190449712 -0.055164724588394165 0.04147537052631377
v -0.04309472814202306 -0.05083407089114189 0.04178481176495551
v -0.03776999190449712 -0.055164724588394165 0.04147537052631377
v -0.04236872121691701 -0.047951485961675644 0.05200695618987082
v -0.04236872121691701 -0.047951485961675644 0.05200695618987082
v -0.03776999190449712 -0.055164724588394165 0.04147537052631377
v -0.03717259690165517 -0.05273929610848427 0.051479380577802644
v -0.04236872121691701 -0.047951485961675644 0.05200695618987082
v -0.03717259690165517 -0.05273929610848427 0.051479380577802644
v -0.04168745875358579 -0.04378350451588631 0.06249931454658506
v -0.04168745875358579 -0.04378350451588631 0.06249931454658506
v -0.03717259690165517 -0.05273929610848427 0.051479380577802644
v -0.036642521619796725 -0.0490042045712471 0.061789989471435526
v -0.04168745875358579 -0.04378350451588631 0.06249931454658506
v -0.036642521619796725 -0.0490042045712471 0.061789989471435526
v -0.04100119322538373 -0.03785036504268646 0.07326594740152356
v -0.04100119322538373 -0.03785036504268646 0.07326594740152356
v -0.036642521619796725 -0.0490042045712471 0.061789989471435526
v -0.03610419854521749 -0.04338621348142624 0.07236173003911969
v -0.04100119322538373 -0.03785036504268646 0.07326594740152356
v -0.03610419854521749 -0.04338621348142624 0.07236173003911969
v -0.040134217590093585 -0.03025195188820362 0.08352611213922498
v -0.040134217590093585 -0.03025195188820362 0.08352611213922498
v -0.03610419854521749 -0.04338621348142624 0.07236173003911969
v -0.03536553680896757 -0.03595825657248497 0.08236043155193326
v -0.040134217590093585 -0.03025195188820362 0.08352611213922498
v -0.03536553680896757 -0.03595825657248497 0.08236043155193326
v -0.03916933387517926 -0.021952414885163307 0.09282408654689786
v -0.03299853578209875 -0.004391347989439964 0.11492583155632015
v -0.03774844110012052 -0.006055509205907583 0.10968615859746929
v -0.03318967297673223 -0.011628111824393272 0.10725144296884533
v -0.03318967297673223 -0.011628111824393272 0.10725144296884533
v -0.03774844110012052 -0.006055509205907583 0.10968615859746929
v -0.03916933387517926 -0.021952414885163307 0.09282408654689786
v -0.03318967297673223 -0.011628111824393272 0.10725144296884533
v -0.03916933387517926 -0.021952414885163307 0.09282408654689786
v -0.034502286463975886 -0.027708468958735466 0.09130725264549253
v -0.034502286463975886 -0.027708468958735466 0.09130725264549253
v -0.03916933387517926 -0.021952414885163307 0.09282408654689786
v -0.03536553680896757 -0.03595825657248497 0.08236043155193326
v -0.034502286463975886 -0.027708468958735466 0.09130725264549253
v -0.03536553680896757 -0.03595825657248497 0.08236043155193326
v -0.030128730461001375 -0.04111768677830696 0.08121490478515622
v -0.030128730461001375 -0.04111768677830696 0.08121490478515622
v -0.03536553680896757 -0.03595825657248497 0.08236043155193326
v -0.030746422708034495 -0.0483175590634346 0.07149740308523175
v -0.030128730461001375 -0.04111768677830696 0.08121490478515622
v -0.030746422708034495 -0.0483175590634346 0.07149740308523175
v -0.025001661852002127 -0.05256158858537674 0.07066424936056134
v -0.025001661852002127 -0.05256158858537674 0.07066424936056134
v -0.030746422708034495 -0.0483175590634346 0.07149740308523175
v -0.025307390838861448 -0.05750422552227974 0.06056586652994154
v -0.025001661852002127 -0.05256158858537674 0.07066424936056134
v -0.025307390838861448 -0.05750422552227974 0.06056586652994154
v -0.019170561805367456 -0.06063436344265938 0.06004704162478445
v -0.019170561805367456 -0.06063436344265938 0.06004704162478445
v -0.025307390838861448 -0.05750422552227974 0.06056586652994154
v -0.01938611268997191 -0.06324683874845505 0.05029555037617682
v -0.019170561805367456 -0.06063436344265938 0.06004704162478445
v -0.01938611268997191 -0.06324683874845505 0.05029555037617682
v -0.012984067201614371 -0.06527900695800781 0.050040356814861284
v -0.012984067201614371 -0.06527900695800781 0.050040356814861284
v -0.01938611268997191 -0.06324683874845505 0.05029555037617682
v -0.013208416290581218 -0.06634782999753952 0.04064140468835829
v -0.012984067201614371 -0.06527900695800781 0.050040356814861284
v -0.013208416290581218 -0.06634782999753952 0.04064140468835829
v -0.006615943275392051 -0.06742952018976212 0.040545001626014696
v -0.006615943275392051 -0.06742952018976212 0.040545001626014696
v -0.013208416290581218 -0.06634782999753952 0.04064140468835829
v -0.011048177257180207 -0.06707936525344849 0.03299999982118605
v -0.006615943275392051 -0.06742952018976212 0.040545001626014696
v -0.011048177257180207 -0.06707936525344849 0.03299999982118605
v -0.009221070446074002 -0.06735754758119583 0.03299999982118605
v -3.872676562977548e-15 -0.06757081300020218 0.04048607125878333
v -3.869508236238343e-15 -0.06712698191404343 0.04832094907760619
v -0.006615943275392051 -0.06742952018976212 0.040545001626014696
v -0.006615943275392051 -0.06742952018976212 0.040545001626014696
v -3.869508236238343e-15 -0.06712698191404343 0.04832094907760619
v -0.0064918897114694075 -0.06651193648576736 0.04985777661204337
v -0.006615943275392051 -0.06742952018976212 0.040545001626014696
v -0.0064918897114694075 -0.06651193648576736 0.04985777661204337
v -0.012984067201614371 -0.06527900695800781 0.050040356814861284
v -0.012984067201614371 -0.06527900695800781 0.050040356814861284
v -0.0064918897114694075 -0.06651193648576736 0.04985777661204337
v -0.012842009775340548 -0.06294112652540207 0.059585995972156504
v -0.012984067201614371 -0.06527900695800781 0.050040356814861284
v -0.012842009775340548 -0.06294112652540207 0.059585995972156504
v -0.019170561805367456 -0.06063436344265938 0.06004704162478445
v -0.019170561805367456 -0.06063436344265938 0.06004704162478445
v -0.012842009775340548 -0.06294112652540207 0.059585995972156504
v -0.01895385608077048 -0.05604254826903343 0.06985222548246381
v -0.019170561805367456 -0.06063436344265938 0.06004704162478445
v -0.01895385608077048 -0.05604254826903343 0.06985222548246381
v -0.025001661852002127 -0.05256158858537674 0.07066424936056134
v -0.025001661852002127 -0.05256158858537674 0.07066424936056134
v -0.01895385608077048 -0.05604254826903343 0.06985222548246381
v -0.024499934166669828 -0.045651715248823166 0.0800756290555
v -0.025001661852002127 -0.05256158858537674 0.07066424936056134
v -0.024499934166669828 -0.045651715248823166 0.0800756290555
v -0.030128730461001375 -0.04111768677830696 0.08121490478515622
v -0.030128730461001375 -0.04111768677830696 0.08121490478515622
v -0.024499934166669828 -0.045651715248823166 0.0800756290555
v -0.0293726362287998 -0.032989345490932465 0.0898182615637779
v -0.030128730461001375 -0.04111768677830696 0.08121490478515622
v -0.0293726362287998 -0.032989345490932465 0.0898182615637779
v -0.034502286463975886 -0.027708468958735466 0.09130725264549253
v -0.034502286463975886 -0.027708468958735466 0.09130725264549253
v -0.0293726362287998 -0.032989345490932465 0.0898182615637779
v -0.028191188350319845 -0.016849568113684654 0.1049183681607246
v -0.034502286463975886 -0.027708468958735466 0.09130725264549253
v -0.028191188350319845 -0.016849568113684654 0.1049183681607246
v -0.03318967297673223 -0.011628111824393272 0.10725144296884533
v -0.03318967297673223 -0.011628111824393272 0.10725144296884533
v -0.028191188350319845 -0.016849568113684654 0.1049183681607246
v -0.022664634510874734 -0.014122787863016129 0.1094681471586227
v -0.03318967297673223 -0.011628111824393272 0.10725144296884533
v -0.022664634510874734 -0.014122787863016129 0.1094681471586227
v -0.03299853578209875 -0.004391347989439964 0.11492583155632015
v -0.03299853578209875 -0.004391347989439964 0.11492583155632015
v -0.022664634510874734 -0.014122787863016129 0.1094681471586227
v -0.033237818628549555 0.0020426581613719463 0.12264903634786602
v -3.8695679520611246e-15 -0.06683268398046494 0.0497276335954666
v -3.869954622601546e-15 -0.06492339074611664 0.05885379388928411
v -0.006419336423277851 -0.06438161432743073 0.05917806178331373
v -0.006419336423277851 -0.06438161432743073 0.05917806178331373
v -3.869954622601546e-15 -0.06492339074611664 0.05885379388928411
v -0.006350070703774686 -0.06049785017967224 0.06823655217885968
v -0.006419336423277851 -0.06438161432743073 0.05917806178331373
v -0.006350070703774686 -0.06049785017967224 0.06823655217885968
v -0.012702249921858302 -0.05870341882109642 0.0690481215715408
v -0.012702249921858302 -0.05870341882109642 0.0690481215715408
v -0.006350070703774686 -0.06049785017967224 0.06823655217885968
v -0.012433051131665698 -0.05257543548941612 0.07774619758129117
v -0.012702249921858302 -0.05870341882109642 0.0690481215715408
v -0.012433051131665698 -0.05257543548941612 0.07774619758129117
v -0.018566560000181184 -0.04948870465159416 0.07892656326293943
v -0.018566560000181184 -0.04948870465159416 0.07892656326293943
v -0.012433051131665698 -0.05257543548941612 0.07774619758129117
v -0.018054481595754613 -0.04185272008180618 0.08686492592096326
v -0.018566560000181184 -0.04948870465159416 0.07892656326293943
v -0.018054481595754613 -0.04185272008180618 0.08686492592096326
v -0.02385959401726721 -0.03772522509098053 0.08834315836429593
v -0.02385959401726721 -0.03772522509098053 0.08834315836429593
v -0.018054481595754613 -0.04185272008180618 0.08686492592096326
v -0.01722276769578456 -0.026040153577923775 0.10053431987762448
v -0.02385959401726721 -0.03772522509098053 0.08834315836429593
v -0.01722276769578456 -0.026040153577923775 0.10053431987762448
v -0.022836716845631586 -0.02166891098022461 0.10268245637416837
v -0.022836716845631586 -0.02166891098022461 0.10268245637416837
v -0.01722276769578456 -0.026040153577923775 0.10053431987762448
v -0.011422957293689244 -0.015073256567120552 0.11075325310230251
v -0.022836716845631586 -0.02166891098022461 0.10268245637416837
v -0.011422957293689244 -0.015073256567120552 0.11075325310230251
v -0.022664634510874734 -0.014122787863016129 0.1094681471586227
v -0.022664634510874734 -0.014122787863016129 0.1094681471586227
v -0.011422957293689244 -0.015073256567120552 0.11075325310230251
v -0.02280633151531218 -0.007137330714613199 0.11628752946853634
v -0.022664634510874734 -0.014122787863016129 0.1094681471586227
v -0.02280633151531218 -0.007137330714613199 0.11628752946853634
v -0.033237818628549555 0.0020426581613719463 0.12264903634786602
v -0.033237818628549555 0.0020426581613719463 0.12264903634786602
v -0.02280633151531218 -0.007137330714613199 0.11628752946853634
v -0.02329943515360354 -0.001013744855299592 0.12324576079845424
v -0.033237818628549555 0.0020426581613719463 0.12264903634786602
v -0.02329943515360354 -0.001013744855299592 0.12324576079845424
v -0.028801221400499323 0.0030316065531224012 0.12673507630825037
v -0.028801221400499323 0.0030316065531224012 0.12673507630825037
v -0.02329943515360354 -0.001013744855299592 0.12324576079845424
v -0.02409908361732958 0.0037061250768601894 0.13026930391788477
v -0.028801221400499323 0.0030316065531224012 0.12673507630825037
v -0.02409908361732958 0.0037061250768601894 0.13026930391788477
v -0.029779039323329905 0.00710630277171731 0.13411074876785273
v -0.029779039323329905 0.00710630277171731 0.13411074876785273
v -0.02409908361732958 0.0037061250768601894 0.13026930391788477
v -0.030337465927004793 0.008340224623680115 0.13767428696155543
v -0.029779039323329905 0.00710630277171731 0.13411074876785273
v -0.030337465927004793 0.008340224623680115 0.13767428696155543
v -0.03577822446823118 0.011461270041763783 0.14199171960353846
v -0.03577822446823118 0.011461270041763783 0.14199171960353846
v -0.030337465927004793 0.008340224623680115 0.13767428696155543
v -0.036421988159418085 0.01161289494484663 0.14548277854919428
v -0.04830248281359669 -0.04762665927410126 0.03299999982118605
v -0.04692733660340306 -0.04909371957182884 0.03299999982118605
v -0.04828424751758572 -0.04715711250901222 0.036796331405639635
v -0.04828424751758572 -0.04715711250901222 0.036796331405639635
v -0.04692733660340306 -0.04909371957182884 0.03299999982118605
v -0.04335514456033704 -0.05180898308753967 0.03660173714160918
v -0.04828424751758572 -0.04715711250901222 0.036796331405639635
v -0.04335514456033704 -0.05180898308753967 0.03660173714160918
v -0.04797180369496342 -0.045990847051143646 0.04213073477149008
v -0.04797180369496342 -0.045990847051143646 0.04213073477149008
v -0.04335514456033704 -0.05180898308753967 0.03660173714160918
v -0.04309472814202306 -0.05083407089114189 0.04178481176495551
v -0.04797180369496342 -0.045990847051143646 0.04213073477149008
v -0.04309472814202306 -0.05083407089114189 0.04178481176495551
v -0.04709674790501591 -0.04263747110962868 0.052597153931856135
v -0.04709674790501591 -0.04263747110962868 0.052597153931856135
v -0.04309472814202306 -0.05083407089114189 0.04178481176495551
v -0.04236872121691701 -0.047951485961675644 0.05200695618987082
v -0.04709674790501591 -0.04263747110962868 0.052597153931856135
v -0.04236872121691701 -0.047951485961675644 0.05200695618987082
v -0.046241000294685336 -0.03802952542901039 0.06327454745769498
v -0.046241000294685336 -0.03802952542901039 0.06327454745769498
v -0.04236872121691701 -0.047951485961675644 0.05200695618987082
v -0.04168745875358579 -0.04378350451588631 0.06249931454658506
v -0.046241000294685336 -0.03802952542901039 0.06327454745769498
v -0.04168745875358579 -0.04378350451588631 0.06249931454658506
v -0.04538720473647115 -0.03180256113409996 0.07421669363975522
v -0.04538720473647115 -0.03180256113409996 0.07421669363975522
v -0.04168745875358579 -0.04378350451588631 0.06249931454658506
v -0.04100119322538373 -0.03785036504268646 0.07326594740152356
v -0.04538720473647115 -0.03180256113409996 0.07421669363975522
v -0.04100119322538373 -0.03785036504268646 0.07326594740152356
v -0.04438494518399236 -0.024086641147732735 0.08472266793251035
v -0.04438494518399236 -0.024086641147732735 0.08472266793251035
v -0.04100119322538373 -0.03785036504268646 0.07326594740152356
v -0.040134217590093585 -0.03025195188820362 0.08352611213922498
v -0.04438494518399236 -0.024086641147732735 0.08472266793251035
v -0.040134217590093585 -0.03025195188820362 0.08352611213922498
v -0.0433227829635143 -0.01579967699944973 0.09437838941812512
v -0.0433227829635143 -0.01579967699944973 0.09437838941812512
v -0.040134217590093585 -0.03025195188820362 0.08352611213922498
v -0.03916933387517926 -0.021952414885163307 0.09282408654689786
v -0.0433227829635143 -0.01579967699944973 0.09437838941812512
v -0.03916933387517926 -0.021952414885163307 0.09282408654689786
v -0.042412094771862 -0.007708541117608547 0.1034264117479324
v -0.042412094771862 -0.007708541117608547 0.1034264117479324
v -0.03916933387517926 -0.021952414885163307 0.09282408654689786
v -0.03774844110012052 -0.006055509205907583 0.10968615859746929
v -0.042412094771862 -0.007708541117608547 0.1034264117479324
v -0.03774844110012052 -0.006055509205907583 0.10968615859746929
v -0.04181356355547902 -0.00018945528427138925 0.11222033947706218
v -0.04181356355547902 -0.00018945528427138925 0.11222033947706218
v -0.03774844110012052 -0.006055509205907583 0.10968615859746929
v -0.03299853578209875 -0.004391347989439964 0.11492583155632015
v -0.04181356355547902 -0.00018945528427138925 0.11222033947706218
v -0.03299853578209875 -0.004391347989439964 0.11492583155632015
v -0.04164395853877065 0.006528808735311031 0.12098322808742519
v -0.04164395853877065 0.006528808735311031 0.12098322808742519
v -0.03299853578209875 -0.004391347989439964 0.11492583155632015
v -0.033237818628549555 0.0020426581613719463 0.12264903634786602
v -0.04164395853877065 0.006528808735311031 0.12098322808742519
v -0.033237818628549555 0.0020426581613719463 0.12264903634786602
v -0.03786236047744748 0.007019917014986277 0.1261408776044845
v -0.03786236047744748 0.007019917014986277 0.1261408776044845
v -0.033237818628549555 0.0020426581613719463 0.12264903634786602
v -0.03396748378872869 0.007300359196960926 0.13049532473087305
v -0.03786236047744748 0.007019917014986277 0.1261408776044845
v -0.03396748378872869 0.007300359196960926 0.13049532473087305
v -0.03871581703424451 0.011762695387005806 0.13451497256755823
v -0.03871581703424451 0.011762695387005806 0.13451497256755823
v -0.03396748378872869 0.007300359196960926 0.13049532473087305
v -0.03450469300150869 0.009272699244320393 0.1344261467456817
v -0.03871581703424451 0.011762695387005806 0.13451497256755823
v -0.03450469300150869 0.009272699244320393 0.1344261467456817
v -0.03933747857809064 0.013395802117884159 0.1386937648057937
v -0.03933747857809064 0.013395802117884159 0.1386937648057937
v -0.03450469300150869 0.009272699244320393 0.1344261467456817
v -0.035122688859701136 0.010678431950509548 0.13828453421592707
v -0.03933747857809064 0.013395802117884159 0.1386937648057937
v -0.035122688859701136 0.010678431950509548 0.13828453421592707
v -0.04004956036806104 0.014396682381629944 0.14277119934558863
v -0.04004956036806104 0.014396682381629944 0.14277119934558863
v -0.035122688859701136 0.010678431950509548 0.13828453421592707
v -0.03577822446823118 0.011461270041763783 0.14199171960353846
v -0.04004956036806104 0.014396682381629944 0.14277119934558863
v -0.03577822446823118 0.011461270041763783 0.14199171960353846
v -0.04080237075686452 0.01471010036766529 0.14664912223815912
v -0.04080237075686452 0.01471010036766529 0.14664912223815912
v -0.03577822446823118 0.011461270041763783 0.14199171960353846
v -0.036421988159418085 0.01161289494484663 0.14548277854919428
v -0.04080237075686452 0.01471010036766529 0.14664912223815912
v -0.036421988159418085 0.01161289494484663 0.14548277854919428
v -0.04153985157608983 0.014339009299874306 0.15024477243423456
v -0.04153985157608983 0.014339009299874306 0.15024477243423456
v -0.036421988159418085 0.01161289494484663 0.14548277854919428
v -0.03700746968388555 0.011154314503073692 0.14872017502784723
v -0.04153985157608983 0.014339009299874306 0.15024477243423456
v -0.03700746968388555 0.011154314503073692 0.14872017502784723
v -0.046184930950403186 0.01715700514614582 0.15533681213855738
v -0.046184930950403186 0.01715700514614582 0.15533681213855738
v -0.03700746968388555 0.011154314503073692 0.14872017502784723
v -0.04694115743041035 0.015578895807266235 0.1586524993181228
v -0.046184930950403186 0.01715700514614582 0.15533681213855738
v -0.04694115743041035 0.015578895807266235 0.1586524993181228
v -0.05482149496674534 0.020266659557819366 0.16983202099800104
v -0.05482149496674534 0.020266659557819366 0.16983202099800104
v -0.04694115743041035 0.015578895807266235 0.1586524993181228
v -0.05561267212033268 0.01694769226014614 0.17273066937923426
v -0.05482149496674534 0.020266659557819366 0.16983202099800104
v -0.05561267212033268 0.01694769226014614 0.17273066937923426
v -0.06138205155730243 0.02062157541513443 0.18490265309810633
v -0.06138205155730243 0.02062157541513443 0.18490265309810633
v -0.05561267212033268 0.01694769226014614 0.17273066937923426
v -0.062130961567163426 0.015720902010798454 0.18719287216663355
v -0.06138205155730243 0.02062157541513443 0.18490265309810633
v -0.062130961567163426 0.015720902010798454 0.18719287216663355
v -0.0656482949852943 0.018344810232520103 0.20004397630691523
v -0.0656482949852943 0.018344810232520103 0.20004397630691523
v -0.062130961567163426 0.015720902010798454 0.18719287216663355
v -0.06627469509840007 0.012119660153985023 0.20164437592029566
v -0.0656482949852943 0.018344810232520103 0.20004397630691523
v -0.06627469509840007 0.012119660153985023 0.20164437592029566
v -0.06697741895914074 0.018294313922524452 0.21317735314369193
v -0.06697741895914074 0.018294313922524452 0.21317735314369193
v -0.06627469509840007 0.012119660153985023 0.20164437592029566
v -0.06718765199184414 0.016304591670632362 0.21371760964393607
v -0.018264634534716592 -0.06546992063522339 0.03299999982118605
v -0.018824813887476907 -0.06534238159656525 0.03299999982118605
v -0.01698479987680911 -0.06584464013576508 0.03299999982118605
v -3.875703858731035e-15 -0.06799489259719849 0.03299998119473456
v -0.006699627265334125 -0.06762368232011795 0.03299999982118605
v -0.003812790382653472 -0.06789302080869675 0.03299999982118605
v -0.003812790382653472 -0.06789302080869675 0.03299999982118605
v -0.006699627265334125 -0.06762368232011795 0.03299999982118605
v -0.007388425990939135 -0.0675855204463005 0.03299999982118605
v -0.003812790382653472 -0.06789302080869675 0.03299999982118605
v -0.007388425990939135 -0.0675855204463005 0.03299999982118605
v -0.007613584399223322 -0.06757242977619171 0.03299999982118605
v -0.007613584399223322 -0.06757242977619171 0.03299999982118605
v -0.007388425990939135 -0.0675855204463005 0.03299999982118605
v -0.008305439725518221 -0.06747780740261078 0.03299999982118605
v -0.007613584399223322 -0.06757242977619171 0.03299999982118605
v -0.008305439725518221 -0.06747780740261078 0.03299999982118605
v -0.009505743160843842 -0.06733231991529465 0.03299999982118605
v -0.018264634534716592 -0.06546992063522339 0.03299999982118605
v -0.019863389432430253 -0.06497317552566528 0.03299999982118605
v -0.018824813887476907 -0.06534238159656525 0.03299999982118605
v -0.018824813887476907 -0.06534238159656525 0.03299999982118605
v -0.019863389432430253 -0.06497317552566528 0.03299999982118605
v -0.02181577496230601 -0.06436654925346375 0.03299999982118605
v -0.018824813887476907 -0.06534238159656525 0.03299999982118605
v -0.02181577496230601 -0.06436654925346375 0.03299999982118605
v -0.022458976134657846 -0.06418406963348389 0.03299999982118605
v -0.03195831552147863 -0.059957459568977356 0.03299999982118605
v -0.03289288282394407 -0.05951519310474396 0.03299999982118605
v -0.03032454103231428 -0.060804009437561035 0.03299999982118605
v -0.03032454103231428 -0.060804009437561035 0.03299999982118605
v -0.03289288282394407 -0.05951519310474396 0.03299999982118605
v -0.029504094272851923 -0.06126588210463524 0.03299999982118605
v -0.03032454103231428 -0.060804009437561035 0.03299999982118605
v -0.029504094272851923 -0.06126588210463524 0.03299999982118605
v -0.02866745740175245 -0.06160634383559227 0.03299999982118605
v -0.02866745740175245 -0.06160634383559227 0.03299999982118605
v -0.029504094272851923 -0.06126588210463524 0.03299999982118605
v -0.022458976134657846 -0.06418406963348389 0.03299999982118605
v -0.02866745740175245 -0.06160634383559227 0.03299999982118605
v -0.022458976134657846 -0.06418406963348389 0.03299999982118605
v -0.026167759671807272 -0.062613345682621 0.03299999982118605
v -0.026167759671807272 -0.062613345682621 0.03299999982118605
v -0.022458976134657846 -0.06418406963348389 0.03299999982118605
v -0.02181577496230601 -0.06436654925346375 0.03299999982118605
v -0.03195831552147863 -0.059957459568977356 0.03299999982118605
v -0.03227290138602255 -0.059777840971946716 0.03299999982118605
v -0.03289288282394407 -0.05951519310474396 0.03299999982118605
v -0.03289288282394407 -0.05951519310474396 0.03299999982118605
v -0.03227290138602255 -0.059777840971946716 0.03299999982118605
v -0.0351559519767761 -0.058131709694862366 0.03299999982118605
v -0.03289288282394407 -0.05951519310474396 0.03299999982118605
v -0.0351559519767761 -0.058131709694862366 0.03299999982118605
v -0.03617818281054495 -0.05757724493741989 0.03299999982118605
v -0.0351559519767761 -0.058131709694862366 0.03299999982118605
v -0.03797516599297521 -0.05620117112994194 0.03299999982118605
v -0.03617818281054495 -0.05757724493741989 0.03299999982118605
v -0.03617818281054495 -0.05757724493741989 0.03299999982118605
v -0.03797516599297521 -0.05620117112994194 0.03299999982118605
v -0.04128305241465566 -0.05393599718809128 0.03299999982118605
v -0.03617818281054495 -0.05757724493741989 0.03299999982118605
v -0.04128305241465566 -0.05393599718809128 0.03299999982118605
v -0.04239730536937711 -0.053164541721343994 0.03299999982118605
v -0.04239730536937711 -0.053164541721343994 0.03299999982118605
v -0.04128305241465566 -0.05393599718809128 0.03299999982118605
v -0.04308504238724706 -0.052503082901239395 0.03299999982118605
v -0.014678017236292352 -0.06637373566627502 0.03299999982118605
v -0.015131423249840726 -0.0662950947880745 0.03299999982118605
v -0.013343695551156989 -0.06663312017917633 0.03299999982118605
v -0.013343695551156989 -0.06663312017917633 0.03299999982118605
v -0.015131423249840726 -0.0662950947880745 0.03299999982118605
v -0.011390423402190201 -0.06703922897577286 0.03299999982118605
v -0.013343695551156989 -0.06663312017917633 0.03299999982118605
v -0.011390423402190201 -0.06703922897577286 0.03299999982118605
v -0.011048177257180207 -0.06707936525344849 0.03299999982118605
v -0.011048177257180207 -0.06707936525344849 0.03299999982118605
v -0.011390423402190201 -0.06703922897577286 0.03299999982118605
v -0.009505743160843842 -0.06733231991529465 0.03299999982118605
v -0.011048177257180207 -0.06707936525344849 0.03299999982118605
v -0.009505743160843842 -0.06733231991529465 0.03299999982118605
v -0.009221070446074002 -0.06735754758119583 0.03299999982118605
v -0.009221070446074002 -0.06735754758119583 0.03299999982118605
v -0.009505743160843842 -0.06733231991529465 0.03299999982118605
v -0.008305439725518221 -0.06747780740261078 0.03299999982118605
v -0.04308504238724706 -0.052503082901239395 0.03299999982118605
v -0.043407738208770724 -0.05223197862505913 0.03299999982118605
v -0.04239730536937711 -0.053164541721343994 0.03299999982118605
v -0.04239730536937711 -0.053164541721343994 0.03299999982118605
v -0.043407738208770724 -0.05223197862505913 0.03299999982118605
v -0.04417787492275235 -0.05158497020602226 0.03299999982118605
v -0.04239730536937711 -0.053164541721343994 0.03299999982118605
v -0.04417787492275235 -0.05158497020602226 0.03299999982118605
v -0.04531156644225118 -0.05070366710424423 0.03299999982118605
v -0.04531156644225118 -0.05070366710424423 0.03299999982118605
v -0.04417787492275235 -0.05158497020602226 0.03299999982118605
v -0.04692733660340306 -0.04909371957182884 0.03299999982118605
v -0.04531156644225118 -0.05070366710424423 0.03299999982118605
v -0.04692733660340306 -0.04909371957182884 0.03299999982118605
v -0.0480832606554031 -0.04808326065540314 0.03299999982118605
v -0.014678017236292352 -0.06637373566627502 0.03299999982118605
v -0.015577440150082101 -0.06616664677858353 0.03299999982118605
v -0.015131423249840726 -0.0662950947880745 0.03299999982118605
v -0.015131423249840726 -0.0662950947880745 0.03299999982118605
v -0.015577440150082101 -0.06616664677858353 0.03299999982118605
v -0.016026459634304036 -0.06605838239192963 0.03299999982118605
v -0.015131423249840726 -0.0662950947880745 0.03299999982118605
v -0.016026459634304036 -0.06605838239192963 0.03299999982118605
v -0.01698479987680911 -0.06584464013576508 0.03299999982118605
v -0.01698479987680911 -0.06584464013576508 0.03299999982118605
v -0.016026459634304036 -0.06605838239192963 0.03299999982118605
v -0.016475018113851537 -0.06594698131084442 0.03299999982118605
v -0.01698479987680911 -0.06584464013576508 0.03299999982118605
v -0.016475018113851537 -0.06594698131084442 0.03299999982118605
v -0.018264634534716592 -0.06546992063522339 0.03299999982118605
v -0.04692733660340306 -0.04909371957182884 0.03299999982118605
v -0.04830248281359669 -0.04762665927410126 0.03299999982118605
v -0.0480832606554031 -0.04808326065540314 0.03299999982118605
v -0.0480832606554031 -0.04808326065540314 0.03299999982118605
v -0.04830248281359669 -0.04762665927410126 0.03299999982118605
v -0.05198192968964573 -0.043701279908418655 0.03299999982118605
v -0.0480832606554031 -0.04808326065540314 0.03299999982118605
v -0.05198192968964573 -0.043701279908418655 0.03299999982118605
v -0.05316454172134396 -0.042397305369377136 0.03299999982118605
v -0.05316454172134396 -0.042397305369377136 0.03299999982118605
v -0.05198192968964573 -0.043701279908418655 0.03299999982118605
v -0.052815441042184795 -0.0426526740193367 0.03299999982118605
v -0.052815441042184795 -0.0426526740193367 0.03299999982118605
v -0.05428465455770489 -0.040804311633110046 0.03299999982118605
v -0.05316454172134396 -0.042397305369377136 0.03299999982118605
v -0.05316454172134396 -0.042397305369377136 0.03299999982118605
v -0.05428465455770489 -0.040804311633110046 0.03299999982118605
v -0.056431800127029384 -0.0377793088555336 0.03299999982118605
v -0.05316454172134396 -0.042397305369377136 0.03299999982118605
v -0.056431800127029384 -0.0377793088555336 0.03299999982118605
v -0.05757724493741985 -0.03617818281054497 0.03299999982118605
v -0.06777129322290416 0.005572380498051643 0.03299999982118605
v -0.06756382435560222 0.007553395349532366 0.03299999982118605
v -0.06748577952384945 0.00834685005247593 0.03299999982118605
v -0.06748577952384945 0.00834685005247593 0.03299999982118605
v -0.06756382435560222 0.007553395349532366 0.03299999982118605
v -0.06751985847949978 0.007880894467234612 0.03299999982118605
v -0.06748577952384945 0.00834685005247593 0.03299999982118605
v -0.06751985847949978 0.007880894467234612 0.03299999982118605
v -0.0670867264270782 0.011107277125120163 0.03299999982118605
v -0.0666313990950584 -0.013243669643998146 0.03299999982118605
v -0.06703922897577282 -0.011390423402190208 0.03299999982118605
v -0.06629509478807445 -0.015131423249840736 0.03299999982118605
v -0.06800000369548793 8.327598630666366e-18 0.03299999982118605
v -0.06793897598981853 0.0019664978608489037 0.03299999982118605
v -0.06794279813766475 0.0027885357849299908 0.03299999982118605
v -0.06794279813766475 0.0027885357849299908 0.03299999982118605
v -0.06793897598981853 0.0019664978608489037 0.03299999982118605
v -0.0678642243146896 0.003832652233541012 0.03299999982118605
v -0.06794279813766475 0.0027885357849299908 0.03299999982118605
v -0.0678642243146896 0.003832652233541012 0.03299999982118605
v -0.06777129322290416 0.005572380498051643 0.03299999982118605
v -0.06777129322290416 0.005572380498051643 0.03299999982118605
v -0.0678642243146896 0.003832652233541012 0.03299999982118605
v -0.06773917376995083 0.005694951396435499 0.03299999982118605
v -0.06777129322290416 0.005572380498051643 0.03299999982118605
v -0.06773917376995083 0.005694951396435499 0.03299999982118605
v -0.06756382435560222 0.007553395349532366 0.03299999982118605
v -0.06275531649589534 -0.025980057194828987 0.03299999982118605
v -0.06282380968332286 -0.026022473350167274 0.03299999982118605
v -0.061855968087911564 -0.028047842904925346 0.03299999982118605
v -0.061855968087911564 -0.028047842904925346 0.03299999982118605
v -0.06282380968332286 -0.026022473350167274 0.03299999982118605
v -0.0612658821046352 -0.029504094272851944 0.03299999982118605
v -0.061855968087911564 -0.028047842904925346 0.03299999982118605
v -0.0612658821046352 -0.029504094272851944 0.03299999982118605
v -0.06023668870329853 -0.03136672079563141 0.03299999982118605
v -0.06023668870329853 -0.03136672079563141 0.03299999982118605
v -0.0612658821046352 -0.029504094272851944 0.03299999982118605
v -0.059515193104743916 -0.03289288282394409 0.03299999982118605
v -0.06023668870329853 -0.03136672079563141 0.03299999982118605
v -0.059515193104743916 -0.03289288282394409 0.03299999982118605
v -0.05842108651995655 -0.03462642803788185 0.03299999982118605
v -0.05842108651995655 -0.03462642803788185 0.03299999982118605
v -0.059515193104743916 -0.03289288282394409 0.03299999982118605
v -0.05757724493741985 -0.03617818281054497 0.03299999982118605
v -0.05842108651995655 -0.03462642803788185 0.03299999982118605
v -0.05757724493741985 -0.03617818281054497 0.03299999982118605
v -0.05677484348416325 -0.03723560646176338 0.03299999982118605
v -0.05677484348416325 -0.03723560646176338 0.03299999982118605
v -0.05757724493741985 -0.03617818281054497 0.03299999982118605
v -0.056431800127029384 -0.0377793088555336 0.03299999982118605
v -0.06275531649589534 -0.025980057194828987 0.03299999982118605
v -0.06299526244401928 -0.02538459002971649 0.03299999982118605
v -0.06282380968332286 -0.026022473350167274 0.03299999982118605
v -0.06282380968332286 -0.026022473350167274 0.03299999982118605
v -0.06299526244401928 -0.02538459002971649 0.03299999982118605
v -0.06329049170017238 -0.02465193346142769 0.03299999982118605
v -0.06282380968332286 -0.026022473350167274 0.03299999982118605
v -0.06329049170017238 -0.02465193346142769 0.03299999982118605
v -0.06418406963348385 -0.02245897613465786 0.03299999982118605
v -0.06418406963348385 -0.02245897613465786 0.03299999982118605
v -0.06329049170017238 -0.02465193346142769 0.03299999982118605
v -0.06454209983348842 -0.0211695097386837 0.03299999982118605
v -0.06418406963348385 -0.02245897613465786 0.03299999982118605
v -0.06454209983348842 -0.0211695097386837 0.03299999982118605
v -0.0653423815965652 -0.01882481388747692 0.03299999982118605
v -0.0653423815965652 -0.01882481388747692 0.03299999982118605
v -0.06454209983348842 -0.0211695097386837 0.03299999982118605
v -0.06560593098402019 -0.017611583694815636 0.03299999982118605
v -0.0653423815965652 -0.01882481388747692 0.03299999982118605
v -0.06560593098402019 -0.017611583694815636 0.03299999982118605
v -0.06629509478807445 -0.015131423249840736 0.03299999982118605
v -0.06629509478807445 -0.015131423249840736 0.03299999982118605
v -0.06560593098402019 -0.017611583694815636 0.03299999982118605
v -0.06615413725376125 -0.01543730404227972 0.03299999982118605
v -0.06629509478807445 -0.015131423249840736 0.03299999982118605
v -0.06615413725376125 -0.01543730404227972 0.03299999982118605
v -0.0666313990950584 -0.013243669643998146 0.03299999982118605
v -0.0666313990950584 -0.013243669643998146 0.03299999982118605
v -0.06675294786691661 -0.01256166584789753 0.03299999982118605
v -0.06703922897577282 -0.011390423402190208 0.03299999982118605
v -0.06703922897577282 -0.011390423402190208 0.03299999982118605
v -0.06675294786691661 -0.01256166584789753 0.03299999982118605
v -0.06714920699596401 -0.010338366031646729 0.03299999982118605
v -0.06703922897577282 -0.011390423402190208 0.03299999982118605
v -0.06714920699596401 -0.010338366031646729 0.03299999982118605
v -0.06757242977619167 -0.007613584399223328 0.03299999982118605
v -0.06757242977619167 -0.007613584399223328 0.03299999982118605
v -0.06714920699596401 -0.010338366031646729 0.03299999982118605
v -0.06762573122978206 -0.0066166953183710575 0.03299999982118605
v -0.06757242977619167 -0.007613584399223328 0.03299999982118605
v -0.06762573122978206 -0.0066166953183710575 0.03299999982118605
v -0.0678930208086967 -0.003812790382653475 0.03299999982118605
v -0.0678930208086967 -0.003812790382653475 0.03299999982118605
v -0.06762573122978206 -0.0066166953183710575 0.03299999982118605
v -0.06789469718933101 -0.0029181339778006077 0.03299999982118605
v -0.0678930208086967 -0.003812790382653475 0.03299999982118605
v -0.06789469718933101 -0.0029181339778006077 0.03299999982118605
v -0.06800000369548793 8.327598630666366e-18 0.03299999982118605
v -0.06800000369548793 8.327598630666366e-18 0.03299999982118605
v -0.06789469718933101 -0.0029181339778006077 0.03299999982118605
v -0.06796342879533764 9.64869832387194e-05 0.03299999982118605
v -0.06800000369548793 8.327598630666366e-18 0.03299999982118605
v -0.06796342879533764 9.64869832387194e-05 0.03299999982118605
v -0.06793897598981853 0.0019664978608489037 0.03299999982118605
v 0.06794279813766475 0.0027885357849299908 0.03299999982118605
v 0.06799969077110286 -1.639052295724516e-16 0.03299999982118605
v 0.06799967586994167 -1.6390493840487598e-16 0.0
v 0.029481906443834284 0.061215806752443314 0.015692541375756257
v 0.02949898876249788 0.061255257576704025 0.017658675089478486
v 0.030581919476389864 0.06073505058884621 0.016697179526090615
v -0.029481906443834284 -0.061215806752443314 0.015692541375756257
v -0.02949898876249788 -0.061255257576704025 0.017658675089478486
v -0.030581921339035013 -0.06073504686355591 0.016697179526090615
v -0.009505743160843842 -0.06733231991529465 0.03299999982118605
v -0.011390423402190201 -0.06703922897577286 0.03299999982118605
v -0.0038319448940455888 -0.06789194792509079 0.02465102076530456
v -0.03824623301625249 0.05622477829456329 0.024651125073432915
v -0.04239730536937711 0.053164541721343994 0.024651125073432915
v -0.04239686951041219 0.05316392332315445 0.03299999982118605
v -0.04239730536937711 0.053164541721343994 0.0
v -0.04239730536937711 0.053164541721343994 0.011237941682338711
v -0.03838148340582845 0.05613253638148308 0.011237941682338711
v -0.04543719813227651 0.05047416314482689 0.016517391428351395
v -0.047992378473281826 0.048173971474170685 0.008383625186979767
v -0.05316454172134396 0.042397305369377136 0.0
v -0.05316454172134396 0.042397305369377136 0.0
v -0.047992378473281826 0.048173971474170685 0.008383625186979767
v -0.04239730536937711 0.053164541721343994 0.0
v -0.0426274240016937 0.0529802106320858 0.011237941682338711
v -0.04239730536937711 0.053164541721343994 0.011237941682338711
v -0.04309423640370366 0.05259774252772331 0.009810783900320526
v -0.04309423640370366 0.05259774252772331 0.009810783900320526
v -0.04239730536937711 0.053164541721343994 0.011237941682338711
v -0.04239730536937711 0.053164541721343994 0.0
v -0.04309423640370366 0.05259774252772331 0.009810783900320526
v -0.04239730536937711 0.053164541721343994 0.0
v -0.043561048805713626 0.05221527814865112 0.008383625186979767
v -0.043561048805713626 0.05221527814865112 0.008383625186979767
v -0.04239730536937711 0.053164541721343994 0.0
v -0.047992378473281826 0.048173971474170685 0.008383625186979767
v -0.04239686951041219 0.05316392332315445 0.03299999982118605
v -0.036321017891168574 0.057487621903419495 0.03299999982118605
v -0.03824623301625249 0.05622477829456329 0.024651125073432915
v -0.03824623301625249 0.05622477829456329 0.024651125073432915
v -0.036321017891168574 0.057487621903419495 0.03299999982118605
v -0.029809609055519083 0.06111834943294525 0.03299999982118605
v -0.03824623301625249 0.05622477829456329 0.024651125073432915
v -0.029809609055519083 0.06111834943294525 0.03299999982118605
v -0.033875174820423105 0.058961618691682816 0.024651125073432915
v -0.033875174820423105 0.058961618691682816 0.024651125073432915
v -0.029809609055519083 0.06111834943294525 0.03299999982118605
v -0.02949721924960611 0.0612495094537735 0.03299999982118605
v -0.033875174820423105 0.058961618691682816 0.024651125073432915
v -0.02949721924960611 0.0612495094537735 0.03299999982118605
v -0.03081137128174303 0.06052139773964882 0.016517369076609605
v -0.01774829253554343 0.06564296036958694 0.016697179526090615
v -0.02245130948722361 0.064092256128788 0.012552977539598938
v -0.020183207467198358 0.06493564695119858 0.018726428970694535
v -0.020183207467198358 0.06493564695119858 0.018726428970694535
v -0.02245130948722361 0.064092256128788 0.012552977539598938
v -0.02244998142123221 0.06409330666065216 0.02066260948777198
v -0.027747571468353254 0.062081173062324524 0.008383625186979767
v -0.015131423249840726 0.0662950947880745 0.0
v -0.029504094272851923 0.06126588210463524 0.008383625186979767
v -0.029504094272851923 0.06126588210463524 0.008383625186979767
v -0.015131423249840726 0.0662950947880745 0.0
v -0.029504094272851923 0.06126588210463524 0.0
v -0.029504094272851923 0.06126588210463524 0.008383625186979767
v -0.029504094272851923 0.06126588210463524 0.0
v -0.03310970589518545 0.05939484387636185 0.008383625186979767
v -0.03310970589518545 0.05939484387636185 0.008383625186979767
v -0.029504094272851923 0.06126588210463524 0.0
v -0.04239730536937711 0.053164541721343994 0.0
v -0.03310970589518545 0.05939484387636185 0.008383625186979767
v -0.04239730536937711 0.053164541721343994 0.0
v -0.0336341932415962 0.059096336364746094 0.009810783900320526
v -0.0336341932415962 0.059096336364746094 0.009810783900320526
v -0.04239730536937711 0.053164541721343994 0.0
v -0.03838148340582845 0.05613253638148308 0.011237941682338711
v -0.0336341932415962 0.059096336364746094 0.009810783900320526
v -0.03838148340582845 0.05613253638148308 0.011237941682338711
v -0.03415868058800695 0.05879782885313034 0.011237941682338711
v -0.02244998142123221 0.06409330666065216 0.02066260948777198
v -0.02245130948722361 0.064092256128788 0.012552977539598938
v -0.027119515463709814 0.06235809251666069 0.024651125073432915
v -0.027119515463709814 0.06235809251666069 0.024651125073432915
v -0.02245130948722361 0.064092256128788 0.012552977539598938
v -0.024775860831141455 0.06332580000162125 0.010504631325602528
v -0.027119515463709814 0.06235809251666069 0.024651125073432915
v -0.024775860831141455 0.06332580000162125 0.010504631325602528
v -0.02947256527841089 0.06120298430323601 0.012963119894266125
v -0.02947256527841089 0.06120298430323601 0.012963119894266125
v -0.024775860831141455 0.06332580000162125 0.010504631325602528
v -0.027119515463709814 0.06235809251666069 0.008383625186979767
v -0.02947256527841089 0.06120298430323601 0.012963119894266125
v -0.027119515463709814 0.06235809251666069 0.008383625186979767
v -0.027747571468353254 0.062081173062324524 0.008383625186979767
v -0.027747571468353254 0.062081173062324524 0.008383625186979767
v -0.027119515463709814 0.06235809251666069 0.008383625186979767
v -0.015131423249840726 0.0662950947880745 0.0
v -0.015131423249840726 0.0662950947880745 0.0
v -0.027119515463709814 0.06235809251666069 0.008383625186979767
v -0.020242186263203607 0.06491728127002716 0.008383625186979767
v -0.015131423249840726 0.0662950947880745 0.0
v -0.020242186263203607 0.06491728127002716 0.008383625186979767
v -0.016764869913458814 0.06580320745706558 0.011506822891533371
v 0.045437205582857104 -0.05047415569424629 0.016517363488674157
v 0.047992378473281826 -0.048173971474170685 0.008383625186979767
v 0.05316454172134396 -0.042397305369377136 0.0
v 0.05316454172134396 -0.042397305369377136 0.0
v 0.047992378473281826 -0.048173971474170685 0.008383625186979767
v 0.04239730536937711 -0.053164541721343994 0.0
v 0.04239730536937711 -0.053164541721343994 0.0
v 0.047992378473281826 -0.048173971474170685 0.008383625186979767
v 0.043561048805713626 -0.05221527814865112 0.008383625186979767
v 0.04239730536937711 -0.053164541721343994 0.0
v 0.043561048805713626 -0.05221527814865112 0.008383625186979767
v 0.04309423640370366 -0.05259774252772331 0.009810783900320526
v 0.029504094272851923 -0.06126588210463524 0.03299999982118605
v 0.033875174820423105 -0.058961618691682816 0.024651125073432915
v 0.03289288282394407 -0.05951519310474396 0.03299999982118605
v 0.03289288282394407 -0.05951519310474396 0.03299999982118605
v 0.033875174820423105 -0.058961618691682816 0.024651125073432915
v 0.03824623301625249 -0.05622477829456329 0.024651125073432915
v 0.03289288282394407 -0.05951519310474396 0.03299999982118605
v 0.03824623301625249 -0.05622477829456329 0.024651125073432915
v 0.03617818281054495 -0.05757724493741989 0.03299999982118605
v 0.027119515463709814 -0.06235809251666069 0.024651125073432915
v 0.02947256527841089 -0.06120298430323601 0.012963119894266125
v 0.029504094272851923 -0.06126588210463524 0.03299999982118605
v 0.029504094272851923 -0.06126588210463524 0.03299999982118605
v 0.02947256527841089 -0.06120298430323601 0.012963119894266125
v 0.030811378732323626 -0.06052139401435852 0.016517385840415948
v 0.029504094272851923 -0.06126588210463524 0.03299999982118605
v 0.030811378732323626 -0.06052139401435852 0.016517385840415948
v 0.033875174820423105 -0.058961618691682816 0.024651125073432915
v 0.01774829253554343 -0.06564296036958694 0.016697179526090615
v 0.022451328113675104 -0.064092256128788 0.01255296170711517
v 0.020183207467198358 -0.06493564695119858 0.018726428970694535
v 0.020183207467198358 -0.06493564695119858 0.018726428970694535
v 0.022451328113675104 -0.064092256128788 0.01255296170711517
v 0.022449964657425867 -0.06409331411123276 0.020662594586610787
v 0.027119515463709814 -0.06235809251666069 0.008383625186979767
v 0.020242186263203607 -0.06491728127002716 0.008383625186979767
v 0.015131423249840726 -0.0662950947880745 0.0
v 0.015131423249840726 -0.0662950947880745 0.0
v 0.020242186263203607 -0.06491728127002716 0.008383625186979767
v 0.016764866188168515 -0.06580321490764618 0.011506825685501095
v 0.03838148340582845 -0.05613253638148308 0.011237941682338711
v 0.04239730536937711 -0.053164541721343994 0.0
v 0.04239730536937711 -0.053164541721343994 0.011237941682338711
v 0.04239730536937711 -0.053164541721343994 0.011237941682338711
v 0.04239730536937711 -0.053164541721343994 0.0
v 0.04309423640370366 -0.05259774252772331 0.009810783900320526
v 0.04239730536937711 -0.053164541721343994 0.011237941682338711
v 0.04309423640370366 -0.05259774252772331 0.009810783900320526
v 0.0426274240016937 -0.0529802106320858 0.011237941682338711
v 0.022449964657425867 -0.06409331411123276 0.020662594586610787
v 0.022451328113675104 -0.064092256128788 0.01255296170711517
v 0.027119515463709814 -0.06235809251666069 0.024651125073432915
v 0.027119515463709814 -0.06235809251666069 0.024651125073432915
v 0.022451328113675104 -0.064092256128788 0.01255296170711517
v 0.024775860831141455 -0.06332580000162125 0.010504631325602528
v 0.027119515463709814 -0.06235809251666069 0.024651125073432915
v 0.024775860831141455 -0.06332580000162125 0.010504631325602528
v 0.02947256527841089 -0.06120298430323601 0.012963119894266125
v 0.02947256527841089 -0.06120298430323601 0.012963119894266125
v 0.024775860831141455 -0.06332580000162125 0.010504631325602528
v 0.027119515463709814 -0.06235809251666069 0.008383625186979767
v 0.02947256527841089 -0.06120298430323601 0.012963119894266125
v 0.027119515463709814 -0.06235809251666069 0.008383625186979767
v 0.027747571468353254 -0.062081173062324524 0.008383625186979767
v 0.027747571468353254 -0.062081173062324524 0.008383625186979767
v 0.027119515463709814 -0.06235809251666069 0.008383625186979767
v 0.015131423249840726 -0.0662950947880745 0.0
v 0.027747571468353254 -0.062081173062324524 0.008383625186979767
v 0.015131423249840726 -0.0662950947880745 0.0
v 0.029504094272851923 -0.06126588210463524 0.008383625186979767
v 0.029504094272851923 -0.06126588210463524 0.008383625186979767
v 0.015131423249840726 -0.0662950947880745 0.0
v 0.029504094272851923 -0.06126588210463524 0.0
v 0.029504094272851923 -0.06126588210463524 0.008383625186979767
v 0.029504094272851923 -0.06126588210463524 0.0
v 0.03310970589518545 -0.05939484387636185 0.008383625186979767
v 0.03310970589518545 -0.05939484387636185 0.008383625186979767
v 0.029504094272851923 -0.06126588210463524 0.0
v 0.04239730536937711 -0.053164541721343994 0.0
v 0.03310970589518545 -0.05939484387636185 0.008383625186979767
v 0.04239730536937711 -0.053164541721343994 0.0
v 0.0336341932415962 -0.059096336364746094 0.009810783900320526
v 0.0336341932415962 -0.059096336364746094 0.009810783900320526
v 0.04239730536937711 -0.053164541721343994 0.0
v 0.03838148340582845 -0.05613253638148308 0.011237941682338711
v 0.0336341932415962 -0.059096336364746094 0.009810783900320526
v 0.03838148340582845 -0.05613253638148308 0.011237941682338711
v 0.03415868058800695 -0.05879782885313034 0.011237941682338711
v 0.00018234900198876847 -0.06799975782632828 0.010151776485145089
v 1.5090627414338077e-08 -0.06799809634685516 0.010008579120039936
v -1.2491397532409235e-17 -0.06800000369548798 0.0
v 0.013287545181810847 -0.0666891410946846 0.014630025252699847
v 0.011033477261662476 -0.06709890067577362 0.014630025252699847
v 0.015113561414182176 -0.06622391939163208 0.012989965267479416
v 0.015113561414182176 -0.06622391939163208 0.012989965267479416
v 0.011033477261662476 -0.06709890067577362 0.014630025252699847
v 0.011033477261662476 -0.06709890067577362 0.008383625186979767
v 0.0013564439723268143 -0.06798646599054337 0.02465102076530456
v 0.0013564439723268143 -0.06798646599054337 0.014052990823984141
v 0.005884490907192226 -0.0677449107170105 0.008383625186979767
v 0.005884490907192226 -0.0677449107170105 0.008383625186979767
v 0.0013564439723268143 -0.06798646599054337 0.014052990823984141
v 0.0011106642195954912 -0.06799092888832092 0.011810681782662865
v 0.005884490907192226 -0.0677449107170105 0.008383625186979767
v 0.0011106642195954912 -0.06799092888832092 0.011810681782662865
v 0.0008216103306040162 -0.06799367815256119 0.011294140480458733
v 0.0008216103306040162 -0.06799367815256119 0.011294140480458733
v 0.00018234900198876847 -0.06799975782632828 0.010151776485145089
v 0.005884490907192226 -0.0677449107170105 0.008383625186979767
v 0.005884490907192226 -0.0677449107170105 0.008383625186979767
v 0.00018234900198876847 -0.06799975782632828 0.010151776485145089
v -1.2491397532409235e-17 -0.06800000369548798 0.0
v 0.005884490907192226 -0.0677449107170105 0.008383625186979767
v -1.2491397532409235e-17 -0.06800000369548798 0.0
v 0.011033477261662476 -0.06709890067577362 0.008383625186979767
v 0.011033477261662476 -0.06709890067577362 0.008383625186979767
v -1.2491397532409235e-17 -0.06800000369548798 0.0
v 0.015131423249840726 -0.0662950947880745 0.0
v 0.011033477261662476 -0.06709890067577362 0.008383625186979767
v 0.015131423249840726 -0.0662950947880745 0.0
v 0.015113561414182176 -0.06622391939163208 0.012989965267479416
v 0.015113561414182176 -0.06622391939163208 0.012989965267479416
v 0.015131423249840726 -0.0662950947880745 0.0
v 0.016764866188168515 -0.06580321490764618 0.011506825685501095
v 0.011033478192985051 -0.06709890067577362 0.024651125073432915
v 0.015131423249840726 -0.0662950947880745 0.03299999982118605
v 0.013266141526401034 -0.06669339537620544 0.03299999982118605
v 0.013266141526401034 -0.06669339537620544 0.03299999982118605
v 0.011390423402190201 -0.06703922897577286 0.03299999982118605
v 0.011033478192985051 -0.06709890067577362 0.024651125073432915
v 0.011033478192985051 -0.06709890067577362 0.024651125073432915
v 0.011390423402190201 -0.06703922897577286 0.03299999982118605
v 0.009505743160843842 -0.06733231991529465 0.03299999982118605
v 0.011033478192985051 -0.06709890067577362 0.024651125073432915
v 0.009505743160843842 -0.06733231991529465 0.03299999982118605
v 0.005884490907192226 -0.0677449107170105 0.024651125073432915
v 0.005884490907192226 -0.0677449107170105 0.024651125073432915
v 0.009505743160843842 -0.06733231991529465 0.03299999982118605
v 0.007613584399223322 -0.06757242977619171 0.03299999982118605
v 0.007613584399223322 -0.06757242977619171 0.03299999982118605
v 0.005715435836464163 -0.06775937974452972 0.03299999982118605
v 0.005884490907192226 -0.0677449107170105 0.024651125073432915
v 0.005884490907192226 -0.0677449107170105 0.024651125073432915
v 0.005715435836464163 -0.06775937974452972 0.03299999982118605
v 0.004764581564813849 -0.06783287227153778 0.03299999982118605
v 0.005884490907192226 -0.0677449107170105 0.024651125073432915
v 0.004764581564813849 -0.06783287227153778 0.03299999982118605
v 0.003812790382653472 -0.06789302080869675 0.03299999982118605
v 0.003812790382653472 -0.06789302080869675 0.03299999982118605
v 0.0028602492529898865 -0.06793981790542603 0.03299999982118605
v 0.005884490907192226 -0.0677449107170105 0.024651125073432915
v 0.005884490907192226 -0.0677449107170105 0.024651125073432915
v 0.0028602492529898865 -0.06793981790542603 0.03299999982118605
v 0.0019071453716605889 -0.06797324866056442 0.03299999982118605
v 0.005884490907192226 -0.0677449107170105 0.024651125073432915
v 0.0019071453716605889 -0.06797324866056442 0.03299999982118605
v -3.875703858731035e-15 -0.06799489259719849 0.03299998119473456
v 0.011033478192985051 -0.06709890067577362 0.018674353137612336
v 0.013425126671791068 -0.06666158139705658 0.018674353137612336
v 0.011033478192985051 -0.06709890067577362 0.024651125073432915
v 0.011033478192985051 -0.06709890067577362 0.024651125073432915
v 0.013425126671791068 -0.06666158139705658 0.018674353137612336
v 0.015114826150238504 -0.06622923165559769 0.02015577629208564
v 0.011033478192985051 -0.06709890067577362 0.024651125073432915
v 0.015114826150238504 -0.06622923165559769 0.02015577629208564
v 0.015131423249840726 -0.0662950947880745 0.03299999982118605
v 0.015131423249840726 -0.0662950947880745 0.03299999982118605
v 0.015114826150238504 -0.06622923165559769 0.02015577629208564
v 0.016833659261465062 -0.06578943133354187 0.02166274189949035
v 0.015131423249840726 -0.0662950947880745 0.03299999982118605
v 0.016833659261465062 -0.06578943133354187 0.02166274189949035
v 0.018824813887476907 -0.06534238159656525 0.03299999982118605
v 0.018824813887476907 -0.06534238159656525 0.03299999982118605
v 0.016833659261465062 -0.06578943133354187 0.02166274189949035
v 0.020242186263203607 -0.06491728127002716 0.024651125073432915
v 0.018824813887476907 -0.06534238159656525 0.03299999982118605
v 0.020242186263203607 -0.06491728127002716 0.024651125073432915
v 0.022458976134657846 -0.06418406963348389 0.03299999982118605
v 0.022458976134657846 -0.06418406963348389 0.03299999982118605
v 0.020242186263203607 -0.06491728127002716 0.024651125073432915
v 0.027119515463709814 -0.06235809251666069 0.024651125073432915
v 0.022458976134657846 -0.06418406963348389 0.03299999982118605
v 0.027119515463709814 -0.06235809251666069 0.024651125073432915
v 0.026022473350167257 -0.0628238096833229 0.03299999982118605
v 0.026022473350167257 -0.0628238096833229 0.03299999982118605
v 0.027119515463709814 -0.06235809251666069 0.024651125073432915
v 0.029504094272851923 -0.06126588210463524 0.03299999982118605
v -0.005128734745085236 -0.06780574470758438 0.012599666602909562
v -0.004422429017722604 -0.06785603612661362 0.013144159689545626
v -0.0043012537062168095 -0.06786347925662994 0.013387147337198252
v -0.014414910227060308 -0.06645457446575165 0.013673004694283003
v -0.014283848926424971 -0.06648232042789459 0.013503747992217536
v -0.005128734745085236 -0.06780574470758438 0.012599666602909562
v -0.0127175748348236 -0.06680017709732056 0.012325441464781758
v -0.01294213254004716 -0.06675703078508377 0.01249666046351194
v -0.013493027538061133 -0.06664631515741348 0.012692769989371296
v -0.013493027538061133 -0.06664631515741348 0.012692769989371296
v -0.01294213254004716 -0.06675703078508377 0.01249666046351194
v -0.005128734745085236 -0.06780574470758438 0.012599666602909562
v -0.013493027538061133 -0.06664631515741348 0.012692769989371296
v -0.005128734745085236 -0.06780574470758438 0.012599666602909562
v -0.013750223442912093 -0.06659527868032455 0.01281460281461477
v -0.013750223442912093 -0.06659527868032455 0.01281460281461477
v -0.005128734745085236 -0.06780574470758438 0.012599666602909562
v -0.014283848926424971 -0.06648232042789459 0.013503747992217536
v -0.0127175748348236 -0.06680017709732056 0.012325441464781758
v -0.012389790266752234 -0.06686029583215714 0.012300550937652584
v -0.01294213254004716 -0.06675703078508377 0.01249666046351194
v -0.01294213254004716 -0.06675703078508377 0.01249666046351194
v -0.012389790266752234 -0.06686029583215714 0.012300550937652584
v -0.011816569603979579 -0.06696543097496033 0.012257021851837632
v -0.01294213254004716 -0.06675703078508377 0.01249666046351194
v -0.011816569603979579 -0.06696543097496033 0.012257021851837632
v -0.005128734745085236 -0.06780574470758438 0.012599666602909562
v -0.005128734745085236 -0.06780574470758438 0.012599666602909562
v -0.011816569603979579 -0.06696543097496033 0.012257021851837632
v -0.006722059566527601 -0.0676669329404831 0.012257021851837632
v -0.005128734745085236 -0.06780574470758438 0.012599666602909562
v -0.006722059566527601 -0.0676669329404831 0.012257021851837632
v -0.005237710662186142 -0.06779798120260239 0.012515656650066372
v -0.014414910227060308 -0.06645457446575165 0.013673004694283003
v -0.005128734745085236 -0.06780574470758438 0.012599666602909562
v -0.014659940265119065 -0.06640095263719559 0.015130260027945036
v -0.014659940265119065 -0.06640095263719559 0.015130260027945036
v -0.005128734745085236 -0.06780574470758438 0.012599666602909562
v -0.0043012537062168095 -0.06786347925662994 0.013387147337198252
v -0.014659940265119065 -0.06640095263719559 0.015130260027945036
v -0.0043012537062168095 -0.06786347925662994 0.013387147337198252
v -0.003912454936653373 -0.06788735091686249 0.01416679192334413
v -0.003912454936653373 -0.06788735091686249 0.01416679192334413
v -0.003885689657181499 -0.06788887828588486 0.014487096108496184
v -0.014659940265119065 -0.06640095263719559 0.015130260027945036
v -0.014659940265119065 -0.06640095263719559 0.015130260027945036
v -0.003885689657181499 -0.06788887828588486 0.014487096108496184
v -0.0038319451268762324 -0.06789194792509079 0.015130260027945036
v -0.014659940265119065 -0.06640095263719559 0.015130260027945036
v -0.0038319451268762324 -0.06789194792509079 0.015130260027945036
v -0.014659940265119065 -0.06640095263719559 0.02465102076530456
v 0.005884490907192226 -0.0677449107170105 0.008383625186979767
v 0.005884490907192226 -0.0677449107170105 0.024651125073432915
v 0.0013564439723268143 -0.06798646599054337 0.02465102076530456
v 0.0013564439723268143 -0.06798646599054337 0.02465102076530456
v 0.005884490907192226 -0.0677449107170105 0.024651125073432915
v -3.875703858731035e-15 -0.06799489259719849 0.03299998119473456
v 0.0013564439723268143 -0.06798646599054337 0.02465102076530456
v -3.875703858731035e-15 -0.06799489259719849 0.03299998119473456
v -1.2491397532409235e-17 -0.06800000369548798 0.02465102076530456
v -1.2491397532409235e-17 -0.06800000369548798 0.02465102076530456
v -3.875703858731035e-15 -0.06799489259719849 0.03299998119473456
v -0.003812790382653472 -0.06789302080869675 0.03299999982118605
v -1.2491397532409235e-17 -0.06800000369548798 0.02465102076530456
v -0.003812790382653472 -0.06789302080869675 0.03299999982118605
v -0.0038319448940455888 -0.06789194792509079 0.02465102076530456
v -0.0038319448940455888 -0.06789194792509079 0.02465102076530456
v -0.003812790382653472 -0.06789302080869675 0.03299999982118605
v -0.007613584399223322 -0.06757242977619171 0.03299999982118605
v -0.0038319448940455888 -0.06789194792509079 0.02465102076530456
v -0.007613584399223322 -0.06757242977619171 0.03299999982118605
v -0.009505743160843842 -0.06733231991529465 0.03299999982118605
v -0.029504094272851923 -0.06126588210463524 0.03299999982118605
v -0.028240010142326338 -0.06185872480273247 0.024651125073432915
v -0.022458976134657846 -0.06418406963348389 0.03299999982118605
v -0.022458976134657846 -0.06418406963348389 0.03299999982118605
v -0.028240010142326338 -0.06185872480273247 0.024651125073432915
v -0.021410163491964326 -0.06454149633646011 0.024651125073432915
v -0.022458976134657846 -0.06418406963348389 0.03299999982118605
v -0.021410163491964326 -0.06454149633646011 0.024651125073432915
v -0.018824813887476907 -0.06534238159656525 0.03299999982118605
v -0.0038319451268762324 -0.06789194792509079 0.015130260027945036
v -0.0038319448940455888 -0.06789194792509079 0.02465102076530456
v -0.014659940265119065 -0.06640095263719559 0.02465102076530456
v -0.014659940265119065 -0.06640095263719559 0.02465102076530456
v -0.0038319448940455888 -0.06789194792509079 0.02465102076530456
v -0.011390423402190201 -0.06703922897577286 0.03299999982118605
v -0.014659940265119065 -0.06640095263719559 0.02465102076530456
v -0.011390423402190201 -0.06703922897577286 0.03299999982118605
v -0.015131423249840726 -0.0662950947880745 0.02465102076530456
v -0.015131423249840726 -0.0662950947880745 0.02465102076530456
v -0.011390423402190201 -0.06703922897577286 0.03299999982118605
v -0.015131423249840726 -0.0662950947880745 0.03299999982118605
v -0.015131423249840726 -0.0662950947880745 0.02465102076530456
v -0.015131423249840726 -0.0662950947880745 0.03299999982118605
v -0.01698479987680911 -0.06584464013576508 0.03299999982118605
v -0.015129964798688878 -0.0662882924079895 0.008284149691462513
v -0.015543844550847997 -0.06619961559772491 0.008322360925376412
v -0.021410163491964326 -0.06454149633646011 0.008383625186979767
v -0.021410163491964326 -0.06454149633646011 0.008383625186979767
v -0.015543844550847997 -0.06619961559772491 0.008322360925376412
v -0.016590679064393033 -0.0659366324543953 0.008801460266113278
v -0.021410163491964326 -0.06454149633646011 0.008383625186979767
v -0.016590679064393033 -0.0659366324543953 0.008801460266113278
v -0.01758786104619502 -0.06568612903356552 0.009257835336029526
v -0.01758786104619502 -0.06568612903356552 0.009257835336029526
v -0.018702223896980272 -0.06537623703479767 0.010395948775112625
v -0.021410163491964326 -0.06454149633646011 0.008383625186979767
v -0.021410163491964326 -0.06454149633646011 0.008383625186979767
v -0.018702223896980272 -0.06537623703479767 0.010395948775112625
v -0.01884767413139342 -0.06533578783273697 0.010544499382376667
v -0.021410163491964326 -0.06454149633646011 0.008383625186979767
v -0.01884767413139342 -0.06533578783273697 0.010544499382376667
v -0.023801481351256353 -0.0636984258890152 0.010504631325602528
v -0.02949898876249788 -0.061255257576704025 0.017658675089478486
v -0.029481906443834284 -0.061215806752443314 0.015692541375756257
v -0.028296379372477514 -0.061832960695028305 0.018726428970694535
v -0.028296379372477514 -0.061832960695028305 0.018726428970694535
v -0.029481906443834284 -0.061215806752443314 0.015692541375756257
v -0.02600830048322676 -0.06273394078016281 0.012520109303295609
v -0.028296379372477514 -0.061832960695028305 0.018726428970694535
v -0.02600830048322676 -0.06273394078016281 0.012520109303295609
v -0.026008302345871908 -0.06273292005062103 0.020695023238658898
v -0.01698479987680911 -0.06584464013576508 0.03299999982118605
v -0.018824813887476907 -0.06534238159656525 0.03299999982118605
v -0.015131423249840726 -0.0662950947880745 0.02465102076530456
v -0.015131423249840726 -0.0662950947880745 0.02465102076530456
v -0.018824813887476907 -0.06534238159656525 0.03299999982118605
v -0.021410163491964326 -0.06454149633646011 0.024651125073432915
v -0.015131423249840726 -0.0662950947880745 0.02465102076530456
v -0.021410163491964326 -0.06454149633646011 0.024651125073432915
v -0.019680786877870546 -0.06508968025445938 0.02465102076530456
v -0.019680786877870546 -0.06508968025445938 0.02465102076530456
v -0.021410163491964326 -0.06454149633646011 0.024651125073432915
v -0.026008302345871908 -0.06273292005062103 0.020695023238658898
v -0.019680786877870546 -0.06508968025445938 0.02465102076530456
v -0.026008302345871908 -0.06273292005062103 0.020695023238658898
v -0.019680786877870546 -0.06508968025445938 0.014052990823984141
v -0.019680786877870546 -0.06508968025445938 0.014052990823984141
v -0.026008302345871908 -0.06273292005062103 0.020695023238658898
v -0.02600830048322676 -0.06273394078016281 0.012520109303295609
v -0.019680786877870546 -0.06508968025445938 0.014052990823984141
v -0.02600830048322676 -0.06273394078016281 0.012520109303295609
v -0.019573790952563272 -0.06512191891670227 0.0125409597530961
v -0.019573790952563272 -0.06512191891670227 0.0125409597530961
v -0.02600830048322676 -0.06273394078016281 0.012520109303295609
v -0.023801481351256353 -0.0636984258890152 0.010504631325602528
v -0.019573790952563272 -0.06512191891670227 0.0125409597530961
v -0.023801481351256353 -0.0636984258890152 0.010504631325602528
v -0.019555136561393724 -0.06512754410505295 0.012277327477931973
v -0.019555136561393724 -0.06512754410505295 0.012277327477931973
v -0.023801481351256353 -0.0636984258890152 0.010504631325602528
v -0.01884767413139342 -0.06533578783273697 0.010544499382376667
v -0.028240010142326338 -0.06185872480273247 0.008383625186979767
v -0.029504094272851923 -0.06126588210463524 0.0
v -0.021410163491964326 -0.06454149633646011 0.008383625186979767
v -0.021410163491964326 -0.06454149633646011 0.008383625186979767
v -0.029504094272851923 -0.06126588210463524 0.0
v -0.015131423249840726 -0.0662950947880745 0.0
v -0.021410163491964326 -0.06454149633646011 0.008383625186979767
v -0.015131423249840726 -0.0662950947880745 0.0
v -0.015129964798688878 -0.0662882924079895 0.008284149691462513
v -0.015129964798688878 -0.0662882924079895 0.008284149691462513
v -0.015131423249840726 -0.0662950947880745 0.0
v -0.01294296979904174 -0.06675686687231064 0.008082238025963303
v 1.5090627414338077e-08 -0.06799809634685516 0.010008579120039936
v -0.0006477168644778426 -0.0679922103881836 0.009499877691268917
v -1.2491397532409235e-17 -0.06800000369548798 0.0
v -1.2491397532409235e-17 -0.06800000369548798 0.0
v -0.0006477168644778426 -0.0679922103881836 0.009499877691268917
v -0.0014184834435582152 -0.06798520684242249 0.008894550614058968
v -1.2491397532409235e-17 -0.06800000369548798 0.0
v -0.0014184834435582152 -0.06798520684242249 0.008894550614058968
v -0.003297684947028754 -0.06791999191045761 0.008241866715252396
v -0.003297684947028754 -0.06791999191045761 0.008241866715252396
v -0.0033693201839923837 -0.06791530549526215 0.008236858993768689
v -1.2491397532409235e-17 -0.06800000369548798 0.0
v -1.2491397532409235e-17 -0.06800000369548798 0.0
v -0.0033693201839923837 -0.06791530549526215 0.008236858993768689
v -0.005581211764365431 -0.0677705705165863 0.008082238025963303
v -1.2491397532409235e-17 -0.06800000369548798 0.0
v -0.005581211764365431 -0.0677705705165863 0.008082238025963303
v -0.015131423249840726 -0.0662950947880745 0.0
v -0.015131423249840726 -0.0662950947880745 0.0
v -0.005581211764365431 -0.0677705705165863 0.008082238025963303
v -0.009275948628783219 -0.06736435741186142 0.008082238025963303
v -0.015131423249840726 -0.0662950947880745 0.0
v -0.009275948628783219 -0.06736435741186142 0.008082238025963303
v -0.01294296979904174 -0.06675686687231064 0.008082238025963303
v 0.06629509478807445 -0.015131423249840736 0.03299999982118605
v 0.06629509478807445 -0.015131423249840736 0.0
v 0.06755547225475307 -0.007762623019516468 0.03299999982118605
v 0.06755547225475307 -0.007762623019516468 0.03299999982118605
v 0.06629509478807445 -0.015131423249840736 0.0
v 0.06799934059381481 -0.0003000000142492354 0.0
v 0.06755547225475307 -0.007762623019516468 0.03299999982118605
v 0.06799934059381481 -0.0003000000142492354 0.0
v 0.06788003444671627 -0.004037416074424982 0.03299999982118605
v 0.06788003444671627 -0.004037416074424982 0.03299999982118605
v 0.06799934059381481 -0.0003000000142492354 0.0
v 0.06799934059381481 -0.0003000000142492354 0.03299999982118605
v -0.034602366387844065 -0.05853781849145889 0.014630025252699847
v -0.036554750055074664 -0.0573389045894146 0.014630025252699847
v -0.0314211808145046 -0.06019827350974083 0.011506819166243073
v -0.0314211808145046 -0.06019827350974083 0.011506819166243073
v -0.036554750055074664 -0.0573389045894146 0.014630025252699847
v -0.036554750055074664 -0.0573389045894146 0.008383625186979767
v -0.0314211808145046 -0.06019827350974083 0.011506819166243073
v -0.036554750055074664 -0.0573389045894146 0.008383625186979767
v -0.029476869851350763 -0.06121313199400902 0.009597943164408203
v -0.028240010142326338 -0.06185872480273247 0.008383625186979767
v -0.029476869851350763 -0.06121313199400902 0.009597943164408203
v -0.029504094272851923 -0.06126588210463524 0.0
v -0.029504094272851923 -0.06126588210463524 0.0
v -0.029476869851350763 -0.06121313199400902 0.009597943164408203
v -0.036554750055074664 -0.0573389045894146 0.008383625186979767
v -0.029504094272851923 -0.06126588210463524 0.0
v -0.036554750055074664 -0.0573389045894146 0.008383625186979767
v -0.04239730536937711 -0.053164541721343994 0.0
v -0.04239730536937711 -0.053164541721343994 0.0
v -0.036554750055074664 -0.0573389045894146 0.008383625186979767
v -0.04082080721855161 -0.05438438802957535 0.008383625186979767
v -0.04239730536937711 -0.053164541721343994 0.0
v -0.04082080721855161 -0.05438438802957535 0.008383625186979767
v -0.04239730536937711 -0.053164541721343994 0.03299999982118605
v -0.04239730536937711 -0.053164541721343994 0.03299999982118605
v -0.04082080721855161 -0.05438438802957535 0.008383625186979767
v -0.04082079976797101 -0.054384391754865646 0.024651125073432915
v -0.04239730536937711 -0.053164541721343994 0.03299999982118605
v -0.04082079976797101 -0.054384391754865646 0.024651125073432915
v -0.03617818281054495 -0.05757724493741989 0.03299999982118605
v -0.03617818281054495 -0.05757724493741989 0.03299999982118605
v -0.04082079976797101 -0.054384391754865646 0.024651125073432915
v -0.036554750055074664 -0.0573389045894146 0.024651125073432915
v -0.03617818281054495 -0.05757724493741989 0.03299999982118605
v -0.036554750055074664 -0.0573389045894146 0.024651125073432915
v -0.03289288282394407 -0.05951519310474396 0.03299999982118605
v -0.03289288282394407 -0.05951519310474396 0.03299999982118605
v -0.036554750055074664 -0.0573389045894146 0.024651125073432915
v -0.029504094272851923 -0.06126588210463524 0.03299999982118605
v -0.036554750055074664 -0.0573389045894146 0.018674353137612336
v -0.03448150306940077 -0.058609094470739365 0.018674353137612336
v -0.036554750055074664 -0.0573389045894146 0.024651125073432915
v -0.036554750055074664 -0.0573389045894146 0.024651125073432915
v -0.03448150306940077 -0.058609094470739365 0.018674353137612336
v -0.031360771507024744 -0.06023390218615532 0.021662723273038857
v -0.036554750055074664 -0.0573389045894146 0.024651125073432915
v -0.031360771507024744 -0.06023390218615532 0.021662723273038857
v -0.029504094272851923 -0.06126588210463524 0.03299999982118605
v -0.029504094272851923 -0.06126588210463524 0.03299999982118605
v -0.031360771507024744 -0.06023390218615532 0.021662723273038857
v -0.029477570205926874 -0.0612143911421299 0.023466054350137704
v -0.029504094272851923 -0.06126588210463524 0.03299999982118605
v -0.029477570205926874 -0.0612143911421299 0.023466054350137704
v -0.028240010142326338 -0.06185872480273247 0.024651125073432915
v -0.0001969624281628056 0.0679997131228447 0.010169811546802517
v -1.5516892659661598e-08 0.06799797713756561 0.010013588704168793
v 4.16379931533318e-18 0.06800000369548798 0.0
v -0.013287545181810847 0.0666891410946846 0.014630025252699847
v -0.011033477261662476 0.06709890067577362 0.014630025252699847
v -0.015113561414182176 0.06622391939163208 0.012989965267479416
v -0.015113561414182176 0.06622391939163208 0.012989965267479416
v -0.011033477261662476 0.06709890067577362 0.014630025252699847
v -0.011033477261662476 0.06709890067577362 0.008383625186979767
v -0.005884490907192226 0.0677449107170105 0.008383625186979767
v -0.005884490907192226 0.0677449107170105 0.024651125073432915
v -0.0013564439723268143 0.06798646599054337 0.02465102076530456
v -0.0013564439723268143 0.06798646599054337 0.02465102076530456
v -0.0013564439723268143 0.06798646599054337 0.014052990823984141
v -0.005884490907192226 0.0677449107170105 0.008383625186979767
v -0.005884490907192226 0.0677449107170105 0.008383625186979767
v -0.0013564439723268143 0.06798646599054337 0.014052990823984141
v -0.0011145829921588295 0.06799086183309555 0.011825862340629097
v -0.005884490907192226 0.0677449107170105 0.008383625186979767
v -0.0011145829921588295 0.06799086183309555 0.011825862340629097
v -0.0008199526928365225 0.06799370795488358 0.011294136755168434
v -0.0008199526928365225 0.06799370795488358 0.011294136755168434
v -0.0001969624281628056 0.0679997131228447 0.010169811546802517
v -0.005884490907192226 0.0677449107170105 0.008383625186979767
v -0.005884490907192226 0.0677449107170105 0.008383625186979767
v -0.0001969624281628056 0.0679997131228447 0.010169811546802517
v 4.16379931533318e-18 0.06800000369548798 0.0
v -0.005884490907192226 0.0677449107170105 0.008383625186979767
v 4.16379931533318e-18 0.06800000369548798 0.0
v -0.011033477261662476 0.06709890067577362 0.008383625186979767
v -0.011033477261662476 0.06709890067577362 0.008383625186979767
v 4.16379931533318e-18 0.06800000369548798 0.0
v -0.015131423249840726 0.0662950947880745 0.0
v -0.011033477261662476 0.06709890067577362 0.008383625186979767
v -0.015131423249840726 0.0662950947880745 0.0
v -0.015113561414182176 0.06622391939163208 0.012989965267479416
v -0.015113561414182176 0.06622391939163208 0.012989965267479416
v -0.015131423249840726 0.0662950947880745 0.0
v -0.016764869913458814 0.06580320745706558 0.011506822891533371
v -0.011033478192985051 0.06709890067577362 0.024651125073432915
v -0.015127889811992635 0.06627502292394638 0.03299999982118605
v -0.005884490907192226 0.0677449107170105 0.024651125073432915
v -0.005884490907192226 0.0677449107170105 0.024651125073432915
v -0.015127889811992635 0.06627502292394638 0.03299999982118605
v -0.008025979623198504 0.06752495467662811 0.03299999982118605
v 4.16379931533318e-18 0.06800000369548798 0.02465102076530456
v -0.0013564439723268143 0.06798646599054337 0.02465102076530456
v -2.448040561375818e-07 0.06798586994409561 0.03299999982118605
v -2.448040561375818e-07 0.06798586994409561 0.03299999982118605
v -0.0013564439723268143 0.06798646599054337 0.02465102076530456
v -0.005884490907192226 0.0677449107170105 0.024651125073432915
v -2.448040561375818e-07 0.06798586994409561 0.03299999982118605
v -0.005884490907192226 0.0677449107170105 0.024651125073432915
v -0.0006420162972062822 0.06799699366092682 0.03299999982118605
v -0.0006420162972062822 0.06799699366092682 0.03299999982118605
v -0.005884490907192226 0.0677449107170105 0.024651125073432915
v -0.008025979623198504 0.06752495467662811 0.03299999982118605
v -0.011033478192985051 0.06709890067577362 0.018674353137612336
v -0.013425126671791068 0.06666158139705658 0.018674353137612336
v -0.011033478192985051 0.06709890067577362 0.024651125073432915
v -0.011033478192985051 0.06709890067577362 0.024651125073432915
v -0.013425126671791068 0.06666158139705658 0.018674353137612336
v -0.015114826150238504 0.06622923165559769 0.02015577629208564
v -0.011033478192985051 0.06709890067577362 0.024651125073432915
v -0.015114826150238504 0.06622923165559769 0.02015577629208564
v -0.015127889811992635 0.06627502292394638 0.03299999982118605
v -0.015127889811992635 0.06627502292394638 0.03299999982118605
v -0.015114826150238504 0.06622923165559769 0.02015577629208564
v -0.016833657398819913 0.06578943133354187 0.02166273817420005
v -0.015127889811992635 0.06627502292394638 0.03299999982118605
v -0.016833657398819913 0.06578943133354187 0.02166273817420005
v -0.015513857826590528 0.06620708853006363 0.03299999982118605
v -0.015513857826590528 0.06620708853006363 0.03299999982118605
v -0.016833657398819913 0.06578943133354187 0.02166273817420005
v -0.020242186263203607 0.06491728127002716 0.024651125073432915
v -0.015513857826590528 0.06620708853006363 0.03299999982118605
v -0.020242186263203607 0.06491728127002716 0.024651125073432915
v -0.022764198482036577 0.06407644599676132 0.03299999982118605
v -0.022764198482036577 0.06407644599676132 0.03299999982118605
v -0.020242186263203607 0.06491728127002716 0.024651125073432915
v -0.027119515463709814 0.06235809251666069 0.024651125073432915
v -0.022764198482036577 0.06407644599676132 0.03299999982118605
v -0.027119515463709814 0.06235809251666069 0.024651125073432915
v -0.02949721924960611 0.0612495094537735 0.03299999982118605
v -0.02949721924960611 0.0612495094537735 0.03299999982118605
v -0.027119515463709814 0.06235809251666069 0.024651125073432915
v -0.02947256527841089 0.06120298430323601 0.012963119894266125
v -0.02949721924960611 0.0612495094537735 0.03299999982118605
v -0.02947256527841089 0.06120298430323601 0.012963119894266125
v -0.03081137128174303 0.06052139773964882 0.016517369076609605
v 0.013740898109972468 0.06659720838069916 0.012807318940758702
v 0.013535002246499053 0.0666380301117897 0.012710796669125553
v 0.014314177446067325 0.06647589802742004 0.013542342931032176
v 0.014314177446067325 0.06647589802742004 0.013542342931032176
v 0.013535002246499053 0.0666380301117897 0.012710796669125553
v 0.014098104089498511 0.0665225014090538 0.013920528814196581
v 0.014314177446067325 0.06647589802742004 0.013542342931032176
v 0.014098104089498511 0.0665225014090538 0.013920528814196581
v 0.014412975870072831 0.06645499169826508 0.013669017702341075
v 0.014412975870072831 0.06645499169826508 0.013669017702341075
v 0.014098104089498511 0.0665225014090538 0.013920528814196581
v 0.014659940265119065 0.06640095263719559 0.015130260027945036
v 0.006722059566527601 0.0676669329404831 0.012257021851837632
v 0.005236856173723933 0.06779804825782776 0.012516151182353493
v 0.005194455850869414 0.06780106574296951 0.012549077160656449
v 0.013535002246499053 0.0666380301117897 0.012710796669125553
v 0.01270946115255355 0.06680171936750412 0.012323790229856964
v 0.014098104089498511 0.0665225014090538 0.013920528814196581
v 0.014098104089498511 0.0665225014090538 0.013920528814196581
v 0.01270946115255355 0.06680171936750412 0.012323790229856964
v 0.01243212725967168 0.06685256958007812 0.012303051538765427
v 0.014098104089498511 0.0665225014090538 0.013920528814196581
v 0.01243212725967168 0.06685256958007812 0.012303051538765427
v 0.014659940265119065 0.06640095263719559 0.015130260027945036
v 0.014659940265119065 0.06640095263719559 0.015130260027945036
v 0.01243212725967168 0.06685256958007812 0.012303051538765427
v 0.011816569603979579 0.06696543097496033 0.012257021851837632
v 0.004411407280713317 0.06785675883293152 0.013157156296074385
v 0.004333367105573413 0.06786154210567474 0.013316444121301169
v 0.005194455850869414 0.06780106574296951 0.012549077160656449
v 0.005194455850869414 0.06780106574296951 0.012549077160656449
v 0.004333367105573413 0.06786154210567474 0.013316444121301169
v 0.014659940265119065 0.06640095263719559 0.015130260027945036
v 0.005194455850869414 0.06780106574296951 0.012549077160656449
v 0.014659940265119065 0.06640095263719559 0.015130260027945036
v 0.006722059566527601 0.0676669329404831 0.012257021851837632
v 0.006722059566527601 0.0676669329404831 0.012257021851837632
v 0.014659940265119065 0.06640095263719559 0.015130260027945036
v 0.011816569603979579 0.06696543097496033 0.012257021851837632
v 0.0038319448940455888 0.06789194792509079 0.02465102076530456
v 0.014659940265119065 0.06640095263719559 0.02465102076530456
v 0.0038319451268762324 0.06789194792509079 0.015130260027945036
v 0.0038319451268762324 0.06789194792509079 0.015130260027945036
v 0.014659940265119065 0.06640095263719559 0.02465102076530456
v 0.014659940265119065 0.06640095263719559 0.015130260027945036
v 0.0038319451268762324 0.06789194792509079 0.015130260027945036
v 0.014659940265119065 0.06640095263719559 0.015130260027945036
v 0.003890749998390672 0.06788859516382217 0.014410270377993578
v 0.003890749998390672 0.06788859516382217 0.014410270377993578
v 0.014659940265119065 0.06640095263719559 0.015130260027945036
v 0.004333367105573413 0.06786154210567474 0.013316444121301169
v 0.003890749998390672 0.06788859516382217 0.014410270377993578
v 0.004333367105573413 0.06786154210567474 0.013316444121301169
v 0.003909411840140817 0.06788752973079681 0.014181781560182566
v 4.16379931533318e-18 0.06800000369548798 0.02465102076530456
v -2.448040561375818e-07 0.06798586994409561 0.03299999982118605
v 0.0038319448940455888 0.06789194792509079 0.02465102076530456
v 0.0038319448940455888 0.06789194792509079 0.02465102076530456
v -2.448040561375818e-07 0.06798586994409561 0.03299999982118605
v 0.0030054152011871316 0.06793379038572311 0.03299999982118605
v 0.0038319448940455888 0.06789194792509079 0.02465102076530456
v 0.0030054152011871316 0.06793379038572311 0.03299999982118605
v 0.006637010257691141 0.06767571717500687 0.03299999982118605
v 0.015131423249840726 0.0662950947880745 0.02465102076530456
v 0.014659940265119065 0.06640095263719559 0.02465102076530456
v 0.013736844062805167 0.06659825891256332 0.03299999982118605
v 0.013736844062805167 0.06659825891256332 0.03299999982118605
v 0.014659940265119065 0.06640095263719559 0.02465102076530456
v 0.0038319448940455888 0.06789194792509079 0.02465102076530456
v 0.013736844062805167 0.06659825891256332 0.03299999982118605
v 0.0038319448940455888 0.06789194792509079 0.02465102076530456
v 0.010141330771148198 0.06723958253860474 0.03299999982118605
v 0.010141330771148198 0.06723958253860474 0.03299999982118605
v 0.0038319448940455888 0.06789194792509079 0.02465102076530456
v 0.006637010257691141 0.06767571717500687 0.03299999982118605
v 0.029467735439538935 0.061194539070129395 0.03299999982118605
v 0.028240010142326338 0.06185872480273247 0.024651125073432915
v 0.027583379298448545 0.06215488538146019 0.03299999982118605
v 0.027583379298448545 0.06215488538146019 0.03299999982118605
v 0.028240010142326338 0.06185872480273247 0.024651125073432915
v 0.021410163491964326 0.06454149633646011 0.024651125073432915
v 0.027583379298448545 0.06215488538146019 0.03299999982118605
v 0.021410163491964326 0.06454149633646011 0.024651125073432915
v 0.020730184391140924 0.06476328521966934 0.03299999982118605
v 0.020730184391140924 0.06476328521966934 0.03299999982118605
v 0.021410163491964326 0.06454149633646011 0.024651125073432915
v 0.015116016380488862 0.06623637676239014 0.03299999982118605
v 0.015129962936043729 0.0662882849574089 0.008284224197268483
v 0.015544385649263848 0.06619948893785477 0.008322498761117455
v 0.021410163491964326 0.06454149633646011 0.008383625186979767
v 0.021410163491964326 0.06454149633646011 0.008383625186979767
v 0.015544385649263848 0.06619948893785477 0.008322498761117455
v 0.016591127961873998 0.06593649089336395 0.008802185766398903
v 0.021410163491964326 0.06454149633646011 0.008383625186979767
v 0.016591127961873998 0.06593649089336395 0.008802185766398903
v 0.017592176795005788 0.0656849667429924 0.009260933846235272
v 0.017592176795005788 0.0656849667429924 0.009260933846235272
v 0.018704857677221284 0.06537546217441559 0.010399337857961651
v 0.021410163491964326 0.06454149633646011 0.008383625186979767
v 0.021410163491964326 0.06454149633646011 0.008383625186979767
v 0.018704857677221284 0.06537546217441559 0.010399337857961651
v 0.01885253563523291 0.06533438712358475 0.010550430044531819
v 0.021410163491964326 0.06454149633646011 0.008383625186979767
v 0.01885253563523291 0.06533438712358475 0.010550430044531819
v 0.023801481351256353 0.0636984258890152 0.010504631325602528
v 0.02949898876249788 0.061255257576704025 0.017658675089478486
v 0.029481906443834284 0.061215806752443314 0.015692541375756257
v 0.028296379372477514 0.061832960695028305 0.018726428970694535
v 0.028296379372477514 0.061832960695028305 0.018726428970694535
v 0.029481906443834284 0.061215806752443314 0.015692541375756257
v 0.02600825019180773 0.0627339631319046 0.012520064599812027
v 0.028296379372477514 0.061832960695028305 0.018726428970694535
v 0.02600825019180773 0.0627339631319046 0.012520064599812027
v 0.026008350774645788 0.06273290514945984 0.020694982260465615
v 0.013736844062805167 0.06659825891256332 0.03299999982118605
v 0.015116016380488862 0.06623637676239014 0.03299999982118605
v 0.015131423249840726 0.0662950947880745 0.02465102076530456
v 0.015131423249840726 0.0662950947880745 0.02465102076530456
v 0.015116016380488862 0.06623637676239014 0.03299999982118605
v 0.021410163491964326 0.06454149633646011 0.024651125073432915
v 0.015131423249840726 0.0662950947880745 0.02465102076530456
v 0.021410163491964326 0.06454149633646011 0.024651125073432915
v 0.019680786877870546 0.06508968025445938 0.02465102076530456
v 0.019680786877870546 0.06508968025445938 0.02465102076530456
v 0.021410163491964326 0.06454149633646011 0.024651125073432915
v 0.026008350774645788 0.06273290514945984 0.020694982260465615
v 0.019680786877870546 0.06508968025445938 0.02465102076530456
v 0.026008350774645788 0.06273290514945984 0.020694982260465615
v 0.019680786877870546 0.06508968025445938 0.014052990823984141
v 0.019680786877870546 0.06508968025445938 0.014052990823984141
v 0.026008350774645788 0.06273290514945984 0.020694982260465615
v 0.02600825019180773 0.0627339631319046 0.012520064599812027
v 0.019680786877870546 0.06508968025445938 0.014052990823984141
v 0.02600825019180773 0.0627339631319046 0.012520064599812027
v 0.01959319971501826 0.06511607021093369 0.012803359888494011
v 0.01959319971501826 0.06511607021093369 0.012803359888494011
v 0.02600825019180773 0.0627339631319046 0.012520064599812027
v 0.023801481351256353 0.0636984258890152 0.010504631325602528
v 0.01959319971501826 0.06511607021093369 0.012803359888494011
v 0.023801481351256353 0.0636984258890152 0.010504631325602528
v 0.019556542858481393 0.06512711942195892 0.012280340306460854
v 0.019556542858481393 0.06512711942195892 0.012280340306460854
v 0.023801481351256353 0.0636984258890152 0.010504631325602528
v 0.01885253563523291 0.06533438712358475 0.010550430044531819
v 0.028240010142326338 0.06185872480273247 0.008383625186979767
v 0.029504094272851923 0.06126588210463524 0.0
v 0.021410163491964326 0.06454149633646011 0.008383625186979767
v 0.021410163491964326 0.06454149633646011 0.008383625186979767
v 0.029504094272851923 0.06126588210463524 0.0
v 0.015131423249840726 0.0662950947880745 0.0
v 0.021410163491964326 0.06454149633646011 0.008383625186979767
v 0.015131423249840726 0.0662950947880745 0.0
v 0.015129962936043729 0.0662882849574089 0.008284224197268483
v 0.015129962936043729 0.0662882849574089 0.008284224197268483
v 0.015131423249840726 0.0662950947880745 0.0
v 0.01294296979904174 0.06675686687231064 0.008082238025963303
v -1.5516892659661598e-08 0.06799797713756561 0.010013588704168793
v 0.0006596185266971584 0.06799216568470001 0.009490353055298325
v 4.16379931533318e-18 0.06800000369548798 0.0
v 4.16379931533318e-18 0.06800000369548798 0.0
v 0.0006596185266971584 0.06799216568470001 0.009490353055298325
v 0.0013953656889498225 0.06798568367958069 0.00890674255788326
v 4.16379931533318e-18 0.06800000369548798 0.0
v 0.0013953656889498225 0.06798568367958069 0.00890674255788326
v 0.0033339650835841872 0.06791821867227554 0.00823509972542524
v 0.0033339650835841872 0.06791821867227554 0.00823509972542524
v 0.0033876269590109565 0.0679146945476532 0.008231449872255322
v 4.16379931533318e-18 0.06800000369548798 0.0
v 4.16379931533318e-18 0.06800000369548798 0.0
v 0.0033876269590109565 0.0679146945476532 0.008231449872255322
v 0.005581211764365431 0.0677705705165863 0.008082238025963303
v 4.16379931533318e-18 0.06800000369548798 0.0
v 0.005581211764365431 0.0677705705165863 0.008082238025963303
v 0.015131423249840726 0.0662950947880745 0.0
v 0.015131423249840726 0.0662950947880745 0.0
v 0.005581211764365431 0.0677705705165863 0.008082238025963303
v 0.009275948628783219 0.06736435741186142 0.008082238025963303
v 0.015131423249840726 0.0662950947880745 0.0
v 0.009275948628783219 0.06736435741186142 0.008082238025963303
v 0.01294296979904174 0.06675686687231064 0.008082238025963303
v 0.034602366387844065 0.05853781849145889 0.014630025252699847
v 0.036554750055074664 0.0573389045894146 0.014630025252699847
v 0.03142120689153669 0.060198262333869934 0.011506842449307438
v 0.03142120689153669 0.060198262333869934 0.011506842449307438
v 0.036554750055074664 0.0573389045894146 0.014630025252699847
v 0.036554750055074664 0.0573389045894146 0.008383625186979767
v 0.03142120689153669 0.060198262333869934 0.011506842449307438
v 0.036554750055074664 0.0573389045894146 0.008383625186979767
v 0.029476869851350763 0.06121313199400902 0.009597943164408203
v 0.028240010142326338 0.06185872480273247 0.008383625186979767
v 0.029476869851350763 0.06121313199400902 0.009597943164408203
v 0.029504094272851923 0.06126588210463524 0.0
v 0.029504094272851923 0.06126588210463524 0.0
v 0.029476869851350763 0.06121313199400902 0.009597943164408203
v 0.036554750055074664 0.0573389045894146 0.008383625186979767
v 0.029504094272851923 0.06126588210463524 0.0
v 0.036554750055074664 0.0573389045894146 0.008383625186979767
v 0.04239730536937711 0.053164541721343994 0.0
v 0.04239730536937711 0.053164541721343994 0.0
v 0.036554750055074664 0.0573389045894146 0.008383625186979767
v 0.04082080721855161 0.05438438802957535 0.008383625186979767
v 0.04239730536937711 0.053164541721343994 0.0
v 0.04082080721855161 0.05438438802957535 0.008383625186979767
v 0.04233839735388753 0.05309291183948517 0.03299999982118605
v 0.04233839735388753 0.05309291183948517 0.03299999982118605
v 0.04082080721855161 0.05438438802957535 0.008383625186979767
v 0.04082079976797101 0.054384391754865646 0.024651125073432915
v 0.04233839735388753 0.05309291183948517 0.03299999982118605
v 0.04082079976797101 0.054384391754865646 0.024651125073432915
v 0.040268443524837466 0.05479530617594719 0.03299999982118605
v 0.040268443524837466 0.05479530617594719 0.03299999982118605
v 0.04082079976797101 0.054384391754865646 0.024651125073432915
v 0.036554750055074664 0.0573389045894146 0.024651125073432915
v 0.040268443524837466 0.05479530617594719 0.03299999982118605
v 0.036554750055074664 0.0573389045894146 0.024651125073432915
v 0.034073203802108744 0.05884740501642227 0.03299999982118605
v 0.034073203802108744 0.05884740501642227 0.03299999982118605
v 0.036554750055074664 0.0573389045894146 0.024651125073432915
v 0.029467735439538935 0.061194539070129395 0.03299999982118605
v 0.036554750055074664 0.0573389045894146 0.018674353137612336
v 0.03448150306940077 0.058609094470739365 0.018674353137612336
v 0.036554750055074664 0.0573389045894146 0.024651125073432915
v 0.036554750055074664 0.0573389045894146 0.024651125073432915
v 0.03448150306940077 0.058609094470739365 0.018674353137612336
v 0.03136074915528295 0.060233913362026215 0.0216627437621355
v 0.036554750055074664 0.0573389045894146 0.024651125073432915
v 0.03136074915528295 0.060233913362026215 0.0216627437621355
v 0.029467735439538935 0.061194539070129395 0.03299999982118605
v 0.029467735439538935 0.061194539070129395 0.03299999982118605
v 0.03136074915528295 0.060233913362026215 0.0216627437621355
v 0.029477570205926874 0.0612143911421299 0.023466054350137704
v 0.029467735439538935 0.061194539070129395 0.03299999982118605
v 0.029477570205926874 0.0612143911421299 0.023466054350137704
v 0.028240010142326338 0.06185872480273247 0.024651125073432915
v 0.0612658821046352 -0.029504094272851944 0.03299999982118605
v 0.0612658821046352 -0.029504094272851944 0.0
v 0.06418406963348385 -0.02245897613465786 0.03299999982118605
v 0.06418406963348385 -0.02245897613465786 0.03299999982118605
v 0.0612658821046352 -0.029504094272851944 0.0
v 0.06629509478807445 -0.015131423249840736 0.0
v 0.06418406963348385 -0.02245897613465786 0.03299999982118605
v 0.06629509478807445 -0.015131423249840736 0.0
v 0.0653423815965652 -0.01882481388747692 0.03299999982118605
v 0.0653423815965652 -0.01882481388747692 0.03299999982118605
v 0.06629509478807445 -0.015131423249840736 0.0
v 0.06629509478807445 -0.015131423249840736 0.03299999982118605
v 0.0612658821046352 -0.029504094272851944 0.03299999982118605
v 0.059515193104743916 -0.03289288282394409 0.03299999982118605
v 0.0612658821046352 -0.029504094272851944 0.0
v 0.0612658821046352 -0.029504094272851944 0.0
v 0.059515193104743916 -0.03289288282394409 0.03299999982118605
v 0.05757724493741985 -0.03617818281054497 0.03299999982118605
v 0.0612658821046352 -0.029504094272851944 0.0
v 0.05757724493741985 -0.03617818281054497 0.03299999982118605
v 0.05316454172134396 -0.042397305369377136 0.0
v 0.05316454172134396 -0.042397305369377136 0.0
v 0.05757724493741985 -0.03617818281054497 0.03299999982118605
v 0.05316454172134396 -0.042397305369377136 0.03299999982118605
v 0.05316454172134396 -0.042397305369377136 0.0
v 0.05316454172134396 -0.042397305369377136 0.03299999982118605
v 0.045437205582857104 -0.05047415569424629 0.016517363488674157
v 0.045437205582857104 -0.05047415569424629 0.016517363488674157
v 0.05316454172134396 -0.042397305369377136 0.03299999982118605
v 0.0507036671042442 -0.045311566442251205 0.03299999982118605
v 0.045437205582857104 -0.05047415569424629 0.016517363488674157
v 0.0507036671042442 -0.045311566442251205 0.03299999982118605
v 0.04288202896714208 -0.052774347364902496 0.024651125073432915
v 0.04288202896714208 -0.052774347364902496 0.024651125073432915
v 0.0507036671042442 -0.045311566442251205 0.03299999982118605
v 0.0480832606554031 -0.04808326065540314 0.03299999982118605
v 0.04288202896714208 -0.052774347364902496 0.024651125073432915
v 0.0480832606554031 -0.04808326065540314 0.03299999982118605
v 0.04239730536937711 -0.053164541721343994 0.024651125073432915
v 0.04239730536937711 -0.053164541721343994 0.024651125073432915
v 0.0480832606554031 -0.04808326065540314 0.03299999982118605
v 0.04239730536937711 -0.053164541721343994 0.03299999982118605
v 0.04239730536937711 -0.053164541721343994 0.024651125073432915
v 0.04239730536937711 -0.053164541721343994 0.03299999982118605
v 0.03824623301625249 -0.05622477829456329 0.024651125073432915
v 0.03824623301625249 -0.05622477829456329 0.024651125073432915
v 0.04239730536937711 -0.053164541721343994 0.03299999982118605
v 0.039349649101495715 -0.05545813962817192 0.03299999982118605
v 0.03824623301625249 -0.05622477829456329 0.024651125073432915
v 0.039349649101495715 -0.05545813962817192 0.03299999982118605
v 0.03617818281054495 -0.05757724493741989 0.03299999982118605
v -0.05316454172134396 -0.042397305369377136 0.03299999982118605
v -0.05316454172134396 -0.042397305369377136 0.0
v -0.0480832606554031 -0.04808326065540314 0.03299999982118605
v -0.0480832606554031 -0.04808326065540314 0.03299999982118605
v -0.05316454172134396 -0.042397305369377136 0.0
v -0.04239730536937711 -0.053164541721343994 0.0
v -0.0480832606554031 -0.04808326065540314 0.03299999982118605
v -0.04239730536937711 -0.053164541721343994 0.0
v -0.04531156644225118 -0.05070366710424423 0.03299999982118605
v -0.04531156644225118 -0.05070366710424423 0.03299999982118605
v -0.04239730536937711 -0.053164541721343994 0.0
v -0.04239730536937711 -0.053164541721343994 0.03299999982118605
v -0.05316454172134396 -0.042397305369377136 0.03299999982118605
v -0.05757724493741985 -0.03617818281054497 0.03299999982118605
v -0.05316454172134396 -0.042397305369377136 0.0
v -0.05316454172134396 -0.042397305369377136 0.0
v -0.05757724493741985 -0.03617818281054497 0.03299999982118605
v -0.059515193104743916 -0.03289288282394409 0.03299999982118605
v -0.05316454172134396 -0.042397305369377136 0.0
v -0.059515193104743916 -0.03289288282394409 0.03299999982118605
v -0.0612658821046352 -0.029504094272851944 0.0
v -0.0612658821046352 -0.029504094272851944 0.0
v -0.059515193104743916 -0.03289288282394409 0.03299999982118605
v -0.0612658821046352 -0.029504094272851944 0.03299999982118605
v -0.0612658821046352 -0.029504094272851944 0.0
v -0.0612658821046352 -0.029504094272851944 0.03299999982118605
v -0.06282380968332286 -0.026022473350167274 0.03299999982118605
v -0.06282380968332286 -0.026022473350167274 0.03299999982118605
v -0.06418406963348385 -0.02245897613465786 0.03299999982118605
v -0.0612658821046352 -0.029504094272851944 0.0
v -0.0612658821046352 -0.029504094272851944 0.0
v -0.06418406963348385 -0.02245897613465786 0.03299999982118605
v -0.0653423815965652 -0.01882481388747692 0.03299999982118605
v -0.0612658821046352 -0.029504094272851944 0.0
v -0.0653423815965652 -0.01882481388747692 0.03299999982118605
v -0.06629509478807445 -0.015131423249840736 0.0
v -0.06629509478807445 -0.015131423249840736 0.0
v -0.0653423815965652 -0.01882481388747692 0.03299999982118605
v -0.06629509478807445 -0.015131423249840736 0.03299999982118605
v -0.06629509478807445 -0.015131423249840736 0.0
v -0.06629509478807445 -0.015131423249840736 0.03299999982118605
v -0.06703922897577282 -0.011390423402190208 0.03299999982118605
v -0.06800000369548793 8.327598630666366e-18 0.03299999982118605
v -0.06800000369548793 8.327598630666366e-18 0.0
v -0.0678930208086967 -0.003812790382653475 0.03299999982118605
v -0.0678930208086967 -0.003812790382653475 0.03299999982118605
v -0.06800000369548793 8.327598630666366e-18 0.0
v -0.06629509478807445 -0.015131423249840736 0.0
v -0.0678930208086967 -0.003812790382653475 0.03299999982118605
v -0.06629509478807445 -0.015131423249840736 0.0
v -0.06757242977619167 -0.007613584399223328 0.03299999982118605
v -0.06757242977619167 -0.007613584399223328 0.03299999982118605
v -0.06629509478807445 -0.015131423249840736 0.0
v -0.06703922897577282 -0.011390423402190208 0.03299999982118605
v -0.06800000369548793 8.327598630666366e-18 0.03299999982118605
v -0.06794279813766475 0.0027885357849299908 0.03299999982118605
v -0.06800000369548793 8.327598630666366e-18 0.0
v -0.06800000369548793 8.327598630666366e-18 0.0
v -0.06794279813766475 0.0027885357849299908 0.03299999982118605
v -0.06777129322290416 0.005572380498051643 0.03299999982118605
v -0.06800000369548793 8.327598630666366e-18 0.0
v -0.06777129322290416 0.005572380498051643 0.03299999982118605
v -0.06629509478807445 0.015131423249840736 0.0
v -0.06629509478807445 0.015131423249840736 0.0
v -0.06777129322290416 0.005572380498051643 0.03299999982118605
v -0.06748577952384945 0.00834685005247593 0.03299999982118605
v -0.06629509478807445 0.015131423249840736 0.0
v -0.06748577952384945 0.00834685005247593 0.03299999982118605
v -0.0670867264270782 0.011107277125120163 0.03299999982118605
v -0.0670867264270782 0.011107277125120163 0.03299999982118605
v -0.0662383064627647 0.01511941384524107 0.03299999982118605
v -0.06629509478807445 0.015131423249840736 0.0
v -0.06629509478807445 0.015131423249840736 0.0
v -0.0662383064627647 0.01511941384524107 0.03299999982118605
v -0.06583830714225765 0.017010997980833054 0.03299999982118605
v -0.06629509478807445 0.015131423249840736 0.0
v -0.06583830714225765 0.017010997980833054 0.03299999982118605
v -0.06486643850803371 0.02040494605898857 0.03299999982118605
v -0.06122104078531261 0.02948453091084957 0.03299999982118605
v -0.0612658821046352 0.029504094272851944 0.0
v -0.06368746608495708 0.023831162601709366 0.03299999982118605
v -0.06368746608495708 0.023831162601709366 0.03299999982118605
v -0.0612658821046352 0.029504094272851944 0.0
v -0.06629509478807445 0.015131423249840736 0.0
v -0.06368746608495708 0.023831162601709366 0.03299999982118605
v -0.06629509478807445 0.015131423249840736 0.0
v -0.06432354450225826 0.02205633744597435 0.03299999982118605
v -0.06432354450225826 0.02205633744597435 0.03299999982118605
v -0.06629509478807445 0.015131423249840736 0.0
v -0.06486643850803371 0.02040494605898857 0.03299999982118605
v -0.06122104078531261 0.02948453091084957 0.03299999982118605
v -0.06078805401921268 0.03047698549926281 0.03299999982118605
v -0.0612658821046352 0.029504094272851944 0.0
v -0.0612658821046352 0.029504094272851944 0.0
v -0.06078805401921268 0.03047698549926281 0.03299999982118605
v -0.05716168507933613 0.036832161247730255 0.03299999982118605
v -0.0612658821046352 0.029504094272851944 0.0
v -0.05716168507933613 0.036832161247730255 0.03299999982118605
v -0.05316454172134396 0.042397305369377136 0.0
v -0.05316454172134396 0.042397305369377136 0.0
v -0.05716168507933613 0.036832161247730255 0.03299999982118605
v -0.05314692854881283 0.04238457232713699 0.03299999982118605
v -0.05316454172134396 0.042397305369377136 0.0
v -0.05314692854881283 0.04238457232713699 0.03299999982118605
v -0.04543719813227651 0.05047416314482689 0.016517391428351395
v -0.04543719813227651 0.05047416314482689 0.016517391428351395
v -0.05314692854881283 0.04238457232713699 0.03299999982118605
v -0.05289405584335324 0.0427342988550663 0.03299999982118605
v -0.04543719813227651 0.05047416314482689 0.016517391428351395
v -0.05289405584335324 0.0427342988550663 0.03299999982118605
v -0.04288202896714208 0.052774347364902496 0.024651125073432915
v -0.04288202896714208 0.052774347364902496 0.024651125073432915
v -0.05289405584335324 0.0427342988550663 0.03299999982118605
v -0.04793832451105114 0.04822857677936554 0.03299999982118605
v -0.04288202896714208 0.052774347364902496 0.024651125073432915
v -0.04793832451105114 0.04822857677936554 0.03299999982118605
v -0.04239730536937711 0.053164541721343994 0.024651125073432915
v -0.04239730536937711 0.053164541721343994 0.024651125073432915
v -0.04793832451105114 0.04822857677936554 0.03299999982118605
v -0.042410612106323214 0.05315414443612099 0.03299999982118605
v -0.04239730536937711 0.053164541721343994 0.024651125073432915
v -0.042410612106323214 0.05315414443612099 0.03299999982118605
v -0.04239686951041219 0.05316392332315445 0.03299999982118605
v 0.05308680981397625 0.042336590588092804 0.03299999982118605
v 0.05316454172134396 0.042397305369377136 0.0
v 0.05121386423707005 0.04473444074392319 0.03299999982118605
v 0.05121386423707005 0.04473444074392319 0.03299999982118605
v 0.05316454172134396 0.042397305369377136 0.0
v 0.04239730536937711 0.053164541721343994 0.0
v 0.05121386423707005 0.04473444074392319 0.03299999982118605
v 0.04239730536937711 0.053164541721343994 0.0
v 0.04598747566342351 0.05009179189801216 0.03299999982118605
v 0.04598747566342351 0.05009179189801216 0.03299999982118605
v 0.04239730536937711 0.053164541721343994 0.0
v 0.04233839735388753 0.05309291183948517 0.03299999982118605
v 0.05308680981397625 0.042336590588092804 0.03299999982118605
v 0.0558080896735191 0.03885266184806824 0.03299999982118605
v 0.05316454172134396 0.042397305369377136 0.0
v 0.05316454172134396 0.042397305369377136 0.0
v 0.0558080896735191 0.03885266184806824 0.03299999982118605
v 0.059806689620017964 0.032359879463911057 0.03299999982118605
v 0.05316454172134396 0.042397305369377136 0.0
v 0.059806689620017964 0.032359879463911057 0.03299999982118605
v 0.0612658821046352 0.029504094272851944 0.0
v 0.059806689620017964 0.032359879463911057 0.03299999982118605
v 0.06117260456085201 0.029460156336426735 0.03299999982118605
v 0.0612658821046352 0.029504094272851944 0.0
v 0.0612658821046352 0.029504094272851944 0.0
v 0.06117260456085201 0.029460156336426735 0.03299999982118605
v 0.06303835660219188 0.025499330833554268 0.03299999982118605
v 0.0612658821046352 0.029504094272851944 0.0
v 0.06303835660219188 0.025499330833554268 0.03299999982118605
v 0.06629509478807445 0.015131423249840736 0.0
v 0.06629509478807445 0.015131423249840736 0.0
v 0.06303835660219188 0.025499330833554268 0.03299999982118605
v 0.06548289209604259 0.018331242725253105 0.03299999982118605
v 0.06548289209604259 0.018331242725253105 0.03299999982118605
v 0.06595724821090694 0.016543731093406677 0.03299999982118605
v 0.06629509478807445 0.015131423249840736 0.0
v 0.06629509478807445 0.015131423249840736 0.0
v 0.06595724821090694 0.016543731093406677 0.03299999982118605
v 0.06629128754138942 0.015130523592233658 0.03299999982118605
v 0.06629509478807445 0.015131423249840736 0.0
v 0.06629128754138942 0.015130523592233658 0.03299999982118605
v 0.06638267636299129 0.01474390085786581 0.03299999982118605
v 0.06638267636299129 0.01474390085786581 0.03299999982118605
v 0.0670867264270782 0.011107277125120163 0.03299999982118605
v 0.06629509478807445 0.015131423249840736 0.0
v 0.06629509478807445 0.015131423249840736 0.0
v 0.0670867264270782 0.011107277125120163 0.03299999982118605
v 0.06748577952384945 0.00834685005247593 0.03299999982118605
v 0.06629509478807445 0.015131423249840736 0.0
v 0.06748577952384945 0.00834685005247593 0.03299999982118605
v 0.06799967586994167 -1.6390493840487598e-16 0.0
v 0.06799967586994167 -1.6390493840487598e-16 0.0
v 0.06748577952384945 0.00834685005247593 0.03299999982118605
v 0.06777129322290416 0.005572380498051643 0.03299999982118605
v 0.06799967586994167 -1.6390493840487598e-16 0.0
v 0.06777129322290416 0.005572380498051643 0.03299999982118605
v 0.06794279813766475 0.0027885357849299908 0.03299999982118605
v 0.0475186891853809 0.049261074513196945 0.03299999982118605
v 0.04199780896306035 0.0542265810072422 0.03299999609589575
v 0.04195496439933774 0.05468476563692093 0.04096629843115805
v 0.05227034911513325 0.0440010204911232 0.041793368756771074
v 0.05272164568305012 0.04344739392399788 0.03299999982118605
v 0.05259122326970097 0.04362832009792328 0.03299999982118605
v 0.05227034911513325 0.0440010204911232 0.041793368756771074
v 0.05259122326970097 0.04362832009792328 0.03299999982118605
v 0.0472263544797897 0.04970642179250717 0.04176365584135054
v 0.0472263544797897 0.04970642179250717 0.04176365584135054
v 0.05259122326970097 0.04362832009792328 0.03299999982118605
v 0.04759074002504345 0.0491962693631649 0.03299999982118605
v 0.0472263544797897 0.04970642179250717 0.04176365584135054
v 0.04759074002504345 0.0491962693631649 0.03299999982118605
v 0.0475186891853809 0.049261074513196945 0.03299999982118605
v 0.05272164568305012 0.04344739392399788 0.03299999982118605
v 0.05227034911513325 0.0440010204911232 0.041793368756771074
v 0.05696423724293705 0.037562061101198196 0.03299999982118605
v 0.05696423724293705 0.037562061101198196 0.03299999982118605
v 0.05227034911513325 0.0440010204911232 0.041793368756771074
v 0.056723650544881786 0.037820398807525635 0.041820712387561784
v 0.05696423724293705 0.037562061101198196 0.03299999982118605
v 0.056723650544881786 0.037820398807525635 0.041820712387561784
v 0.05723658204078671 0.03708280250430107 0.03299999982118605
v 0.05723658204078671 0.03708280250430107 0.03299999982118605
v 0.056723650544881786 0.037820398807525635 0.041820712387561784
v 0.06068235263228412 0.03101911023259163 0.03299999982118605
v 0.06068235263228412 0.03101911023259163 0.03299999982118605
v 0.056723650544881786 0.037820398807525635 0.041820712387561784
v 0.06049675121903415 0.031202103942632675 0.04184748232364653
v 0.06068235263228412 0.03101911023259163 0.03299999982118605
v 0.06049675121903415 0.031202103942632675 0.04184748232364653
v 0.061012927442789036 0.030255792662501335 0.03299999982118605
v 0.061012927442789036 0.030255792662501335 0.03299999982118605
v 0.06049675121903415 0.031202103942632675 0.04184748232364653
v 0.06366599351167675 0.024129735305905342 0.03299999982118605
v 0.06366599351167675 0.024129735305905342 0.03299999982118605
v 0.06049675121903415 0.031202103942632675 0.04184748232364653
v 0.06350234150886531 0.02420199103653431 0.041875209659337984
v 0.06366599351167675 0.024129735305905342 0.03299999982118605
v 0.06350234150886531 0.02420199103653431 0.041875209659337984
v 0.06402949243783947 0.02305968664586544 0.03299999982118605
v 0.06402949243783947 0.02305968664586544 0.03299999982118605
v 0.06350234150886531 0.02420199103653431 0.041875209659337984
v 0.06486780941486354 0.02059183456003666 0.03299999982118605
v 0.06486780941486354 0.02059183456003666 0.03299999982118605
v 0.06350234150886531 0.02420199103653431 0.041875209659337984
v 0.06566841900348659 0.016899703070521355 0.04190411791205405
v 0.06486780941486354 0.02059183456003666 0.03299999982118605
v 0.06566841900348659 0.016899703070521355 0.04190411791205405
v 0.06587512046098705 0.017000971361994743 0.03299999982118605
v 0.0670867264270782 0.011107277125120163 0.03299999982118605
v 0.06654463708400722 0.014069964177906513 0.03299999982118605
v 0.06566841900348659 0.016899703070521355 0.04190411791205405
v 0.06566841900348659 0.016899703070521355 0.04190411791205405
v 0.06654463708400722 0.014069964177906513 0.03299999982118605
v 0.06620253622531887 0.015567624941468239 0.03299999982118605
v 0.06566841900348659 0.016899703070521355 0.04190411791205405
v 0.06620253622531887 0.015567624941468239 0.03299999982118605
v 0.06587512046098705 0.017000971361994743 0.03299999982118605
v 0.06796342879533764 9.649070852901787e-05 0.03299999982118605
v 0.06793889403343197 0.0019642068073153496 0.03300003334879874
v 0.06755962222814556 0.0011978308903053403 0.038800559937953935
v 0.06755962222814556 0.0011978308903053403 0.038800559937953935
v 0.06793889403343197 0.0019642068073153496 0.03300003334879874
v 0.0678639635443687 0.003830763278529048 0.03300005570054053
v 0.06755962222814556 0.0011978308903053403 0.038800559937953935
v 0.0678639635443687 0.003830763278529048 0.03300005570054053
v 0.0677387341856956 0.005694802850484848 0.03300005942583083
v 0.06590483337640758 0.012208829633891582 0.05050000175833701
v 0.06590532511472698 0.012205828912556171 0.05050000175833701
v 0.06694954633712764 0.009395071305334568 0.04193279147148131
v 0.06694954633712764 0.009395071305334568 0.04193279147148131
v 0.06590532511472698 0.012205828912556171 0.05050000175833701
v 0.06594528257846828 0.011959289200603962 0.05050000175833701
v 0.0677387341856956 0.005694802850484848 0.03300005942583083
v 0.06756331026554104 0.007554966490715742 0.03300005197525023
v 0.06755962222814556 0.0011978308903053403 0.038800559937953935
v 0.06755962222814556 0.0011978308903053403 0.038800559937953935
v 0.06756331026554104 0.007554966490715742 0.03300005197525023
v 0.06751962006092067 0.007880612276494503 0.03300004824995993
v 0.06755962222814556 0.0011978308903053403 0.038800559937953935
v 0.06751962006092067 0.007880612276494503 0.03300004824995993
v 0.06733970344066616 0.001797622418962419 0.04195955395698546
v 0.06733970344066616 0.001797622418962419 0.04195955395698546
v 0.06751962006092067 0.007880612276494503 0.03300004824995993
v 0.06694954633712764 0.009395071305334568 0.04193279147148131
v 0.06733970344066616 0.001797622418962419 0.04195955395698546
v 0.06694954633712764 0.009395071305334568 0.04193279147148131
v 0.06685502827167507 0.00318312575109303 0.045768111944198595
v 0.06685502827167507 0.00318312575109303 0.045768111944198595
v 0.06694954633712764 0.009395071305334568 0.04193279147148131
v 0.06594528257846828 0.011959289200603962 0.05050000175833701
v 0.06685502827167507 0.00318312575109303 0.045768111944198595
v 0.06594528257846828 0.011959289200603962 0.05050000175833701
v 0.0662528499960899 0.004904528614133596 0.0505000129342079
v 0.06484334915876384 0.01875731721520424 0.05049999803304671
v 0.06590483337640758 0.012208829633891582 0.05050000175833701
v 0.06566841900348659 0.016899703070521355 0.04190411791205405
v 0.06566841900348659 0.016899703070521355 0.04190411791205405
v 0.06590483337640758 0.012208829633891582 0.05050000175833701
v 0.06694954633712764 0.009395071305334568 0.04193279147148131
v 0.06566841900348659 0.016899703070521355 0.04190411791205405
v 0.06694954633712764 0.009395071305334568 0.04193279147148131
v 0.0670867264270782 0.011107277125120163 0.03299999982118605
v 0.0670867264270782 0.011107277125120163 0.03299999982118605
v 0.06694954633712764 0.009395071305334568 0.04193279147148131
v 0.06751962006092067 0.007880612276494503 0.03300004824995993
v 0.06253232806921001 0.02639438398182392 0.05049999430775641
v 0.06289689242839809 0.025531550869345665 0.05049999430775641
v 0.06350234150886531 0.02420199103653431 0.041875209659337984
v 0.06350234150886531 0.02420199103653431 0.041875209659337984
v 0.06289689242839809 0.025531550869345665 0.05049999430775641
v 0.06465552747249599 0.019410986453294754 0.05049999803304671
v 0.06350234150886531 0.02420199103653431 0.041875209659337984
v 0.06465552747249599 0.019410986453294754 0.05049999803304671
v 0.06566841900348659 0.016899703070521355 0.04190411791205405
v 0.06566841900348659 0.016899703070521355 0.04190411791205405
v 0.06465552747249599 0.019410986453294754 0.05049999803304671
v 0.06465722620487209 0.01940508931875229 0.05049999803304671
v 0.06566841900348659 0.016899703070521355 0.04190411791205405
v 0.06465722620487209 0.01940508931875229 0.05049999803304671
v 0.06484334915876384 0.01875731721520424 0.05049999803304671
v 0.0595903061330318 0.033095959573984146 0.05049999058246611
v 0.05959634110331531 0.03308520093560219 0.05049999058246611
v 0.06049675121903415 0.031202103942632675 0.04184748232364653
v 0.06049675121903415 0.031202103942632675 0.04184748232364653
v 0.05959634110331531 0.03308520093560219 0.05049999058246611
v 0.06003756821155544 0.03229891508817673 0.05049999058246611
v 0.06049675121903415 0.031202103942632675 0.04184748232364653
v 0.06003756821155544 0.03229891508817673 0.05049999058246611
v 0.06350234150886531 0.02420199103653431 0.041875209659337984
v 0.06350234150886531 0.02420199103653431 0.041875209659337984
v 0.06003756821155544 0.03229891508817673 0.05049999058246611
v 0.0625287368893623 0.02640289068222046 0.05049999430775641
v 0.06350234150886531 0.02420199103653431 0.041875209659337984
v 0.0625287368893623 0.02640289068222046 0.05049999430775641
v 0.06253232806921001 0.02639438398182392 0.05049999430775641
v 0.0595903061330318 0.033095959573984146 0.05049999058246611
v 0.06049675121903415 0.031202103942632675 0.04184748232364653
v 0.056640017777681316 0.038353532552719116 0.05049998685717581
v 0.056640017777681316 0.038353532552719116 0.05049998685717581
v 0.06049675121903415 0.031202103942632675 0.04184748232364653
v 0.056723650544881786 0.037820398807525635 0.041820712387561784
v 0.056640017777681316 0.038353532552719116 0.05049998685717581
v 0.056723650544881786 0.037820398807525635 0.041820712387561784
v 0.05590935423970219 0.03939374163746834 0.05049998685717581
v 0.05159998685121533 0.045318979769945145 0.050499983131885515
v 0.05161204561591145 0.04530486464500427 0.050499983131885515
v 0.05227034911513325 0.0440010204911232 0.041793368756771074
v 0.05227034911513325 0.0440010204911232 0.041793368756771074
v 0.05161204561591145 0.04530486464500427 0.050499983131885515
v 0.052427940070629085 0.04435005038976669 0.05049998685717581
v 0.05227034911513325 0.0440010204911232 0.041793368756771074
v 0.052427940070629085 0.04435005038976669 0.05049998685717581
v 0.056723650544881786 0.037820398807525635 0.041820712387561784
v 0.056723650544881786 0.037820398807525635 0.041820712387561784
v 0.052427940070629085 0.04435005038976669 0.05049998685717581
v 0.05590047314763066 0.03940638527274132 0.05049998685717581
v 0.056723650544881786 0.037820398807525635 0.041820712387561784
v 0.05590047314763066 0.03940638527274132 0.05049998685717581
v 0.05590935423970219 0.03939374163746834 0.05049998685717581
v 0.0475186891853809 0.049261074513196945 0.03299999982118605
v 0.04195496439933774 0.05468476563692093 0.04096629843115805
v 0.0472263544797897 0.04970642179250717 0.04176365584135054
v 0.0472263544797897 0.04970642179250717 0.04176365584135054
v 0.04195496439933774 0.05468476563692093 0.04096629843115805
v 0.041950862854719134 0.054728638380765915 0.041729107499122606
v 0.0472263544797897 0.04970642179250717 0.04176365584135054
v 0.041950862854719134 0.054728638380765915 0.041729107499122606
v 0.04194245114922521 0.05481860041618347 0.04329321533441542
v 0.05159998685121533 0.045318979769945145 0.050499983131885515
v 0.05227034911513325 0.0440010204911232 0.041793368756771074
v 0.04733657091855999 0.05030832067131996 0.050499983131885515
v 0.04733657091855999 0.05030832067131996 0.050499983131885515
v 0.05227034911513325 0.0440010204911232 0.041793368756771074
v 0.0472263544797897 0.04970642179250717 0.04176365584135054
v 0.04733657091855999 0.05030832067131996 0.050499983131885515
v 0.0472263544797897 0.04970642179250717 0.04176365584135054
v 0.046815991401672336 0.0508229061961174 0.050499979406595216
v 0.046815991401672336 0.0508229061961174 0.050499979406595216
v 0.0472263544797897 0.04970642179250717 0.04176365584135054
v 0.04194245114922521 0.05481860041618347 0.04329321533441542
v 0.046815991401672336 0.0508229061961174 0.050499979406595216
v 0.04194245114922521 0.05481860041618347 0.04329321533441542
v 0.041862506419420215 0.055719368159770966 0.050499957054853425
v 0.05850504711270328 0.05468197911977768 0.17915198206901545
v 0.058452624827623326 0.05474737286567688 0.17877890169620508
v 0.058419223874807316 0.0597415566444397 0.1870615035295486
v 0.05767749622464176 0.055714234709739685 0.17326262593269343
v 0.05754802748560901 0.05581364035606384 0.1722037643194198
v 0.05751090124249454 0.06123911961913109 0.18023647367954249
v 0.05629673227667805 0.055722419172525406 0.1592587530612945
v 0.056273806840181316 0.05565735697746277 0.15883935987949366
v 0.05547403916716572 0.067816823720932 0.17349684238433832
v 0.05624682083725926 0.04450729861855507 0.12232109159231182
v 0.05636489391326901 0.043668195605278015 0.12053013592958446
v 0.05485007166862484 0.057514626532793045 0.13024346530437464
v 0.0573203824460506 0.03799111396074295 0.1092719659209251
v 0.057390417903661686 0.037615176290273666 0.1085635274648666
v 0.05571496114134785 0.05152076110243797 0.11661902070045467
v 0.04002073407173154 0.08955840766429901 0.14506728947162623
v 0.03994613513350484 0.09344861656427383 0.1564080268144607
v 0.04623062908649442 0.08277866989374161 0.14889866113662714
v 0.04064287990331647 0.0978599265217781 0.22695736587047569
v 0.04072202369570729 0.0965346172451973 0.23023395240306846
v 0.04450891911983487 0.09215293079614639 0.22461555898189536
v 0.04192150011658666 0.03843026980757713 0.2680692374706267
v 0.04193064197897908 0.03625759854912758 0.26829242706298817
v 0.04717237129807469 0.035011786967515945 0.2629847824573516
v 0.04913755133748051 0.0005000000237487257 0.26329487562179554
v 0.05270119011402127 0.0005000000237487257 0.25904104113578785
v 0.05261140316724774 0.01620427519083023 0.25861600041389454
v 0.05395709350705143 0.0005000000237487257 0.257541924715042
v 0.05723648145794865 0.0005000000237487257 0.2526416778564452
v 0.05707910284399983 0.01549464650452137 0.2520901560783385
v 0.05815061181783672 0.0005000000237487257 0.25127574801444996
v 0.06103062629699703 0.0005000000237487257 0.24577933549880973
v 0.060800399631261784 0.014758149161934853 0.24511548876762382
v 0.061641056090593296 0.0005000000237487257 0.24461436271667472
v 0.06403385102748867 0.0005000000237487257 0.23853884637355796
v 0.06373240053653713 0.013997092843055725 0.23778510093688957
v 0.06757844239473339 0.0005000000237487257 0.22298851609230033
v 0.0679799988865852 0.0004999953671358526 0.2154720574617385
v 0.06785456836223598 0.005652827676385641 0.21523456275463096
v 0.06781174242496486 0.006412082817405462 0.215139552950859
v 0.0671208947896957 0.012421904131770134 0.22242397069931022
v 0.06785456836223598 0.005652827676385641 0.21523456275463096
v 0.06785456836223598 0.005652827676385641 0.21523456275463096
v 0.0671208947896957 0.012421904131770134 0.22242397069931022
v 0.06752958148717876 0.0005000000237487257 0.22328932583332053
v 0.06785456836223598 0.005652827676385641 0.21523456275463096
v 0.06752958148717876 0.0005000000237487257 0.22328932583332053
v 0.06757844239473339 0.0005000000237487257 0.22298851609230033
v 0.06438209116458889 0.0005000000237487257 0.23765465617179862
v 0.06620780378580089 0.0005000000237487257 0.23101064562797538
v 0.0658454522490501 0.013216129504144192 0.23019133508205405
v 0.0658454522490501 0.013216129504144192 0.23019133508205405
v 0.06620780378580089 0.0005000000237487257 0.23101064562797538
v 0.06637330353260036 0.0005000000237487257 0.23040837049484245
v 0.042000927031040164 0.012937497347593307 0.26982465386390675
v 0.041999932378530475 0.0004999998491257429 0.2699410021305083
v 0.04373547434806821 0.0005000000237487257 0.26849055290222157
v 0.047476824373006786 0.0005000000237487257 0.2648921310901641
v 0.047454714775085415 0.01688683032989502 0.26460227370262135
v 0.04373547434806821 0.0005000000237487257 0.26849055290222157
v 0.04373547434806821 0.0005000000237487257 0.26849055290222157
v 0.047454714775085415 0.01688683032989502 0.26460227370262135
v 0.041990388184785815 0.017506854608654976 0.26962479948997486
v 0.04373547434806821 0.0005000000237487257 0.26849055290222157
v 0.041990388184785815 0.017506854608654976 0.26962479948997486
v 0.042000927031040164 0.012937497347593307 0.26982465386390675
v 0.04193064197897908 0.03625759854912758 0.26829242706298817
v 0.04196345061063764 0.028459349647164345 0.2690935730934142
v 0.04717237129807469 0.035011786967515945 0.2629847824573516
v 0.04717237129807469 0.035011786967515945 0.2629847824573516
v 0.04196345061063764 0.028459349647164345 0.2690935730934142
v 0.0419671684503555 0.02757558412849903 0.2691843509674071
v 0.04717237129807469 0.035011786967515945 0.2629847824573516
v 0.0419671684503555 0.02757558412849903 0.2691843509674071
v 0.047454714775085415 0.01688683032989502 0.26460227370262135
v 0.047454714775085415 0.01688683032989502 0.26460227370262135
v 0.0419671684503555 0.02757558412849903 0.2691843509674071
v 0.04198822379112241 0.018446091562509537 0.26958370208740223
v 0.047454714775085415 0.01688683032989502 0.26460227370262135
v 0.04198822379112241 0.018446091562509537 0.26958370208740223
v 0.041990388184785815 0.017506854608654976 0.26962479948997486
v 0.04192150011658666 0.03843026980757713 0.2680692374706267
v 0.04717237129807469 0.035011786967515945 0.2629847824573516
v 0.04192055016756055 0.038656335324048996 0.2680460214614867
v 0.04192055016756055 0.038656335324048996 0.2680460214614867
v 0.04717237129807469 0.035011786967515945 0.2629847824573516
v 0.046959020197391475 0.04395422339439392 0.2614031434059142
v 0.04192055016756055 0.038656335324048996 0.2680460214614867
v 0.046959020197391475 0.04395422339439392 0.2614031434059142
v 0.0418712571263313 0.04554487019777298 0.2668570578098296
v 0.04670000821352002 0.0527297742664814 0.25912317633628834
v 0.04185096174478528 0.048381004482507706 0.2663675546646117
v 0.046959020197391475 0.04395422339439392 0.2614031434059142
v 0.046959020197391475 0.04395422339439392 0.2614031434059142
v 0.04185096174478528 0.048381004482507706 0.2663675546646117
v 0.04185146465897557 0.04831055551767349 0.2663797140121459
v 0.046959020197391475 0.04395422339439392 0.2614031434059142
v 0.04185146465897557 0.04831055551767349 0.2663797140121459
v 0.0418712571263313 0.04554487019777298 0.2668570578098296
v 0.046398166567087146 0.06122486665844917 0.25599193572998036
v 0.04167835414409635 0.06365625560283661 0.2618204355239867
v 0.04670000821352002 0.0527297742664814 0.25912317633628834
v 0.04670000821352002 0.0527297742664814 0.25912317633628834
v 0.04167835414409635 0.06365625560283661 0.2618204355239867
v 0.04175045713782308 0.05798019841313362 0.26376596093177784
v 0.04175045713782308 0.05798019841313362 0.26376596093177784
v 0.041777227073907824 0.05587262660264969 0.2644883394241332
v 0.04670000821352002 0.0527297742664814 0.25912317633628834
v 0.04670000821352002 0.0527297742664814 0.25912317633628834
v 0.041777227073907824 0.05587262660264969 0.2644883394241332
v 0.04178868606686589 0.05470827966928482 0.2647804021835326
v 0.04670000821352002 0.0527297742664814 0.25912317633628834
v 0.04178868606686589 0.05470827966928482 0.2647804021835326
v 0.04185096174478528 0.048381004482507706 0.2663675546646117
v 0.041458368301391574 0.07566668093204498 0.25566405057907093
v 0.041531022638082477 0.07208847254514694 0.25775393843650807
v 0.04605799913406369 0.06926959753036499 0.25185853242874134
v 0.04605799913406369 0.06926959753036499 0.25185853242874134
v 0.041531022638082477 0.07208847254514694 0.25775393843650807
v 0.04156475141644475 0.07042738050222397 0.2587241232395171
v 0.04605799913406369 0.06926959753036499 0.25185853242874134
v 0.04156475141644475 0.07042738050222397 0.2587241232395171
v 0.046398166567087146 0.06122486665844917 0.25599193572998036
v 0.046398166567087146 0.06122486665844917 0.25599193572998036
v 0.04156475141644475 0.07042738050222397 0.2587241232395171
v 0.041616987437009784 0.0673140361905098 0.2601478099822997
v 0.046398166567087146 0.06122486665844917 0.25599193572998036
v 0.041616987437009784 0.0673140361905098 0.2601478099822997
v 0.04167835414409635 0.06365625560283661 0.2618204355239867
v 0.041246555745601626 0.08388573676347733 0.24907471239566795
v 0.04568663239479062 0.07663173228502274 0.2466096878051757
v 0.04120377451181409 0.08532768487930298 0.2477499544620513
v 0.04120377451181409 0.08532768487930298 0.2477499544620513
v 0.04568663239479062 0.07663173228502274 0.2466096878051757
v 0.0452947951853275 0.08304064720869064 0.24022339284420005
v 0.041246555745601626 0.08388573676347733 0.24907471239566795
v 0.041336607187986346 0.0808505192399025 0.251863270998001
v 0.04568663239479062 0.07663173228502274 0.2466096878051757
v 0.04568663239479062 0.07663173228502274 0.2466096878051757
v 0.041336607187986346 0.0808505192399025 0.251863270998001
v 0.041358817368745776 0.07990500330924988 0.25255650281906117
v 0.04568663239479062 0.07663173228502274 0.2466096878051757
v 0.041358817368745776 0.07990500330924988 0.25255650281906117
v 0.04605799913406369 0.06926959753036499 0.25185853242874134
v 0.04605799913406369 0.06926959753036499 0.25185853242874134
v 0.041358817368745776 0.07990500330924988 0.25255650281906117
v 0.041448339819908114 0.07609368115663528 0.2553509771823882
v 0.04605799913406369 0.06926959753036499 0.25185853242874134
v 0.041448339819908114 0.07609368115663528 0.2553509771823882
v 0.041458368301391574 0.07566668093204498 0.25566405057907093
v 0.04107885062694547 0.08891242742538452 0.24366030097007743
v 0.041133694350719424 0.08733859658241272 0.2454558014869689
v 0.0452947951853275 0.08304064720869064 0.24022339284420005
v 0.0452947951853275 0.08304064720869064 0.24022339284420005
v 0.041133694350719424 0.08733859658241272 0.2454558014869689
v 0.04115455225110051 0.08674012124538422 0.246138572692871
v 0.0452947951853275 0.08304064720869064 0.24022339284420005
v 0.04115455225110051 0.08674012124538422 0.246138572692871
v 0.04120377451181409 0.08532768487930298 0.2477499544620513
v 0.04080028831958768 0.09522396326065063 0.2334742993116378
v 0.040937121957540484 0.09238378703594208 0.2386470437049865
v 0.0448968596756458 0.08825621008872986 0.23281435668468467
v 0.0448968596756458 0.08825621008872986 0.23281435668468467
v 0.040937121957540484 0.09238378703594208 0.2386470437049865
v 0.04094764217734334 0.09216538816690445 0.23904480040073386
v 0.0448968596756458 0.08825621008872986 0.23281435668468467
v 0.04094764217734334 0.09216538816690445 0.23904480040073386
v 0.0452947951853275 0.08304064720869064 0.24022339284420005
v 0.0452947951853275 0.08304064720869064 0.24022339284420005
v 0.04094764217734334 0.09216538816690445 0.23904480040073386
v 0.041017942130565616 0.09042245149612427 0.24151778221130363
v 0.0452947951853275 0.08304064720869064 0.24022339284420005
v 0.041017942130565616 0.09042245149612427 0.24151778221130363
v 0.04107885062694547 0.08891242742538452 0.24366030097007743
v 0.04450891911983487 0.09215293079614639 0.22461555898189536
v 0.04072202369570729 0.0965346172451973 0.23023395240306846
v 0.0448968596756458 0.08825621008872986 0.23281435668468467
v 0.0448968596756458 0.08825621008872986 0.23281435668468467
v 0.04072202369570729 0.0965346172451973 0.23023395240306846
v 0.040786009281873675 0.09546307474374771 0.23288314044475547
v 0.0448968596756458 0.08825621008872986 0.23281435668468467
v 0.040786009281873675 0.09546307474374771 0.23288314044475547
v 0.04080028831958768 0.09522396326065063 0.2334742993116378
v 0.0403693541884422 0.10085660964250565 0.21366019546985618
v 0.04049781709909436 0.09972549974918365 0.22026591002941123
v 0.0441465154290199 0.09474925696849823 0.21589937806129447
v 0.0441465154290199 0.09474925696849823 0.21589937806129447
v 0.04049781709909436 0.09972549974918365 0.22026591002941123
v 0.04052041843533513 0.09943481534719467 0.22130851447582237
v 0.0441465154290199 0.09474925696849823 0.21589937806129447
v 0.04052041843533513 0.09943481534719467 0.22130851447582237
v 0.04450891911983487 0.09215293079614639 0.22461555898189536
v 0.04450891911983487 0.09215293079614639 0.22461555898189536
v 0.04052041843533513 0.09943481534719467 0.22130851447582237
v 0.04056712239980695 0.09883420914411545 0.22346279025077811
v 0.04450891911983487 0.09215293079614639 0.22461555898189536
v 0.04056712239980695 0.09883420914411545 0.22346279025077811
v 0.04064287990331647 0.0978599265217781 0.22695736587047569
v 0.04020367562770841 0.10155650973320007 0.2036741822957992
v 0.043823625892400714 0.09616811573505402 0.20690147578716273
v 0.04018991440534589 0.10154678672552109 0.2026843130588531
v 0.04018991440534589 0.10154678672552109 0.2026843130588531
v 0.043823625892400714 0.09616811573505402 0.20690147578716273
v 0.0435514152050018 0.09657446295022964 0.1977900862693786
v 0.04018991440534589 0.10154678672552109 0.2026843130588531
v 0.0435514152050018 0.09657446295022964 0.1977900862693786
v 0.04011153429746625 0.10149140655994415 0.19704641401767725
v 0.04020367562770841 0.10155650973320007 0.2036741822957992
v 0.04022336751222608 0.10157041996717453 0.20509041845798487
v 0.043823625892400714 0.09616811573505402 0.20690147578716273
v 0.043823625892400714 0.09616811573505402 0.20690147578716273
v 0.04022336751222608 0.10157041996717453 0.20509041845798487
v 0.04034051671624181 0.10104809701442719 0.2120613902807235
v 0.043823625892400714 0.09616811573505402 0.20690147578716273
v 0.04034051671624181 0.10104809701442719 0.2120613902807235
v 0.0441465154290199 0.09474925696849823 0.21589937806129447
v 0.0441465154290199 0.09474925696849823 0.21589937806129447
v 0.04034051671624181 0.10104809701442719 0.2120613902807235
v 0.04035487398505208 0.10098408162593842 0.21291571855545036
v 0.0441465154290199 0.09474925696849823 0.21589937806129447
v 0.04035487398505208 0.10098408162593842 0.21291571855545036
v 0.0403693541884422 0.10085660964250565 0.21366019546985618
v 0.03999075666069982 0.09999868273735046 0.1837166547775268
v 0.040026728063821765 0.10080284625291824 0.18888832628726954
v 0.04333746805787084 0.09613164514303207 0.18867179751396174
v 0.04333746805787084 0.09613164514303207 0.18867179751396174
v 0.040026728063821765 0.10080284625291824 0.18888832628726954
v 0.04007256403565404 0.10117502510547638 0.19329790771007532
v 0.04333746805787084 0.09613164514303207 0.18867179751396174
v 0.04007256403565404 0.10117502510547638 0.19329790771007532
v 0.0435514152050018 0.09657446295022964 0.1977900862693786
v 0.0435514152050018 0.09657446295022964 0.1977900862693786
v 0.04007256403565404 0.10117502510547638 0.19329790771007532
v 0.04007639363408086 0.10120610892772675 0.19366621971130366
v 0.0435514152050018 0.09657446295022964 0.1977900862693786
v 0.04007639363408086 0.10120610892772675 0.19366621971130366
v 0.04011153429746625 0.10149140655994415 0.19704641401767725
v 0.03995703160762784 0.09924472868442535 0.17886792123317713
v 0.046495143324136706 0.09054920822381973 0.1833109706640243
v 0.03994473814964292 0.09832019358873367 0.17472980916500086
v 0.03994473814964292 0.09832019358873367 0.17472980916500086
v 0.046495143324136706 0.09054920822381973 0.1833109706640243
v 0.04618613794445989 0.08759161829948425 0.1659021526575088
v 0.03994473814964292 0.09832019358873367 0.17472980916500086
v 0.04618613794445989 0.08759161829948425 0.1659021526575088
v 0.03994219005107877 0.09812873601913452 0.17387288808822626
v 0.03994219005107877 0.09812873601913452 0.17387288808822626
v 0.04618613794445989 0.08759161829948425 0.1659021526575088
v 0.03992670401930806 0.09696432203054428 0.16866114735603327
v 0.04623062908649442 0.08277866989374161 0.14889866113662714
v 0.03994613513350484 0.09344861656427383 0.1564080268144607
v 0.04618613794445989 0.08759161829948425 0.1659021526575088
v 0.04618613794445989 0.08759161829948425 0.1659021526575088
v 0.03994613513350484 0.09344861656427383 0.1564080268144607
v 0.03993384912610051 0.09567207843065262 0.16415736079215998
v 0.04618613794445989 0.08759161829948425 0.1659021526575088
v 0.03993384912610051 0.09567207843065262 0.16415736079215998
v 0.03992670401930806 0.09696432203054428 0.16866114735603327
v 0.040277283638715716 0.0821865126490593 0.1264232993125915
v 0.040168032050132724 0.08455336093902588 0.1320414394140243
v 0.046604357659816714 0.07670728862285614 0.13231186568737024
v 0.046604357659816714 0.07670728862285614 0.13231186568737024
v 0.040168032050132724 0.08455336093902588 0.1320414394140243
v 0.04008945077657697 0.08718272298574448 0.13884793221950525
v 0.046604357659816714 0.07670728862285614 0.13231186568737024
v 0.04008945077657697 0.08718272298574448 0.13884793221950525
v 0.04623062908649442 0.08277866989374161 0.14889866113662714
v 0.04623062908649442 0.08277866989374161 0.14889866113662714
v 0.04008945077657697 0.08718272298574448 0.13884793221950525
v 0.04002482071518895 0.08934538811445236 0.14444629848003382
v 0.04623062908649442 0.08277866989374161 0.14889866113662714
v 0.04002482071518895 0.08934538811445236 0.14444629848003382
v 0.04002073407173154 0.08955840766429901 0.14506728947162623
v 0.049381677061319317 0.05578426644206047 0.08384656161069867
v 0.04112232103943822 0.0657784640789032 0.08665299415588376
v 0.04105532169342038 0.06685487180948257 0.08937054872512815
v 0.040374290198087665 0.08008484542369843 0.12143462151288982
v 0.04728029295802113 0.06986313313245773 0.11605399101972576
v 0.04063660278916356 0.0744018629193306 0.10794503986835476
v 0.04063660278916356 0.0744018629193306 0.10794503986835476
v 0.04728029295802113 0.06986313313245773 0.11605399101972576
v 0.040783051401376696 0.07122908532619476 0.1004138961434364
v 0.04152869433164594 0.05985894054174423 0.06882587820291516
v 0.041497867554426165 0.06029602885246277 0.07044283300638196
v 0.050592988729476894 0.04973849654197693 0.06742910295724866
v 0.050592988729476894 0.04973849654197693 0.06742910295724866
v 0.041497867554426165 0.06029602885246277 0.07044283300638196
v 0.04145355522632596 0.06092430278658867 0.07276705652475354
v 0.050592988729476894 0.04973849654197693 0.06742910295724866
v 0.04145355522632596 0.06092430278658867 0.07276705652475354
v 0.049381677061319317 0.05578426644206047 0.08384656161069867
v 0.049381677061319317 0.05578426644206047 0.08384656161069867
v 0.04145355522632596 0.06092430278658867 0.07276705652475354
v 0.041182715445756884 0.06480821967124939 0.08420346677303311
v 0.049381677061319317 0.05578426644206047 0.08384656161069867
v 0.041182715445756884 0.06480821967124939 0.08420346677303311
v 0.04112232103943822 0.0657784640789032 0.08665299415588376
v 0.04185507446527478 0.055801525712013245 0.05092179775238036
v 0.04168169200420377 0.05771803855895996 0.06076212227344511
v 0.050592988729476894 0.04973849654197693 0.06742910295724866
v 0.050592988729476894 0.04973849654197693 0.06742910295724866
v 0.04168169200420377 0.05771803855895996 0.06076212227344511
v 0.04167263209819791 0.057818204164505005 0.061276424676179865
v 0.050592988729476894 0.04973849654197693 0.06742910295724866
v 0.04167263209819791 0.057818204164505005 0.061276424676179865
v 0.04152869433164594 0.05985894054174423 0.06882587820291516
v 0.05161204561591145 0.04530486464500427 0.050499983131885515
v 0.05159998685121533 0.045318979769945145 0.050499983131885515
v 0.050592988729476894 0.04973849654197693 0.06742910295724866
v 0.050592988729476894 0.04973849654197693 0.06742910295724866
v 0.05159998685121533 0.045318979769945145 0.050499983131885515
v 0.04733657091855999 0.05030832067131996 0.050499983131885515
v 0.050592988729476894 0.04973849654197693 0.06742910295724866
v 0.04733657091855999 0.05030832067131996 0.050499983131885515
v 0.04185507446527478 0.055801525712013245 0.05092179775238036
v 0.04185507446527478 0.055801525712013245 0.05092179775238036
v 0.04733657091855999 0.05030832067131996 0.050499983131885515
v 0.046815991401672336 0.0508229061961174 0.050499979406595216
v 0.04185507446527478 0.055801525712013245 0.05092179775238036
v 0.046815991401672336 0.0508229061961174 0.050499979406595216
v 0.041862506419420215 0.055719368159770966 0.050499957054853425
v 0.05590935423970219 0.03939374163746834 0.05049998685717581
v 0.05590047314763066 0.03940638527274132 0.05049998685717581
v 0.05459218472242352 0.04402945563197136 0.06662147492170331
v 0.05459218472242352 0.04402945563197136 0.06662147492170331
v 0.05590047314763066 0.03940638527274132 0.05049998685717581
v 0.052427940070629085 0.04435005038976669 0.05049998685717581
v 0.05959634110331531 0.03308520093560219 0.05049999058246611
v 0.0595903061330318 0.033095959573984146 0.05049999058246611
v 0.058015450835227925 0.03793630748987198 0.0657863691449165
v 0.058015450835227925 0.03793630748987198 0.0657863691449165
v 0.0595903061330318 0.033095959573984146 0.05049999058246611
v 0.056640017777681316 0.038353532552719116 0.05049998685717581
v 0.06253232806921001 0.02639438398182392 0.05049999430775641
v 0.0625287368893623 0.02640289068222046 0.05049999430775641
v 0.060762785375118214 0.03148915618658066 0.06494094431400296
v 0.060762785375118214 0.03148915618658066 0.06494094431400296
v 0.0625287368893623 0.02640289068222046 0.05049999430775641
v 0.06003756821155544 0.03229891508817673 0.05049999058246611
v 0.06465722620487209 0.01940508931875229 0.05049999803304671
v 0.06465552747249599 0.019410986453294754 0.05049999803304671
v 0.06275292485952373 0.024750927463173866 0.0640977621078491
v 0.06275292485952373 0.024750927463173866 0.0640977621078491
v 0.06465552747249599 0.019410986453294754 0.05049999803304671
v 0.06289689242839809 0.025531550869345665 0.05049999430775641
v 0.06590532511472698 0.012205828912556171 0.05050000175833701
v 0.06590483337640758 0.012208829633891582 0.05050000175833701
v 0.06393992155790325 0.017813323065638542 0.06326419860124585
v 0.06393992155790325 0.017813323065638542 0.06326419860124585
v 0.06590483337640758 0.012208829633891582 0.05050000175833701
v 0.06484334915876384 0.01875731721520424 0.05049999803304671
v 0.061843641102313954 0.024319346994161606 0.07560826838016507
v 0.06235682964324947 0.01742316409945488 0.07397827506065366
v 0.06393992155790325 0.017813323065638542 0.06326419860124585
v 0.06393992155790325 0.017813323065638542 0.06326419860124585
v 0.06235682964324947 0.01742316409945488 0.07397827506065366
v 0.06273163855075832 0.01603684574365616 0.0716660916805267
v 0.06273163855075832 0.01603684574365616 0.0716660916805267
v 0.06287839263677593 0.015494032762944698 0.0707607492804527
v 0.06393992155790325 0.017813323065638542 0.06326419860124585
v 0.06393992155790325 0.017813323065638542 0.06326419860124585
v 0.06287839263677593 0.015494032762944698 0.0707607492804527
v 0.06431938707828518 0.010851599276065826 0.062404289841651896
v 0.06393992155790325 0.017813323065638542 0.06326419860124585
v 0.06431938707828518 0.010851599276065826 0.062404289841651896
v 0.06590532511472698 0.012205828912556171 0.05050000175833701
v 0.06590532511472698 0.012205828912556171 0.05050000175833701
v 0.06431938707828518 0.010851599276065826 0.062404289841651896
v 0.06490029394626613 0.008980094455182552 0.05903555080294607
v 0.06590532511472698 0.012205828912556171 0.05050000175833701
v 0.06490029394626613 0.008980094455182552 0.05903555080294607
v 0.06594528257846828 0.011959289200603962 0.05050000175833701
v 0.06594528257846828 0.011959289200603962 0.05050000175833701
v 0.06490029394626613 0.008980094455182552 0.05903555080294607
v 0.06493782252073284 0.008859194815158844 0.05881792679429052
v 0.06594528257846828 0.011959289200603962 0.05050000175833701
v 0.06493782252073284 0.008859194815158844 0.05881792679429052
v 0.0662528499960899 0.004904528614133596 0.0505000129342079
v 0.05571496114134785 0.05152076110243797 0.11661902070045467
v 0.057390417903661686 0.037615176290273666 0.1085635274648666
v 0.05701578781008717 0.04491303116083145 0.10333006829023358
v 0.057804197072982746 0.03539410978555679 0.1043780073523521
v 0.058775607496499974 0.031070780009031296 0.09689199924468991
v 0.058150239288806874 0.038058627396821976 0.10008581727743146
v 0.058150239288806874 0.038058627396821976 0.10008581727743146
v 0.058775607496499974 0.031070780009031296 0.09689199924468991
v 0.059309881180524784 0.028692949563264847 0.09277469664812085
v 0.058150239288806874 0.038058627396821976 0.10008581727743146
v 0.059309881180524784 0.028692949563264847 0.09277469664812085
v 0.061843641102313954 0.024319346994161606 0.07560826838016507
v 0.061843641102313954 0.024319346994161606 0.07560826838016507
v 0.059309881180524784 0.028692949563264847 0.09277469664812085
v 0.060716859996318776 0.02348894253373146 0.08409514278173444
v 0.061843641102313954 0.024319346994161606 0.07560826838016507
v 0.060716859996318776 0.02348894253373146 0.08409514278173444
v 0.06235682964324947 0.01742316409945488 0.07397827506065366
v 0.05485007166862484 0.057514626532793045 0.13024346530437464
v 0.05636489391326901 0.043668195605278015 0.12053013592958446
v 0.05571496114134785 0.05152076110243797 0.11661902070045467
v 0.05571496114134785 0.05152076110243797 0.11661902070045467
v 0.05636489391326901 0.043668195605278015 0.12053013592958446
v 0.056680150330066646 0.04142776504158974 0.11574821174144741
v 0.05571496114134785 0.05152076110243797 0.11661902070045467
v 0.056680150330066646 0.04142776504158974 0.11574821174144741
v 0.0573203824460506 0.03799111396074295 0.1092719659209251
v 0.05568619072437283 0.05010679364204407 0.13581553101539606
v 0.05568790808320042 0.04996534064412117 0.13538010418415064
v 0.05448159575462338 0.06254714727401733 0.14427717030048365
v 0.05448159575462338 0.06254714727401733 0.14427717030048365
v 0.05568790808320042 0.04996534064412117 0.13538010418415064
v 0.05577227100729939 0.04896816238760948 0.1328745782375335
v 0.05448159575462338 0.06254714727401733 0.14427717030048365
v 0.05577227100729939 0.04896816238760948 0.1328745782375335
v 0.05485007166862484 0.057514626532793045 0.13024346530437464
v 0.05485007166862484 0.057514626532793045 0.13024346530437464
v 0.05577227100729939 0.04896816238760948 0.1328745782375335
v 0.05600318685173985 0.0462387315928936 0.126016616821289
v 0.05485007166862484 0.057514626532793045 0.13024346530437464
v 0.05600318685173985 0.0462387315928936 0.126016616821289
v 0.05624682083725926 0.04450729861855507 0.12232109159231182
v 0.05617638677358624 0.055380918085575104 0.15705743432044977
v 0.05585117265582081 0.05445805937051773 0.15110872685909266
v 0.054674785584211315 0.06618179380893707 0.1587312370538711
v 0.05617638677358624 0.055380918085575104 0.15705743432044977
v 0.054674785584211315 0.06618179380893707 0.1587312370538711
v 0.056273806840181316 0.05565735697746277 0.15883935987949366
v 0.056273806840181316 0.05565735697746277 0.15883935987949366
v 0.054674785584211315 0.06618179380893707 0.1587312370538711
v 0.05499794706702229 0.06729510426521301 0.1660898476839065
v 0.056273806840181316 0.05565735697746277 0.15883935987949366
v 0.05499794706702229 0.06729510426521301 0.1660898476839065
v 0.05547403916716572 0.067816823720932 0.17349684238433832
v 0.05585117265582081 0.05445805937051773 0.15110872685909266
v 0.0558206774294376 0.054150089621543884 0.14986231923103327
v 0.054674785584211315 0.06618179380893707 0.1587312370538711
v 0.054674785584211315 0.06618179380893707 0.1587312370538711
v 0.0558206774294376 0.054150089621543884 0.14986231923103327
v 0.055717784911394085 0.05311102047562599 0.14565698802471155
v 0.054674785584211315 0.06618179380893707 0.1587312370538711
v 0.055717784911394085 0.05311102047562599 0.14565698802471155
v 0.05448159575462338 0.06254714727401733 0.14427717030048365
v 0.05448159575462338 0.06254714727401733 0.14427717030048365
v 0.055717784911394085 0.05311102047562599 0.14565698802471155
v 0.05565714091062542 0.052498605102300644 0.1431784033775329
v 0.05448159575462338 0.06254714727401733 0.14427717030048365
v 0.05565714091062542 0.052498605102300644 0.1431784033775329
v 0.05568619072437283 0.05010679364204407 0.13581553101539606
v 0.056098554283380474 0.06763576716184616 0.18089580535888666
v 0.05682580918073651 0.056060291826725006 0.16552728414535517
v 0.05547403916716572 0.067816823720932 0.17349684238433832
v 0.05547403916716572 0.067816823720932 0.17349684238433832
v 0.05682580918073651 0.056060291826725006 0.16552728414535517
v 0.05672347545623776 0.05599493905901909 0.16431482136249537
v 0.05547403916716572 0.067816823720932 0.17349684238433832
v 0.05672347545623776 0.05599493905901909 0.16431482136249537
v 0.05629673227667805 0.055722419172525406 0.1592587530612945
v 0.05747173726558681 0.05587221682071686 0.1715798377990722
v 0.057368379086255986 0.05595157667994499 0.17073453962802881
v 0.056098554283380474 0.06763576716184616 0.18089580535888666
v 0.056098554283380474 0.06763576716184616 0.18089580535888666
v 0.057368379086255986 0.05595157667994499 0.17073453962802881
v 0.05689223483204838 0.05610271170735359 0.16631427407264704
v 0.056098554283380474 0.06763576716184616 0.18089580535888666
v 0.05689223483204838 0.05610271170735359 0.16631427407264704
v 0.05682580918073651 0.056060291826725006 0.16552728414535517
v 0.058419223874807316 0.0597415566444397 0.1870615035295486
v 0.058452624827623326 0.05474737286567688 0.17877890169620508
v 0.05751090124249454 0.06123911961913109 0.18023647367954249
v 0.05751090124249454 0.06123911961913109 0.18023647367954249
v 0.058452624827623326 0.05474737286567688 0.17877890169620508
v 0.05844668671488758 0.05475477874279022 0.17873665690422053
v 0.05751090124249454 0.06123911961913109 0.18023647367954249
v 0.05844668671488758 0.05475477874279022 0.17873665690422053
v 0.05767749622464176 0.055714234709739685 0.17326262593269343
v 0.06034228205680843 0.05087537690997124 0.189480572938919
v 0.05945488065481182 0.057312123477458954 0.19357557594776148
v 0.06068375706672664 0.049920517951250076 0.1910677850246429
v 0.06068375706672664 0.049920517951250076 0.1910677850246429
v 0.05945488065481182 0.057312123477458954 0.19357557594776148
v 0.060583624988794285 0.05393398553133011 0.19961863756179804
v 0.06068375706672664 0.049920517951250076 0.1910677850246429
v 0.060583624988794285 0.05393398553133011 0.19961863756179804
v 0.06088905036449428 0.04934646189212799 0.1920220106840133
v 0.06034228205680843 0.05087537690997124 0.189480572938919
v 0.05960712209343906 0.05255621671676636 0.1855963617563247
v 0.05945488065481182 0.057312123477458954 0.19357557594776148
v 0.05945488065481182 0.057312123477458954 0.19357557594776148
v 0.05960712209343906 0.05255621671676636 0.1855963617563247
v 0.05951397493481632 0.05276917666196823 0.1851042360067367
v 0.05945488065481182 0.057312123477458954 0.19357557594776148
v 0.05951397493481632 0.05276917666196823 0.1851042360067367
v 0.058419223874807316 0.0597415566444397 0.1870615035295486
v 0.058419223874807316 0.0597415566444397 0.1870615035295486
v 0.05951397493481632 0.05276917666196823 0.1851042360067367
v 0.05928838998079296 0.05328494310379028 0.1839123666286468
v 0.058419223874807316 0.0597415566444397 0.1870615035295486
v 0.05928838998079296 0.05328494310379028 0.1839123666286468
v 0.05850504711270328 0.05468197911977768 0.17915198206901545
v 0.06175839900970455 0.0496600866317749 0.20504659414291376
v 0.06292532384395595 0.04460201412439346 0.2097589969635009
v 0.0631434321403503 0.04166346415877342 0.2013143897056579
v 0.0631434321403503 0.04166346415877342 0.2013143897056579
v 0.06226126104593273 0.045048393309116364 0.19796337187290186
v 0.06175839900970455 0.0496600866317749 0.20504659414291376
v 0.06175839900970455 0.0496600866317749 0.20504659414291376
v 0.06226126104593273 0.045048393309116364 0.19796337187290186
v 0.06191403418779369 0.046188436448574066 0.19650965929031367
v 0.06175839900970455 0.0496600866317749 0.20504659414291376
v 0.06191403418779369 0.046188436448574066 0.19650965929031367
v 0.060583624988794285 0.05393398553133011 0.19961863756179804
v 0.060583624988794285 0.05393398553133011 0.19961863756179804
v 0.06191403418779369 0.046188436448574066 0.19650965929031367
v 0.061314664781093556 0.04815632477402687 0.1940003186464309
v 0.060583624988794285 0.05393398553133011 0.19961863756179804
v 0.061314664781093556 0.04815632477402687 0.1940003186464309
v 0.06088905036449428 0.04934646189212799 0.1920220106840133
v 0.0643718764185905 0.03619910404086113 0.20560829341411585
v 0.0643130168318748 0.03646636754274368 0.20540529489517206
v 0.06403229385614391 0.03890503570437431 0.21371208131313316
v 0.06403229385614391 0.03890503570437431 0.21371208131313316
v 0.0643130168318748 0.03646636754274368 0.20540529489517206
v 0.06354989856481548 0.03993184119462967 0.20277309417724604
v 0.06403229385614391 0.03890503570437431 0.21371208131313316
v 0.06354989856481548 0.03993184119462967 0.20277309417724604
v 0.06292532384395595 0.04460201412439346 0.2097589969635009
v 0.06292532384395595 0.04460201412439346 0.2097589969635009
v 0.06354989856481548 0.03993184119462967 0.20277309417724604
v 0.06330566853284832 0.04104093089699745 0.20193068683147425
v 0.06292532384395595 0.04460201412439346 0.2097589969635009
v 0.06330566853284832 0.04104093089699745 0.20193068683147425
v 0.0631434321403503 0.04166346415877342 0.2013143897056579
v 0.0643718764185905 0.03619910404086113 0.20560829341411585
v 0.06403229385614391 0.03890503570437431 0.21371208131313316
v 0.06477275490760799 0.03401605784893036 0.2068698406219482
v 0.06477275490760799 0.03401605784893036 0.2068698406219482
v 0.06403229385614391 0.03890503570437431 0.21371208131313316
v 0.06503500044345852 0.03271694853901863 0.21690936386585227
v 0.06477275490760799 0.03401605784893036 0.2068698406219482
v 0.06503500044345852 0.03271694853901863 0.21690936386585227
v 0.06534034013748165 0.030925216153264046 0.2086559832096099
v 0.06626927852630611 0.024589380249381065 0.21131865680217735
v 0.06616012006998058 0.025495368987321854 0.21102704107761375
v 0.06589950621128078 0.02617056295275688 0.21938814222812644
v 0.06589950621128078 0.02617056295275688 0.21938814222812644
v 0.06616012006998058 0.025495368987321854 0.21102704107761375
v 0.0658471584320068 0.027568263933062553 0.21012187004089347
v 0.06589950621128078 0.02617056295275688 0.21938814222812644
v 0.0658471584320068 0.027568263933062553 0.21012187004089347
v 0.06503500044345852 0.03271694853901863 0.21690936386585227
v 0.06503500044345852 0.03271694853901863 0.21690936386585227
v 0.0658471584320068 0.027568263933062553 0.21012187004089347
v 0.06536978483200069 0.030730178579688072 0.20874115824699394
v 0.06503500044345852 0.03271694853901863 0.21690936386585227
v 0.06536978483200069 0.030730178579688072 0.20874115824699394
v 0.06534034013748165 0.030925216153264046 0.2086559832096099
v 0.06626927852630611 0.024589380249381065 0.21131865680217735
v 0.06589950621128078 0.02617056295275688 0.21938814222812644
v 0.06673318892717357 0.020738983526825905 0.21255797147750846
v 0.06673318892717357 0.020738983526825905 0.21255797147750846
v 0.06589950621128078 0.02617056295275688 0.21938814222812644
v 0.0666011199355125 0.019376734271645546 0.22120657563209525
v 0.06673318892717357 0.020738983526825905 0.21255797147750846
v 0.0666011199355125 0.019376734271645546 0.22120657563209525
v 0.06685701757669445 0.019711215049028397 0.21288877725601188
v 0.06781174242496486 0.006412082817405462 0.215139552950859
v 0.06751854717731472 0.011610055342316628 0.21448908746242515
v 0.0671208947896957 0.012421904131770134 0.22242397069931022
v 0.0671208947896957 0.012421904131770134 0.22242397069931022
v 0.06751854717731472 0.011610055342316628 0.21448908746242515
v 0.067397728562355 0.013752052560448647 0.21422104537487022
v 0.0671208947896957 0.012421904131770134 0.22242397069931022
v 0.067397728562355 0.013752052560448647 0.21422104537487022
v 0.0666011199355125 0.019376734271645546 0.22120657563209525
v 0.0666011199355125 0.019376734271645546 0.22120657563209525
v 0.067397728562355 0.013752052560448647 0.21422104537487022
v 0.06699526309967037 0.018187638372182846 0.21322938799858085
v 0.0666011199355125 0.019376734271645546 0.22120657563209525
v 0.06699526309967037 0.018187638372182846 0.21322938799858085
v 0.06685701757669445 0.019711215049028397 0.21288877725601188
v 0.052427940070629085 0.04435005038976669 0.05049998685717581
v 0.05161204561591145 0.04530486464500427 0.050499983131885515
v 0.05459218472242352 0.04402945563197136 0.06662147492170331
v 0.05459218472242352 0.04402945563197136 0.06662147492170331
v 0.05161204561591145 0.04530486464500427 0.050499983131885515
v 0.050592988729476894 0.04973849654197693 0.06742910295724866
v 0.05459218472242352 0.04402945563197136 0.06662147492170331
v 0.050592988729476894 0.04973849654197693 0.06742910295724866
v 0.05305767431855198 0.05013912171125412 0.0822465121746063
v 0.05305767431855198 0.05013912171125412 0.0822465121746063
v 0.050592988729476894 0.04973849654197693 0.06742910295724866
v 0.049381677061319317 0.05578426644206047 0.08384656161069867
v 0.05305767431855198 0.05013912171125412 0.0822465121746063
v 0.049381677061319317 0.05578426644206047 0.08384656161069867
v 0.04728029295802113 0.06986313313245773 0.11605399101972576
v 0.04728029295802113 0.06986313313245773 0.11605399101972576
v 0.049381677061319317 0.05578426644206047 0.08384656161069867
v 0.04105532169342038 0.06685487180948257 0.08937054872512815
v 0.04728029295802113 0.06986313313245773 0.11605399101972576
v 0.04105532169342038 0.06685487180948257 0.08937054872512815
v 0.040783051401376696 0.07122908532619476 0.1004138961434364
v 0.056640017777681316 0.038353532552719116 0.05049998685717581
v 0.05590935423970219 0.03939374163746834 0.05049998685717581
v 0.058015450835227925 0.03793630748987198 0.0657863691449165
v 0.058015450835227925 0.03793630748987198 0.0657863691449165
v 0.05590935423970219 0.03939374163746834 0.05049998685717581
v 0.05459218472242352 0.04402945563197136 0.06662147492170331
v 0.058015450835227925 0.03793630748987198 0.0657863691449165
v 0.05459218472242352 0.04402945563197136 0.06662147492170331
v 0.05621906742453572 0.04412689805030823 0.08059428632259366
v 0.05621906742453572 0.04412689805030823 0.08059428632259366
v 0.05459218472242352 0.04402945563197136 0.06662147492170331
v 0.05305767431855198 0.05013912171125412 0.0822465121746063
v 0.05621906742453572 0.04412689805030823 0.08059428632259366
v 0.05305767431855198 0.05013912171125412 0.0822465121746063
v 0.053110320121049846 0.0579933226108551 0.10982335358858104
v 0.053110320121049846 0.0579933226108551 0.10982335358858104
v 0.05305767431855198 0.05013912171125412 0.0822465121746063
v 0.04728029295802113 0.06986313313245773 0.11605399101972576
v 0.05723648145794865 0.0005000000237487257 0.2526416778564452
v 0.05815061181783672 0.0005000000237487257 0.25127574801444996
v 0.05707910284399983 0.01549464650452137 0.2520901560783385
v 0.05707910284399983 0.01549464650452137 0.2520901560783385
v 0.05815061181783672 0.0005000000237487257 0.25127574801444996
v 0.060800399631261784 0.014758149161934853 0.24511548876762382
v 0.05707910284399983 0.01549464650452137 0.2520901560783385
v 0.060800399631261784 0.014758149161934853 0.24511548876762382
v 0.056392196565866436 0.032234836369752884 0.24992817640304557
v 0.056392196565866436 0.032234836369752884 0.24992817640304557
v 0.060800399631261784 0.014758149161934853 0.24511548876762382
v 0.059940405189990956 0.030774230137467384 0.2427031993865966
v 0.056392196565866436 0.032234836369752884 0.24992817640304557
v 0.059940405189990956 0.030774230137467384 0.2427031993865966
v 0.055899675935506786 0.040409985929727554 0.24801476299762718
v 0.055899675935506786 0.040409985929727554 0.24801476299762718
v 0.059940405189990956 0.030774230137467384 0.2427031993865966
v 0.059329643845558125 0.03855197876691818 0.24063445627689353
v 0.055899675935506786 0.040409985929727554 0.24801476299762718
v 0.059329643845558125 0.03855197876691818 0.24063445627689353
v 0.055324424058198894 0.04835214093327522 0.24539928138256065
v 0.055324424058198894 0.04835214093327522 0.24539928138256065
v 0.059329643845558125 0.03855197876691818 0.24063445627689353
v 0.05862035602331157 0.046064551919698715 0.23786115646362296
v 0.055324424058198894 0.04835214093327522 0.24539928138256065
v 0.05862035602331157 0.046064551919698715 0.23786115646362296
v 0.054681833833456005 0.055943287909030914 0.24196732044219962
v 0.054681833833456005 0.055943287909030914 0.24196732044219962
v 0.05862035602331157 0.046064551919698715 0.23786115646362296
v 0.05783339962363239 0.05319096893072128 0.23428818583488456
v 0.054681833833456005 0.055943287909030914 0.24196732044219962
v 0.05783339962363239 0.05319096893072128 0.23428818583488456
v 0.05399050563573834 0.06302334368228912 0.23761640489101402
v 0.05399050563573834 0.06302334368228912 0.23761640489101402
v 0.05783339962363239 0.05319096893072128 0.23428818583488456
v 0.05699410662055012 0.05977514013648033 0.22983750700950614
v 0.05399050563573834 0.06302334368228912 0.23761640489101402
v 0.05699410662055012 0.05977514013648033 0.22983750700950614
v 0.05327178165316578 0.06939159333705902 0.232284128665924
v 0.05327178165316578 0.06939159333705902 0.232284128665924
v 0.05699410662055012 0.05977514013648033 0.22983750700950614
v 0.056131221354007686 0.06563116610050201 0.22447271645069114
v 0.05327178165316578 0.06939159333705902 0.232284128665924
v 0.056131221354007686 0.06563116610050201 0.22447271645069114
v 0.05254867300391194 0.07483255118131638 0.22598719596862785
v 0.05254867300391194 0.07483255118131638 0.22598719596862785
v 0.056131221354007686 0.06563116610050201 0.22447271645069114
v 0.05527468770742413 0.07057032734155655 0.21823066473007194
v 0.05254867300391194 0.07483255118131638 0.22598719596862785
v 0.05527468770742413 0.07057032734155655 0.21823066473007194
v 0.05184393003582951 0.07916965335607529 0.21884770691394798
v 0.05184393003582951 0.07916965335607529 0.21884770691394798
v 0.05527468770742413 0.07057032734155655 0.21823066473007194
v 0.05445238575339314 0.074447400867939 0.21123807132244102
v 0.05184393003582951 0.07916965335607529 0.21884770691394798
v 0.05445238575339314 0.074447400867939 0.21123807132244102
v 0.05117823556065556 0.08232487738132477 0.21107210218906394
v 0.05117823556065556 0.08232487738132477 0.21107210218906394
v 0.05445238575339314 0.074447400867939 0.21123807132244102
v 0.0536878444254398 0.07720809429883957 0.20368890464305872
v 0.05117823556065556 0.08232487738132477 0.21107210218906394
v 0.0536878444254398 0.07720809429883957 0.20368890464305872
v 0.050570365041494335 0.08433432132005692 0.2028882205486297
v 0.050570365041494335 0.08433432132005692 0.2028882205486297
v 0.0536878444254398 0.07720809429883957 0.20368890464305872
v 0.05300090461969372 0.078897625207901 0.1957895159721374
v 0.050570365041494335 0.08433432132005692 0.2028882205486297
v 0.05300090461969372 0.078897625207901 0.1957895159721374
v 0.050038829445838894 0.08531315624713898 0.19448867440223688
v 0.050038829445838894 0.08531315624713898 0.19448867440223688
v 0.05300090461969372 0.078897625207901 0.1957895159721374
v 0.05241032689809796 0.0796278640627861 0.1877115368843078
v 0.050038829445838894 0.08531315624713898 0.19448867440223688
v 0.05241032689809796 0.0796278640627861 0.1877115368843078
v 0.04960007965564724 0.08540608733892441 0.1860100924968719
v 0.04960007965564724 0.08540608733892441 0.1860100924968719
v 0.05241032689809796 0.0796278640627861 0.1877115368843078
v 0.05193233862519261 0.0795341432094574 0.179575964808464
v 0.04960007965564724 0.08540608733892441 0.1860100924968719
v 0.05193233862519261 0.0795341432094574 0.179575964808464
v 0.04926579445600506 0.08475372195243835 0.17753943800926203
v 0.04926579445600506 0.08475372195243835 0.17753943800926203
v 0.05193233862519261 0.0795341432094574 0.179575964808464
v 0.0515780076384544 0.07874665409326553 0.17145976424217219
v 0.04926579445600506 0.08475372195243835 0.17753943800926203
v 0.0515780076384544 0.07874665409326553 0.17145976424217219
v 0.05125629901885983 0.07552315294742584 0.15545050799846644
v 0.05270119011402127 0.0005000000237487257 0.25904104113578785
v 0.05395709350705143 0.0005000000237487257 0.257541924715042
v 0.05261140316724774 0.01620427519083023 0.25861600041389454
v 0.05261140316724774 0.01620427519083023 0.25861600041389454
v 0.05395709350705143 0.0005000000237487257 0.257541924715042
v 0.05707910284399983 0.01549464650452137 0.2520901560783385
v 0.05261140316724774 0.01620427519083023 0.25861600041389454
v 0.05707910284399983 0.01549464650452137 0.2520901560783385
v 0.05211676284670826 0.033647485077381134 0.25672143697738636
v 0.05211676284670826 0.033647485077381134 0.25672143697738636
v 0.05707910284399983 0.01549464650452137 0.2520901560783385
v 0.056392196565866436 0.032234836369752884 0.24992817640304557
v 0.05211676284670826 0.033647485077381134 0.25672143697738636
v 0.056392196565866436 0.032234836369752884 0.24992817640304557
v 0.051756527274846996 0.0422108918428421 0.2549714148044585
v 0.051756527274846996 0.0422108918428421 0.2549714148044585
v 0.056392196565866436 0.032234836369752884 0.24992817640304557
v 0.055899675935506786 0.040409985929727554 0.24801476299762718
v 0.051756527274846996 0.0422108918428421 0.2549714148044585
v 0.055899675935506786 0.040409985929727554 0.24801476299762718
v 0.05133114382624623 0.05057407170534134 0.25252121686935414
v 0.05133114382624623 0.05057407170534134 0.25252121686935414
v 0.055899675935506786 0.040409985929727554 0.24801476299762718
v 0.055324424058198894 0.04835214093327522 0.24539928138256065
v 0.05133114382624623 0.05057407170534134 0.25252121686935414
v 0.055324424058198894 0.04835214093327522 0.24539928138256065
v 0.05085000768303868 0.058621473610401154 0.24923717975616447
v 0.05085000768303868 0.058621473610401154 0.24923717975616447
v 0.055324424058198894 0.04835214093327522 0.24539928138256065
v 0.054681833833456005 0.055943287909030914 0.24196732044219962
v 0.05085000768303868 0.058621473610401154 0.24923717975616447
v 0.054681833833456005 0.055943287909030914 0.24196732044219962
v 0.050324767827987636 0.06618840992450714 0.24499253928661338
v 0.050324767827987636 0.06618840992450714 0.24499253928661338
v 0.054681833833456005 0.055943287909030914 0.24196732044219962
v 0.05399050563573834 0.06302334368228912 0.23761640489101402
v 0.050324767827987636 0.06618840992450714 0.24499253928661338
v 0.05399050563573834 0.06302334368228912 0.23761640489101402
v 0.049769565463066066 0.07305873185396194 0.23969928920269004
v 0.049769565463066066 0.07305873185396194 0.23969928920269004
v 0.05399050563573834 0.06302334368228912 0.23761640489101402
v 0.05327178165316578 0.06939159333705902 0.232284128665924
v 0.049769565463066066 0.07305873185396194 0.23969928920269004
v 0.05327178165316578 0.06939159333705902 0.232284128665924
v 0.04920100793242451 0.07898963242769241 0.23335446417331687
v 0.04920100793242451 0.07898963242769241 0.23335446417331687
v 0.05327178165316578 0.06939159333705902 0.232284128665924
v 0.05254867300391194 0.07483255118131638 0.22598719596862785
v 0.04920100793242451 0.07898963242769241 0.23335446417331687
v 0.05254867300391194 0.07483255118131638 0.22598719596862785
v 0.04863733798265454 0.0837729275226593 0.2260762155055999
v 0.04863733798265454 0.0837729275226593 0.2260762155055999
v 0.05254867300391194 0.07483255118131638 0.22598719596862785
v 0.05184393003582951 0.07916965335607529 0.21884770691394798
v 0.04863733798265454 0.0837729275226593 0.2260762155055999
v 0.05184393003582951 0.07916965335607529 0.21884770691394798
v 0.04809676483273503 0.08730685710906982 0.21808393299579612
v 0.04809676483273503 0.08730685710906982 0.21808393299579612
v 0.05184393003582951 0.07916965335607529 0.21884770691394798
v 0.05117823556065556 0.08232487738132477 0.21107210218906394
v 0.04809676483273503 0.08730685710906982 0.21808393299579612
v 0.05117823556065556 0.08232487738132477 0.21107210218906394
v 0.04759662598371502 0.08961859345436096 0.20962750911712638
v 0.04759662598371502 0.08961859345436096 0.20962750911712638
v 0.05117823556065556 0.08232487738132477 0.21107210218906394
v 0.050570365041494335 0.08433432132005692 0.2028882205486297
v 0.04759662598371502 0.08961859345436096 0.20962750911712638
v 0.050570365041494335 0.08433432132005692 0.2028882205486297
v 0.047153845429420436 0.09082700312137604 0.20092087984085077
v 0.047153845429420436 0.09082700312137604 0.20092087984085077
v 0.050570365041494335 0.08433432132005692 0.2028882205486297
v 0.050038829445838894 0.08531315624713898 0.19448867440223688
v 0.047153845429420436 0.09082700312137604 0.20092087984085077
v 0.050038829445838894 0.08531315624713898 0.19448867440223688
v 0.04678317904472348 0.09108664840459824 0.19211640954017634
v 0.04678317904472348 0.09108664840459824 0.19211640954017634
v 0.050038829445838894 0.08531315624713898 0.19448867440223688
v 0.04960007965564724 0.08540608733892441 0.1860100924968719
v 0.04678317904472348 0.09108664840459824 0.19211640954017634
v 0.04960007965564724 0.08540608733892441 0.1860100924968719
v 0.046495143324136706 0.09054920822381973 0.1833109706640243
v 0.046495143324136706 0.09054920822381973 0.1833109706640243
v 0.04960007965564724 0.08540608733892441 0.1860100924968719
v 0.04926579445600506 0.08475372195243835 0.17753943800926203
v 0.046495143324136706 0.09054920822381973 0.1833109706640243
v 0.04926579445600506 0.08475372195243835 0.17753943800926203
v 0.04618613794445989 0.08759161829948425 0.1659021526575088
v 0.04618613794445989 0.08759161829948425 0.1659021526575088
v 0.04926579445600506 0.08475372195243835 0.17753943800926203
v 0.05125629901885983 0.07552315294742584 0.15545050799846644
v 0.04618613794445989 0.08759161829948425 0.1659021526575088
v 0.05125629901885983 0.07552315294742584 0.15545050799846644
v 0.04623062908649442 0.08277866989374161 0.14889866113662714
v 0.04623062908649442 0.08277866989374161 0.14889866113662714
v 0.05125629901885983 0.07552315294742584 0.15545050799846644
v 0.05143387615680691 0.07066303491592407 0.13984943926334376
v 0.04623062908649442 0.08277866989374161 0.14889866113662714
v 0.05143387615680691 0.07066303491592407 0.13984943926334376
v 0.046604357659816714 0.07670728862285614 0.13231186568737024
v 0.046604357659816714 0.07670728862285614 0.13231186568737024
v 0.05143387615680691 0.07066303491592407 0.13984943926334376
v 0.05206643790006634 0.06468046456575394 0.12466526031494136
v 0.047476824373006786 0.0005000000237487257 0.2648921310901641
v 0.04913755133748051 0.0005000000237487257 0.26329487562179554
v 0.047454714775085415 0.01688683032989502 0.26460227370262135
v 0.047454714775085415 0.01688683032989502 0.26460227370262135
v 0.04913755133748051 0.0005000000237487257 0.26329487562179554
v 0.05261140316724774 0.01620427519083023 0.25861600041389454
v 0.047454714775085415 0.01688683032989502 0.26460227370262135
v 0.05261140316724774 0.01620427519083023 0.25861600041389454
v 0.04717237129807469 0.035011786967515945 0.2629847824573516
v 0.04717237129807469 0.035011786967515945 0.2629847824573516
v 0.05261140316724774 0.01620427519083023 0.25861600041389454
v 0.05211676284670826 0.033647485077381134 0.25672143697738636
v 0.04717237129807469 0.035011786967515945 0.2629847824573516
v 0.05211676284670826 0.033647485077381134 0.25672143697738636
v 0.046959020197391475 0.04395422339439392 0.2614031434059142
v 0.046959020197391475 0.04395422339439392 0.2614031434059142
v 0.05211676284670826 0.033647485077381134 0.25672143697738636
v 0.051756527274846996 0.0422108918428421 0.2549714148044585
v 0.046959020197391475 0.04395422339439392 0.2614031434059142
v 0.051756527274846996 0.0422108918428421 0.2549714148044585
v 0.04670000821352002 0.0527297742664814 0.25912317633628834
v 0.04670000821352002 0.0527297742664814 0.25912317633628834
v 0.051756527274846996 0.0422108918428421 0.2549714148044585
v 0.05133114382624623 0.05057407170534134 0.25252121686935414
v 0.04670000821352002 0.0527297742664814 0.25912317633628834
v 0.05133114382624623 0.05057407170534134 0.25252121686935414
v 0.046398166567087146 0.06122486665844917 0.25599193572998036
v 0.046398166567087146 0.06122486665844917 0.25599193572998036
v 0.05133114382624623 0.05057407170534134 0.25252121686935414
v 0.05085000768303868 0.058621473610401154 0.24923717975616447
v 0.046398166567087146 0.06122486665844917 0.25599193572998036
v 0.05085000768303868 0.058621473610401154 0.24923717975616447
v 0.04605799913406369 0.06926959753036499 0.25185853242874134
v 0.04605799913406369 0.06926959753036499 0.25185853242874134
v 0.05085000768303868 0.058621473610401154 0.24923717975616447
v 0.050324767827987636 0.06618840992450714 0.24499253928661338
v 0.04605799913406369 0.06926959753036499 0.25185853242874134
v 0.050324767827987636 0.06618840992450714 0.24499253928661338
v 0.04568663239479062 0.07663173228502274 0.2466096878051757
v 0.04568663239479062 0.07663173228502274 0.2466096878051757
v 0.050324767827987636 0.06618840992450714 0.24499253928661338
v 0.049769565463066066 0.07305873185396194 0.23969928920269004
v 0.04568663239479062 0.07663173228502274 0.2466096878051757
v 0.049769565463066066 0.07305873185396194 0.23969928920269004
v 0.0452947951853275 0.08304064720869064 0.24022339284420005
v 0.0452947951853275 0.08304064720869064 0.24022339284420005
v 0.049769565463066066 0.07305873185396194 0.23969928920269004
v 0.04920100793242451 0.07898963242769241 0.23335446417331687
v 0.0452947951853275 0.08304064720869064 0.24022339284420005
v 0.04920100793242451 0.07898963242769241 0.23335446417331687
v 0.0448968596756458 0.08825621008872986 0.23281435668468467
v 0.0448968596756458 0.08825621008872986 0.23281435668468467
v 0.04920100793242451 0.07898963242769241 0.23335446417331687
v 0.04863733798265454 0.0837729275226593 0.2260762155055999
v 0.0448968596756458 0.08825621008872986 0.23281435668468467
v 0.04863733798265454 0.0837729275226593 0.2260762155055999
v 0.04450891911983487 0.09215293079614639 0.22461555898189536
v 0.04450891911983487 0.09215293079614639 0.22461555898189536
v 0.04863733798265454 0.0837729275226593 0.2260762155055999
v 0.04809676483273503 0.08730685710906982 0.21808393299579612
v 0.04450891911983487 0.09215293079614639 0.22461555898189536
v 0.04809676483273503 0.08730685710906982 0.21808393299579612
v 0.0441465154290199 0.09474925696849823 0.21589937806129447
v 0.0441465154290199 0.09474925696849823 0.21589937806129447
v 0.04809676483273503 0.08730685710906982 0.21808393299579612
v 0.04759662598371502 0.08961859345436096 0.20962750911712638
v 0.0441465154290199 0.09474925696849823 0.21589937806129447
v 0.04759662598371502 0.08961859345436096 0.20962750911712638
v 0.043823625892400714 0.09616811573505402 0.20690147578716273
v 0.043823625892400714 0.09616811573505402 0.20690147578716273
v 0.04759662598371502 0.08961859345436096 0.20962750911712638
v 0.047153845429420436 0.09082700312137604 0.20092087984085077
v 0.043823625892400714 0.09616811573505402 0.20690147578716273
v 0.047153845429420436 0.09082700312137604 0.20092087984085077
v 0.0435514152050018 0.09657446295022964 0.1977900862693786
v 0.0435514152050018 0.09657446295022964 0.1977900862693786
v 0.047153845429420436 0.09082700312137604 0.20092087984085077
v 0.04678317904472348 0.09108664840459824 0.19211640954017634
v 0.0435514152050018 0.09657446295022964 0.1977900862693786
v 0.04678317904472348 0.09108664840459824 0.19211640954017634
v 0.04333746805787084 0.09613164514303207 0.18867179751396174
v 0.04333746805787084 0.09613164514303207 0.18867179751396174
v 0.04678317904472348 0.09108664840459824 0.19211640954017634
v 0.046495143324136706 0.09054920822381973 0.1833109706640243
v 0.04333746805787084 0.09613164514303207 0.18867179751396174
v 0.046495143324136706 0.09054920822381973 0.1833109706640243
v 0.03999075666069982 0.09999868273735046 0.1837166547775268
v 0.03999075666069982 0.09999868273735046 0.1837166547775268
v 0.046495143324136706 0.09054920822381973 0.1833109706640243
v 0.03995703160762784 0.09924472868442535 0.17886792123317713
v 0.05751090124249454 0.06123911961913109 0.18023647367954249
v 0.05686137825250622 0.06663379818201065 0.1881964653730392
v 0.058419223874807316 0.0597415566444397 0.1870615035295486
v 0.058419223874807316 0.0597415566444397 0.1870615035295486
v 0.05686137825250622 0.06663379818201065 0.1881964653730392
v 0.057747378945350605 0.06470450013875961 0.19526807963848108
v 0.058419223874807316 0.0597415566444397 0.1870615035295486
v 0.057747378945350605 0.06470450013875961 0.19526807963848108
v 0.05945488065481182 0.057312123477458954 0.19357557594776148
v 0.05945488065481182 0.057312123477458954 0.19357557594776148
v 0.057747378945350605 0.06470450013875961 0.19526807963848108
v 0.05873562768101688 0.06178383156657219 0.2019458264112472
v 0.05945488065481182 0.057312123477458954 0.19357557594776148
v 0.05873562768101688 0.06178383156657219 0.2019458264112472
v 0.060583624988794285 0.05393398553133011 0.19961863756179804
v 0.060583624988794285 0.05393398553133011 0.19961863756179804
v 0.05873562768101688 0.06178383156657219 0.2019458264112472
v 0.059795811772346455 0.057878654450178146 0.20805895328521723
v 0.060583624988794285 0.05393398553133011 0.19961863756179804
v 0.059795811772346455 0.057878654450178146 0.20805895328521723
v 0.06175839900970455 0.0496600866317749 0.20504659414291376
v 0.06175839900970455 0.0496600866317749 0.20504659414291376
v 0.059795811772346455 0.057878654450178146 0.20805895328521723
v 0.06088789924979206 0.053072378039360046 0.21346972882747642
v 0.06175839900970455 0.0496600866317749 0.20504659414291376
v 0.06088789924979206 0.053072378039360046 0.21346972882747642
v 0.06292532384395595 0.04460201412439346 0.2097589969635009
v 0.06292532384395595 0.04460201412439346 0.2097589969635009
v 0.06088789924979206 0.053072378039360046 0.21346972882747642
v 0.06196651235222812 0.04750177636742592 0.21809943020343772
v 0.06292532384395595 0.04460201412439346 0.2097589969635009
v 0.06196651235222812 0.04750177636742592 0.21809943020343772
v 0.06403229385614391 0.03890503570437431 0.21371208131313316
v 0.06403229385614391 0.03890503570437431 0.21371208131313316
v 0.06196651235222812 0.04750177636742592 0.21809943020343772
v 0.06298752874135967 0.04132502153515816 0.2219313979148864
v 0.06403229385614391 0.03890503570437431 0.21371208131313316
v 0.06298752874135967 0.04132502153515816 0.2219313979148864
v 0.06503500044345852 0.03271694853901863 0.21690936386585227
v 0.06503500044345852 0.03271694853901863 0.21690936386585227
v 0.06298752874135967 0.04132502153515816 0.2219313979148864
v 0.06391274929046627 0.03469206392765045 0.22499416768550864
v 0.06503500044345852 0.03271694853901863 0.21690936386585227
v 0.06391274929046627 0.03469206392765045 0.22499416768550864
v 0.06589950621128078 0.02617056295275688 0.21938814222812644
v 0.06589950621128078 0.02617056295275688 0.21938814222812644
v 0.06391274929046627 0.03469206392765045 0.22499416768550864
v 0.06471206992864605 0.02773127518594265 0.22734428942203513
v 0.06589950621128078 0.02617056295275688 0.21938814222812644
v 0.06471206992864605 0.02773127518594265 0.22734428942203513
v 0.0666011199355125 0.019376734271645546 0.22120657563209525
v 0.0666011199355125 0.019376734271645546 0.22120657563209525
v 0.06471206992864605 0.02773127518594265 0.22734428942203513
v 0.0653624907135963 0.020546259358525276 0.22905339300632468
v 0.0666011199355125 0.019376734271645546 0.22120657563209525
v 0.0653624907135963 0.020546259358525276 0.22905339300632468
v 0.0671208947896957 0.012421904131770134 0.22242397069931022
v 0.06403385102748867 0.0005000000237487257 0.23853884637355796
v 0.06438209116458889 0.0005000000237487257 0.23765465617179862
v 0.06373240053653713 0.013997092843055725 0.23778510093688957
v 0.06373240053653713 0.013997092843055725 0.23778510093688957
v 0.06438209116458889 0.0005000000237487257 0.23765465617179862
v 0.0658454522490501 0.013216129504144192 0.23019133508205405
v 0.06373240053653713 0.013997092843055725 0.23778510093688957
v 0.0658454522490501 0.013216129504144192 0.23019133508205405
v 0.06272164732217785 0.029270075261592865 0.23514437675476066
v 0.05754802748560901 0.05581364035606384 0.1722037643194198
v 0.05747173726558681 0.05587221682071686 0.1715798377990722
v 0.05751090124249454 0.06123911961913109 0.18023647367954249
v 0.05751090124249454 0.06123911961913109 0.18023647367954249
v 0.05747173726558681 0.05587221682071686 0.1715798377990722
v 0.056098554283380474 0.06763576716184616 0.18089580535888666
v 0.05751090124249454 0.06123911961913109 0.18023647367954249
v 0.056098554283380474 0.06763576716184616 0.18089580535888666
v 0.05686137825250622 0.06663379818201065 0.1881964653730392
v 0.05686137825250622 0.06663379818201065 0.1881964653730392
v 0.056098554283380474 0.06763576716184616 0.18089580535888666
v 0.05558730289340016 0.07196914404630661 0.19603553414344782
v 0.05686137825250622 0.06663379818201065 0.1881964653730392
v 0.05558730289340016 0.07196914404630661 0.19603553414344782
v 0.057747378945350605 0.06470450013875961 0.19526807963848108
v 0.057747378945350605 0.06470450013875961 0.19526807963848108
v 0.05558730289340016 0.07196914404630661 0.19603553414344782
v 0.056425213813781704 0.06961779296398163 0.20334942638874048
v 0.057747378945350605 0.06470450013875961 0.19526807963848108
v 0.056425213813781704 0.06961779296398163 0.20334942638874048
v 0.05873562768101688 0.06178383156657219 0.2019458264112472
v 0.05873562768101688 0.06178383156657219 0.2019458264112472
v 0.056425213813781704 0.06961779296398163 0.20334942638874048
v 0.057342074811458546 0.06621356308460236 0.21018758416175834
v 0.05873562768101688 0.06178383156657219 0.2019458264112472
v 0.057342074811458546 0.06621356308460236 0.21018758416175834
v 0.059795811772346455 0.057878654450178146 0.20805895328521723
v 0.059795811772346455 0.057878654450178146 0.20805895328521723
v 0.057342074811458546 0.06621356308460236 0.21018758416175834
v 0.05831114202737804 0.06178703159093857 0.21636791527271262
v 0.059795811772346455 0.057878654450178146 0.20805895328521723
v 0.05831114202737804 0.06178703159093857 0.21636791527271262
v 0.06088789924979206 0.053072378039360046 0.21346972882747642
v 0.06088789924979206 0.053072378039360046 0.21346972882747642
v 0.05831114202737804 0.06178703159093857 0.21636791527271262
v 0.05929877981543537 0.05645236372947693 0.22175848484039298
v 0.06088789924979206 0.053072378039360046 0.21346972882747642
v 0.05929877981543537 0.05645236372947693 0.22175848484039298
v 0.06196651235222812 0.04750177636742592 0.21809943020343772
v 0.06196651235222812 0.04750177636742592 0.21809943020343772
v 0.05929877981543537 0.05645236372947693 0.22175848484039298
v 0.06026758626103397 0.05037204921245575 0.22630178928375236
v 0.06196651235222812 0.04750177636742592 0.21809943020343772
v 0.06026758626103397 0.05037204921245575 0.22630178928375236
v 0.06298752874135967 0.04132502153515816 0.2219313979148864
v 0.06298752874135967 0.04132502153515816 0.2219313979148864
v 0.06026758626103397 0.05037204921245575 0.22630178928375236
v 0.06118122488260265 0.043717797845602036 0.2300078868865966
v 0.06298752874135967 0.04132502153515816 0.2219313979148864
v 0.06118122488260265 0.043717797845602036 0.2300078868865966
v 0.06391274929046627 0.03469206392765045 0.22499416768550864
v 0.06391274929046627 0.03469206392765045 0.22499416768550864
v 0.06118122488260265 0.043717797845602036 0.2300078868865966
v 0.06200783327221866 0.03664233162999153 0.23293012380599967
v 0.06391274929046627 0.03469206392765045 0.22499416768550864
v 0.06200783327221866 0.03664233162999153 0.23293012380599967
v 0.06471206992864605 0.02773127518594265 0.22734428942203513
v 0.06471206992864605 0.02773127518594265 0.22734428942203513
v 0.06200783327221866 0.03664233162999153 0.23293012380599967
v 0.06272164732217785 0.029270075261592865 0.23514437675476066
v 0.06471206992864605 0.02773127518594265 0.22734428942203513
v 0.06272164732217785 0.029270075261592865 0.23514437675476066
v 0.0653624907135963 0.020546259358525276 0.22905339300632468
v 0.0653624907135963 0.020546259358525276 0.22905339300632468
v 0.06272164732217785 0.029270075261592865 0.23514437675476066
v 0.0658454522490501 0.013216129504144192 0.23019133508205405
v 0.0653624907135963 0.020546259358525276 0.22905339300632468
v 0.0658454522490501 0.013216129504144192 0.23019133508205405
v 0.0671208947896957 0.012421904131770134 0.22242397069931022
v 0.0671208947896957 0.012421904131770134 0.22242397069931022
v 0.0658454522490501 0.013216129504144192 0.23019133508205405
v 0.06637330353260036 0.0005000000237487257 0.23040837049484245
v 0.0671208947896957 0.012421904131770134 0.22242397069931022
v 0.06637330353260036 0.0005000000237487257 0.23040837049484245
v 0.06752958148717876 0.0005000000237487257 0.22328932583332053
v 0.057390417903661686 0.037615176290273666 0.1085635274648666
v 0.057804197072982746 0.03539410978555679 0.1043780073523521
v 0.05701578781008717 0.04491303116083145 0.10333006829023358
v 0.05701578781008717 0.04491303116083145 0.10333006829023358
v 0.057804197072982746 0.03539410978555679 0.1043780073523521
v 0.058150239288806874 0.038058627396821976 0.10008581727743146
v 0.05701578781008717 0.04491303116083145 0.10333006829023358
v 0.058150239288806874 0.038058627396821976 0.10008581727743146
v 0.06066387519240375 0.0311447624117136 0.07725579291582105
v 0.06066387519240375 0.0311447624117136 0.07725579291582105
v 0.058150239288806874 0.038058627396821976 0.10008581727743146
v 0.061843641102313954 0.024319346994161606 0.07560826838016507
v 0.06066387519240375 0.0311447624117136 0.07725579291582105
v 0.061843641102313954 0.024319346994161606 0.07560826838016507
v 0.06275292485952373 0.024750927463173866 0.0640977621078491
v 0.06275292485952373 0.024750927463173866 0.0640977621078491
v 0.061843641102313954 0.024319346994161606 0.07560826838016507
v 0.06393992155790325 0.017813323065638542 0.06326419860124585
v 0.06275292485952373 0.024750927463173866 0.0640977621078491
v 0.06393992155790325 0.017813323065638542 0.06326419860124585
v 0.06465722620487209 0.01940508931875229 0.05049999803304671
v 0.06465722620487209 0.01940508931875229 0.05049999803304671
v 0.06393992155790325 0.017813323065638542 0.06326419860124585
v 0.06484334915876384 0.01875731721520424 0.05049999803304671
v 0.06003756821155544 0.03229891508817673 0.05049999058246611
v 0.05959634110331531 0.03308520093560219 0.05049999058246611
v 0.060762785375118214 0.03148915618658066 0.06494094431400296
v 0.060762785375118214 0.03148915618658066 0.06494094431400296
v 0.05959634110331531 0.03308520093560219 0.05049999058246611
v 0.058015450835227925 0.03793630748987198 0.0657863691449165
v 0.060762785375118214 0.03148915618658066 0.06494094431400296
v 0.058015450835227925 0.03793630748987198 0.0657863691449165
v 0.05877716466784473 0.03777582570910454 0.07892263680696485
v 0.05877716466784473 0.03777582570910454 0.07892263680696485
v 0.058015450835227925 0.03793630748987198 0.0657863691449165
v 0.05621906742453572 0.04412689805030823 0.08059428632259366
v 0.05877716466784473 0.03777582570910454 0.07892263680696485
v 0.05621906742453572 0.04412689805030823 0.08059428632259366
v 0.05532959476113316 0.05158243328332901 0.10658533871173854
v 0.05532959476113316 0.05158243328332901 0.10658533871173854
v 0.05621906742453572 0.04412689805030823 0.08059428632259366
v 0.053110320121049846 0.0579933226108551 0.10982335358858104
v 0.05532959476113316 0.05158243328332901 0.10658533871173854
v 0.053110320121049846 0.0579933226108551 0.10982335358858104
v 0.05206643790006634 0.06468046456575394 0.12466526031494136
v 0.05206643790006634 0.06468046456575394 0.12466526031494136
v 0.053110320121049846 0.0579933226108551 0.10982335358858104
v 0.04728029295802113 0.06986313313245773 0.11605399101972576
v 0.05206643790006634 0.06468046456575394 0.12466526031494136
v 0.04728029295802113 0.06986313313245773 0.11605399101972576
v 0.046604357659816714 0.07670728862285614 0.13231186568737024
v 0.046604357659816714 0.07670728862285614 0.13231186568737024
v 0.04728029295802113 0.06986313313245773 0.11605399101972576
v 0.040374290198087665 0.08008484542369843 0.12143462151288982
v 0.046604357659816714 0.07670728862285614 0.13231186568737024
v 0.040374290198087665 0.08008484542369843 0.12143462151288982
v 0.040277283638715716 0.0821865126490593 0.1264232993125915
v 0.06103062629699703 0.0005000000237487257 0.24577933549880973
v 0.061641056090593296 0.0005000000237487257 0.24461436271667472
v 0.060800399631261784 0.014758149161934853 0.24511548876762382
v 0.060800399631261784 0.014758149161934853 0.24511548876762382
v 0.061641056090593296 0.0005000000237487257 0.24461436271667472
v 0.06373240053653713 0.013997092843055725 0.23778510093688957
v 0.060800399631261784 0.014758149161934853 0.24511548876762382
v 0.06373240053653713 0.013997092843055725 0.23778510093688957
v 0.059940405189990956 0.030774230137467384 0.2427031993865966
v 0.059940405189990956 0.030774230137467384 0.2427031993865966
v 0.06373240053653713 0.013997092843055725 0.23778510093688957
v 0.06272164732217785 0.029270075261592865 0.23514437675476066
v 0.059940405189990956 0.030774230137467384 0.2427031993865966
v 0.06272164732217785 0.029270075261592865 0.23514437675476066
v 0.059329643845558125 0.03855197876691818 0.24063445627689353
v 0.059329643845558125 0.03855197876691818 0.24063445627689353
v 0.06272164732217785 0.029270075261592865 0.23514437675476066
v 0.06200783327221866 0.03664233162999153 0.23293012380599967
v 0.059329643845558125 0.03855197876691818 0.24063445627689353
v 0.06200783327221866 0.03664233162999153 0.23293012380599967
v 0.05862035602331157 0.046064551919698715 0.23786115646362296
v 0.05862035602331157 0.046064551919698715 0.23786115646362296
v 0.06200783327221866 0.03664233162999153 0.23293012380599967
v 0.06118122488260265 0.043717797845602036 0.2300078868865966
v 0.05862035602331157 0.046064551919698715 0.23786115646362296
v 0.06118122488260265 0.043717797845602036 0.2300078868865966
v 0.05783339962363239 0.05319096893072128 0.23428818583488456
v 0.05783339962363239 0.05319096893072128 0.23428818583488456
v 0.06118122488260265 0.043717797845602036 0.2300078868865966
v 0.06026758626103397 0.05037204921245575 0.22630178928375236
v 0.05783339962363239 0.05319096893072128 0.23428818583488456
v 0.06026758626103397 0.05037204921245575 0.22630178928375236
v 0.05699410662055012 0.05977514013648033 0.22983750700950614
v 0.05699410662055012 0.05977514013648033 0.22983750700950614
v 0.06026758626103397 0.05037204921245575 0.22630178928375236
v 0.05929877981543537 0.05645236372947693 0.22175848484039298
v 0.05699410662055012 0.05977514013648033 0.22983750700950614
v 0.05929877981543537 0.05645236372947693 0.22175848484039298
v 0.056131221354007686 0.06563116610050201 0.22447271645069114
v 0.056131221354007686 0.06563116610050201 0.22447271645069114
v 0.05929877981543537 0.05645236372947693 0.22175848484039298
v 0.05831114202737804 0.06178703159093857 0.21636791527271262
v 0.056131221354007686 0.06563116610050201 0.22447271645069114
v 0.05831114202737804 0.06178703159093857 0.21636791527271262
v 0.05527468770742413 0.07057032734155655 0.21823066473007194
v 0.05527468770742413 0.07057032734155655 0.21823066473007194
v 0.05831114202737804 0.06178703159093857 0.21636791527271262
v 0.057342074811458546 0.06621356308460236 0.21018758416175834
v 0.05527468770742413 0.07057032734155655 0.21823066473007194
v 0.057342074811458546 0.06621356308460236 0.21018758416175834
v 0.05445238575339314 0.074447400867939 0.21123807132244102
v 0.05445238575339314 0.074447400867939 0.21123807132244102
v 0.057342074811458546 0.06621356308460236 0.21018758416175834
v 0.056425213813781704 0.06961779296398163 0.20334942638874048
v 0.05445238575339314 0.074447400867939 0.21123807132244102
v 0.056425213813781704 0.06961779296398163 0.20334942638874048
v 0.0536878444254398 0.07720809429883957 0.20368890464305872
v 0.0536878444254398 0.07720809429883957 0.20368890464305872
v 0.056425213813781704 0.06961779296398163 0.20334942638874048
v 0.05558730289340016 0.07196914404630661 0.19603553414344782
v 0.0536878444254398 0.07720809429883957 0.20368890464305872
v 0.05558730289340016 0.07196914404630661 0.19603553414344782
v 0.05300090461969372 0.078897625207901 0.1957895159721374
v 0.05300090461969372 0.078897625207901 0.1957895159721374
v 0.05558730289340016 0.07196914404630661 0.19603553414344782
v 0.056098554283380474 0.06763576716184616 0.18089580535888666
v 0.05300090461969372 0.078897625207901 0.1957895159721374
v 0.056098554283380474 0.06763576716184616 0.18089580535888666
v 0.05241032689809796 0.0796278640627861 0.1877115368843078
v 0.05241032689809796 0.0796278640627861 0.1877115368843078
v 0.056098554283380474 0.06763576716184616 0.18089580535888666
v 0.05547403916716572 0.067816823720932 0.17349684238433832
v 0.05241032689809796 0.0796278640627861 0.1877115368843078
v 0.05547403916716572 0.067816823720932 0.17349684238433832
v 0.05193233862519261 0.0795341432094574 0.179575964808464
v 0.05193233862519261 0.0795341432094574 0.179575964808464
v 0.05547403916716572 0.067816823720932 0.17349684238433832
v 0.05499794706702229 0.06729510426521301 0.1660898476839065
v 0.05193233862519261 0.0795341432094574 0.179575964808464
v 0.05499794706702229 0.06729510426521301 0.1660898476839065
v 0.0515780076384544 0.07874665409326553 0.17145976424217219
v 0.0515780076384544 0.07874665409326553 0.17145976424217219
v 0.05499794706702229 0.06729510426521301 0.1660898476839065
v 0.054674785584211315 0.06618179380893707 0.1587312370538711
v 0.0515780076384544 0.07874665409326553 0.17145976424217219
v 0.054674785584211315 0.06618179380893707 0.1587312370538711
v 0.05125629901885983 0.07552315294742584 0.15545050799846644
v 0.05125629901885983 0.07552315294742584 0.15545050799846644
v 0.054674785584211315 0.06618179380893707 0.1587312370538711
v 0.05448159575462338 0.06254714727401733 0.14427717030048365
v 0.05125629901885983 0.07552315294742584 0.15545050799846644
v 0.05448159575462338 0.06254714727401733 0.14427717030048365
v 0.05143387615680691 0.07066303491592407 0.13984943926334376
v 0.05143387615680691 0.07066303491592407 0.13984943926334376
v 0.05448159575462338 0.06254714727401733 0.14427717030048365
v 0.05485007166862484 0.057514626532793045 0.13024346530437464
v 0.05143387615680691 0.07066303491592407 0.13984943926334376
v 0.05485007166862484 0.057514626532793045 0.13024346530437464
v 0.05206643790006634 0.06468046456575394 0.12466526031494136
v 0.05206643790006634 0.06468046456575394 0.12466526031494136
v 0.05485007166862484 0.057514626532793045 0.13024346530437464
v 0.05571496114134785 0.05152076110243797 0.11661902070045467
v 0.05206643790006634 0.06468046456575394 0.12466526031494136
v 0.05571496114134785 0.05152076110243797 0.11661902070045467
v 0.05532959476113316 0.05158243328332901 0.10658533871173854
v 0.05532959476113316 0.05158243328332901 0.10658533871173854
v 0.05571496114134785 0.05152076110243797 0.11661902070045467
v 0.05701578781008717 0.04491303116083145 0.10333006829023358
v 0.05532959476113316 0.05158243328332901 0.10658533871173854
v 0.05701578781008717 0.04491303116083145 0.10333006829023358
v 0.05877716466784473 0.03777582570910454 0.07892263680696485
v 0.05877716466784473 0.03777582570910454 0.07892263680696485
v 0.05701578781008717 0.04491303116083145 0.10333006829023358
v 0.06066387519240375 0.0311447624117136 0.07725579291582105
v 0.05877716466784473 0.03777582570910454 0.07892263680696485
v 0.06066387519240375 0.0311447624117136 0.07725579291582105
v 0.060762785375118214 0.03148915618658066 0.06494094431400296
v 0.060762785375118214 0.03148915618658066 0.06494094431400296
v 0.06066387519240375 0.0311447624117136 0.07725579291582105
v 0.06275292485952373 0.024750927463173866 0.0640977621078491
v 0.060762785375118214 0.03148915618658066 0.06494094431400296
v 0.06275292485952373 0.024750927463173866 0.0640977621078491
v 0.06253232806921001 0.02639438398182392 0.05049999430775641
v 0.06253232806921001 0.02639438398182392 0.05049999430775641
v 0.06275292485952373 0.024750927463173866 0.0640977621078491
v 0.06289689242839809 0.025531550869345665 0.05049999430775641
v 0.013132484629750243 0.0005000000237487257 0.19428440928459162
v 0.01261005923151969 0.0005000000237487257 0.19391305744647974
v 0.03513871505856512 0.0005000000237487257 0.15727236866950983
v -0.02362688630819319 0.0005000000237487257 0.22367168962955467
v -0.06422200798988338 0.0005001313402317464 0.23813000321388236
v -0.06631370633840557 0.0005002024699933827 0.2306792885065078
v 0.016244426369667043 0.0005000000237487257 0.19649645686149592
v 0.04835831001400944 0.0005000000237487257 0.1678085476160049
v 0.01940493471920489 0.0005000000237487257 0.1997371912002563
v 0.01940493471920489 0.0005000000237487257 0.1997371912002563
v 0.04835831001400944 0.0005000000237487257 0.1678085476160049
v 0.051956977695226635 0.0005000000237487257 0.1716302186250686
v 0.01940493471920489 0.0005000000237487257 0.1997371912002563
v 0.051956977695226635 0.0005000000237487257 0.1716302186250686
v 0.019901854917407022 0.0005000000237487257 0.2004671990871429
v -0.003605185775086281 0.0005000000237487257 0.19076122343540186
v -0.003020113334059713 0.0005000000237487257 0.14753136038780207
v 0.0008438819204457099 0.0005000000237487257 0.19051417708396906
v 0.0008438819204457099 0.0005000000237487257 0.19051417708396906
v -0.003020113334059713 0.0005000000237487257 0.14753136038780207
v -3.8749271295184025e-15 0.0005000000237487257 0.1474632024765014
v 0.0008438819204457099 0.0005000000237487257 0.19051417708396906
v -3.8749271295184025e-15 0.0005000000237487257 0.1474632024765014
v 0.00458931969478726 0.0005000000237487257 0.19096258282661432
v 0.00458931969478726 0.0005000000237487257 0.19096258282661432
v -3.8749271295184025e-15 0.0005000000237487257 0.1474632024765014
v 0.007364465389400715 0.0005000000237487257 0.14786610007286066
v 0.00458931969478726 0.0005000000237487257 0.19096258282661432
v 0.007364465389400715 0.0005000000237487257 0.14786610007286066
v 0.0050775813870131935 0.0005000000237487257 0.1910210251808166
v 0.03513871505856512 0.0005000000237487257 0.15727236866950983
v 0.03803144395351407 0.0005000000237487257 0.15924198925495142
v 0.013132484629750243 0.0005000000237487257 0.19428440928459162
v 0.013132484629750243 0.0005000000237487257 0.19428440928459162
v 0.03803144395351407 0.0005000000237487257 0.15924198925495142
v 0.041256438940763446 0.0005000000237487257 0.1614378541707992
v 0.013132484629750243 0.0005000000237487257 0.19428440928459162
v 0.041256438940763446 0.0005000000237487257 0.1614378541707992
v 0.016244426369667043 0.0005000000237487257 0.19649645686149592
v 0.016244426369667043 0.0005000000237487257 0.19649645686149592
v 0.041256438940763446 0.0005000000237487257 0.1614378541707992
v 0.046884857118129696 0.0005000000237487257 0.16624377667903895
v 0.016244426369667043 0.0005000000237487257 0.19649645686149592
v 0.046884857118129696 0.0005000000237487257 0.16624377667903895
v 0.04835831001400944 0.0005000000237487257 0.1678085476160049
v -0.02473193965852259 0.0005000000237487257 0.15213720500469202
v -0.019871769472956644 0.0005000000237487257 0.15053649246692652
v -0.008171693421900267 0.0005000000237487257 0.19187311828136439
v -0.008171693421900267 0.0005000000237487257 0.19187311828136439
v -0.019871769472956644 0.0005000000237487257 0.15053649246692652
v -0.017698390409350385 0.0005000000237487257 0.14982068538665766
v -0.008171693421900267 0.0005000000237487257 0.19187311828136439
v -0.017698390409350385 0.0005000000237487257 0.14982068538665766
v -0.004576210398226973 0.0005000000237487257 0.19099766016006464
v -0.004576210398226973 0.0005000000237487257 0.19099766016006464
v -0.017698390409350385 0.0005000000237487257 0.14982068538665766
v -0.013343680649995795 0.0005000000237487257 0.14889530837535853
v -0.004576210398226973 0.0005000000237487257 0.19099766016006464
v -0.013343680649995795 0.0005000000237487257 0.14889530837535853
v -0.003605185775086281 0.0005000000237487257 0.19076122343540186
v -0.003605185775086281 0.0005000000237487257 0.19076122343540186
v -0.013343680649995795 0.0005000000237487257 0.14889530837535853
v -0.010430488735437386 0.0005000000237487257 0.1482762694358825
v -0.003605185775086281 0.0005000000237487257 0.19076122343540186
v -0.010430488735437386 0.0005000000237487257 0.1482762694358825
v -0.003020113334059713 0.0005000000237487257 0.14753136038780207
v 0.02178014069795607 0.0005000000237487257 0.20322655141353602
v 0.06300262361764904 0.0005000000237487257 0.19003100693225855
v 0.023626880720257742 0.0005000000237487257 0.2073282897472381
v 0.023626880720257742 0.0005000000237487257 0.2073282897472381
v 0.06300262361764904 0.0005000000237487257 0.19003100693225855
v 0.06328842788934703 0.0005000000237487257 0.1906569749116897
v 0.023626880720257742 0.0005000000237487257 0.2073282897472381
v 0.06328842788934703 0.0005000000237487257 0.1906569749116897
v 0.02395606413483618 0.0005000000237487257 0.20868024230003349
v 0.02395606413483618 0.0005000000237487257 0.20868024230003349
v 0.06328842788934703 0.0005000000237487257 0.1906569749116897
v 0.06559918075799938 0.0005000000237487257 0.19764052331447596
v 0.02395606413483618 0.0005000000237487257 0.20868024230003349
v 0.06559918075799938 0.0005000000237487257 0.19764052331447596
v 0.024738771840929968 0.0005000000237487257 0.21189479529857627
v 0.024738771840929968 0.0005000000237487257 0.21189479529857627
v 0.06559918075799938 0.0005000000237487257 0.19764052331447596
v 0.06671125441789623 0.0005000000237487257 0.20284008979797358
v 0.051956977695226635 0.0005000000237487257 0.1716302186250686
v 0.056413318961858715 0.0005000000237487257 0.17753824591636652
v 0.019901854917407022 0.0005000000237487257 0.2004671990871429
v 0.019901854917407022 0.0005000000237487257 0.2004671990871429
v 0.056413318961858715 0.0005000000237487257 0.17753824591636652
v 0.05680400878190991 0.0005000000237487257 0.1781944334506988
v 0.019901854917407022 0.0005000000237487257 0.2004671990871429
v 0.05680400878190991 0.0005000000237487257 0.1781944334506988
v 0.02178014069795607 0.0005000000237487257 0.20322655141353602
v 0.02178014069795607 0.0005000000237487257 0.20322655141353602
v 0.05680400878190991 0.0005000000237487257 0.1781944334506988
v 0.06021079793572422 0.0005000000237487257 0.18391634523868555
v 0.02178014069795607 0.0005000000237487257 0.20322655141353602
v 0.06021079793572422 0.0005000000237487257 0.18391634523868555
v 0.06300262361764904 0.0005000000237487257 0.19003100693225855
v -0.01576281338930129 0.0005000000237487257 0.19609506428241724
v -0.019003544002771364 0.0005000000237487257 0.19925557076930994
v -0.048385720700025524 0.0005000000237487257 0.16778679192066187
v -0.02362688630819319 0.0005000000237487257 0.22367168962955467
v -0.06631370633840557 0.0005002024699933827 0.2306792885065078
v -0.024738773703575117 0.0005000000237487257 0.21910518407821647
v -0.024738773703575117 0.0005000000237487257 0.21910518407821647
v -0.06631370633840557 0.0005002024699933827 0.2306792885065078
v -0.06757233291864391 0.0005000952514819801 0.22303134202957145
v -0.024738773703575117 0.0005000000237487257 0.21910518407821647
v -0.06757233291864391 0.0005000952514819801 0.22303134202957145
v -0.024811130017042143 0.0005000000237487257 0.21780213713645927
v -0.024811130017042143 0.0005000000237487257 0.21780213713645927
v -0.06757233291864391 0.0005000952514819801 0.22303134202957145
v -0.06757584959268566 0.0005000944365747273 0.22296619415283195
v -0.024811130017042143 0.0005000000237487257 0.21780213713645927
v -0.06757584959268566 0.0005000944365747273 0.22296619415283195
v -0.024985823780298216 0.0005000000237487257 0.214656114578247
v -0.016799993813037862 0.0005000000237487257 0.23393388092517844
v -0.04750238358974453 0.00050013029249385 0.2648523747920989
v -0.04926601052284237 0.0005001831450499594 0.26315513253211964
v 0.0679799988865852 0.0004999953671358526 0.2154720574617385
v 0.024985823780298216 0.0005000000237487257 0.21634386479854575
v 0.06790650635957714 0.0005000000237487257 0.21232250332832328
v 0.06790650635957714 0.0005000000237487257 0.21232250332832328
v 0.024985823780298216 0.0005000000237487257 0.21634386479854575
v 0.024738771840929968 0.0005000000237487257 0.21189479529857627
v 0.06790650635957714 0.0005000000237487257 0.21232250332832328
v 0.024738771840929968 0.0005000000237487257 0.21189479529857627
v 0.06715105473995205 0.0005000000237487257 0.20489642024040217
v 0.06715105473995205 0.0005000000237487257 0.20489642024040217
v 0.024738771840929968 0.0005000000237487257 0.21189479529857627
v 0.06671125441789623 0.0005000000237487257 0.20284008979797358
v 0.021689357236027704 0.0005000000237487257 0.15102808177471155
v 0.026208482682704908 0.0005000000237487257 0.1528338491916656
v 0.009202367626130574 0.0005000000237487257 0.192255288362503
v 0.009202367626130574 0.0005000000237487257 0.192255288362503
v 0.026208482682704908 0.0005000000237487257 0.1528338491916656
v 0.028576510027050955 0.0005000000237487257 0.15378008782863611
v 0.009202367626130574 0.0005000000237487257 0.192255288362503
v 0.028576510027050955 0.0005000000237487257 0.15378008782863611
v 0.01261005923151969 0.0005000000237487257 0.19391305744647974
v 0.01261005923151969 0.0005000000237487257 0.19391305744647974
v 0.028576510027050955 0.0005000000237487257 0.15378008782863611
v 0.032279007136821726 0.0005000000237487257 0.15575048327445978
v 0.01261005923151969 0.0005000000237487257 0.19391305744647974
v 0.032279007136821726 0.0005000000237487257 0.15575048327445978
v 0.03513871505856512 0.0005000000237487257 0.15727236866950983
v 0.007364465389400715 0.0005000000237487257 0.14786610007286066
v 0.013355587609112254 0.0005000000237487257 0.14885172247886652
v 0.0050775813870131935 0.0005000000237487257 0.1910210251808166
v 0.0050775813870131935 0.0005000000237487257 0.1910210251808166
v 0.013355587609112254 0.0005000000237487257 0.14885172247886652
v 0.014607728458940972 0.0005000000237487257 0.14905771613121027
v 0.0050775813870131935 0.0005000000237487257 0.1910210251808166
v 0.014607728458940972 0.0005000000237487257 0.14905771613121027
v 0.009202367626130574 0.0005000000237487257 0.192255288362503
v 0.009202367626130574 0.0005000000237487257 0.192255288362503
v 0.014607728458940972 0.0005000000237487257 0.14905771613121027
v 0.01987938582897185 0.0005000000237487257 0.15052448213100428
v 0.009202367626130574 0.0005000000237487257 0.192255288362503
v 0.01987938582897185 0.0005000000237487257 0.15052448213100428
v 0.021689357236027704 0.0005000000237487257 0.15102808177471155
v -0.048385720700025524 0.0005000000237487257 0.16778679192066187
v -0.0437577851116657 0.0005000000237487257 0.16344319283962244
v -0.01576281338930129 0.0005000000237487257 0.19609506428241724
v -0.01576281338930129 0.0005000000237487257 0.19609506428241724
v -0.0437577851116657 0.0005000000237487257 0.16344319283962244
v -0.03807881474494931 0.0005000000237487257 0.15917116403579706
v -0.01576281338930129 0.0005000000237487257 0.19609506428241724
v -0.03807881474494931 0.0005000000237487257 0.15917116403579706
v -0.013123912736773482 0.0005000000237487257 0.1942987740039825
v -0.013123912736773482 0.0005000000237487257 0.1942987740039825
v -0.03807881474494931 0.0005000000237487257 0.15917116403579706
v -0.037848308682441684 0.0005000000237487257 0.15899777412414545
v -0.013123912736773482 0.0005000000237487257 0.1942987740039825
v -0.037848308682441684 0.0005000000237487257 0.15899777412414545
v -0.012273440137505523 0.0005000000237487257 0.1937198489904403
v -0.06422200798988338 0.0005001313402317464 0.23813000321388236
v -0.02362688630819319 0.0005000000237487257 0.22367168962955467
v -0.06414112448692318 0.0005001276731491089 0.23833009600639335
v -0.06414112448692318 0.0005001276731491089 0.23833009600639335
v -0.02362688630819319 0.0005000000237487257 0.22367168962955467
v -0.02230410091578959 0.0005000000237487257 0.22660970687866203
v -0.06414112448692318 0.0005001276731491089 0.23833009600639335
v -0.02230410091578959 0.0005000000237487257 0.22660970687866203
v -0.06132701411843296 0.0005000005476176739 0.24529196321964256
v -0.06132701411843296 0.0005000005476176739 0.24529196321964256
v -0.02230410091578959 0.0005000000237487257 0.22660970687866203
v -0.06114798784255977 0.0005000074743293226 0.2456299811601638
v -0.06114798784255977 0.0005000074743293226 0.2456299811601638
v -0.02230410091578959 0.0005000000237487257 0.22660970687866203
v -0.021780148148536668 0.0005000000237487257 0.22777344286441795
v -0.06114798784255977 0.0005000074743293226 0.2456299811601638
v -0.021780148148536668 0.0005000000237487257 0.22777344286441795
v -0.05819827690720554 0.0005001225508749485 0.25119921565055836
v -0.016799993813037862 0.0005000000237487257 0.23393388092517844
v -0.04926601052284237 0.0005001831450499594 0.26315513253211964
v -0.01940493471920489 0.0005000000237487257 0.23126281797885886
v -0.037848308682441684 0.0005000000237487257 0.15899777412414545
v -0.03230166807770727 0.0005000000237487257 0.15570315718650812
v -0.012273440137505523 0.0005000000237487257 0.1937198489904403
v -0.012273440137505523 0.0005000000237487257 0.1937198489904403
v -0.03230166807770727 0.0005000000237487257 0.15570315718650812
v -0.03144410252571104 0.0005000000237487257 0.15519377589225763
v -0.012273440137505523 0.0005000000237487257 0.1937198489904403
v -0.03144410252571104 0.0005000000237487257 0.15519377589225763
v -0.008171693421900267 0.0005000000237487257 0.19187311828136439
v -0.008171693421900267 0.0005000000237487257 0.19187311828136439
v -0.03144410252571104 0.0005000000237487257 0.15519377589225763
v -0.026213718578219396 0.0005000000237487257 0.15281197428703303
v -0.008171693421900267 0.0005000000237487257 0.19187311828136439
v -0.026213718578219396 0.0005000000237487257 0.15281197428703303
v -0.02473193965852259 0.0005000000237487257 0.15213720500469202
v -0.06757584959268566 0.0005000944365747273 0.22296619415283195
v -0.06798005104064937 0.0005000006058253348 0.2154710888862609
v -0.024985823780298216 0.0005000000237487257 0.214656114578247
v -0.024985823780298216 0.0005000000237487257 0.214656114578247
v -0.06798005104064937 0.0005000006058253348 0.2154710888862609
v -0.06757707893848415 0.0005000000237487257 0.2080810368061065
v -0.024985823780298216 0.0005000000237487257 0.214656114578247
v -0.06757707893848415 0.0005000000237487257 0.2080810368061065
v -0.024478968232870085 0.0005000000237487257 0.21042241156101218
v -0.04926601052284237 0.0005001831450499594 0.26315513253211964
v -0.05276923626661297 0.0005002437974326313 0.2589767277240752
v -0.01940493471920489 0.0005000000237487257 0.23126281797885886
v -0.01940493471920489 0.0005000000237487257 0.23126281797885886
v -0.05276923626661297 0.0005002437974326313 0.2589767277240752
v -0.053826395422220195 0.0005002620746381581 0.2577158212661742
v -0.01940493471920489 0.0005000000237487257 0.23126281797885886
v -0.053826395422220195 0.0005002620746381581 0.2577158212661742
v -0.021780148148536668 0.0005000000237487257 0.22777344286441795
v -0.021780148148536668 0.0005000000237487257 0.22777344286441795
v -0.053826395422220195 0.0005002620746381581 0.2577158212661742
v -0.05731036141514774 0.0005001508980058134 0.2525227069854735
v -0.021780148148536668 0.0005000000237487257 0.22777344286441795
v -0.05731036141514774 0.0005001508980058134 0.2525227069854735
v -0.05819827690720554 0.0005001225508749485 0.25119921565055836
v -0.04750238358974453 0.00050013029249385 0.2648523747920989
v -0.016799993813037862 0.0005000000237487257 0.23393388092517844
v -0.043609321117401095 0.0005000135279260576 0.26859888434410084
v -0.043609321117401095 0.0005000135279260576 0.26859888434410084
v -0.016799993813037862 0.0005000000237487257 0.23393388092517844
v -0.016244426369667043 0.0005000000237487257 0.23450353741645805
v -0.043609321117401095 0.0005000135279260576 0.26859888434410084
v -0.016244426369667043 0.0005000000237487257 0.23450353741645805
v -0.041999932378530475 0.0004999998491257429 0.2699410021305083
v 0.021681120619177804 0.0005000000237487257 0.28014931082725514
v 0.014301488175988189 0.0005000000237487257 0.282062530517578
v 0.008569462224841113 0.0005000000237487257 0.23898546397685996
v 0.008569462224841113 0.0005000000237487257 0.23898546397685996
v 0.014301488175988189 0.0005000000237487257 0.282062530517578
v 0.00446587800979614 0.0005000000237487257 0.24009788036346427
v 0.01899883337318896 0.0005000000237487257 0.23174993693828574
v 0.05270119011402127 0.0005000000237487257 0.25904104113578785
v 0.04913755133748051 0.0005000000237487257 0.26329487562179554
v 0.01899883337318896 0.0005000000237487257 0.23174993693828574
v 0.04913755133748051 0.0005000000237487257 0.26329487562179554
v 0.016780992969870557 0.0005000000237487257 0.23391224443912498
v 0.016780992969870557 0.0005000000237487257 0.23391224443912498
v 0.04913755133748051 0.0005000000237487257 0.26329487562179554
v 0.047476824373006786 0.0005000000237487257 0.2648921310901641
v 0.016780992969870557 0.0005000000237487257 0.23391224443912498
v 0.047476824373006786 0.0005000000237487257 0.2648921310901641
v 0.01576281338930129 0.0005000000237487257 0.23490492999553672
v 0.0679799988865852 0.0004999953671358526 0.2154720574617385
v 0.06757844239473339 0.0005000000237487257 0.22298851609230033
v 0.024985823780298216 0.0005000000237487257 0.21634386479854575
v 0.024985823780298216 0.0005000000237487257 0.21634386479854575
v 0.06757844239473339 0.0005000000237487257 0.22298851609230033
v 0.06752958148717876 0.0005000000237487257 0.22328932583332053
v 0.024985823780298216 0.0005000000237487257 0.21634386479854575
v 0.06752958148717876 0.0005000000237487257 0.22328932583332053
v 0.02481186203658579 0.0005000000237487257 0.2177969515323638
v 0.02481186203658579 0.0005000000237487257 0.2177969515323638
v 0.06752958148717876 0.0005000000237487257 0.22328932583332053
v 0.06637330353260036 0.0005000000237487257 0.23040837049484245
v 0.02481186203658579 0.0005000000237487257 0.2177969515323638
v 0.06637330353260036 0.0005000000237487257 0.23040837049484245
v 0.024478971958160383 0.0005000000237487257 0.22057756781578056
v -0.02158694155514239 0.0005000000237487257 0.202889934182167
v -0.05676198005676266 0.0005000000237487257 0.17822597920894617
v -0.01987792737782 0.0005000000237487257 0.20048567652702326
v -0.01987792737782 0.0005000000237487257 0.20048567652702326
v -0.05676198005676266 0.0005000000237487257 0.17822597920894617
v -0.053964912891387905 0.0005000000237487257 0.17413085699081415
v -0.01987792737782 0.0005000000237487257 0.20048567652702326
v -0.053964912891387905 0.0005000000237487257 0.17413085699081415
v -0.019003544002771364 0.0005000000237487257 0.19925557076930994
v -0.019003544002771364 0.0005000000237487257 0.19925557076930994
v -0.053964912891387905 0.0005000000237487257 0.17413085699081415
v -0.04913331568241116 0.0005000000237487257 0.16848845779895777
v -0.019003544002771364 0.0005000000237487257 0.19925557076930994
v -0.04913331568241116 0.0005000000237487257 0.16848845779895777
v -0.048385720700025524 0.0005000000237487257 0.16778679192066187
v -0.023244706913828836 0.0005000000237487257 0.20629763603210444
v -0.06161646544933315 0.0005000000237487257 0.18675406277179712
v -0.02158694155514239 0.0005000000237487257 0.202889934182167
v -0.02158694155514239 0.0005000000237487257 0.202889934182167
v -0.06161646544933315 0.0005000000237487257 0.18675406277179712
v -0.058149691671133 0.0005000000237487257 0.18025769293308253
v -0.02158694155514239 0.0005000000237487257 0.202889934182167
v -0.058149691671133 0.0005000000237487257 0.18025769293308253
v -0.05676198005676266 0.0005000000237487257 0.17822597920894617
v -0.06757707893848415 0.0005000000237487257 0.2080810368061065
v -0.06671136617660518 0.0005000000237487257 0.2028361558914184
v -0.024478968232870085 0.0005000000237487257 0.21042241156101218
v -0.024478968232870085 0.0005000000237487257 0.21042241156101218
v -0.06671136617660518 0.0005000000237487257 0.2028361558914184
v -0.0663717687129974 0.0005000000237487257 0.20077870786190027
v -0.024478968232870085 0.0005000000237487257 0.21042241156101218
v -0.0663717687129974 0.0005000000237487257 0.20077870786190027
v -0.02395889535546301 0.0005000000237487257 0.20868438482284538
v -0.02395889535546301 0.0005000000237487257 0.20868438482284538
v -0.0663717687129974 0.0005000000237487257 0.20077870786190027
v -0.06437207013368602 0.0005000000237487257 0.19362570345401758
v -0.02395889535546301 0.0005000000237487257 0.20868438482284538
v -0.06437207013368602 0.0005000000237487257 0.19362570345401758
v -0.023244706913828836 0.0005000000237487257 0.20629763603210444
v -0.023244706913828836 0.0005000000237487257 0.20629763603210444
v -0.06437207013368602 0.0005000000237487257 0.19362570345401758
v -0.06293994933366771 0.0005000000237487257 0.19005441665649409
v -0.023244706913828836 0.0005000000237487257 0.20629763603210444
v -0.06293994933366771 0.0005000000237487257 0.19005441665649409
v -0.06161646544933315 0.0005000000237487257 0.18675406277179712
v 0.047476824373006786 0.0005000000237487257 0.2648921310901641
v 0.04373547434806821 0.0005000000237487257 0.26849055290222157
v 0.01576281338930129 0.0005000000237487257 0.23490492999553672
v 0.01576281338930129 0.0005000000237487257 0.23490492999553672
v 0.04373547434806821 0.0005000000237487257 0.26849055290222157
v 0.041999932378530475 0.0004999998491257429 0.2699410021305083
v 0.01576281338930129 0.0005000000237487257 0.23490492999553672
v 0.041999932378530475 0.0004999998491257429 0.2699410021305083
v 0.012638573534786693 0.0005000000237487257 0.23707023262977592
v 0.05270119011402127 0.0005000000237487257 0.25904104113578785
v 0.01899883337318896 0.0005000000237487257 0.23174993693828574
v 0.05395709350705143 0.0005000000237487257 0.257541924715042
v 0.05395709350705143 0.0005000000237487257 0.257541924715042
v 0.01899883337318896 0.0005000000237487257 0.23174993693828574
v 0.021583361551165567 0.0005000000237487257 0.22811618447303764
v 0.05395709350705143 0.0005000000237487257 0.257541924715042
v 0.021583361551165567 0.0005000000237487257 0.22811618447303764
v 0.05723648145794865 0.0005000000237487257 0.2526416778564452
v -0.009202367626130574 0.0005000000237487257 0.23874470591545097
v -0.030310923233628252 0.0005000000237487257 0.2767796218395232
v -0.01261005923151969 0.0005000000237487257 0.23708693683147422
v -0.01261005923151969 0.0005000000237487257 0.23708693683147422
v -0.030310923233628252 0.0005000000237487257 0.2767796218395232
v -0.03275124356150625 0.0005000000237487257 0.27548423409461964
v -0.01261005923151969 0.0005000000237487257 0.23708693683147422
v -0.03275124356150625 0.0005000000237487257 0.27548423409461964
v -0.016244426369667043 0.0005000000237487257 0.23450353741645805
v -0.016244426369667043 0.0005000000237487257 0.23450353741645805
v -0.03275124356150625 0.0005000000237487257 0.27548423409461964
v -0.03707895427942273 0.0005000000237487257 0.2731869816780089
v -0.016244426369667043 0.0005000000237487257 0.23450353741645805
v -0.03707895427942273 0.0005000000237487257 0.2731869816780089
v -0.041999932378530475 0.0004999998491257429 0.2699410021305083
v 0.014301488175988189 0.0005000000237487257 0.282062530517578
v 0.011291527189314358 0.0005000000237487257 0.2825096249580382
v 0.00446587800979614 0.0005000000237487257 0.24009788036346427
v 0.00446587800979614 0.0005000000237487257 0.24009788036346427
v 0.011291527189314358 0.0005000000237487257 0.2825096249580382
v 0.006789503619074817 0.0005000000237487257 0.2831783592700957
v 0.00446587800979614 0.0005000000237487257 0.24009788036346427
v 0.006789503619074817 0.0005000000237487257 0.2831783592700957
v 0.0 0.0005000000237487257 0.24050000309944145
v 0.0 0.0005000000237487257 0.24050000309944145
v 0.006789503619074817 0.0005000000237487257 0.2831783592700957
v -2.6103750769834716e-06 0.0005000000237487257 0.28346022963523854
v 0.0 0.0005000000237487257 0.24050000309944145
v -2.6103750769834716e-06 0.0005000000237487257 0.28346022963523854
v -0.0008479381795041258 0.0005000000237487257 0.24048569798469535
v 0.041999932378530475 0.0004999998491257429 0.2699410021305083
v 0.03558370471000669 0.0005000000237487257 0.27407193183898915
v 0.012638573534786693 0.0005000000237487257 0.23707023262977592
v 0.012638573534786693 0.0005000000237487257 0.23707023262977592
v 0.03558370471000669 0.0005000000237487257 0.27407193183898915
v 0.03275579214096067 0.0005000000237487257 0.27549201250076283
v 0.012638573534786693 0.0005000000237487257 0.23707023262977592
v 0.03275579214096067 0.0005000000237487257 0.27549201250076283
v 0.009014243260025973 0.0005000000237487257 0.2387761175632476
v 0.009014243260025973 0.0005000000237487257 0.2387761175632476
v 0.03275579214096067 0.0005000000237487257 0.27549201250076283
v 0.028805887326598147 0.0005000000237487257 0.2774754762649535
v 0.009014243260025973 0.0005000000237487257 0.2387761175632476
v 0.028805887326598147 0.0005000000237487257 0.2774754762649535
v 0.008569462224841113 0.0005000000237487257 0.23898546397685996
v 0.008569462224841113 0.0005000000237487257 0.23898546397685996
v 0.028805887326598147 0.0005000000237487257 0.2774754762649535
v 0.022318581119179712 0.0005000000237487257 0.2799100875854491
v 0.008569462224841113 0.0005000000237487257 0.23898546397685996
v 0.022318581119179712 0.0005000000237487257 0.2799100875854491
v 0.021681120619177804 0.0005000000237487257 0.28014931082725514
v 0.023244706913828836 0.0005000000237487257 0.22470237314701072
v 0.061641056090593296 0.0005000000237487257 0.24461436271667472
v 0.02231519855558871 0.0005000000237487257 0.22661237418651572
v 0.02231519855558871 0.0005000000237487257 0.22661237418651572
v 0.061641056090593296 0.0005000000237487257 0.24461436271667472
v 0.06103062629699703 0.0005000000237487257 0.24577933549880973
v 0.02231519855558871 0.0005000000237487257 0.22661237418651572
v 0.06103062629699703 0.0005000000237487257 0.24577933549880973
v 0.021583361551165567 0.0005000000237487257 0.22811618447303764
v 0.021583361551165567 0.0005000000237487257 0.22811618447303764
v 0.06103062629699703 0.0005000000237487257 0.24577933549880973
v 0.05815061181783672 0.0005000000237487257 0.25127574801444996
v 0.021583361551165567 0.0005000000237487257 0.22811618447303764
v 0.05815061181783672 0.0005000000237487257 0.25127574801444996
v 0.05723648145794865 0.0005000000237487257 0.2526416778564452
v 0.06637330353260036 0.0005000000237487257 0.23040837049484245
v 0.06620780378580089 0.0005000000237487257 0.23101064562797538
v 0.024478971958160383 0.0005000000237487257 0.22057756781578056
v 0.024478971958160383 0.0005000000237487257 0.22057756781578056
v 0.06620780378580089 0.0005000000237487257 0.23101064562797538
v 0.06438209116458889 0.0005000000237487257 0.23765465617179862
v 0.024478971958160383 0.0005000000237487257 0.22057756781578056
v 0.06438209116458889 0.0005000000237487257 0.23765465617179862
v 0.023244706913828836 0.0005000000237487257 0.22470237314701072
v 0.023244706913828836 0.0005000000237487257 0.22470237314701072
v 0.06438209116458889 0.0005000000237487257 0.23765465617179862
v 0.06403385102748867 0.0005000000237487257 0.23853884637355796
v 0.023244706913828836 0.0005000000237487257 0.22470237314701072
v 0.06403385102748867 0.0005000000237487257 0.23853884637355796
v 0.061641056090593296 0.0005000000237487257 0.24461436271667472
v -0.0050775813870131935 0.0005000000237487257 0.23997896909713737
v -0.015880096703767766 0.0005000000237487257 0.2817082703113555
v -0.009026693180203433 0.0005000000237487257 0.23879727721214286
v -0.009026693180203433 0.0005000000237487257 0.23879727721214286
v -0.015880096703767766 0.0005000000237487257 0.2817082703113555
v -0.02231565304100512 0.0005000000237487257 0.279883176088333
v -0.009026693180203433 0.0005000000237487257 0.23879727721214286
v -0.02231565304100512 0.0005000000237487257 0.279883176088333
v -0.009202367626130574 0.0005000000237487257 0.23874470591545097
v -0.009202367626130574 0.0005000000237487257 0.23874470591545097
v -0.02231565304100512 0.0005000000237487257 0.279883176088333
v -0.02321645244956015 0.0005000000237487257 0.2796277403831481
v -0.009202367626130574 0.0005000000237487257 0.23874470591545097
v -0.02321645244956015 0.0005000000237487257 0.2796277403831481
v -0.030310923233628252 0.0005000000237487257 0.2767796218395232
v -2.6103750769834716e-06 0.0005000000237487257 0.28346022963523854
v -0.0008100315462797875 0.0005000000237487257 0.2834937274456023
v -0.0008479381795041258 0.0005000000237487257 0.24048569798469535
v -0.0008479381795041258 0.0005000000237487257 0.24048569798469535
v -0.0008100315462797875 0.0005000000237487257 0.2834937274456023
v -0.008407941088080401 0.0005000000237487257 0.2829989790916442
v -0.0008479381795041258 0.0005000000237487257 0.24048569798469535
v -0.008407941088080401 0.0005000000237487257 0.2829989790916442
v -0.0050775813870131935 0.0005000000237487257 0.23997896909713737
v -0.0050775813870131935 0.0005000000237487257 0.23997896909713737
v -0.008407941088080401 0.0005000000237487257 0.2829989790916442
v -0.011289855465292924 0.0005000000237487257 0.2825011610984801
v -0.0050775813870131935 0.0005000000237487257 0.23997896909713737
v -0.011289855465292924 0.0005000000237487257 0.2825011610984801
v -0.015880096703767766 0.0005000000237487257 0.2817082703113555
v -0.06590270996093746 0.012207526713609695 0.0505000166594982
v -0.06591717898845668 0.011905715800821781 0.0505000166594982
v -0.06415790319442745 0.01697252318263054 0.062113091349601725
v -0.057444598525762516 0.03718515485525131 0.10763318091630932
v -0.05743330717086788 0.03724958002567291 0.10775811970233913
v -0.055834669619798626 0.05085945129394531 0.11559536308050151
v -0.06797860562801357 0.000559963402338326 0.21546980738639823
v -0.06798005104064937 0.0005000006058253348 0.2154710888862609
v -0.06757584959268566 0.0005000944365747273 0.22296619415283195
v -0.06757233291864391 0.0005000952514819801 0.22303134202957145
v -0.06631370633840557 0.0005002024699933827 0.2306792885065078
v -0.06590085476636882 0.013275760225951672 0.22990556061267844
v -0.06422200798988338 0.0005001313402317464 0.23813000321388236
v -0.06414112448692318 0.0005001276731491089 0.23833009600639335
v -0.06380306929349895 0.014066314324736595 0.23755268752574912
v -0.06132701411843296 0.0005000005476176739 0.24529196321964256
v -0.06114798784255977 0.0005000074743293226 0.2456299811601638
v -0.060875941067933995 0.01483679935336113 0.24493615329265586
v -0.05819827690720554 0.0005001225508749485 0.25119921565055836
v -0.05731036141514774 0.0005001508980058134 0.2525227069854735
v -0.05714928731322285 0.015582392923533916 0.2519620060920714
v -0.053826395422220195 0.0005002620746381581 0.2577158212661742
v -0.05276923626661297 0.0005002437974326313 0.2589767277240752
v -0.052666462957859005 0.016300680115818977 0.2585354447364806
v -0.041955802589654895 0.030668435618281364 0.26893612742424
v -0.04192764312028882 0.03647533431649208 0.26823365688323964
v -0.047198582440614666 0.03521845117211342 0.2629190981388091
v -0.04149916023015973 0.060250695794820786 0.07045568525791165
v -0.041560862213373156 0.05941382423043251 0.06720638275146482
v -0.046220343559980365 0.05456986278295517 0.06662626564502713
v -0.046220343559980365 0.05456986278295517 0.06662626564502713
v -0.041560862213373156 0.05941382423043251 0.06720638275146482
v -0.041683446615934344 0.05775129050016403 0.06075129285454748
v -0.046220343559980365 0.05456986278295517 0.06662626564502713
v -0.041683446615934344 0.05775129050016403 0.06075129285454748
v -0.04171494394540784 0.05732408165931702 0.05909258872270582
v -0.04669393226504323 0.0506775826215744 0.05049997568130492
v -0.04185524955391881 0.05579829588532448 0.050922531634569154
v -0.04667814821004865 0.0506940558552742 0.05049997568130492
v -0.04667814821004865 0.0506940558552742 0.05049997568130492
v -0.04185524955391881 0.05579829588532448 0.050922531634569154
v -0.041862506419420215 0.05571937561035156 0.050499957054853425
v -0.04105699434876439 0.06685475260019302 0.08936990052461621
v -0.04116109758615491 0.06522798538208008 0.08518183231353757
v -0.04538491740822789 0.06048089638352394 0.08393283188343045
v -0.04538491740822789 0.06048089638352394 0.08393283188343045
v -0.04116109758615491 0.06522798538208008 0.08518183231353757
v -0.04122880101203916 0.0641700029373169 0.08245805650949475
v -0.04538491740822789 0.06048089638352394 0.08393283188343045
v -0.04122880101203916 0.0641700029373169 0.08245805650949475
v -0.046220343559980365 0.05456986278295517 0.06662626564502713
v -0.046220343559980365 0.05456986278295517 0.06662626564502713
v -0.04122880101203916 0.0641700029373169 0.08245805650949475
v -0.04148958995938298 0.06038050726056099 0.07095970958471295
v -0.046220343559980365 0.05456986278295517 0.06662626564502713
v -0.04148958995938298 0.06038050726056099 0.07095970958471295
v -0.04149916023015973 0.060250695794820786 0.07045568525791165
v -0.04064011946320531 0.07443051040172577 0.10793201625347133
v -0.04074740782380101 0.07224046438932419 0.10274926573038098
v -0.044568691402673694 0.06745254248380661 0.10087111592292783
v -0.044568691402673694 0.06745254248380661 0.10087111592292783
v -0.04074740782380101 0.07224046438932419 0.10274926573038098
v -0.040861889719963046 0.06990355998277664 0.0972190126776695
v -0.040386639535427066 0.07960467785596848 0.12017664313316341
v -0.04388918355107305 0.07474947720766068 0.11770480126142498
v -0.04025775566697118 0.08223551511764526 0.12640251219272608
v -0.04025775566697118 0.08223551511764526 0.12640251219272608
v -0.04388918355107305 0.07474947720766068 0.11770480126142498
v -0.04667654633522031 0.07620968669652939 0.13119453191757197
v -0.04025775566697118 0.08223551511764526 0.12640251219272608
v -0.04667654633522031 0.07620968669652939 0.13119453191757197
v -0.04023693129420278 0.08266058564186096 0.12740842998027796
v -0.04023693129420278 0.08266058564186096 0.12740842998027796
v -0.04667654633522031 0.07620968669652939 0.13119453191757197
v -0.04010954871773717 0.08669542521238327 0.13771508634090418
v -0.04010954871773717 0.08669542521238327 0.13771508634090418
v -0.04667654633522031 0.07620968669652939 0.13119453191757197
v -0.04001901671290395 0.08956295996904373 0.14503994584083552
v -0.04001901671290395 0.08956295996904373 0.14503994584083552
v -0.04667654633522031 0.07620968669652939 0.13119453191757197
v -0.04627923294901845 0.08237858861684799 0.14784844219684595
v -0.04001901671290395 0.08956295996904373 0.14503994584083552
v -0.04627923294901845 0.08237858861684799 0.14784844219684595
v -0.04001887515187261 0.08957085758447647 0.14506329596042628
v -0.03993807733058927 0.09811663627624512 0.1737442016601562
v -0.03992746770381925 0.09759527444839478 0.1712022870779037
v -0.043111428618431064 0.0929996594786644 0.16965390741825098
v -0.043111428618431064 0.0929996594786644 0.16965390741825098
v -0.03992746770381925 0.09759527444839478 0.1712022870779037
v -0.03993396833539006 0.09565340727567673 0.16416272521018976
v -0.043111428618431064 0.0929996594786644 0.16965390741825098
v -0.03993396833539006 0.09565340727567673 0.16416272521018976
v -0.04313783720135686 0.08804062753915787 0.15195377171039576
v -0.04313783720135686 0.08804062753915787 0.15195377171039576
v -0.03993396833539006 0.09565340727567673 0.16416272521018976
v -0.039939511567354175 0.09399665892124176 0.15815678238868708
v -0.04313783720135686 0.08804062753915787 0.15195377171039576
v -0.039939511567354175 0.09399665892124176 0.15815678238868708
v -0.03995555266737935 0.09310205280780792 0.15551014244556421
v -0.04004991054534909 0.10107292234897614 0.1913847923278808
v -0.03998641669750211 0.10004392266273499 0.183710366487503
v -0.04333969205617902 0.09601835161447525 0.18777443468570704
v -0.04333969205617902 0.09601835161447525 0.18777443468570704
v -0.03998641669750211 0.10004392266273499 0.183710366487503
v -0.03997280821204183 0.09982336312532425 0.18206535279750818
v -0.04333969205617902 0.09601835161447525 0.18777443468570704
v -0.03997280821204183 0.09982336312532425 0.18206535279750818
v -0.043111428618431064 0.0929996594786644 0.16965390741825098
v -0.043111428618431064 0.0929996594786644 0.16965390741825098
v -0.03997280821204183 0.09982336312532425 0.18206535279750818
v -0.03993860632181165 0.09814263880252838 0.17387096583843226
v -0.043111428618431064 0.0929996594786644 0.16965390741825098
v -0.03993860632181165 0.09814263880252838 0.17387096583843226
v -0.03993807733058927 0.09811663627624512 0.1737442016601562
v -0.04017401859164235 0.10157771408557892 0.2018455564975738
v -0.04015788435935971 0.10161028802394867 0.20076791942119593
v -0.043549742549657794 0.09653551876544952 0.19694219529628748
v -0.043549742549657794 0.09653551876544952 0.19694219529628748
v -0.04015788435935971 0.10161028802394867 0.20076791942119593
v -0.04007614776492116 0.10120348632335663 0.1936646550893783
v -0.043549742549657794 0.09653551876544952 0.19694219529628748
v -0.04007614776492116 0.10120348632335663 0.1936646550893783
v -0.04333969205617902 0.09601835161447525 0.18777443468570704
v -0.04333969205617902 0.09601835161447525 0.18777443468570704
v -0.04007614776492116 0.10120348632335663 0.1936646550893783
v -0.04006160050630567 0.10113108903169632 0.19240050017833704
v -0.04333969205617902 0.09601835161447525 0.18777443468570704
v -0.04006160050630567 0.10113108903169632 0.19240050017833704
v -0.04004991054534909 0.10107292234897614 0.1913847923278808
v -0.04017401859164235 0.10157771408557892 0.2018455564975738
v -0.043549742549657794 0.09653551876544952 0.19694219529628748
v -0.04020138829946515 0.10152245312929153 0.2036739289760589
v -0.04020138829946515 0.10152245312929153 0.2036739289760589
v -0.043549742549657794 0.09653551876544952 0.19694219529628748
v -0.04381941258907315 0.09620754420757294 0.20611019432544703
v -0.04020138829946515 0.10152245312929153 0.2036739289760589
v -0.04381941258907315 0.09620754420757294 0.20611019432544703
v -0.040285427123308154 0.10135279595851898 0.2092873901128768
v -0.04050274938344953 0.09955626726150513 0.22059580683708183
v -0.040418736636638614 0.10045395791530609 0.21660964190959922
v -0.04414128139615056 0.09486957639455795 0.21517452597618095
v -0.04414128139615056 0.09486957639455795 0.21517452597618095
v -0.040418736636638614 0.10045395791530609 0.21660964190959922
v -0.04036505520343778 0.10081589967012405 0.2136611193418502
v -0.04414128139615056 0.09486957639455795 0.21517452597618095
v -0.04036505520343778 0.10081589967012405 0.2136611193418502
v -0.04381941258907315 0.09620754420757294 0.20611019432544703
v -0.04381941258907315 0.09620754420757294 0.20611019432544703
v -0.04036505520343778 0.10081589967012405 0.2136611193418502
v -0.04032176733016965 0.10110776871442795 0.21128344535827628
v -0.04381941258907315 0.09620754420757294 0.20611019432544703
v -0.04032176733016965 0.10110776871442795 0.21128344535827628
v -0.040285427123308154 0.10135279595851898 0.2092873901128768
v -0.04057174921035764 0.09881899505853653 0.22386963665485374
v -0.040563646703958484 0.09890557825565338 0.22348515689373008
v -0.04450422897934911 0.09235267341136932 0.22396956384181968
v -0.04088494181632993 0.09355596452951431 0.23669676482677451
v -0.040786806493997546 0.09542058408260345 0.232859581708908
v -0.04489417001605031 0.08852648735046387 0.2322601526975631
v -0.04489417001605031 0.08852648735046387 0.2322601526975631
v -0.040786806493997546 0.09542058408260345 0.232859581708908
v -0.040736429393291446 0.09637778252363205 0.2308897674083709
v -0.04489417001605031 0.08852648735046387 0.2322601526975631
v -0.040736429393291446 0.09637778252363205 0.2308897674083709
v -0.04450422897934911 0.09235267341136932 0.22396956384181968
v -0.04450422897934911 0.09235267341136932 0.22396956384181968
v -0.040736429393291446 0.09637778252363205 0.2308897674083709
v -0.04070679098367688 0.09681712836027145 0.22962635755538932
v -0.04450422897934911 0.09235267341136932 0.22396956384181968
v -0.04070679098367688 0.09681712836027145 0.22962635755538932
v -0.04057174921035764 0.09881899505853653 0.22386963665485374
v -0.041133113205432864 0.08735311776399612 0.2454713582992553
v -0.041030578315258 0.09017780423164368 0.24198681116104118
v -0.04529537633061406 0.0833633542060852 0.23976996541023246
v -0.04529537633061406 0.0833633542060852 0.23976996541023246
v -0.041030578315258 0.09017780423164368 0.24198681116104118
v -0.041018430143594714 0.09045962244272232 0.24154549837112418
v -0.04529537633061406 0.0833633542060852 0.23976996541023246
v -0.041018430143594714 0.09045962244272232 0.24154549837112418
v -0.04489417001605031 0.08852648735046387 0.2322601526975631
v -0.04489417001605031 0.08852648735046387 0.2322601526975631
v -0.041018430143594714 0.09045962244272232 0.24154549837112418
v -0.04092337191104886 0.09266454726457596 0.23809269070625297
v -0.04489417001605031 0.08852648735046387 0.2322601526975631
v -0.04092337191104886 0.09266454726457596 0.23809269070625297
v -0.04088494181632993 0.09355596452951431 0.23669676482677451
v -0.041348066180944415 0.08011135458946228 0.2523613870143889
v -0.04134364798665044 0.08028252422809601 0.2522256076335906
v -0.04569140821695325 0.07698140293359756 0.24625672399997703
v -0.04569140821695325 0.07698140293359756 0.24625672399997703
v -0.04134364798665044 0.08028252422809601 0.2522256076335906
v -0.04128757119178769 0.08245338499546051 0.2505034506320952
v -0.04128757119178769 0.08245338499546051 0.2505034506320952
v -0.04124354943633077 0.08388777822256088 0.24908190965652457
v -0.04569140821695325 0.07698140293359756 0.24625672399997703
v -0.04569140821695325 0.07698140293359756 0.24625672399997703
v -0.04124354943633077 0.08388777822256088 0.24908190965652457
v -0.04115949571132657 0.08662637323141098 0.24636787176132194
v -0.04569140821695325 0.07698140293359756 0.24625672399997703
v -0.04115949571132657 0.08662637323141098 0.24636787176132194
v -0.04529537633061406 0.0833633542060852 0.23976996541023246
v -0.04529537633061406 0.0833633542060852 0.23976996541023246
v -0.04115949571132657 0.08662637323141098 0.24636787176132194
v -0.04114105924963948 0.08713428676128387 0.24574130773544303
v -0.04529537633061406 0.0833633542060852 0.23976996541023246
v -0.04114105924963948 0.08713428676128387 0.24574130773544303
v -0.041133113205432864 0.08735311776399612 0.2454713582992553
v -0.041348066180944415 0.08011135458946228 0.2523613870143889
v -0.04569140821695325 0.07698140293359756 0.24625672399997703
v -0.04141288623213765 0.07760192453861237 0.2543521523475646
v -0.04141288623213765 0.07760192453861237 0.2543521523475646
v -0.04569140821695325 0.07698140293359756 0.24625672399997703
v -0.04606745764613149 0.06962034106254578 0.25159552693366993
v -0.04141288623213765 0.07760192453861237 0.2543521523475646
v -0.04606745764613149 0.06962034106254578 0.25159552693366993
v -0.04144601896405217 0.07607337832450867 0.25531545281410206
v -0.0416356027126312 0.06632062792778015 0.26070278882980336
v -0.04161744937300679 0.06733477860689163 0.26019689440727223
v -0.046412382274866076 0.06155586242675781 0.25580254197120655
v -0.046412382274866076 0.06155586242675781 0.25580254197120655
v -0.04161744937300679 0.06733477860689163 0.26019689440727223
v -0.041532214730977984 0.07209689915180206 0.2578214704990386
v -0.046412382274866076 0.06155586242675781 0.25580254197120655
v -0.041532214730977984 0.07209689915180206 0.2578214704990386
v -0.04606745764613149 0.06962034106254578 0.25159552693366993
v -0.04606745764613149 0.06962034106254578 0.25159552693366993
v -0.041532214730977984 0.07209689915180206 0.2578214704990386
v -0.04152350872755048 0.07249846309423447 0.2575683891773223
v -0.04606745764613149 0.06962034106254578 0.25159552693366993
v -0.04152350872755048 0.07249846309423447 0.2575683891773223
v -0.04144601896405217 0.07607337832450867 0.25531545281410206
v -0.04178414121270177 0.05502040684223175 0.2646532952785491
v -0.04175117611885068 0.057994354516267776 0.2638012170791625
v -0.04671873152256009 0.05302678793668747 0.258989781141281
v -0.04671873152256009 0.05302678793668747 0.258989781141281
v -0.04175117611885068 0.057994354516267776 0.2638012170791625
v -0.04173932969570157 0.05906318128108978 0.2634949982166289
v -0.04671873152256009 0.05302678793668747 0.258989781141281
v -0.04173932969570157 0.05906318128108978 0.2634949982166289
v -0.046412382274866076 0.06155586242675781 0.25580254197120655
v -0.046412382274866076 0.06155586242675781 0.25580254197120655
v -0.04173932969570157 0.05906318128108978 0.2634949982166289
v -0.04166928306221959 0.06396423280239105 0.26160937547683705
v -0.046412382274866076 0.06155586242675781 0.25580254197120655
v -0.04166928306221959 0.06396423280239105 0.26160937547683705
v -0.0416356027126312 0.06632062792778015 0.26070278882980336
v -0.04178414121270177 0.05502040684223175 0.2646532952785491
v -0.04671873152256009 0.05302678793668747 0.258989781141281
v -0.04182152077555654 0.051647890359163284 0.26561954617500294
v -0.04182152077555654 0.051647890359163284 0.26561954617500294
v -0.04671873152256009 0.05302678793668747 0.258989781141281
v -0.046981785446405376 0.044208552688360214 0.26131004095077504
v -0.04182152077555654 0.051647890359163284 0.26561954617500294
v -0.046981785446405376 0.044208552688360214 0.26131004095077504
v -0.041848700493574115 0.04829186573624611 0.26628640294075
v -0.04192764312028882 0.03647533431649208 0.26823365688323964
v -0.04191820695996282 0.03842153027653694 0.26799824833869923
v -0.047198582440614666 0.03521845117211342 0.2629190981388091
v -0.047198582440614666 0.03521845117211342 0.2629190981388091
v -0.04191820695996282 0.03842153027653694 0.26799824833869923
v -0.04190264642238614 0.041630879044532776 0.2676100134849547
v -0.047198582440614666 0.03521845117211342 0.2629190981388091
v -0.04190264642238614 0.041630879044532776 0.2676100134849547
v -0.046981785446405376 0.044208552688360214 0.26131004095077504
v -0.046981785446405376 0.044208552688360214 0.26131004095077504
v -0.04190264642238614 0.041630879044532776 0.2676100134849547
v -0.041868776082992526 0.045813072472810745 0.26677897572517384
v -0.046981785446405376 0.044208552688360214 0.26131004095077504
v -0.041868776082992526 0.045813072472810745 0.26677897572517384
v -0.041848700493574115 0.04829186573624611 0.26628640294075
v -0.04748569801449772 0.016991421580314636 0.2645639479160308
v -0.04199321195483205 0.017622029408812523 0.26969388127326954
v -0.04199084267020223 0.018448440358042717 0.26964586973190297
v -0.04748569801449772 0.016991421580314636 0.2645639479160308
v -0.04199084267020223 0.018448440358042717 0.26964586973190297
v -0.047198582440614666 0.03521845117211342 0.2629190981388091
v -0.047198582440614666 0.03521845117211342 0.2629190981388091
v -0.04199084267020223 0.018448440358042717 0.26964586973190297
v -0.04196213930845258 0.028458790853619576 0.2690644562244414
v -0.047198582440614666 0.03521845117211342 0.2629190981388091
v -0.04196213930845258 0.028458790853619576 0.2690644562244414
v -0.041955802589654895 0.030668435618281364 0.26893612742424
v -0.041999932378530475 0.0004999998491257429 0.2699410021305083
v -0.041993897408246966 0.01738271862268448 0.2697077691555022
v -0.043609321117401095 0.0005000135279260576 0.26859888434410084
v -0.043609321117401095 0.0005000135279260576 0.26859888434410084
v -0.041993897408246966 0.01738271862268448 0.2697077691555022
v -0.04199321195483205 0.017622029408812523 0.26969388127326954
v -0.043609321117401095 0.0005000135279260576 0.26859888434410084
v -0.04199321195483205 0.017622029408812523 0.26969388127326954
v -0.04750238358974453 0.00050013029249385 0.2648523747920989
v -0.04750238358974453 0.00050013029249385 0.2648523747920989
v -0.04199321195483205 0.017622029408812523 0.26969388127326954
v -0.04748569801449772 0.016991421580314636 0.2645639479160308
v -0.04750238358974453 0.00050013029249385 0.2648523747920989
v -0.04748569801449772 0.016991421580314636 0.2645639479160308
v -0.04926601052284237 0.0005001831450499594 0.26315513253211964
v -0.067150667309761 0.01247198786586523 0.22208607196807853
v -0.06769814342260357 0.009115000255405903 0.2149050384759902
v -0.0677980780601501 0.006411311682313681 0.2151094824075698
v -0.067150667309761 0.01247198786586523 0.22208607196807853
v -0.0677980780601501 0.006411311682313681 0.2151094824075698
v -0.06757584959268566 0.0005000944365747273 0.22296619415283195
v -0.06757584959268566 0.0005000944365747273 0.22296619415283195
v -0.0677980780601501 0.006411311682313681 0.2151094824075698
v -0.0679502040147781 0.0022951941937208176 0.2154207080602645
v -0.06757584959268566 0.0005000944365747273 0.22296619415283195
v -0.0679502040147781 0.0022951941937208176 0.2154207080602645
v -0.06797860562801357 0.000559963402338326 0.21546980738639823
v -0.06697741895914074 0.018294313922524452 0.21317735314369193
v -0.06718765199184414 0.016304591670632362 0.21371760964393607
v -0.06662379950284954 0.019450554624199867 0.22084960341453544
v -0.06662379950284954 0.019450554624199867 0.22084960341453544
v -0.06718765199184414 0.016304591670632362 0.21371760964393607
v -0.0673766657710075 0.013642549514770508 0.21415726840496055
v -0.06662379950284954 0.019450554624199867 0.22084960341453544
v -0.0673766657710075 0.013642549514770508 0.21415726840496055
v -0.067150667309761 0.01247198786586523 0.22208607196807853
v -0.067150667309761 0.01247198786586523 0.22208607196807853
v -0.0673766657710075 0.013642549514770508 0.21415726840496055
v -0.06751558184623714 0.011686171405017376 0.21448038518428794
v -0.067150667309761 0.01247198786586523 0.22208607196807853
v -0.06751558184623714 0.011686171405017376 0.21448038518428794
v -0.06769814342260357 0.009115000255405903 0.2149050384759902
v -0.06697741895914074 0.018294313922524452 0.21317735314369193
v -0.06662379950284954 0.019450554624199867 0.22084960341453544
v -0.06672023236751552 0.020728526636958122 0.21251641213893882
v -0.06672023236751552 0.020728526636958122 0.21251641213893882
v -0.06662379950284954 0.019450554624199867 0.22084960341453544
v -0.06591267138719555 0.026264144107699394 0.21900257468223563
v -0.06672023236751552 0.020728526636958122 0.21251641213893882
v -0.06591267138719555 0.026264144107699394 0.21900257468223563
v -0.06646817922592159 0.023114044219255447 0.21186870336532584
v -0.06532894074916835 0.030876075848937035 0.20859581232070915
v -0.0657112821936607 0.028605910018086433 0.20975281298160545
v -0.06503666192293163 0.03282395750284195 0.21648499369621269
v -0.06503666192293163 0.03282395750284195 0.21648499369621269
v -0.0657112821936607 0.028605910018086433 0.20975281298160545
v -0.06585235893726345 0.027582315728068352 0.21014717221260062
v -0.06503666192293163 0.03282395750284195 0.21648499369621269
v -0.06585235893726345 0.027582315728068352 0.21014717221260062
v -0.06591267138719555 0.026264144107699394 0.21900257468223563
v -0.06591267138719555 0.026264144107699394 0.21900257468223563
v -0.06585235893726345 0.027582315728068352 0.21014717221260062
v -0.06624558568000789 0.024729114025831223 0.21124644577503196
v -0.06591267138719555 0.026264144107699394 0.21900257468223563
v -0.06624558568000789 0.024729114025831223 0.21124644577503196
v -0.06646817922592159 0.023114044219255447 0.21186870336532584
v -0.06532894074916835 0.030876075848937035 0.20859581232070915
v -0.06503666192293163 0.03282395750284195 0.21648499369621269
v -0.06484886258840557 0.033726535737514496 0.20714306831359858
v -0.06484886258840557 0.033726535737514496 0.20714306831359858
v -0.06503666192293163 0.03282395750284195 0.21648499369621269
v -0.0640211850404739 0.03901616856455803 0.21323856711387626
v -0.06484886258840557 0.033726535737514496 0.20714306831359858
v -0.0640211850404739 0.03901616856455803 0.21323856711387626
v -0.06478373706340786 0.03405090421438217 0.20692908763885492
v -0.06309002637863155 0.04185561463236809 0.20110952854156489
v -0.06355000287294384 0.03991856053471565 0.20276382565498346
v -0.06290129572153087 0.04470475763082504 0.2092271298170089
v -0.06290129572153087 0.04470475763082504 0.2092271298170089
v -0.06355000287294384 0.03991856053471565 0.20276382565498346
v -0.06390991061925884 0.038402900099754333 0.20405825972557062
v -0.06290129572153087 0.04470475763082504 0.2092271298170089
v -0.06390991061925884 0.038402900099754333 0.20405825972557062
v -0.0640211850404739 0.03901616856455803 0.21323856711387626
v -0.0640211850404739 0.03901616856455803 0.21323856711387626
v -0.06390991061925884 0.038402900099754333 0.20405825972557062
v -0.06426535546779628 0.036632634699344635 0.20522601902484888
v -0.0640211850404739 0.03901616856455803 0.21323856711387626
v -0.06426535546779628 0.036632634699344635 0.20522601902484888
v -0.06478373706340786 0.03405090421438217 0.20692908763885492
v -0.06309002637863155 0.04185561463236809 0.20110952854156489
v -0.06290129572153087 0.04470475763082504 0.2092271298170089
v -0.06284051388502117 0.042906347662210464 0.2002121657133102
v -0.06284051388502117 0.042906347662210464 0.2002121657133102
v -0.06290129572153087 0.04470475763082504 0.2092271298170089
v -0.06172271817922588 0.04973902180790901 0.20444975793361658
v -0.06284051388502117 0.042906347662210464 0.2002121657133102
v -0.06172271817922588 0.04973902180790901 0.20444975793361658
v -0.062229610979556996 0.0450894869863987 0.1977876871824264
v -0.06077232956886287 0.04973091557621956 0.19154238700866694
v -0.06088604405522342 0.049386538565158844 0.19204421341419214
v -0.06053909286856647 0.05397255718708038 0.19895473122596735
v -0.06053909286856647 0.05397255718708038 0.19895473122596735
v -0.06088604405522342 0.049386538565158844 0.19204421341419214
v -0.061811305582523304 0.0465843603014946 0.19612756371498102
v -0.06053909286856647 0.05397255718708038 0.19895473122596735
v -0.061811305582523304 0.0465843603014946 0.19612756371498102
v -0.06172271817922588 0.04973902180790901 0.20444975793361658
v -0.06172271817922588 0.04973902180790901 0.20444975793361658
v -0.061811305582523304 0.0465843603014946 0.19612756371498102
v -0.06185422837734218 0.046430960297584534 0.1962979137897491
v -0.06172271817922588 0.04973902180790901 0.20444975793361658
v -0.06185422837734218 0.046430960297584534 0.1962979137897491
v -0.062229610979556996 0.0450894869863987 0.1977876871824264
v -0.0594505593180656 0.05289587378501892 0.1847348809242248
v -0.0596041195094585 0.05259092152118683 0.1856160014867782
v -0.05940547212958332 0.057295382022857666 0.19284790754318232
v -0.05940547212958332 0.057295382022857666 0.19284790754318232
v -0.0596041195094585 0.05259092152118683 0.1856160014867782
v -0.0597467832267284 0.052307598292827606 0.18643461167812342
v -0.05940547212958332 0.057295382022857666 0.19284790754318232
v -0.0597467832267284 0.052307598292827606 0.18643461167812342
v -0.06053909286856647 0.05397255718708038 0.19895473122596735
v -0.06053909286856647 0.05397255718708038 0.19895473122596735
v -0.0597467832267284 0.052307598292827606 0.18643461167812342
v -0.060618504881858784 0.050117406994104385 0.19077624380588526
v -0.06053909286856647 0.05397255718708038 0.19895473122596735
v -0.060618504881858784 0.050117406994104385 0.19077624380588526
v -0.06077232956886287 0.04973091557621956 0.19154238700866694
v -0.0594505593180656 0.05289587378501892 0.1847348809242248
v -0.05940547212958332 0.057295382022857666 0.19284790754318232
v -0.05875911563634868 0.05426902323961258 0.1807673722505569
v -0.05875911563634868 0.05426902323961258 0.1807673722505569
v -0.05940547212958332 0.057295382022857666 0.19284790754318232
v -0.05836942419409748 0.05965881794691086 0.1862779259681701
v -0.05875911563634868 0.05426902323961258 0.1807673722505569
v -0.05836942419409748 0.05965881794691086 0.1862779259681701
v -0.05845852568745609 0.0546891987323761 0.1787207126617431
v -0.05710985884070393 0.05607058107852936 0.16842803359031672
v -0.05748738721013065 0.055803295224905014 0.17157223820686335
v -0.056078638881444896 0.06747185438871384 0.180053561925888
v -0.056078638881444896 0.06747185438871384 0.180053561925888
v -0.05748738721013065 0.055803295224905014 0.17157223820686335
v -0.057505201548337895 0.05579068511724472 0.1717206090688705
v -0.056078638881444896 0.06747185438871384 0.180053561925888
v -0.057505201548337895 0.05579068511724472 0.1717206090688705
v -0.05746509879827495 0.06108521670103073 0.1794071048498153
v -0.05746509879827495 0.06108521670103073 0.1794071048498153
v -0.057505201548337895 0.05579068511724472 0.1717206090688705
v -0.057840216904878575 0.05555349588394165 0.1745107322931289
v -0.05746509879827495 0.06108521670103073 0.1794071048498153
v -0.057840216904878575 0.05555349588394165 0.1745107322931289
v -0.05836942419409748 0.05965881794691086 0.1862779259681701
v -0.05836942419409748 0.05965881794691086 0.1862779259681701
v -0.057840216904878575 0.05555349588394165 0.1745107322931289
v -0.058401882648467976 0.05476837605237961 0.17833504080772394
v -0.05836942419409748 0.05965881794691086 0.1862779259681701
v -0.058401882648467976 0.05476837605237961 0.17833504080772394
v -0.05845852568745609 0.0546891987323761 0.1787207126617431
v -0.05546256154775616 0.06758251786231995 0.17261968553066248
v -0.05673114955425259 0.05596400797367096 0.1643125712871551
v -0.056078638881444896 0.06747185438871384 0.180053561925888
v -0.056078638881444896 0.06747185438871384 0.180053561925888
v -0.05673114955425259 0.05596400797367096 0.1643125712871551
v -0.0567950680851936 0.055981993675231934 0.1650071740150451
v -0.056078638881444896 0.06747185438871384 0.180053561925888
v -0.0567950680851936 0.055981993675231934 0.1650071740150451
v -0.05710985884070393 0.05607058107852936 0.16842803359031672
v -0.05468843132257458 0.06581786274909973 0.15780268609523768
v -0.05569323524832722 0.05318671837449074 0.14567509293556208
v -0.055834528058767284 0.05410974845290184 0.14986914396286005
v -0.055834528058767284 0.05410974845290184 0.14986914396286005
v -0.05595965310931202 0.05492714047431946 0.1535831987857818
v -0.05468843132257458 0.06581786274909973 0.15780268609523768
v -0.05468843132257458 0.06581786274909973 0.15780268609523768
v -0.05595965310931202 0.05492714047431946 0.1535831987857818
v -0.056177169084548916 0.05537576228380203 0.15705539286136622
v -0.05468843132257458 0.06581786274909973 0.15780268609523768
v -0.056177169084548916 0.05537576228380203 0.15705539286136622
v -0.05499784275889393 0.06699398905038834 0.1651845127344131
v -0.05499784275889393 0.06699398905038834 0.1651845127344131
v -0.056177169084548916 0.05537576228380203 0.15705539286136622
v -0.05625440180301663 0.055535051971673965 0.1582882553339004
v -0.05499784275889393 0.06699398905038834 0.1651845127344131
v -0.05625440180301663 0.055535051971673965 0.1582882553339004
v -0.05546256154775616 0.06758251786231995 0.17261968553066248
v -0.05546256154775616 0.06758251786231995 0.17261968553066248
v -0.05625440180301663 0.055535051971673965 0.1582882553339004
v -0.05641991645097729 0.05587641894817352 0.16093033552169794
v -0.05546256154775616 0.06758251786231995 0.17261968553066248
v -0.05641991645097729 0.05587641894817352 0.16093033552169794
v -0.05673114955425259 0.05596400797367096 0.1643125712871551
v -0.05579638853669163 0.04869566857814789 0.13220386207103724
v -0.05569890514016148 0.050079595297575 0.13582639396190638
v -0.05452753603458401 0.062069520354270935 0.143311858177185
v -0.05452753603458401 0.062069520354270935 0.143311858177185
v -0.05569890514016148 0.050079595297575 0.13582639396190638
v -0.055661208927631343 0.050614748150110245 0.13722719252109522
v -0.05452753603458401 0.062069520354270935 0.143311858177185
v -0.055661208927631343 0.050614748150110245 0.13722719252109522
v -0.05468843132257458 0.06581786274909973 0.15780268609523768
v -0.05468843132257458 0.06581786274909973 0.15780268609523768
v -0.055661208927631343 0.050614748150110245 0.13722719252109522
v -0.055690780282020534 0.0529896579682827 0.14502783119678492
v -0.05468843132257458 0.06581786274909973 0.15780268609523768
v -0.055690780282020534 0.0529896579682827 0.14502783119678492
v -0.05569323524832722 0.05318671837449074 0.14567509293556208
v -0.05579638853669163 0.04869566857814789 0.13220386207103724
v -0.05452753603458401 0.062069520354270935 0.143311858177185
v -0.05590566992759701 0.04714421555399895 0.12814283370971674
v -0.05590566992759701 0.04714421555399895 0.12814283370971674
v -0.05452753603458401 0.062069520354270935 0.143311858177185
v -0.05493192747235295 0.05693799629807472 0.12924818694591517
v -0.05590566992759701 0.04714421555399895 0.12814283370971674
v -0.05493192747235295 0.05693799629807472 0.12924818694591517
v -0.056245930492877926 0.04450612887740135 0.1223194450139999
v -0.05743330717086788 0.03724958002567291 0.10775811970233913
v -0.05729820206761356 0.03802048787474632 0.10925312340259548
v -0.055834669619798626 0.05085945129394531 0.11559536308050151
v -0.055834669619798626 0.05085945129394531 0.11559536308050151
v -0.05729820206761356 0.03802048787474632 0.10925312340259548
v -0.05648108199238774 0.04268296808004379 0.11829495429992672
v -0.055834669619798626 0.05085945129394531 0.11559536308050151
v -0.05648108199238774 0.04268296808004379 0.11829495429992672
v -0.05493192747235295 0.05693799629807472 0.12924818694591517
v -0.05493192747235295 0.05693799629807472 0.12924818694591517
v -0.05648108199238774 0.04268296808004379 0.11829495429992672
v -0.05639386549592015 0.04335916414856911 0.11978761106729503
v -0.05493192747235295 0.05693799629807472 0.12924818694591517
v -0.05639386549592015 0.04335916414856911 0.11978761106729503
v -0.056245930492877926 0.04450612887740135 0.1223194450139999
v -0.062276553362607914 0.017547274008393288 0.07423812896013257
v -0.060708332806825596 0.023473544046282768 0.08410269021987912
v -0.06205020099878307 0.02346871793270111 0.07452122122049329
v -0.06450184434652324 0.010248574428260326 0.061378415673971155
v -0.06272548437118526 0.01607483997941017 0.0716438218951225
v -0.06205020099878307 0.02346871793270111 0.07452122122049329
v -0.06205020099878307 0.02346871793270111 0.07452122122049329
v -0.06272548437118526 0.01607483997941017 0.0716438218951225
v -0.0624875500798225 0.016855234280228615 0.0730188116431236
v -0.06205020099878307 0.02346871793270111 0.07452122122049329
v -0.0624875500798225 0.016855234280228615 0.0730188116431236
v -0.062276553362607914 0.017547274008393288 0.07423812896013257
v -0.0662528499960899 0.004904528614133596 0.0505000129342079
v -0.06617898494005199 0.005121211986988783 0.05100214853882788
v -0.06591717898845668 0.011905715800821781 0.0505000166594982
v -0.06591717898845668 0.011905715800821781 0.0505000166594982
v -0.06617898494005199 0.005121211986988783 0.05100214853882788
v -0.06489444524049755 0.009009300731122494 0.05902091413736341
v -0.06591717898845668 0.011905715800821781 0.0505000166594982
v -0.06489444524049755 0.009009300731122494 0.05902091413736341
v -0.06415790319442745 0.01697252318263054 0.062113091349601725
v -0.06415790319442745 0.01697252318263054 0.062113091349601725
v -0.06489444524049755 0.009009300731122494 0.05902091413736341
v -0.06470312178134914 0.009588400833308697 0.0602152459323406
v -0.06415790319442745 0.01697252318263054 0.062113091349601725
v -0.06470312178134914 0.009588400833308697 0.0602152459323406
v -0.06450184434652324 0.010248574428260326 0.061378415673971155
v -0.06590270996093746 0.012207526713609695 0.0505000166594982
v -0.06415790319442745 0.01697252318263054 0.062113091349601725
v -0.06588963419198986 0.012480312958359718 0.0505000166594982
v -0.06588963419198986 0.012480312958359718 0.0505000166594982
v -0.06415790319442745 0.01697252318263054 0.062113091349601725
v -0.06299395859241481 0.02397480048239231 0.06287685036659238
v -0.06588963419198986 0.012480312958359718 0.0505000166594982
v -0.06299395859241481 0.02397480048239231 0.06287685036659238
v -0.06444450467824932 0.01909955032169819 0.0505000166594982
v -0.0610079206526279 0.03077837824821472 0.06364946067333219
v -0.06329418718814846 0.02436848171055317 0.0505000129342079
v -0.06299395859241481 0.02397480048239231 0.06287685036659238
v -0.06299395859241481 0.02397480048239231 0.06287685036659238
v -0.06329418718814846 0.02436848171055317 0.0505000129342079
v -0.06438990682363506 0.019349638372659683 0.0505000129342079
v -0.06299395859241481 0.02397480048239231 0.06287685036659238
v -0.06438990682363506 0.019349638372659683 0.0505000129342079
v -0.06444450467824932 0.01909955032169819 0.0505000166594982
v -0.058246150612831074 0.0372886136174202 0.0644242390990257
v -0.06240750476717945 0.02633768506348133 0.050500009208917604
v -0.0610079206526279 0.03077837824821472 0.06364946067333219
v -0.0610079206526279 0.03077837824821472 0.06364946067333219
v -0.06240750476717945 0.02633768506348133 0.050500009208917604
v -0.06249326094985004 0.026147229596972466 0.050500009208917604
v -0.0610079206526279 0.03077837824821472 0.06364946067333219
v -0.06249326094985004 0.026147229596972466 0.050500009208917604
v -0.06329418718814846 0.02436848171055317 0.0505000129342079
v -0.05582308769226071 0.03919303044676781 0.05049999803304671
v -0.05804861336946483 0.0360182449221611 0.05050000175833701
v -0.058246150612831074 0.0372886136174202 0.0644242390990257
v -0.05804861336946483 0.0360182449221611 0.05050000175833701
v -0.05940568447113033 0.033004358410835266 0.050500005483627305
v -0.058246150612831074 0.0372886136174202 0.0644242390990257
v -0.058246150612831074 0.0372886136174202 0.0644242390990257
v -0.05940568447113033 0.033004358410835266 0.050500005483627305
v -0.059472423046827275 0.032856136560440063 0.050500005483627305
v -0.058246150612831074 0.0372886136174202 0.0644242390990257
v -0.059472423046827275 0.032856136560440063 0.050500005483627305
v -0.06240750476717945 0.02633768506348133 0.050500009208917604
v -0.04669393226504323 0.0506775826215744 0.05049997568130492
v -0.05071097612380978 0.04648563265800476 0.05049999058246611
v -0.050747703760862316 0.0492016077041626 0.06592969596385953
v -0.050747703760862316 0.0492016077041626 0.06592969596385953
v -0.05071097612380978 0.04648563265800476 0.05049999058246611
v -0.051559373736381496 0.04527536407113075 0.05049999430775641
v -0.050747703760862316 0.0492016077041626 0.06592969596385953
v -0.051559373736381496 0.04527536407113075 0.05049999430775641
v -0.05159916356205937 0.04521860182285309 0.05049999430775641
v -0.04952967539429661 0.05517105758190155 0.08247351646423337
v -0.04538491740822789 0.06048089638352394 0.08393283188343045
v -0.050747703760862316 0.0492016077041626 0.06592969596385953
v -0.050747703760862316 0.0492016077041626 0.06592969596385953
v -0.04538491740822789 0.06048089638352394 0.08393283188343045
v -0.046220343559980365 0.05456986278295517 0.06662626564502713
v -0.050747703760862316 0.0492016077041626 0.06592969596385953
v -0.046220343559980365 0.05456986278295517 0.06662626564502713
v -0.04669393226504323 0.0506775826215744 0.05049997568130492
v -0.04669393226504323 0.0506775826215744 0.05049997568130492
v -0.046220343559980365 0.05456986278295517 0.06662626564502713
v -0.04171494394540784 0.05732408165931702 0.05909258872270582
v -0.04669393226504323 0.0506775826215744 0.05049997568130492
v -0.04171494394540784 0.05732408165931702 0.05909258872270582
v -0.04185524955391881 0.05579829588532448 0.050922531634569154
v -0.053258746862411464 0.057349275797605515 0.10869627445936199
v -0.047378856688737835 0.06928981840610504 0.11486517637968059
v -0.04952967539429661 0.05517105758190155 0.08247351646423337
v -0.04952967539429661 0.05517105758190155 0.08247351646423337
v -0.047378856688737835 0.06928981840610504 0.11486517637968059
v -0.044568691402673694 0.06745254248380661 0.10087111592292783
v -0.04952967539429661 0.05517105758190155 0.08247351646423337
v -0.044568691402673694 0.06745254248380661 0.10087111592292783
v -0.04538491740822789 0.06048089638352394 0.08393283188343045
v -0.04538491740822789 0.06048089638352394 0.08393283188343045
v -0.044568691402673694 0.06745254248380661 0.10087111592292783
v -0.040861889719963046 0.06990355998277664 0.0972190126776695
v -0.04538491740822789 0.06048089638352394 0.08393283188343045
v -0.040861889719963046 0.06990355998277664 0.0972190126776695
v -0.04105699434876439 0.06685475260019302 0.08936990052461621
v -0.05159916356205937 0.04521860182285309 0.05049999430775641
v -0.05575647577643391 0.039288055151700974 0.05049999803304671
v -0.050747703760862316 0.0492016077041626 0.06592969596385953
v -0.050747703760862316 0.0492016077041626 0.06592969596385953
v -0.05575647577643391 0.039288055151700974 0.05049999803304671
v -0.054791864007711376 0.043440189212560654 0.0651896074414253
v -0.050747703760862316 0.0492016077041626 0.06592969596385953
v -0.054791864007711376 0.043440189212560654 0.0651896074414253
v -0.04952967539429661 0.05517105758190155 0.08247351646423337
v -0.04952967539429661 0.05517105758190155 0.08247351646423337
v -0.054791864007711376 0.043440189212560654 0.0651896074414253
v -0.05324725061655041 0.049485865980386734 0.08092778921127317
v -0.04952967539429661 0.05517105758190155 0.08247351646423337
v -0.05324725061655041 0.049485865980386734 0.08092778921127317
v -0.053258746862411464 0.057349275797605515 0.10869627445936199
v -0.04667654633522031 0.07620968669652939 0.13119453191757197
v -0.05217780917882916 0.06410881876945496 0.12358944863080974
v -0.04627923294901845 0.08237858861684799 0.14784844219684595
v -0.04627923294901845 0.08237858861684799 0.14784844219684595
v -0.05217780917882916 0.06410881876945496 0.12358944863080974
v -0.05151128396391865 0.07018253207206726 0.1388218998908996
v -0.04627923294901845 0.08237858861684799 0.14784844219684595
v -0.05151128396391865 0.07018253207206726 0.1388218998908996
v -0.04621437564492223 0.087305948138237 0.16492091119289393
v -0.04621437564492223 0.087305948138237 0.16492091119289393
v -0.05151128396391865 0.07018253207206726 0.1388218998908996
v -0.0513033531606197 0.07514909654855728 0.1544735580682754
v -0.04621437564492223 0.087305948138237 0.16492091119289393
v -0.0513033531606197 0.07514909654855728 0.1544735580682754
v -0.051599945873022045 0.07849385589361191 0.17054171860218043
v -0.05300221219658848 0.07885513454675674 0.19499614834785456
v -0.050574313849210704 0.08434929698705673 0.20211966335773462
v -0.05241566896438595 0.07951194792985916 0.18686947226524347
v -0.05241566896438595 0.07951194792985916 0.18686947226524347
v -0.050574313849210704 0.08434929698705673 0.20211966335773462
v -0.05004528537392613 0.08525265753269196 0.19366505742073054
v -0.05241566896438595 0.07951194792985916 0.18686947226524347
v -0.05004528537392613 0.08525265753269196 0.19366505742073054
v -0.051944669336080516 0.07934786379337311 0.17869302630424494
v -0.051944669336080516 0.07934786379337311 0.17869302630424494
v -0.05004528537392613 0.08525265753269196 0.19366505742073054
v -0.049611702561378444 0.08527295291423798 0.18513980507850641
v -0.051944669336080516 0.07934786379337311 0.17869302630424494
v -0.049611702561378444 0.08527295291423798 0.18513980507850641
v -0.051599945873022045 0.07849385589361191 0.17054171860218043
v -0.051599945873022045 0.07849385589361191 0.17054171860218043
v -0.049611702561378444 0.08527295291423798 0.18513980507850641
v -0.04928498715162274 0.08455181866884232 0.17662869393825525
v -0.051599945873022045 0.07849385589361191 0.17054171860218043
v -0.04928498715162274 0.08455181866884232 0.17662869393825525
v -0.04621437564492223 0.087305948138237 0.16492091119289393
v -0.050574313849210704 0.08434929698705673 0.20211966335773462
v -0.047598097473382915 0.08968791365623474 0.20888239145278922
v -0.05004528537392613 0.08525265753269196 0.19366505742073054
v -0.05004528537392613 0.08525265753269196 0.19366505742073054
v -0.047598097473382915 0.08968791365623474 0.20888239145278922
v -0.047156803309917415 0.09081835299730301 0.200114756822586
v -0.05004528537392613 0.08525265753269196 0.19366505742073054
v -0.047156803309917415 0.09081835299730301 0.200114756822586
v -0.049611702561378444 0.08527295291423798 0.18513980507850641
v -0.049611702561378444 0.08527295291423798 0.18513980507850641
v -0.047156803309917415 0.09081835299730301 0.200114756822586
v -0.04678980633616445 0.0910027027130127 0.191258355975151
v -0.049611702561378444 0.08527295291423798 0.18513980507850641
v -0.04678980633616445 0.0910027027130127 0.191258355975151
v -0.04928498715162274 0.08455181866884232 0.17662869393825525
v -0.04928498715162274 0.08455181866884232 0.17662869393825525
v -0.04678980633616445 0.0910027027130127 0.191258355975151
v -0.04650742188096044 0.09039387851953506 0.18240763247013086
v -0.04928498715162274 0.08455181866884232 0.17662869393825525
v -0.04650742188096044 0.09039387851953506 0.18240763247013086
v -0.04621437564492223 0.087305948138237 0.16492091119289393
v -0.06114798784255977 0.0005000074743293226 0.2456299811601638
v -0.05819827690720554 0.0005001225508749485 0.25119921565055836
v -0.060875941067933995 0.01483679935336113 0.24493615329265586
v -0.060875941067933995 0.01483679935336113 0.24493615329265586
v -0.05819827690720554 0.0005001225508749485 0.25119921565055836
v -0.05714928731322285 0.015582392923533916 0.2519620060920714
v -0.060875941067933995 0.01483679935336113 0.24493615329265586
v -0.05714928731322285 0.015582392923533916 0.2519620060920714
v -0.06000228598713871 0.03092651069164276 0.24248483777046195
v -0.06000228598713871 0.03092651069164276 0.24248483777046195
v -0.05714928731322285 0.015582392923533916 0.2519620060920714
v -0.05645119398832318 0.0324060283601284 0.24976453185081474
v -0.06000228598713871 0.03092651069164276 0.24248483777046195
v -0.05645119398832318 0.0324060283601284 0.24976453185081474
v -0.05938233062624927 0.038735099136829376 0.2403823882341384
v -0.05938233062624927 0.038735099136829376 0.2403823882341384
v -0.05645119398832318 0.0324060283601284 0.24976453185081474
v -0.05595108494162556 0.04061776027083397 0.24781934916973106
v -0.05938233062624927 0.038735099136829376 0.2403823882341384
v -0.05595108494162556 0.04061776027083397 0.24781934916973106
v -0.058662883937358815 0.046271368861198425 0.23756393790245048
v -0.058662883937358815 0.046271368861198425 0.23756393790245048
v -0.05595108494162556 0.04061776027083397 0.24781934916973106
v -0.05536737293004986 0.048590078949928284 0.24516019225120536
v -0.058662883937358815 0.046271368861198425 0.23756393790245048
v -0.05536737293004986 0.048590078949928284 0.24516019225120536
v -0.05786545947194095 0.053410958498716354 0.23393343389034263
v -0.05786545947194095 0.053410958498716354 0.23393343389034263
v -0.05536737293004986 0.048590078949928284 0.24516019225120536
v -0.05471595376729962 0.05620149150490761 0.24167108535766593
v -0.05786545947194095 0.053410958498716354 0.23393343389034263
v -0.05471595376729962 0.05620149150490761 0.24167108535766593
v -0.057016160339117015 0.05999366194009781 0.22941315174102775
v -0.057016160339117015 0.05999366194009781 0.22941315174102775
v -0.05471595376729962 0.05620149150490761 0.24167108535766593
v -0.054015990346670116 0.06328734755516052 0.23724910616874686
v -0.057016160339117015 0.05999366194009781 0.22941315174102775
v -0.054015990346670116 0.06328734755516052 0.23724910616874686
v -0.05614455416798588 0.0658297911286354 0.2239695042371749
v -0.05614455416798588 0.0658297911286354 0.2239695042371749
v -0.054015990346670116 0.06328734755516052 0.23724910616874686
v -0.05328946933150288 0.06964223086833954 0.23183412849903098
v -0.05614455416798588 0.0658297911286354 0.2239695042371749
v -0.05328946933150288 0.06964223086833954 0.23183412849903098
v -0.05528125539422032 0.07072891294956207 0.2176448553800582
v -0.05528125539422032 0.07072891294956207 0.2176448553800582
v -0.05328946933150288 0.06964223086833954 0.23183412849903098
v -0.05255995690822598 0.07504782825708389 0.22544844448566428
v -0.05528125539422032 0.07072891294956207 0.2176448553800582
v -0.05255995690822598 0.07504782825708389 0.22544844448566428
v -0.054454527795314754 0.07454812526702881 0.21057319641113273
v -0.054454527795314754 0.07454812526702881 0.21057319641113273
v -0.05255995690822598 0.07504782825708389 0.22544844448566428
v -0.05185058340430256 0.07932925224304199 0.21822242438793174
v -0.054454527795314754 0.07454812526702881 0.21057319641113273
v -0.05185058340430256 0.07932925224304199 0.21822242438793174
v -0.05368816107511517 0.0772395133972168 0.20295424759387964
v -0.05368816107511517 0.0772395133972168 0.20295424759387964
v -0.05185058340430256 0.07932925224304199 0.21822242438793174
v -0.05118235200643536 0.08241517096757889 0.2103693634271621
v -0.05731036141514774 0.0005001508980058134 0.2525227069854735
v -0.053826395422220195 0.0005002620746381581 0.2577158212661742
v -0.05714928731322285 0.015582392923533916 0.2519620060920714
v -0.05714928731322285 0.015582392923533916 0.2519620060920714
v -0.053826395422220195 0.0005002620746381581 0.2577158212661742
v -0.052666462957859005 0.016300680115818977 0.2585354447364806
v -0.05714928731322285 0.015582392923533916 0.2519620060920714
v -0.052666462957859005 0.016300680115818977 0.2585354447364806
v -0.05645119398832318 0.0324060283601284 0.24976453185081474
v -0.05645119398832318 0.0324060283601284 0.24976453185081474
v -0.052666462957859005 0.016300680115818977 0.2585354447364806
v -0.05216361582279202 0.03383682668209076 0.25660932064056385
v -0.05645119398832318 0.0324060283601284 0.24976453185081474
v -0.05216361582279202 0.03383682668209076 0.25660932064056385
v -0.05595108494162556 0.04061776027083397 0.24781934916973106
v -0.05595108494162556 0.04061776027083397 0.24781934916973106
v -0.05216361582279202 0.03383682668209076 0.25660932064056385
v -0.051797706633806194 0.042442433536052704 0.25482961535453785
v -0.05595108494162556 0.04061776027083397 0.24781934916973106
v -0.051797706633806194 0.042442433536052704 0.25482961535453785
v -0.05536737293004986 0.048590078949928284 0.24516019225120536
v -0.05536737293004986 0.048590078949928284 0.24516019225120536
v -0.051797706633806194 0.042442433536052704 0.25482961535453785
v -0.051365908235311473 0.05084211006760597 0.25233739614486683
v -0.05536737293004986 0.048590078949928284 0.24516019225120536
v -0.051365908235311473 0.05084211006760597 0.25233739614486683
v -0.05471595376729962 0.05620149150490761 0.24167108535766593
v -0.05471595376729962 0.05620149150490761 0.24167108535766593
v -0.051365908235311473 0.05084211006760597 0.25233739614486683
v -0.05087792500853535 0.058916717767715454 0.24899673461914054
v -0.05471595376729962 0.05620149150490761 0.24167108535766593
v -0.05087792500853535 0.058916717767715454 0.24899673461914054
v -0.054015990346670116 0.06328734755516052 0.23724910616874686
v -0.054015990346670116 0.06328734755516052 0.23724910616874686
v -0.05087792500853535 0.058916717767715454 0.24899673461914054
v -0.05034580081701275 0.06649653613567352 0.24467968940734855
v -0.054015990346670116 0.06328734755516052 0.23724910616874686
v -0.05034580081701275 0.06649653613567352 0.24467968940734855
v -0.05328946933150288 0.06964223086833954 0.23183412849903098
v -0.05328946933150288 0.06964223086833954 0.23183412849903098
v -0.05034580081701275 0.06649653613567352 0.24467968940734855
v -0.04978414252400395 0.07335976511240005 0.2393000125885009
v -0.05328946933150288 0.06964223086833954 0.23183412849903098
v -0.04978414252400395 0.07335976511240005 0.2393000125885009
v -0.05255995690822598 0.07504782825708389 0.22544844448566428
v -0.05255995690822598 0.07504782825708389 0.22544844448566428
v -0.04978414252400395 0.07335976511240005 0.2393000125885009
v -0.049210030585527385 0.07925967127084732 0.23286049067974082
v -0.05255995690822598 0.07504782825708389 0.22544844448566428
v -0.049210030585527385 0.07925967127084732 0.23286049067974082
v -0.05185058340430256 0.07932925224304199 0.21822242438793174
v -0.05185058340430256 0.07932925224304199 0.21822242438793174
v -0.049210030585527385 0.07925967127084732 0.23286049067974082
v -0.04864211007952687 0.08398909866809845 0.22548845410346977
v -0.05185058340430256 0.07932925224304199 0.21822242438793174
v -0.04864211007952687 0.08398909866809845 0.22548845410346977
v -0.05118235200643536 0.08241517096757889 0.2103693634271621
v -0.05118235200643536 0.08241517096757889 0.2103693634271621
v -0.04864211007952687 0.08398909866809845 0.22548845410346977
v -0.04809892922639843 0.08745332062244415 0.2174113690853118
v -0.047598097473382915 0.08968791365623474 0.20888239145278922
v -0.04414128139615056 0.09486957639455795 0.21517452597618095
v -0.047156803309917415 0.09081835299730301 0.200114756822586
v -0.047156803309917415 0.09081835299730301 0.200114756822586
v -0.04414128139615056 0.09486957639455795 0.21517452597618095
v -0.04381941258907315 0.09620754420757294 0.20611019432544703
v -0.047156803309917415 0.09081835299730301 0.200114756822586
v -0.04381941258907315 0.09620754420757294 0.20611019432544703
v -0.04678980633616445 0.0910027027130127 0.191258355975151
v -0.04678980633616445 0.0910027027130127 0.191258355975151
v -0.04381941258907315 0.09620754420757294 0.20611019432544703
v -0.043549742549657794 0.09653551876544952 0.19694219529628748
v -0.04678980633616445 0.0910027027130127 0.191258355975151
v -0.043549742549657794 0.09653551876544952 0.19694219529628748
v -0.04650742188096044 0.09039387851953506 0.18240763247013086
v -0.04650742188096044 0.09039387851953506 0.18240763247013086
v -0.043549742549657794 0.09653551876544952 0.19694219529628748
v -0.04333969205617902 0.09601835161447525 0.18777443468570704
v -0.04650742188096044 0.09039387851953506 0.18240763247013086
v -0.04333969205617902 0.09601835161447525 0.18777443468570704
v -0.04621437564492223 0.087305948138237 0.16492091119289393
v -0.04621437564492223 0.087305948138237 0.16492091119289393
v -0.04333969205617902 0.09601835161447525 0.18777443468570704
v -0.043111428618431064 0.0929996594786644 0.16965390741825098
v -0.04621437564492223 0.087305948138237 0.16492091119289393
v -0.043111428618431064 0.0929996594786644 0.16965390741825098
v -0.04627923294901845 0.08237858861684799 0.14784844219684595
v -0.04627923294901845 0.08237858861684799 0.14784844219684595
v -0.043111428618431064 0.0929996594786644 0.16965390741825098
v -0.04313783720135686 0.08804062753915787 0.15195377171039576
v -0.04627923294901845 0.08237858861684799 0.14784844219684595
v -0.04313783720135686 0.08804062753915787 0.15195377171039576
v -0.04001887515187261 0.08957085758447647 0.14506329596042628
v -0.04001887515187261 0.08957085758447647 0.14506329596042628
v -0.04313783720135686 0.08804062753915787 0.15195377171039576
v -0.03995555266737935 0.09310205280780792 0.15551014244556421
v -0.05276923626661297 0.0005002437974326313 0.2589767277240752
v -0.04926601052284237 0.0005001831450499594 0.26315513253211964
v -0.052666462957859005 0.016300680115818977 0.2585354447364806
v -0.052666462957859005 0.016300680115818977 0.2585354447364806
v -0.04926601052284237 0.0005001831450499594 0.26315513253211964
v -0.04748569801449772 0.016991421580314636 0.2645639479160308
v -0.052666462957859005 0.016300680115818977 0.2585354447364806
v -0.04748569801449772 0.016991421580314636 0.2645639479160308
v -0.05216361582279202 0.03383682668209076 0.25660932064056385
v -0.05216361582279202 0.03383682668209076 0.25660932064056385
v -0.04748569801449772 0.016991421580314636 0.2645639479160308
v -0.047198582440614666 0.03521845117211342 0.2629190981388091
v -0.05216361582279202 0.03383682668209076 0.25660932064056385
v -0.047198582440614666 0.03521845117211342 0.2629190981388091
v -0.051797706633806194 0.042442433536052704 0.25482961535453785
v -0.051797706633806194 0.042442433536052704 0.25482961535453785
v -0.047198582440614666 0.03521845117211342 0.2629190981388091
v -0.046981785446405376 0.044208552688360214 0.26131004095077504
v -0.051797706633806194 0.042442433536052704 0.25482961535453785
v -0.046981785446405376 0.044208552688360214 0.26131004095077504
v -0.051365908235311473 0.05084211006760597 0.25233739614486683
v -0.051365908235311473 0.05084211006760597 0.25233739614486683
v -0.046981785446405376 0.044208552688360214 0.26131004095077504
v -0.04671873152256009 0.05302678793668747 0.258989781141281
v -0.051365908235311473 0.05084211006760597 0.25233739614486683
v -0.04671873152256009 0.05302678793668747 0.258989781141281
v -0.05087792500853535 0.058916717767715454 0.24899673461914054
v -0.05087792500853535 0.058916717767715454 0.24899673461914054
v -0.04671873152256009 0.05302678793668747 0.258989781141281
v -0.046412382274866076 0.06155586242675781 0.25580254197120655
v -0.05087792500853535 0.058916717767715454 0.24899673461914054
v -0.046412382274866076 0.06155586242675781 0.25580254197120655
v -0.05034580081701275 0.06649653613567352 0.24467968940734855
v -0.05034580081701275 0.06649653613567352 0.24467968940734855
v -0.046412382274866076 0.06155586242675781 0.25580254197120655
v -0.04606745764613149 0.06962034106254578 0.25159552693366993
v -0.05034580081701275 0.06649653613567352 0.24467968940734855
v -0.04606745764613149 0.06962034106254578 0.25159552693366993
v -0.04978414252400395 0.07335976511240005 0.2393000125885009
v -0.04978414252400395 0.07335976511240005 0.2393000125885009
v -0.04606745764613149 0.06962034106254578 0.25159552693366993
v -0.04569140821695325 0.07698140293359756 0.24625672399997703
v -0.04978414252400395 0.07335976511240005 0.2393000125885009
v -0.04569140821695325 0.07698140293359756 0.24625672399997703
v -0.049210030585527385 0.07925967127084732 0.23286049067974082
v -0.049210030585527385 0.07925967127084732 0.23286049067974082
v -0.04569140821695325 0.07698140293359756 0.24625672399997703
v -0.04529537633061406 0.0833633542060852 0.23976996541023246
v -0.049210030585527385 0.07925967127084732 0.23286049067974082
v -0.04529537633061406 0.0833633542060852 0.23976996541023246
v -0.04864211007952687 0.08398909866809845 0.22548845410346977
v -0.04864211007952687 0.08398909866809845 0.22548845410346977
v -0.04529537633061406 0.0833633542060852 0.23976996541023246
v -0.04489417001605031 0.08852648735046387 0.2322601526975631
v -0.04864211007952687 0.08398909866809845 0.22548845410346977
v -0.04489417001605031 0.08852648735046387 0.2322601526975631
v -0.04809892922639843 0.08745332062244415 0.2174113690853118
v -0.04809892922639843 0.08745332062244415 0.2174113690853118
v -0.04489417001605031 0.08852648735046387 0.2322601526975631
v -0.04450422897934911 0.09235267341136932 0.22396956384181968
v -0.05683641135692593 0.06654204428195953 0.1873978823423385
v -0.05557785183191296 0.07193955779075623 0.19526864588260645
v -0.05300221219658848 0.07885513454675674 0.19499614834785456
v -0.05557785183191296 0.07193955779075623 0.19526864588260645
v -0.05683641135692593 0.06654204428195953 0.1873978823423385
v -0.0564162582159042 0.06965788453817368 0.20264443755149836
v -0.0564162582159042 0.06965788453817368 0.20264443755149836
v -0.05683641135692593 0.06654204428195953 0.1873978823423385
v -0.05772096663713451 0.06468307971954346 0.19452336430549616
v -0.0564162582159042 0.06965788453817368 0.20264443755149836
v -0.05772096663713451 0.06468307971954346 0.19452336430549616
v -0.05733676627278324 0.06631401181221008 0.20955400168895713
v -0.05733676627278324 0.06631401181221008 0.20955400168895713
v -0.05772096663713451 0.06468307971954346 0.19452336430549616
v -0.05871152877807613 0.06182551383972168 0.2012647688388824
v -0.05733676627278324 0.06631401181221008 0.20955400168895713
v -0.05871152877807613 0.06182551383972168 0.2012647688388824
v -0.05831247568130489 0.061932455748319626 0.2158106565475463
v -0.05831247568130489 0.061932455748319626 0.2158106565475463
v -0.05871152877807613 0.06182551383972168 0.2012647688388824
v -0.05977773293852802 0.05797043815255165 0.2074479162693023
v -0.05831247568130489 0.061932455748319626 0.2158106565475463
v -0.05977773293852802 0.05797043815255165 0.2074479162693023
v -0.05930933356285091 0.05662442371249199 0.22127614915370933
v -0.05930933356285091 0.05662442371249199 0.22127614915370933
v -0.05977773293852802 0.05797043815255165 0.2074479162693023
v -0.06087909638881679 0.05319764465093613 0.2129296362400054
v -0.05930933356285091 0.05662442371249199 0.22127614915370933
v -0.06087909638881679 0.05319764465093613 0.2129296362400054
v -0.060289133340120274 0.050552986562252045 0.225887507200241
v -0.060289133340120274 0.050552986562252045 0.225887507200241
v -0.06087909638881679 0.05319764465093613 0.2129296362400054
v -0.06196926161646839 0.047643400728702545 0.21762581169605247
v -0.060289133340120274 0.050552986562252045 0.225887507200241
v -0.06196926161646839 0.047643400728702545 0.21762581169605247
v -0.06121449545025821 0.0438927598297596 0.22965139150619499
v -0.06121449545025821 0.0438927598297596 0.22965139150619499
v -0.06196926161646839 0.047643400728702545 0.21762581169605247
v -0.06300283223390575 0.04146789014339447 0.22151580452918998
v -0.06121449545025821 0.0438927598297596 0.22965139150619499
v -0.06300283223390575 0.04146789014339447 0.22151580452918998
v -0.062052585184574086 0.03680014982819557 0.23262014985084525
v -0.062052585184574086 0.03680014982819557 0.23262014985084525
v -0.06300283223390575 0.04146789014339447 0.22151580452918998
v -0.06394042819738384 0.034824345260858536 0.2246263623237609
v -0.062052585184574086 0.03680014982819557 0.23262014985084525
v -0.06394042819738384 0.034824345260858536 0.2246263623237609
v -0.06277681887149807 0.02940288558602333 0.2348698526620864
v -0.06631370633840557 0.0005002024699933827 0.2306792885065078
v -0.06422200798988338 0.0005001313402317464 0.23813000321388236
v -0.06590085476636882 0.013275760225951672 0.22990556061267844
v -0.06590085476636882 0.013275760225951672 0.22990556061267844
v -0.06422200798988338 0.0005001313402317464 0.23813000321388236
v -0.06380306929349895 0.014066314324736595 0.23755268752574912
v -0.06590085476636882 0.013275760225951672 0.22990556061267844
v -0.06380306929349895 0.014066314324736595 0.23755268752574912
v -0.06541076302528377 0.020634427666664124 0.22874973714351646
v -0.06541076302528377 0.020634427666664124 0.22874973714351646
v -0.06380306929349895 0.014066314324736595 0.23755268752574912
v -0.06277681887149807 0.02940288558602333 0.2348698526620864
v -0.06541076302528377 0.020634427666664124 0.22874973714351646
v -0.06277681887149807 0.02940288558602333 0.2348698526620864
v -0.0647509470582008 0.02784438617527485 0.22701361775398246
v -0.0647509470582008 0.02784438617527485 0.22701361775398246
v -0.06277681887149807 0.02940288558602333 0.2348698526620864
v -0.06394042819738384 0.034824345260858536 0.2246263623237609
v -0.06414112448692318 0.0005001276731491089 0.23833009600639335
v -0.06132701411843296 0.0005000005476176739 0.24529196321964256
v -0.06380306929349895 0.014066314324736595 0.23755268752574912
v -0.06380306929349895 0.014066314324736595 0.23755268752574912
v -0.06132701411843296 0.0005000005476176739 0.24529196321964256
v -0.060875941067933995 0.01483679935336113 0.24493615329265586
v -0.06380306929349895 0.014066314324736595 0.23755268752574912
v -0.060875941067933995 0.01483679935336113 0.24493615329265586
v -0.06277681887149807 0.02940288558602333 0.2348698526620864
v -0.06277681887149807 0.02940288558602333 0.2348698526620864
v -0.060875941067933995 0.01483679935336113 0.24493615329265586
v -0.06000228598713871 0.03092651069164276 0.24248483777046195
v -0.06277681887149807 0.02940288558602333 0.2348698526620864
v -0.06000228598713871 0.03092651069164276 0.24248483777046195
v -0.062052585184574086 0.03680014982819557 0.23262014985084525
v -0.062052585184574086 0.03680014982819557 0.23262014985084525
v -0.06000228598713871 0.03092651069164276 0.24248483777046195
v -0.05938233062624927 0.038735099136829376 0.2403823882341384
v -0.062052585184574086 0.03680014982819557 0.23262014985084525
v -0.05938233062624927 0.038735099136829376 0.2403823882341384
v -0.06121449545025821 0.0438927598297596 0.22965139150619499
v -0.06121449545025821 0.0438927598297596 0.22965139150619499
v -0.05938233062624927 0.038735099136829376 0.2403823882341384
v -0.058662883937358815 0.046271368861198425 0.23756393790245048
v -0.06121449545025821 0.0438927598297596 0.22965139150619499
v -0.058662883937358815 0.046271368861198425 0.23756393790245048
v -0.060289133340120274 0.050552986562252045 0.225887507200241
v -0.060289133340120274 0.050552986562252045 0.225887507200241
v -0.058662883937358815 0.046271368861198425 0.23756393790245048
v -0.05786545947194095 0.053410958498716354 0.23393343389034263
v -0.060289133340120274 0.050552986562252045 0.225887507200241
v -0.05786545947194095 0.053410958498716354 0.23393343389034263
v -0.05930933356285091 0.05662442371249199 0.22127614915370933
v -0.05930933356285091 0.05662442371249199 0.22127614915370933
v -0.05786545947194095 0.053410958498716354 0.23393343389034263
v -0.057016160339117015 0.05999366194009781 0.22941315174102775
v -0.05930933356285091 0.05662442371249199 0.22127614915370933
v -0.057016160339117015 0.05999366194009781 0.22941315174102775
v -0.05831247568130489 0.061932455748319626 0.2158106565475463
v -0.05831247568130489 0.061932455748319626 0.2158106565475463
v -0.057016160339117015 0.05999366194009781 0.22941315174102775
v -0.05614455416798588 0.0658297911286354 0.2239695042371749
v -0.05831247568130489 0.061932455748319626 0.2158106565475463
v -0.05614455416798588 0.0658297911286354 0.2239695042371749
v -0.05733676627278324 0.06631401181221008 0.20955400168895713
v -0.05733676627278324 0.06631401181221008 0.20955400168895713
v -0.05614455416798588 0.0658297911286354 0.2239695042371749
v -0.05528125539422032 0.07072891294956207 0.2176448553800582
v -0.05733676627278324 0.06631401181221008 0.20955400168895713
v -0.05528125539422032 0.07072891294956207 0.2176448553800582
v -0.0564162582159042 0.06965788453817368 0.20264443755149836
v -0.0564162582159042 0.06965788453817368 0.20264443755149836
v -0.05528125539422032 0.07072891294956207 0.2176448553800582
v -0.054454527795314754 0.07454812526702881 0.21057319641113273
v -0.0564162582159042 0.06965788453817368 0.20264443755149836
v -0.054454527795314754 0.07454812526702881 0.21057319641113273
v -0.05557785183191296 0.07193955779075623 0.19526864588260645
v -0.05557785183191296 0.07193955779075623 0.19526864588260645
v -0.054454527795314754 0.07454812526702881 0.21057319641113273
v -0.05368816107511517 0.0772395133972168 0.20295424759387964
v -0.05557785183191296 0.07193955779075623 0.19526864588260645
v -0.05368816107511517 0.0772395133972168 0.20295424759387964
v -0.05300221219658848 0.07885513454675674 0.19499614834785456
v -0.05300221219658848 0.07885513454675674 0.19499614834785456
v -0.05368816107511517 0.0772395133972168 0.20295424759387964
v -0.05118235200643536 0.08241517096757889 0.2103693634271621
v -0.05300221219658848 0.07885513454675674 0.19499614834785456
v -0.05118235200643536 0.08241517096757889 0.2103693634271621
v -0.050574313849210704 0.08434929698705673 0.20211966335773462
v -0.050574313849210704 0.08434929698705673 0.20211966335773462
v -0.05118235200643536 0.08241517096757889 0.2103693634271621
v -0.04809892922639843 0.08745332062244415 0.2174113690853118
v -0.050574313849210704 0.08434929698705673 0.20211966335773462
v -0.04809892922639843 0.08745332062244415 0.2174113690853118
v -0.047598097473382915 0.08968791365623474 0.20888239145278922
v -0.047598097473382915 0.08968791365623474 0.20888239145278922
v -0.04809892922639843 0.08745332062244415 0.2174113690853118
v -0.04450422897934911 0.09235267341136932 0.22396956384181968
v -0.047598097473382915 0.08968791365623474 0.20888239145278922
v -0.04450422897934911 0.09235267341136932 0.22396956384181968
v -0.04414128139615056 0.09486957639455795 0.21517452597618095
v -0.04414128139615056 0.09486957639455795 0.21517452597618095
v -0.04450422897934911 0.09235267341136932 0.22396956384181968
v -0.040563646703958484 0.09890557825565338 0.22348515689373008
v -0.04414128139615056 0.09486957639455795 0.21517452597618095
v -0.040563646703958484 0.09890557825565338 0.22348515689373008
v -0.04050274938344953 0.09955626726150513 0.22059580683708183
v -0.06450184434652324 0.010248574428260326 0.061378415673971155
v -0.06205020099878307 0.02346871793270111 0.07452122122049329
v -0.06415790319442745 0.01697252318263054 0.062113091349601725
v -0.06415790319442745 0.01697252318263054 0.062113091349601725
v -0.06205020099878307 0.02346871793270111 0.07452122122049329
v -0.06089125573635097 0.03034484013915062 0.07611015439033506
v -0.06415790319442745 0.01697252318263054 0.062113091349601725
v -0.06089125573635097 0.03034484013915062 0.07611015439033506
v -0.06299395859241481 0.02397480048239231 0.06287685036659238
v -0.06299395859241481 0.02397480048239231 0.06287685036659238
v -0.06089125573635097 0.03034484013915062 0.07611015439033506
v -0.0590082965791225 0.03702744469046593 0.07771842181682584
v -0.06299395859241481 0.02397480048239231 0.06287685036659238
v -0.0590082965791225 0.03702744469046593 0.07771842181682584
v -0.0610079206526279 0.03077837824821472 0.06364946067333219
v -0.0610079206526279 0.03077837824821472 0.06364946067333219
v -0.0590082965791225 0.03702744469046593 0.07771842181682584
v -0.0564370863139629 0.043428149074316025 0.07933212071657178
v -0.0610079206526279 0.03077837824821472 0.06364946067333219
v -0.0564370863139629 0.043428149074316025 0.07933212071657178
v -0.058246150612831074 0.0372886136174202 0.0644242390990257
v -0.059146855026483494 0.029374340549111366 0.09392485022544858
v -0.058881375938653904 0.03059248998761177 0.09606275707483289
v -0.05829770117998119 0.03728466480970383 0.09906996041536328
v -0.05829770117998119 0.03728466480970383 0.09906996041536328
v -0.058881375938653904 0.03059248998761177 0.09606275707483289
v -0.057444598525762516 0.03718515485525131 0.10763318091630932
v -0.05829770117998119 0.03728466480970383 0.09906996041536328
v -0.057444598525762516 0.03718515485525131 0.10763318091630932
v -0.05717439949512478 0.0441829189658165 0.10227511078119275
v -0.05717439949512478 0.0441829189658165 0.10227511078119275
v -0.057444598525762516 0.03718515485525131 0.10763318091630932
v -0.055834669619798626 0.05085945129394531 0.11559536308050151
v -0.05717439949512478 0.0441829189658165 0.10227511078119275
v -0.055834669619798626 0.05085945129394531 0.11559536308050151
v -0.05548855662345883 0.05089640989899635 0.10549315065145488
v -0.05548855662345883 0.05089640989899635 0.10549315065145488
v -0.055834669619798626 0.05085945129394531 0.11559536308050151
v -0.053258746862411464 0.057349275797605515 0.10869627445936199
v -0.05575647577643391 0.039288055151700974 0.05049999803304671
v -0.05582308769226071 0.03919303044676781 0.05049999803304671
v -0.054791864007711376 0.043440189212560654 0.0651896074414253
v -0.054791864007711376 0.043440189212560654 0.0651896074414253
v -0.05582308769226071 0.03919303044676781 0.05049999803304671
v -0.058246150612831074 0.0372886136174202 0.0644242390990257
v -0.054791864007711376 0.043440189212560654 0.0651896074414253
v -0.058246150612831074 0.0372886136174202 0.0644242390990257
v -0.05324725061655041 0.049485865980386734 0.08092778921127317
v -0.05324725061655041 0.049485865980386734 0.08092778921127317
v -0.058246150612831074 0.0372886136174202 0.0644242390990257
v -0.0564370863139629 0.043428149074316025 0.07933212071657178
v -0.05324725061655041 0.049485865980386734 0.08092778921127317
v -0.0564370863139629 0.043428149074316025 0.07933212071657178
v -0.053258746862411464 0.057349275797605515 0.10869627445936199
v -0.053258746862411464 0.057349275797605515 0.10869627445936199
v -0.0564370863139629 0.043428149074316025 0.07933212071657178
v -0.0590082965791225 0.03702744469046593 0.07771842181682584
v -0.053258746862411464 0.057349275797605515 0.10869627445936199
v -0.0590082965791225 0.03702744469046593 0.07771842181682584
v -0.05548855662345883 0.05089640989899635 0.10549315065145488
v -0.05548855662345883 0.05089640989899635 0.10549315065145488
v -0.0590082965791225 0.03702744469046593 0.07771842181682584
v -0.06089125573635097 0.03034484013915062 0.07611015439033506
v -0.05548855662345883 0.05089640989899635 0.10549315065145488
v -0.06089125573635097 0.03034484013915062 0.07611015439033506
v -0.05717439949512478 0.0441829189658165 0.10227511078119275
v -0.05717439949512478 0.0441829189658165 0.10227511078119275
v -0.06089125573635097 0.03034484013915062 0.07611015439033506
v -0.06205020099878307 0.02346871793270111 0.07452122122049329
v -0.05717439949512478 0.0441829189658165 0.10227511078119275
v -0.06205020099878307 0.02346871793270111 0.07452122122049329
v -0.05829770117998119 0.03728466480970383 0.09906996041536328
v -0.05829770117998119 0.03728466480970383 0.09906996041536328
v -0.06205020099878307 0.02346871793270111 0.07452122122049329
v -0.060708332806825596 0.023473544046282768 0.08410269021987912
v -0.05829770117998119 0.03728466480970383 0.09906996041536328
v -0.060708332806825596 0.023473544046282768 0.08410269021987912
v -0.059146855026483494 0.029374340549111366 0.09392485022544858
v -0.06757584959268566 0.0005000944365747273 0.22296619415283195
v -0.06757233291864391 0.0005000952514819801 0.22303134202957145
v -0.067150667309761 0.01247198786586523 0.22208607196807853
v -0.067150667309761 0.01247198786586523 0.22208607196807853
v -0.06757233291864391 0.0005000952514819801 0.22303134202957145
v -0.06590085476636882 0.013275760225951672 0.22990556061267844
v -0.067150667309761 0.01247198786586523 0.22208607196807853
v -0.06590085476636882 0.013275760225951672 0.22990556061267844
v -0.06662379950284954 0.019450554624199867 0.22084960341453544
v -0.06662379950284954 0.019450554624199867 0.22084960341453544
v -0.06590085476636882 0.013275760225951672 0.22990556061267844
v -0.06541076302528377 0.020634427666664124 0.22874973714351646
v -0.06662379950284954 0.019450554624199867 0.22084960341453544
v -0.06541076302528377 0.020634427666664124 0.22874973714351646
v -0.06591267138719555 0.026264144107699394 0.21900257468223563
v -0.06591267138719555 0.026264144107699394 0.21900257468223563
v -0.06541076302528377 0.020634427666664124 0.22874973714351646
v -0.0647509470582008 0.02784438617527485 0.22701361775398246
v -0.06591267138719555 0.026264144107699394 0.21900257468223563
v -0.0647509470582008 0.02784438617527485 0.22701361775398246
v -0.06503666192293163 0.03282395750284195 0.21648499369621269
v -0.06503666192293163 0.03282395750284195 0.21648499369621269
v -0.0647509470582008 0.02784438617527485 0.22701361775398246
v -0.06394042819738384 0.034824345260858536 0.2246263623237609
v -0.06503666192293163 0.03282395750284195 0.21648499369621269
v -0.06394042819738384 0.034824345260858536 0.2246263623237609
v -0.0640211850404739 0.03901616856455803 0.21323856711387626
v -0.0640211850404739 0.03901616856455803 0.21323856711387626
v -0.06394042819738384 0.034824345260858536 0.2246263623237609
v -0.06300283223390575 0.04146789014339447 0.22151580452918998
v -0.0640211850404739 0.03901616856455803 0.21323856711387626
v -0.06300283223390575 0.04146789014339447 0.22151580452918998
v -0.06290129572153087 0.04470475763082504 0.2092271298170089
v -0.06290129572153087 0.04470475763082504 0.2092271298170089
v -0.06300283223390575 0.04146789014339447 0.22151580452918998
v -0.06196926161646839 0.047643400728702545 0.21762581169605247
v -0.06290129572153087 0.04470475763082504 0.2092271298170089
v -0.06196926161646839 0.047643400728702545 0.21762581169605247
v -0.06172271817922588 0.04973902180790901 0.20444975793361658
v -0.06172271817922588 0.04973902180790901 0.20444975793361658
v -0.06196926161646839 0.047643400728702545 0.21762581169605247
v -0.06087909638881679 0.05319764465093613 0.2129296362400054
v -0.06172271817922588 0.04973902180790901 0.20444975793361658
v -0.06087909638881679 0.05319764465093613 0.2129296362400054
v -0.06053909286856647 0.05397255718708038 0.19895473122596735
v -0.06053909286856647 0.05397255718708038 0.19895473122596735
v -0.06087909638881679 0.05319764465093613 0.2129296362400054
v -0.05977773293852802 0.05797043815255165 0.2074479162693023
v -0.06053909286856647 0.05397255718708038 0.19895473122596735
v -0.05977773293852802 0.05797043815255165 0.2074479162693023
v -0.05940547212958332 0.057295382022857666 0.19284790754318232
v -0.05940547212958332 0.057295382022857666 0.19284790754318232
v -0.05977773293852802 0.05797043815255165 0.2074479162693023
v -0.05871152877807613 0.06182551383972168 0.2012647688388824
v -0.05940547212958332 0.057295382022857666 0.19284790754318232
v -0.05871152877807613 0.06182551383972168 0.2012647688388824
v -0.05836942419409748 0.05965881794691086 0.1862779259681701
v -0.05836942419409748 0.05965881794691086 0.1862779259681701
v -0.05871152877807613 0.06182551383972168 0.2012647688388824
v -0.05772096663713451 0.06468307971954346 0.19452336430549616
v -0.05836942419409748 0.05965881794691086 0.1862779259681701
v -0.05772096663713451 0.06468307971954346 0.19452336430549616
v -0.05746509879827495 0.06108521670103073 0.1794071048498153
v -0.05746509879827495 0.06108521670103073 0.1794071048498153
v -0.05772096663713451 0.06468307971954346 0.19452336430549616
v -0.05683641135692593 0.06654204428195953 0.1873978823423385
v -0.05746509879827495 0.06108521670103073 0.1794071048498153
v -0.05683641135692593 0.06654204428195953 0.1873978823423385
v -0.056078638881444896 0.06747185438871384 0.180053561925888
v -0.056078638881444896 0.06747185438871384 0.180053561925888
v -0.05683641135692593 0.06654204428195953 0.1873978823423385
v -0.05300221219658848 0.07885513454675674 0.19499614834785456
v -0.056078638881444896 0.06747185438871384 0.180053561925888
v -0.05300221219658848 0.07885513454675674 0.19499614834785456
v -0.05546256154775616 0.06758251786231995 0.17261968553066248
v -0.05546256154775616 0.06758251786231995 0.17261968553066248
v -0.05300221219658848 0.07885513454675674 0.19499614834785456
v -0.05241566896438595 0.07951194792985916 0.18686947226524347
v -0.05546256154775616 0.06758251786231995 0.17261968553066248
v -0.05241566896438595 0.07951194792985916 0.18686947226524347
v -0.05499784275889393 0.06699398905038834 0.1651845127344131
v -0.05499784275889393 0.06699398905038834 0.1651845127344131
v -0.05241566896438595 0.07951194792985916 0.18686947226524347
v -0.051944669336080516 0.07934786379337311 0.17869302630424494
v -0.05499784275889393 0.06699398905038834 0.1651845127344131
v -0.051944669336080516 0.07934786379337311 0.17869302630424494
v -0.05468843132257458 0.06581786274909973 0.15780268609523768
v -0.05468843132257458 0.06581786274909973 0.15780268609523768
v -0.051944669336080516 0.07934786379337311 0.17869302630424494
v -0.051599945873022045 0.07849385589361191 0.17054171860218043
v -0.05468843132257458 0.06581786274909973 0.15780268609523768
v -0.051599945873022045 0.07849385589361191 0.17054171860218043
v -0.05452753603458401 0.062069520354270935 0.143311858177185
v -0.05452753603458401 0.062069520354270935 0.143311858177185
v -0.051599945873022045 0.07849385589361191 0.17054171860218043
v -0.0513033531606197 0.07514909654855728 0.1544735580682754
v -0.05452753603458401 0.062069520354270935 0.143311858177185
v -0.0513033531606197 0.07514909654855728 0.1544735580682754
v -0.05493192747235295 0.05693799629807472 0.12924818694591517
v -0.05493192747235295 0.05693799629807472 0.12924818694591517
v -0.0513033531606197 0.07514909654855728 0.1544735580682754
v -0.05151128396391865 0.07018253207206726 0.1388218998908996
v -0.05493192747235295 0.05693799629807472 0.12924818694591517
v -0.05151128396391865 0.07018253207206726 0.1388218998908996
v -0.055834669619798626 0.05085945129394531 0.11559536308050151
v -0.055834669619798626 0.05085945129394531 0.11559536308050151
v -0.05151128396391865 0.07018253207206726 0.1388218998908996
v -0.05217780917882916 0.06410881876945496 0.12358944863080974
v -0.055834669619798626 0.05085945129394531 0.11559536308050151
v -0.05217780917882916 0.06410881876945496 0.12358944863080974
v -0.053258746862411464 0.057349275797605515 0.10869627445936199
v -0.053258746862411464 0.057349275797605515 0.10869627445936199
v -0.05217780917882916 0.06410881876945496 0.12358944863080974
v -0.04667654633522031 0.07620968669652939 0.13119453191757197
v -0.053258746862411464 0.057349275797605515 0.10869627445936199
v -0.04667654633522031 0.07620968669652939 0.13119453191757197
v -0.047378856688737835 0.06928981840610504 0.11486517637968059
v -0.047378856688737835 0.06928981840610504 0.11486517637968059
v -0.04667654633522031 0.07620968669652939 0.13119453191757197
v -0.04388918355107305 0.07474947720766068 0.11770480126142498
v -0.047378856688737835 0.06928981840610504 0.11486517637968059
v -0.04388918355107305 0.07474947720766068 0.11770480126142498
v -0.044568691402673694 0.06745254248380661 0.10087111592292783
v -0.044568691402673694 0.06745254248380661 0.10087111592292783
v -0.04388918355107305 0.07474947720766068 0.11770480126142498
v -0.040386639535427066 0.07960467785596848 0.12017664313316341
v -0.044568691402673694 0.06745254248380661 0.10087111592292783
v -0.040386639535427066 0.07960467785596848 0.12017664313316341
v -0.04064011946320531 0.07443051040172577 0.10793201625347133
v -0.06591717898845668 0.011905715800821781 0.0505000166594982
v -0.06590270996093746 0.012207526713609695 0.0505000166594982
v -0.06694951653480526 0.009395312517881393 0.04193279147148131
v -0.04195944964885709 0.0546191968023777 0.040970042347908006
v -0.04196054488420484 0.05460673198103905 0.04086206480860709
v -0.04722516983747479 0.04970763996243477 0.041763648390769945
v -0.04722516983747479 0.04970763996243477 0.041763648390769945
v -0.04196054488420484 0.05460673198103905 0.04086206480860709
v -0.04199773445725438 0.054226621985435486 0.03299999609589575
v -0.04195944964885709 0.0546191968023777 0.040970042347908006
v -0.04722516983747479 0.04970763996243477 0.041763648390769945
v -0.041951730847358676 0.05470678210258484 0.04172873497009276
v -0.041951730847358676 0.05470678210258484 0.04172873497009276
v -0.04722516983747479 0.04970763996243477 0.041763648390769945
v -0.04667814821004865 0.0506940558552742 0.05049997568130492
v -0.041951730847358676 0.05470678210258484 0.04172873497009276
v -0.04667814821004865 0.0506940558552742 0.05049997568130492
v -0.041862506419420215 0.05571937561035156 0.050499957054853425
v -0.05159916356205937 0.04521860182285309 0.05049999430775641
v -0.051559373736381496 0.04527536407113075 0.05049999430775641
v -0.052269440144300426 0.04400215670466423 0.041793365031480775
v -0.052269440144300426 0.04400215670466423 0.041793365031480775
v -0.051559373736381496 0.04527536407113075 0.05049999430775641
v -0.05071097612380978 0.04648563265800476 0.05049999058246611
v -0.052269440144300426 0.04400215670466423 0.041793365031480775
v -0.05071097612380978 0.04648563265800476 0.05049999058246611
v -0.04722516983747479 0.04970763996243477 0.041763648390769945
v -0.04722516983747479 0.04970763996243477 0.041763648390769945
v -0.05071097612380978 0.04648563265800476 0.05049999058246611
v -0.04669393226504323 0.0506775826215744 0.05049997568130492
v -0.04722516983747479 0.04970763996243477 0.041763648390769945
v -0.04669393226504323 0.0506775826215744 0.05049997568130492
v -0.04667814821004865 0.0506940558552742 0.05049997568130492
v -0.059472423046827275 0.032856136560440063 0.050500005483627305
v -0.05940568447113033 0.033004358410835266 0.050500005483627305
v -0.06049631908535953 0.031202971935272217 0.04184748232364653
v -0.06049631908535953 0.031202971935272217 0.04184748232364653
v -0.05940568447113033 0.033004358410835266 0.050500005483627305
v -0.05804861336946483 0.0360182449221611 0.05050000175833701
v -0.06049631908535953 0.031202971935272217 0.04184748232364653
v -0.05804861336946483 0.0360182449221611 0.05050000175833701
v -0.05672299489378926 0.03782141953706741 0.041820708662271486
v -0.05672299489378926 0.03782141953706741 0.041820708662271486
v -0.05804861336946483 0.0360182449221611 0.05050000175833701
v -0.05582308769226071 0.03919303044676781 0.05049999803304671
v -0.05672299489378926 0.03782141953706741 0.041820708662271486
v -0.05582308769226071 0.03919303044676781 0.05049999803304671
v -0.05575647577643391 0.039288055151700974 0.05049999803304671
v -0.06249326094985004 0.026147229596972466 0.050500009208917604
v -0.06240750476717945 0.02633768506348133 0.050500009208917604
v -0.06350209563970562 0.024202674627304077 0.041875209659337984
v -0.06350209563970562 0.024202674627304077 0.041875209659337984
v -0.06240750476717945 0.02633768506348133 0.050500009208917604
v -0.059472423046827275 0.032856136560440063 0.050500005483627305
v -0.06590270996093746 0.012207526713609695 0.0505000166594982
v -0.06588963419198986 0.012480312958359718 0.0505000166594982
v -0.06694951653480526 0.009395312517881393 0.04193279147148131
v -0.06694951653480526 0.009395312517881393 0.04193279147148131
v -0.06588963419198986 0.012480312958359718 0.0505000166594982
v -0.06444450467824932 0.01909955032169819 0.0505000166594982
v -0.06694951653480526 0.009395312517881393 0.04193279147148131
v -0.06444450467824932 0.01909955032169819 0.0505000166594982
v -0.06566830724477764 0.01690017431974411 0.04190411418676375
v -0.06566830724477764 0.01690017431974411 0.04190411418676375
v -0.06444450467824932 0.01909955032169819 0.0505000166594982
v -0.06438990682363506 0.019349638372659683 0.0505000129342079
v -0.06566830724477764 0.01690017431974411 0.04190411418676375
v -0.06438990682363506 0.019349638372659683 0.0505000129342079
v -0.06350209563970562 0.024202674627304077 0.041875209659337984
v -0.06350209563970562 0.024202674627304077 0.041875209659337984
v -0.06438990682363506 0.019349638372659683 0.0505000129342079
v -0.06329418718814846 0.02436848171055317 0.0505000129342079
v -0.06350209563970562 0.024202674627304077 0.041875209659337984
v -0.06329418718814846 0.02436848171055317 0.0505000129342079
v -0.06249326094985004 0.026147229596972466 0.050500009208917604
v -0.0662528499960899 0.004904528614133596 0.0505000129342079
v -0.06591717898845668 0.011905715800821781 0.0505000166594982
v -0.06687289476394649 0.0031242957338690758 0.04579071328043936
v -0.06687289476394649 0.0031242957338690758 0.04579071328043936
v -0.06591717898845668 0.011905715800821781 0.0505000166594982
v -0.06694951653480526 0.009395312517881393 0.04193279147148131
v -0.06687289476394649 0.0031242957338690758 0.04579071328043936
v -0.06694951653480526 0.009395312517881393 0.04193279147148131
v -0.06715301424264904 0.002320030704140663 0.043663170188665376
v -0.06715301424264904 0.002320030704140663 0.043663170188665376
v -0.06694951653480526 0.009395312517881393 0.04193279147148131
v -0.06731590628623958 0.0018694085301831365 0.04193854704499243
v -0.06756382435560222 0.007553395349532366 0.03299999982118605
v -0.06773917376995083 0.005694951396435499 0.03299999982118605
v -0.067609891295433 0.0010561246890574694 0.038825944066047655
v -0.06773917376995083 0.005694951396435499 0.03299999982118605
v -0.0678642243146896 0.003832652233541012 0.03299999982118605
v -0.067609891295433 0.0010561246890574694 0.038825944066047655
v -0.067609891295433 0.0010561246890574694 0.038825944066047655
v -0.0678642243146896 0.003832652233541012 0.03299999982118605
v -0.06793897598981853 0.0019664978608489037 0.03299999982118605
v -0.067609891295433 0.0010561246890574694 0.038825944066047655
v -0.06793897598981853 0.0019664978608489037 0.03299999982118605
v -0.0677324458956718 0.000717108603566885 0.037528458982706056
v -0.0677324458956718 0.000717108603566885 0.037528458982706056
v -0.06793897598981853 0.0019664978608489037 0.03299999982118605
v -0.06796342879533764 9.64869832387194e-05 0.03299999982118605
v -0.06731590628623958 0.0018694085301831365 0.04193854704499243
v -0.06694951653480526 0.009395312517881393 0.04193279147148131
v -0.067609891295433 0.0010561246890574694 0.038825944066047655
v -0.067609891295433 0.0010561246890574694 0.038825944066047655
v -0.06694951653480526 0.009395312517881393 0.04193279147148131
v -0.06751985847949978 0.007880894467234612 0.03299999982118605
v -0.067609891295433 0.0010561246890574694 0.038825944066047655
v -0.06751985847949978 0.007880894467234612 0.03299999982118605
v -0.06756382435560222 0.007553395349532366 0.03299999982118605
v -0.06550991535186763 0.01838625594973564 0.03299999982118605
v -0.0662005022168159 0.015567377209663391 0.03299999982118605
v -0.06566830724477764 0.01690017431974411 0.04190411418676375
v -0.06566830724477764 0.01690017431974411 0.04190411418676375
v -0.0662005022168159 0.015567377209663391 0.03299999982118605
v -0.06639715284109111 0.014764698222279549 0.03299999982118605
v -0.06566830724477764 0.01690017431974411 0.04190411418676375
v -0.06639715284109111 0.014764698222279549 0.03299999982118605
v -0.06694951653480526 0.009395312517881393 0.04193279147148131
v -0.06694951653480526 0.009395312517881393 0.04193279147148131
v -0.06639715284109111 0.014764698222279549 0.03299999982118605
v -0.0670867264270782 0.011107277125120163 0.03299999982118605
v -0.06694951653480526 0.009395312517881393 0.04193279147148131
v -0.0670867264270782 0.011107277125120163 0.03299999982118605
v -0.06751985847949978 0.007880894467234612 0.03299999982118605
v -0.06550991535186763 0.01838625594973564 0.03299999982118605
v -0.06566830724477764 0.01690017431974411 0.04190411418676375
v -0.06443450599908825 0.02194022946059704 0.03299999982118605
v -0.06443450599908825 0.02194022946059704 0.03299999982118605
v -0.06566830724477764 0.01690017431974411 0.04190411418676375
v -0.06350209563970562 0.024202674627304077 0.041875209659337984
v -0.06443450599908825 0.02194022946059704 0.03299999982118605
v -0.06350209563970562 0.024202674627304077 0.041875209659337984
v -0.06402901560068126 0.023059852421283722 0.03299999982118605
v -0.059472423046827275 0.032856136560440063 0.050500005483627305
v -0.06049631908535953 0.031202971935272217 0.04184748232364653
v -0.06350209563970562 0.024202674627304077 0.041875209659337984
v -0.06350209563970562 0.024202674627304077 0.041875209659337984
v -0.06049631908535953 0.031202971935272217 0.04184748232364653
v -0.06317463517189022 0.025418926030397415 0.03299999982118605
v -0.06350209563970562 0.024202674627304077 0.041875209659337984
v -0.06317463517189022 0.025418926030397415 0.03299999982118605
v -0.06402901560068126 0.023059852421283722 0.03299999982118605
v -0.05626362189650532 0.03862881287932396 0.03299999982118605
v -0.057195220142602886 0.037059105932712555 0.03299999982118605
v -0.05672299489378926 0.03782141953706741 0.041820708662271486
v -0.05672299489378926 0.03782141953706741 0.041820708662271486
v -0.057195220142602886 0.037059105932712555 0.03299999982118605
v -0.06009237468242641 0.03217751532793045 0.03299999982118605
v -0.05672299489378926 0.03782141953706741 0.041820708662271486
v -0.06009237468242641 0.03217751532793045 0.03299999982118605
v -0.06049631908535953 0.031202971935272217 0.04184748232364653
v -0.06049631908535953 0.031202971935272217 0.04184748232364653
v -0.06009237468242641 0.03217751532793045 0.03299999982118605
v -0.06097629666328426 0.030239306390285492 0.03299999982118605
v -0.06049631908535953 0.031202971935272217 0.04184748232364653
v -0.06097629666328426 0.030239306390285492 0.03299999982118605
v -0.06317463517189022 0.025418926030397415 0.03299999982118605
v -0.05267710611224171 0.043415624648332596 0.03299999982118605
v -0.05626362189650532 0.03862881287932396 0.03299999982118605
v -0.052269440144300426 0.04400215670466423 0.041793365031480775
v -0.052269440144300426 0.04400215670466423 0.041793365031480775
v -0.05626362189650532 0.03862881287932396 0.03299999982118605
v -0.05672299489378926 0.03782141953706741 0.041820708662271486
v -0.052269440144300426 0.04400215670466423 0.041793365031480775
v -0.05672299489378926 0.03782141953706741 0.041820708662271486
v -0.05159916356205937 0.04521860182285309 0.05049999430775641
v -0.05159916356205937 0.04521860182285309 0.05049999430775641
v -0.05672299489378926 0.03782141953706741 0.041820708662271486
v -0.05575647577643391 0.039288055151700974 0.05049999803304671
v -0.04199773445725438 0.054226621985435486 0.03299999609589575
v -0.04665246233344075 0.05011986941099167 0.03299999982118605
v -0.04722516983747479 0.04970763996243477 0.041763648390769945
v -0.04722516983747479 0.04970763996243477 0.041763648390769945
v -0.04665246233344075 0.05011986941099167 0.03299999982118605
v -0.04748199507594105 0.04922992363572121 0.03299999982118605
v -0.04722516983747479 0.04970763996243477 0.041763648390769945
v -0.04748199507594105 0.04922992363572121 0.03299999982118605
v -0.052269440144300426 0.04400215670466423 0.041793365031480775
v -0.052269440144300426 0.04400215670466423 0.041793365031480775
v -0.04748199507594105 0.04922992363572121 0.03299999982118605
v -0.05175722017884251 0.04464336484670639 0.03299999982118605
v -0.052269440144300426 0.04400215670466423 0.041793365031480775
v -0.05175722017884251 0.04464336484670639 0.03299999982118605
v -0.05267710611224171 0.043415624648332596 0.03299999982118605
v -0.02967168204486368 0.0615154504776001 0.03299999982118605
v -0.023060351610183702 0.06417567282915115 0.03299999982118605
v -0.022764198482036577 0.06407644599676132 0.03299999982118605
v 0.06548289209604259 0.018331242725253105 0.03299999982118605
v 0.06303835660219188 0.025499330833554268 0.03299999982118605
v 0.06402949243783947 0.02305968664586544 0.03299999982118605
v 0.0558080896735191 0.03885266184806824 0.03299999982118605
v 0.05723658204078671 0.03708280250430107 0.03299999982118605
v 0.059806689620017964 0.032359879463911057 0.03299999982118605
v 0.059806689620017964 0.032359879463911057 0.03299999982118605
v 0.05723658204078671 0.03708280250430107 0.03299999982118605
v 0.06068235263228412 0.03101911023259163 0.03299999982118605
v 0.059806689620017964 0.032359879463911057 0.03299999982118605
v 0.06068235263228412 0.03101911023259163 0.03299999982118605
v 0.06117260456085201 0.029460156336426735 0.03299999982118605
v 0.06117260456085201 0.029460156336426735 0.03299999982118605
v 0.06068235263228412 0.03101911023259163 0.03299999982118605
v 0.061012927442789036 0.030255792662501335 0.03299999982118605
v 0.06117260456085201 0.029460156336426735 0.03299999982118605
v 0.061012927442789036 0.030255792662501335 0.03299999982118605
v 0.06303835660219188 0.025499330833554268 0.03299999982118605
v 0.06303835660219188 0.025499330833554268 0.03299999982118605
v 0.061012927442789036 0.030255792662501335 0.03299999982118605
v 0.06366599351167675 0.024129735305905342 0.03299999982118605
v 0.06303835660219188 0.025499330833554268 0.03299999982118605
v 0.06366599351167675 0.024129735305905342 0.03299999982118605
v 0.06402949243783947 0.02305968664586544 0.03299999982118605
v -0.022764198482036577 0.06407644599676132 0.03299999982118605
v -0.02949721924960611 0.0612495094537735 0.03299999982118605
v -0.02967168204486368 0.0615154504776001 0.03299999982118605
v -0.02967168204486368 0.0615154504776001 0.03299999982118605
v -0.02949721924960611 0.0612495094537735 0.03299999982118605
v -0.029809609055519083 0.06111834943294525 0.03299999982118605
v -0.02967168204486368 0.0615154504776001 0.03299999982118605
v -0.029809609055519083 0.06111834943294525 0.03299999982118605
v -0.032785743474960306 0.059881631284952164 0.03299999982118605
v -0.032785743474960306 0.059881631284952164 0.03299999982118605
v -0.029809609055519083 0.06111834943294525 0.03299999982118605
v -0.036321017891168574 0.057487621903419495 0.03299999982118605
v -0.032785743474960306 0.059881631284952164 0.03299999982118605
v -0.036321017891168574 0.057487621903419495 0.03299999982118605
v -0.035992827266454676 0.05819900706410408 0.03299999982118605
v -0.035992827266454676 0.05819900706410408 0.03299999982118605
v -0.036321017891168574 0.057487621903419495 0.03299999982118605
v -0.04199773445725438 0.054226621985435486 0.03299999609589575
v 0.06402949243783947 0.02305968664586544 0.03299999982118605
v 0.06486780941486354 0.02059183456003666 0.03299999982118605
v 0.06548289209604259 0.018331242725253105 0.03299999982118605
v 0.06548289209604259 0.018331242725253105 0.03299999982118605
v 0.06486780941486354 0.02059183456003666 0.03299999982118605
v 0.06587512046098705 0.017000971361994743 0.03299999982118605
v 0.06548289209604259 0.018331242725253105 0.03299999982118605
v 0.06587512046098705 0.017000971361994743 0.03299999982118605
v 0.06595724821090694 0.016543731093406677 0.03299999982118605
v 0.06595724821090694 0.016543731093406677 0.03299999982118605
v 0.06587512046098705 0.017000971361994743 0.03299999982118605
v 0.06620253622531887 0.015567624941468239 0.03299999982118605
v 0.06595724821090694 0.016543731093406677 0.03299999982118605
v 0.06620253622531887 0.015567624941468239 0.03299999982118605
v 0.06629128754138942 0.015130523592233658 0.03299999982118605
v 0.06629128754138942 0.015130523592233658 0.03299999982118605
v 0.06620253622531887 0.015567624941468239 0.03299999982118605
v 0.06638267636299129 0.01474390085786581 0.03299999982118605
v 0.06638267636299129 0.01474390085786581 0.03299999982118605
v 0.06620253622531887 0.015567624941468239 0.03299999982118605
v 0.06654463708400722 0.014069964177906513 0.03299999982118605
v 0.06638267636299129 0.01474390085786581 0.03299999982118605
v 0.06654463708400722 0.014069964177906513 0.03299999982118605
v 0.0670867264270782 0.011107277125120163 0.03299999982118605
v -0.023060351610183702 0.06417567282915115 0.03299999982118605
v -0.02236441336572169 0.06440248340368271 0.03299999982118605
v -0.022764198482036577 0.06407644599676132 0.03299999982118605
v -0.022764198482036577 0.06407644599676132 0.03299999982118605
v -0.02236441336572169 0.06440248340368271 0.03299999982118605
v -0.02079011127352713 0.06491555273532867 0.03299999982118605
v -0.022764198482036577 0.06407644599676132 0.03299999982118605
v -0.02079011127352713 0.06491555273532867 0.03299999982118605
v -0.015513857826590528 0.06620708853006363 0.03299999982118605
v -0.015513857826590528 0.06620708853006363 0.03299999982118605
v -0.02079011127352713 0.06491555273532867 0.03299999982118605
v -0.013809258118271819 0.06667633354663849 0.03299999982118605
v -0.015513857826590528 0.06620708853006363 0.03299999982118605
v -0.013809258118271819 0.06667633354663849 0.03299999982118605
v -0.015127889811992635 0.06627502292394638 0.03299999982118605
v -0.015127889811992635 0.06627502292394638 0.03299999982118605
v -0.013809258118271819 0.06667633354663849 0.03299999982118605
v -0.01131765637546777 0.06704271584749222 0.03299999982118605
v -0.015127889811992635 0.06627502292394638 0.03299999982118605
v -0.01131765637546777 0.06704271584749222 0.03299999982118605
v -0.008025979623198504 0.06752495467662811 0.03299999982118605
v -0.036321017891168574 0.057487621903419495 0.03299999982118605
v -0.04239686951041219 0.05316392332315445 0.03299999982118605
v -0.04199773445725438 0.054226621985435486 0.03299999609589575
v -0.04199773445725438 0.054226621985435486 0.03299999609589575
v -0.04239686951041219 0.05316392332315445 0.03299999982118605
v -0.042410612106323214 0.05315414443612099 0.03299999982118605
v -0.04199773445725438 0.054226621985435486 0.03299999609589575
v -0.042410612106323214 0.05315414443612099 0.03299999982118605
v -0.04665246233344075 0.05011986941099167 0.03299999982118605
v -0.04665246233344075 0.05011986941099167 0.03299999982118605
v -0.042410612106323214 0.05315414443612099 0.03299999982118605
v -0.04793832451105114 0.04822857677936554 0.03299999982118605
v 0.04199780896306035 0.0542265810072422 0.03299999609589575
v 0.0475186891853809 0.049261074513196945 0.03299999982118605
v 0.04598747566342351 0.05009179189801216 0.03299999982118605
v 0.04598747566342351 0.05009179189801216 0.03299999982118605
v 0.0475186891853809 0.049261074513196945 0.03299999982118605
v 0.04759074002504345 0.0491962693631649 0.03299999982118605
v 0.04598747566342351 0.05009179189801216 0.03299999982118605
v 0.04759074002504345 0.0491962693631649 0.03299999982118605
v 0.05121386423707005 0.04473444074392319 0.03299999982118605
v 0.05121386423707005 0.04473444074392319 0.03299999982118605
v 0.04759074002504345 0.0491962693631649 0.03299999982118605
v 0.05259122326970097 0.04362832009792328 0.03299999982118605
v 0.05121386423707005 0.04473444074392319 0.03299999982118605
v 0.05259122326970097 0.04362832009792328 0.03299999982118605
v 0.05308680981397625 0.042336590588092804 0.03299999982118605
v 0.05308680981397625 0.042336590588092804 0.03299999982118605
v 0.05259122326970097 0.04362832009792328 0.03299999982118605
v 0.05272164568305012 0.04344739392399788 0.03299999982118605
v 0.05308680981397625 0.042336590588092804 0.03299999982118605
v 0.05272164568305012 0.04344739392399788 0.03299999982118605
v 0.0558080896735191 0.03885266184806824 0.03299999982118605
v 0.0558080896735191 0.03885266184806824 0.03299999982118605
v 0.05272164568305012 0.04344739392399788 0.03299999982118605
v 0.05696423724293705 0.037562061101198196 0.03299999982118605
v 0.0558080896735191 0.03885266184806824 0.03299999982118605
v 0.05696423724293705 0.037562061101198196 0.03299999982118605
v 0.05723658204078671 0.03708280250430107 0.03299999982118605
v 0.04598747566342351 0.05009179189801216 0.03299999982118605
v 0.04233839735388753 0.05309291183948517 0.03299999982118605
v 0.04199780896306035 0.0542265810072422 0.03299999609589575
v 0.04199780896306035 0.0542265810072422 0.03299999609589575
v 0.04233839735388753 0.05309291183948517 0.03299999982118605
v 0.040268443524837466 0.05479530617594719 0.03299999982118605
v 0.04199780896306035 0.0542265810072422 0.03299999609589575
v 0.040268443524837466 0.05479530617594719 0.03299999982118605
v 0.038697447627782794 0.0565185584127903 0.03299999982118605
v 0.038697447627782794 0.0565185584127903 0.03299999982118605
v 0.040268443524837466 0.05479530617594719 0.03299999982118605
v 0.034073203802108744 0.05884740501642227 0.03299999982118605
v 0.038697447627782794 0.0565185584127903 0.03299999982118605
v 0.034073203802108744 0.05884740501642227 0.03299999982118605
v 0.032817982137203196 0.05994812399148941 0.03299999982118605
v 0.032817982137203196 0.05994812399148941 0.03299999982118605
v 0.034073203802108744 0.05884740501642227 0.03299999982118605
v 0.032532211393117884 0.06011481583118439 0.03299999982118605
v -0.05716168507933613 0.036832161247730255 0.03299999982118605
v -0.05626362189650532 0.03862881287932396 0.03299999982118605
v -0.05314692854881283 0.04238457232713699 0.03299999982118605
v -0.05314692854881283 0.04238457232713699 0.03299999982118605
v -0.05626362189650532 0.03862881287932396 0.03299999982118605
v -0.05267710611224171 0.043415624648332596 0.03299999982118605
v -0.05314692854881283 0.04238457232713699 0.03299999982118605
v -0.05267710611224171 0.043415624648332596 0.03299999982118605
v -0.05289405584335324 0.0427342988550663 0.03299999982118605
v -0.05289405584335324 0.0427342988550663 0.03299999982118605
v -0.05267710611224171 0.043415624648332596 0.03299999982118605
v -0.05175722017884251 0.04464336484670639 0.03299999982118605
v -0.05289405584335324 0.0427342988550663 0.03299999982118605
v -0.05175722017884251 0.04464336484670639 0.03299999982118605
v -0.04793832451105114 0.04822857677936554 0.03299999982118605
v -0.04793832451105114 0.04822857677936554 0.03299999982118605
v -0.05175722017884251 0.04464336484670639 0.03299999982118605
v -0.04748199507594105 0.04922992363572121 0.03299999982118605
v -0.04793832451105114 0.04822857677936554 0.03299999982118605
v -0.04748199507594105 0.04922992363572121 0.03299999982118605
v -0.04665246233344075 0.05011986941099167 0.03299999982118605
v 0.034073203802108744 0.05884740501642227 0.03299999982118605
v 0.029467735439538935 0.061194539070129395 0.03299999982118605
v 0.032532211393117884 0.06011481583118439 0.03299999982118605
v 0.032532211393117884 0.06011481583118439 0.03299999982118605
v 0.029467735439538935 0.061194539070129395 0.03299999982118605
v 0.027583379298448545 0.06215488538146019 0.03299999982118605
v 0.032532211393117884 0.06011481583118439 0.03299999982118605
v 0.027583379298448545 0.06215488538146019 0.03299999982118605
v 0.026003193110227567 0.06308702379465103 0.03299999982118605
v 0.026003193110227567 0.06308702379465103 0.03299999982118605
v 0.027583379298448545 0.06215488538146019 0.03299999982118605
v 0.0237591043114662 0.06393060833215714 0.03299999982118605
v 0.0237591043114662 0.06393060833215714 0.03299999982118605
v 0.027583379298448545 0.06215488538146019 0.03299999982118605
v 0.022348480299115167 0.06435448676347733 0.03299999982118605
v 0.022348480299115167 0.06435448676347733 0.03299999982118605
v 0.027583379298448545 0.06215488538146019 0.03299999982118605
v 0.020730184391140924 0.06476328521966934 0.03299999982118605
v 0.022348480299115167 0.06435448676347733 0.03299999982118605
v 0.020730184391140924 0.06476328521966934 0.03299999982118605
v 0.016933809965848912 0.06598152965307236 0.03299999982118605
v -0.0670867264270782 0.011107277125120163 0.03299999982118605
v -0.06639715284109111 0.014764698222279549 0.03299999982118605
v -0.0662383064627647 0.01511941384524107 0.03299999982118605
v -0.0662383064627647 0.01511941384524107 0.03299999982118605
v -0.06639715284109111 0.014764698222279549 0.03299999982118605
v -0.0662005022168159 0.015567377209663391 0.03299999982118605
v -0.0662383064627647 0.01511941384524107 0.03299999982118605
v -0.0662005022168159 0.015567377209663391 0.03299999982118605
v -0.06583830714225765 0.017010997980833054 0.03299999982118605
v -0.06583830714225765 0.017010997980833054 0.03299999982118605
v -0.0662005022168159 0.015567377209663391 0.03299999982118605
v -0.06550991535186763 0.01838625594973564 0.03299999982118605
v -0.06583830714225765 0.017010997980833054 0.03299999982118605
v -0.06550991535186763 0.01838625594973564 0.03299999982118605
v -0.06486643850803371 0.02040494605898857 0.03299999982118605
v -0.06486643850803371 0.02040494605898857 0.03299999982118605
v -0.06550991535186763 0.01838625594973564 0.03299999982118605
v -0.06443450599908825 0.02194022946059704 0.03299999982118605
v -0.06486643850803371 0.02040494605898857 0.03299999982118605
v -0.06443450599908825 0.02194022946059704 0.03299999982118605
v -0.06432354450225826 0.02205633744597435 0.03299999982118605
v -0.06432354450225826 0.02205633744597435 0.03299999982118605
v -0.06443450599908825 0.02194022946059704 0.03299999982118605
v -0.06402901560068126 0.023059852421283722 0.03299999982118605
v -0.06432354450225826 0.02205633744597435 0.03299999982118605
v -0.06402901560068126 0.023059852421283722 0.03299999982118605
v -0.06368746608495708 0.023831162601709366 0.03299999982118605
v -0.06368746608495708 0.023831162601709366 0.03299999982118605
v -0.06402901560068126 0.023059852421283722 0.03299999982118605
v -0.06317463517189022 0.025418926030397415 0.03299999982118605
v -0.06368746608495708 0.023831162601709366 0.03299999982118605
v -0.06317463517189022 0.025418926030397415 0.03299999982118605
v -0.06122104078531261 0.02948453091084957 0.03299999982118605
v -0.06122104078531261 0.02948453091084957 0.03299999982118605
v -0.06317463517189022 0.025418926030397415 0.03299999982118605
v -0.06097629666328426 0.030239306390285492 0.03299999982118605
v -0.06122104078531261 0.02948453091084957 0.03299999982118605
v -0.06097629666328426 0.030239306390285492 0.03299999982118605
v -0.06078805401921268 0.03047698549926281 0.03299999982118605
v -0.06078805401921268 0.03047698549926281 0.03299999982118605
v -0.06097629666328426 0.030239306390285492 0.03299999982118605
v -0.06009237468242641 0.03217751532793045 0.03299999982118605
v -0.06078805401921268 0.03047698549926281 0.03299999982118605
v -0.06009237468242641 0.03217751532793045 0.03299999982118605
v -0.05716168507933613 0.036832161247730255 0.03299999982118605
v -0.05716168507933613 0.036832161247730255 0.03299999982118605
v -0.06009237468242641 0.03217751532793045 0.03299999982118605
v -0.057195220142602886 0.037059105932712555 0.03299999982118605
v -0.05716168507933613 0.036832161247730255 0.03299999982118605
v -0.057195220142602886 0.037059105932712555 0.03299999982118605
v -0.05626362189650532 0.03862881287932396 0.03299999982118605
v -0.01131765637546777 0.06704271584749222 0.03299999982118605
v -0.006748269312083717 0.0677146464586258 0.03299999982118605
v -0.008025979623198504 0.06752495467662811 0.03299999982118605
v -0.008025979623198504 0.06752495467662811 0.03299999982118605
v -0.006748269312083717 0.0677146464586258 0.03299999982118605
v -0.003200672799721358 0.06796561181545258 0.03299999982118605
v -0.008025979623198504 0.06752495467662811 0.03299999982118605
v -0.003200672799721358 0.06796561181545258 0.03299999982118605
v -0.0006420162972062822 0.06799699366092682 0.03299999982118605
v -0.0006420162972062822 0.06799699366092682 0.03299999982118605
v -0.003200672799721358 0.06796561181545258 0.03299999982118605
v -6.520690476463638e-07 0.06803004443645477 0.03299999982118605
v -0.0006420162972062822 0.06799699366092682 0.03299999982118605
v -6.520690476463638e-07 0.06803004443645477 0.03299999982118605
v -2.448040561375818e-07 0.06798586994409561 0.03299999982118605
v -2.448040561375818e-07 0.06798586994409561 0.03299999982118605
v -6.520690476463638e-07 0.06803004443645477 0.03299999982118605
v 0.00037026003701612326 0.06803750991821289 0.03299999982118605
v -2.448040561375818e-07 0.06798586994409561 0.03299999982118605
v 0.00037026003701612326 0.06803750991821289 0.03299999982118605
v 0.0030054152011871316 0.06793379038572311 0.03299999982118605
v 0.00037026003701612326 0.06803750991821289 0.03299999982118605
v 0.0027590028475970012 0.06798432767391205 0.03299999982118605
v 0.0030054152011871316 0.06793379038572311 0.03299999982118605
v 0.0030054152011871316 0.06793379038572311 0.03299999982118605
v 0.0027590028475970012 0.06798432767391205 0.03299999982118605
v 0.006362570915371175 0.06775061786174774 0.03299999982118605
v 0.0030054152011871316 0.06793379038572311 0.03299999982118605
v 0.006362570915371175 0.06775061786174774 0.03299999982118605
v 0.006637010257691141 0.06767571717500687 0.03299999982118605
v 0.006637010257691141 0.06767571717500687 0.03299999982118605
v 0.006362570915371175 0.06775061786174774 0.03299999982118605
v 0.009928175248205655 0.06733672320842743 0.03299999982118605
v 0.006637010257691141 0.06767571717500687 0.03299999982118605
v 0.009928175248205655 0.06733672320842743 0.03299999982118605
v 0.010141330771148198 0.06723958253860474 0.03299999982118605
v 0.010141330771148198 0.06723958253860474 0.03299999982118605
v 0.009928175248205655 0.06733672320842743 0.03299999982118605
v 0.011317121796309941 0.06706804037094116 0.03299999982118605
v 0.010141330771148198 0.06723958253860474 0.03299999982118605
v 0.011317121796309941 0.06706804037094116 0.03299999982118605
v 0.013736844062805167 0.06659825891256332 0.03299999982118605
v 0.013736844062805167 0.06659825891256332 0.03299999982118605
v 0.011317121796309941 0.06706804037094116 0.03299999982118605
v 0.016933809965848912 0.06598152965307236 0.03299999982118605
v 0.013736844062805167 0.06659825891256332 0.03299999982118605
v 0.016933809965848912 0.06598152965307236 0.03299999982118605
v 0.015116016380488862 0.06623637676239014 0.03299999982118605
v 0.015116016380488862 0.06623637676239014 0.03299999982118605
v 0.016933809965848912 0.06598152965307236 0.03299999982118605
v 0.020730184391140924 0.06476328521966934 0.03299999982118605
v 0.005426791496574875 0.10539975017309189 0.15213598310947413
v 0.01081851124763488 0.10461316257715225 0.15178284049034113
v 0.010879030451178544 0.09767211228609085 0.1317774355411529
v 0.01613834872841834 0.1033066064119339 0.1511967927217483
v 0.02135035581886767 0.10148374736309052 0.15037988126277918
v 0.021470766514539705 0.09445933997631073 0.1306538432836532
v 0.026528880000114424 0.10888510197401047 0.21040998399257652
v 0.03144628554582594 0.10672997683286667 0.20841191709041587
v 0.031350694596767405 0.10685952007770538 0.19815497100353235
v -0.016139978542923917 0.10330623388290405 0.1511965245008468
v -0.010820192284882062 0.10461290925741196 0.151782676577568
v -0.010880697518587105 0.09767179936170578 0.13177730143070215
v -0.005428505595773455 0.10539962351322174 0.15213589370250696
v -8.631285481897061e-07 0.10566271841526031 0.15225413441658014
v -8.543282774553513e-07 0.09875007718801498 0.1321550011634826
v -0.04116109758615491 0.06522798538208008 0.08518183231353757
v -0.04105699434876439 0.06685475260019302 0.08936990052461621
v -0.032099150121211985 0.07369385659694672 0.09071019291877744
v -0.03687711432576177 0.09186797589063644 0.24404980242252342
v -0.041030578315258 0.09017780423164368 0.24198681116104118
v -0.041133113205432864 0.08735311776399612 0.2454713582992553
v -0.041532214730977984 0.07209689915180206 0.2578214704990386
v -0.04161744937300679 0.06733477860689163 0.26019689440727223
v -0.03251510113477705 0.06902989000082016 0.2650895118713378
v -0.02321645244956015 0.0005000000237487257 0.2796277403831481
v -0.02231565304100512 0.0005000000237487257 0.279883176088333
v -0.02232793532311915 0.0193984042853117 0.27955392003059376
v -0.0008100315462797875 0.0005000000237487257 0.2834937274456023
v -2.6103750769834716e-06 0.0005000000237487257 0.28346022963523854
v -1.0166053243665368e-06 0.019733093678951263 0.2830646038055419
v 0.006789503619074817 0.0005000000237487257 0.2831783592700957
v 0.011291527189314358 0.0005000000237487257 0.2825096249580382
v 0.011303571052849286 0.019648922607302666 0.282180219888687
v 0.021681120619177804 0.0005000000237487257 0.28014931082725514
v 0.022318581119179712 0.0005000000237487257 0.2799100875854491
v 0.022326184436678873 0.019398454576730728 0.27955442667007435
v 0.041777227073907824 0.05587262660264969 0.2644883394241332
v 0.04175045713782308 0.05798019841313362 0.26376596093177784
v 0.03261445462703703 0.059458836913108826 0.2688152492046355
v 0.041458368301391574 0.07566668093204498 0.25566405057907093
v 0.041448339819908114 0.07609368115663528 0.2553509771823882
v 0.0372553505003452 0.07708925008773804 0.2578018605709075
v 0.04080028831958768 0.09522396326065063 0.2334742993116378
v 0.040786009281873675 0.09546307474374771 0.23288314044475547
v 0.03667057305574414 0.09717240184545517 0.23542656004428855
v -0.006748269312083717 0.0677146464586258 0.03299999982118605
v -0.01131765637546777 0.06704271584749222 0.03299999982118605
v -0.011319640092551701 0.06777672469615936 0.04154061153531073
v -0.02079011127352713 0.06491555273532867 0.03299999982118605
v -0.02236441336572169 0.06440248340368271 0.03299999982118605
v -0.022347485646605478 0.06501102447509766 0.041421487927436815
v -0.04195944964885709 0.0546191968023777 0.040970042347908006
v -0.03279871121048925 0.06047215312719345 0.041225202381610856
v -0.04196054488420484 0.05460673198103905 0.04086206480860709
v -0.04196054488420484 0.05460673198103905 0.04086206480860709
v -0.03279871121048925 0.06047215312719345 0.041225202381610856
v -0.035992827266454676 0.05819900706410408 0.03299999982118605
v -0.04196054488420484 0.05460673198103905 0.04086206480860709
v -0.035992827266454676 0.05819900706410408 0.03299999982118605
v -0.04199773445725438 0.054226621985435486 0.03299999609589575
v -0.023060351610183702 0.06417567282915115 0.03299999982118605
v -0.02967168204486368 0.0615154504776001 0.03299999982118605
v -0.03279871121048925 0.06047215312719345 0.041225202381610856
v -0.03279871121048925 0.06047215312719345 0.041225202381610856
v -0.02967168204486368 0.0615154504776001 0.03299999982118605
v -0.032785743474960306 0.059881631284952164 0.03299999982118605
v -0.03279871121048925 0.06047215312719345 0.041225202381610856
v -0.032785743474960306 0.059881631284952164 0.03299999982118605
v -0.035992827266454676 0.05819900706410408 0.03299999982118605
v -0.02079011127352713 0.06491555273532867 0.03299999982118605
v -0.022347485646605478 0.06501102447509766 0.041421487927436815
v -0.013809258118271819 0.06667633354663849 0.03299999982118605
v -0.006748269312083717 0.0677146464586258 0.03299999982118605
v -0.011319640092551701 0.06777672469615936 0.04154061153531073
v -0.003200672799721358 0.06796561181545258 0.03299999982118605
v 0.006362570915371175 0.06775061786174774 0.03299999982118605
v 0.0027590028475970012 0.06798432767391205 0.03299999982118605
v -8.267469979728043e-07 0.06870876252651215 0.041580643504858
v -8.267469979728043e-07 0.06870876252651215 0.041580643504858
v 0.0027590028475970012 0.06798432767391205 0.03299999982118605
v 0.00037026003701612326 0.06803750991821289 0.03299999982118605
v -8.267469979728043e-07 0.06870876252651215 0.041580643504858
v 0.00037026003701612326 0.06803750991821289 0.03299999982118605
v -6.520690476463638e-07 0.06803004443645477 0.03299999982118605
v 0.0237591043114662 0.06393060833215714 0.03299999982118605
v 0.022348480299115167 0.06435448676347733 0.03299999982118605
v 0.022345922887325273 0.06501155346632004 0.041421514004468904
v 0.022345922887325273 0.06501155346632004 0.041421514004468904
v 0.022348480299115167 0.06435448676347733 0.03299999982118605
v 0.016933809965848912 0.06598152965307236 0.03299999982118605
v 0.022345922887325273 0.06501155346632004 0.041421514004468904
v 0.016933809965848912 0.06598152965307236 0.03299999982118605
v 0.011318010278046124 0.06777699291706085 0.04154062271118163
v 0.011318010278046124 0.06777699291706085 0.04154062271118163
v 0.016933809965848912 0.06598152965307236 0.03299999982118605
v 0.011317121796309941 0.06706804037094116 0.03299999982118605
v 0.011318010278046124 0.06777699291706085 0.04154062271118163
v 0.011317121796309941 0.06706804037094116 0.03299999982118605
v 0.009928175248205655 0.06733672320842743 0.03299999982118605
v 0.032797254621982554 0.06047293171286583 0.04122523963451384
v 0.032817982137203196 0.05994812399148941 0.03299999982118605
v 0.032532211393117884 0.06011481583118439 0.03299999982118605
v 0.032797254621982554 0.06047293171286583 0.04122523963451384
v 0.032532211393117884 0.06011481583118439 0.03299999982118605
v 0.022345922887325273 0.06501155346632004 0.041421514004468904
v 0.022345922887325273 0.06501155346632004 0.041421514004468904
v 0.032532211393117884 0.06011481583118439 0.03299999982118605
v 0.026003193110227567 0.06308702379465103 0.03299999982118605
v 0.022345922887325273 0.06501155346632004 0.041421514004468904
v 0.026003193110227567 0.06308702379465103 0.03299999982118605
v 0.0237591043114662 0.06393060833215714 0.03299999982118605
v 0.032817982137203196 0.05994812399148941 0.03299999982118605
v 0.032797254621982554 0.06047293171286583 0.04122523963451384
v 0.038697447627782794 0.0565185584127903 0.03299999982118605
v 0.038697447627782794 0.0565185584127903 0.03299999982118605
v 0.032797254621982554 0.06047293171286583 0.04122523963451384
v 0.04195496439933774 0.05468476563692093 0.04096629843115805
v 0.038697447627782794 0.0565185584127903 0.03299999982118605
v 0.04195496439933774 0.05468476563692093 0.04096629843115805
v 0.04199780896306035 0.0542265810072422 0.03299999609589575
v 0.041862506419420215 0.055719368159770966 0.050499957054853425
v 0.04194245114922521 0.05481860041618347 0.04329321533441542
v 0.032797254621982554 0.06047293171286583 0.04122523963451384
v 0.032797254621982554 0.06047293171286583 0.04122523963451384
v 0.04194245114922521 0.05481860041618347 0.04329321533441542
v 0.041950862854719134 0.054728638380765915 0.041729107499122606
v 0.032797254621982554 0.06047293171286583 0.04122523963451384
v 0.041950862854719134 0.054728638380765915 0.041729107499122606
v 0.04195496439933774 0.05468476563692093 0.04096629843115805
v 0.041497867554426165 0.06029602885246277 0.07044283300638196
v 0.04152869433164594 0.05985894054174423 0.06882587820291516
v 0.03244337812066076 0.0668637752532959 0.071327269077301
v 0.03244337812066076 0.0668637752532959 0.071327269077301
v 0.04152869433164594 0.05985894054174423 0.06882587820291516
v 0.04167263209819791 0.057818204164505005 0.061276424676179865
v 0.03244337812066076 0.0668637752532959 0.071327269077301
v 0.04167263209819791 0.057818204164505005 0.061276424676179865
v 0.032595280557870844 0.06407871097326279 0.061434995383024195
v 0.032595280557870844 0.06407871097326279 0.061434995383024195
v 0.04167263209819791 0.057818204164505005 0.061276424676179865
v 0.04168169200420377 0.05771803855895996 0.06076212227344511
v 0.032595280557870844 0.06407871097326279 0.061434995383024195
v 0.04168169200420377 0.05771803855895996 0.06076212227344511
v 0.04185507446527478 0.055801525712013245 0.05092179775238036
v 0.04105532169342038 0.06685487180948257 0.08937054872512815
v 0.04112232103943822 0.0657784640789032 0.08665299415588376
v 0.03209768235683439 0.07369501143693924 0.0907102972269058
v 0.03209768235683439 0.07369501143693924 0.0907102972269058
v 0.04112232103943822 0.0657784640789032 0.08665299415588376
v 0.041182715445756884 0.06480821967124939 0.08420346677303311
v 0.03209768235683439 0.07369501143693924 0.0907102972269058
v 0.041182715445756884 0.06480821967124939 0.08420346677303311
v 0.03244337812066076 0.0668637752532959 0.071327269077301
v 0.03244337812066076 0.0668637752532959 0.071327269077301
v 0.041182715445756884 0.06480821967124939 0.08420346677303311
v 0.04145355522632596 0.06092430278658867 0.07276705652475354
v 0.03244337812066076 0.0668637752532959 0.071327269077301
v 0.04145355522632596 0.06092430278658867 0.07276705652475354
v 0.041497867554426165 0.06029602885246277 0.07044283300638196
v 0.03176274150609968 0.08139235526323318 0.10977005213499065
v 0.031491365283727625 0.08915475755929947 0.12880276143550867
v 0.040277283638715716 0.0821865126490593 0.1264232993125915
v 0.040277283638715716 0.0821865126490593 0.1264232993125915
v 0.040374290198087665 0.08008484542369843 0.12143462151288982
v 0.03176274150609968 0.08139235526323318 0.10977005213499065
v 0.03176274150609968 0.08139235526323318 0.10977005213499065
v 0.040374290198087665 0.08008484542369843 0.12143462151288982
v 0.04063660278916356 0.0744018629193306 0.10794503986835476
v 0.03176274150609968 0.08139235526323318 0.10977005213499065
v 0.04063660278916356 0.0744018629193306 0.10794503986835476
v 0.03209768235683439 0.07369501143693924 0.0907102972269058
v 0.03209768235683439 0.07369501143693924 0.0907102972269058
v 0.04063660278916356 0.0744018629193306 0.10794503986835476
v 0.040783051401376696 0.07122908532619476 0.1004138961434364
v 0.03209768235683439 0.07369501143693924 0.0907102972269058
v 0.040783051401376696 0.07122908532619476 0.1004138961434364
v 0.04105532169342038 0.06685487180948257 0.08937054872512815
v 0.04002482071518895 0.08934538811445236 0.14444629848003382
v 0.04008945077657697 0.08718272298574448 0.13884793221950525
v 0.031491365283727625 0.08915475755929947 0.12880276143550867
v 0.031491365283727625 0.08915475755929947 0.12880276143550867
v 0.04008945077657697 0.08718272298574448 0.13884793221950525
v 0.040168032050132724 0.08455336093902588 0.1320414394140243
v 0.031491365283727625 0.08915475755929947 0.12880276143550867
v 0.040168032050132724 0.08455336093902588 0.1320414394140243
v 0.040277283638715716 0.0821865126490593 0.1264232993125915
v 0.03994219005107877 0.09812873601913452 0.17387288808822626
v 0.03992670401930806 0.09696432203054428 0.16866114735603327
v 0.03591444343328474 0.09902389347553253 0.16596332192420954
v 0.03591444343328474 0.09902389347553253 0.16596332192420954
v 0.03992670401930806 0.09696432203054428 0.16866114735603327
v 0.03993384912610051 0.09567207843065262 0.16415736079215998
v 0.03591444343328474 0.09902389347553253 0.16596332192420954
v 0.03993384912610051 0.09567207843065262 0.16415736079215998
v 0.035996992141008356 0.09298636019229889 0.14658339321613306
v 0.035996992141008356 0.09298636019229889 0.14658339321613306
v 0.03993384912610051 0.09567207843065262 0.16415736079215998
v 0.03994613513350484 0.09344861656427383 0.1564080268144607
v 0.035996992141008356 0.09298636019229889 0.14658339321613306
v 0.03994613513350484 0.09344861656427383 0.1564080268144607
v 0.04002073407173154 0.08955840766429901 0.14506728947162623
v 0.031284302473068216 0.10603821277618408 0.1879208236932754
v 0.03999075666069982 0.09999868273735046 0.1837166547775268
v 0.03124767541885374 0.1044401302933693 0.17777718603610987
v 0.03124767541885374 0.1044401302933693 0.17777718603610987
v 0.03999075666069982 0.09999868273735046 0.1837166547775268
v 0.03995703160762784 0.09924472868442535 0.17886792123317713
v 0.03124767541885374 0.1044401302933693 0.17777718603610987
v 0.03995703160762784 0.09924472868442535 0.17886792123317713
v 0.03994473814964292 0.09832019358873367 0.17472980916500086
v 0.031350694596767405 0.10685952007770538 0.19815497100353235
v 0.04007256403565404 0.10117502510547638 0.19329790771007532
v 0.031284302473068216 0.10603821277618408 0.1879208236932754
v 0.031284302473068216 0.10603821277618408 0.1879208236932754
v 0.04007256403565404 0.10117502510547638 0.19329790771007532
v 0.040026728063821765 0.10080284625291824 0.18888832628726954
v 0.031284302473068216 0.10603821277618408 0.1879208236932754
v 0.040026728063821765 0.10080284625291824 0.18888832628726954
v 0.03999075666069982 0.09999868273735046 0.1837166547775268
v 0.04018991440534589 0.10154678672552109 0.2026843130588531
v 0.04011153429746625 0.10149140655994415 0.19704641401767725
v 0.031350694596767405 0.10685952007770538 0.19815497100353235
v 0.031350694596767405 0.10685952007770538 0.19815497100353235
v 0.04011153429746625 0.10149140655994415 0.19704641401767725
v 0.04007639363408086 0.10120610892772675 0.19366621971130366
v 0.031350694596767405 0.10685952007770538 0.19815497100353235
v 0.04007639363408086 0.10120610892772675 0.19366621971130366
v 0.04007256403565404 0.10117502510547638 0.19329790771007532
v 0.04034051671624181 0.10104809701442719 0.2120613902807235
v 0.04022336751222608 0.10157041996717453 0.20509041845798487
v 0.03615671768784521 0.10420013219118118 0.20607134699821467
v 0.03615671768784521 0.10420013219118118 0.20607134699821467
v 0.04022336751222608 0.10157041996717453 0.20509041845798487
v 0.04020367562770841 0.10155650973320007 0.2036741822957992
v 0.03615671768784521 0.10420013219118118 0.20607134699821467
v 0.04020367562770841 0.10155650973320007 0.2036741822957992
v 0.04018991440534589 0.10154678672552109 0.2026843130588531
v 0.04049781709909436 0.09972549974918365 0.22026591002941123
v 0.0403693541884422 0.10085660964250565 0.21366019546985618
v 0.036301515996456125 0.10320769250392914 0.2161560654640197
v 0.036301515996456125 0.10320769250392914 0.2161560654640197
v 0.0403693541884422 0.10085660964250565 0.21366019546985618
v 0.04035487398505208 0.10098408162593842 0.21291571855545036
v 0.036301515996456125 0.10320769250392914 0.2161560654640197
v 0.04035487398505208 0.10098408162593842 0.21291571855545036
v 0.04034051671624181 0.10104809701442719 0.2120613902807235
v 0.04072202369570729 0.0965346172451973 0.23023395240306846
v 0.04064287990331647 0.0978599265217781 0.22695736587047569
v 0.036475230008363696 0.1009240373969078 0.22602322697639457
v 0.036475230008363696 0.1009240373969078 0.22602322697639457
v 0.04064287990331647 0.0978599265217781 0.22695736587047569
v 0.04056712239980695 0.09883420914411545 0.22346279025077811
v 0.036475230008363696 0.1009240373969078 0.22602322697639457
v 0.04056712239980695 0.09883420914411545 0.22346279025077811
v 0.04052041843533513 0.09943481534719467 0.22130851447582237
v 0.04080028831958768 0.09522396326065063 0.2334742993116378
v 0.03667057305574414 0.09717240184545517 0.23542656004428855
v 0.040937121957540484 0.09238378703594208 0.2386470437049865
v 0.03206066787242887 0.09321918338537216 0.24648308753967277
v 0.04107885062694547 0.08891242742538452 0.24366030097007743
v 0.03687575086951253 0.09186840802431107 0.2440505623817443
v 0.03687575086951253 0.09186840802431107 0.2440505623817443
v 0.04107885062694547 0.08891242742538452 0.24366030097007743
v 0.041017942130565616 0.09042245149612427 0.24151778221130363
v 0.03687575086951253 0.09186840802431107 0.2440505623817443
v 0.041017942130565616 0.09042245149612427 0.24151778221130363
v 0.04094764217734334 0.09216538816690445 0.23904480040073386
v 0.041336607187986346 0.0808505192399025 0.251863270998001
v 0.041246555745601626 0.08388573676347733 0.24907471239566795
v 0.03707551956176755 0.08509034663438797 0.2515782117843627
v 0.03707551956176755 0.08509034663438797 0.2515782117843627
v 0.041246555745601626 0.08388573676347733 0.24907471239566795
v 0.04120377451181409 0.08532768487930298 0.2477499544620513
v 0.03707551956176755 0.08509034663438797 0.2515782117843627
v 0.04120377451181409 0.08532768487930298 0.2477499544620513
v 0.03214745223522184 0.0898808166384697 0.2503775060176848
v 0.03214745223522184 0.0898808166384697 0.2503775060176848
v 0.04120377451181409 0.08532768487930298 0.2477499544620513
v 0.04115455225110051 0.08674012124538422 0.246138572692871
v 0.03214745223522184 0.0898808166384697 0.2503775060176848
v 0.04115455225110051 0.08674012124538422 0.246138572692871
v 0.041133694350719424 0.08733859658241272 0.2454558014869689
v 0.0372553505003452 0.07708925008773804 0.2578018605709075
v 0.041448339819908114 0.07609368115663528 0.2553509771823882
v 0.03707551956176755 0.08509034663438797 0.2515782117843627
v 0.03707551956176755 0.08509034663438797 0.2515782117843627
v 0.041448339819908114 0.07609368115663528 0.2553509771823882
v 0.041358817368745776 0.07990500330924988 0.25255650281906117
v 0.03707551956176755 0.08509034663438797 0.2515782117843627
v 0.041358817368745776 0.07990500330924988 0.25255650281906117
v 0.041336607187986346 0.0808505192399025 0.251863270998001
v 0.041531022638082477 0.07208847254514694 0.25775393843650807
v 0.032385073602199534 0.07804561406373978 0.2601774036884307
v 0.04156475141644475 0.07042738050222397 0.2587241232395171
v 0.04156475141644475 0.07042738050222397 0.2587241232395171
v 0.032385073602199534 0.07804561406373978 0.2601774036884307
v 0.032513611018657664 0.06903015822172165 0.2650901377201079
v 0.04156475141644475 0.07042738050222397 0.2587241232395171
v 0.032513611018657664 0.06903015822172165 0.2650901377201079
v 0.041616987437009784 0.0673140361905098 0.2601478099822997
v 0.03261445462703703 0.059458836913108826 0.2688152492046355
v 0.04175045713782308 0.05798019841313362 0.26376596093177784
v 0.032513611018657664 0.06903015822172165 0.2650901377201079
v 0.032513611018657664 0.06903015822172165 0.2650901377201079
v 0.04175045713782308 0.05798019841313362 0.26376596093177784
v 0.04167835414409635 0.06365625560283661 0.2618204355239867
v 0.032513611018657664 0.06903015822172165 0.2650901377201079
v 0.04167835414409635 0.06365625560283661 0.2618204355239867
v 0.041616987437009784 0.0673140361905098 0.2601478099822997
v 0.041777227073907824 0.05587262660264969 0.2644883394241332
v 0.03261445462703703 0.059458836913108826 0.2688152492046355
v 0.04178868606686589 0.05470827966928482 0.2647804021835326
v 0.04178868606686589 0.05470827966928482 0.2647804021835326
v 0.03261445462703703 0.059458836913108826 0.2688152492046355
v 0.03268893063068388 0.049550317227840424 0.2715216577053069
v 0.04178868606686589 0.05470827966928482 0.2647804021835326
v 0.03268893063068388 0.049550317227840424 0.2715216577053069
v 0.04185096174478528 0.048381004482507706 0.2663675546646117
v 0.04192150011658666 0.03843026980757713 0.2680692374706267
v 0.04192055016756055 0.038656335324048996 0.2680460214614867
v 0.03274029493331907 0.03944624215364456 0.27338677644729603
v 0.03274029493331907 0.03944624215364456 0.27338677644729603
v 0.04192055016756055 0.038656335324048996 0.2680460214614867
v 0.0418712571263313 0.04554487019777298 0.2668570578098296
v 0.03274029493331907 0.03944624215364456 0.27338677644729603
v 0.0418712571263313 0.04554487019777298 0.2668570578098296
v 0.03268893063068388 0.049550317227840424 0.2715216577053069
v 0.03268893063068388 0.049550317227840424 0.2715216577053069
v 0.0418712571263313 0.04554487019777298 0.2668570578098296
v 0.04185146465897557 0.04831055551767349 0.2663797140121459
v 0.03268893063068388 0.049550317227840424 0.2715216577053069
v 0.04185146465897557 0.04831055551767349 0.2663797140121459
v 0.04185096174478528 0.048381004482507706 0.2663675546646117
v 0.04192150011658666 0.03843026980757713 0.2680692374706267
v 0.03274029493331907 0.03944624215364456 0.27338677644729603
v 0.04193064197897908 0.03625759854912758 0.26829242706298817
v 0.04193064197897908 0.03625759854912758 0.26829242706298817
v 0.03274029493331907 0.03944624215364456 0.27338677644729603
v 0.032772522419691065 0.029241550713777542 0.2745779752731322
v 0.04193064197897908 0.03625759854912758 0.26829242706298817
v 0.032772522419691065 0.029241550713777542 0.2745779752731322
v 0.04196345061063764 0.028459349647164345 0.2690935730934142
v 0.041999932378530475 0.0004999998491257429 0.2699410021305083
v 0.042000927031040164 0.012937497347593307 0.26982465386390675
v 0.03558370471000669 0.0005000000237487257 0.27407193183898915
v 0.03558370471000669 0.0005000000237487257 0.27407193183898915
v 0.042000927031040164 0.012937497347593307 0.26982465386390675
v 0.03278975561261175 0.018985848873853683 0.275242656469345
v 0.03558370471000669 0.0005000000237487257 0.27407193183898915
v 0.03278975561261175 0.018985848873853683 0.275242656469345
v 0.03275579214096067 0.0005000000237487257 0.27549201250076283
v 0.03275579214096067 0.0005000000237487257 0.27549201250076283
v 0.03278975561261175 0.018985848873853683 0.275242656469345
v 0.028805887326598147 0.0005000000237487257 0.2774754762649535
v 0.042000927031040164 0.012937497347593307 0.26982465386390675
v 0.041990388184785815 0.017506854608654976 0.26962479948997486
v 0.03278975561261175 0.018985848873853683 0.275242656469345
v 0.03278975561261175 0.018985848873853683 0.275242656469345
v 0.041990388184785815 0.017506854608654976 0.26962479948997486
v 0.04198822379112241 0.018446091562509537 0.26958370208740223
v 0.03278975561261175 0.018985848873853683 0.275242656469345
v 0.04198822379112241 0.018446091562509537 0.26958370208740223
v 0.032772522419691065 0.029241550713777542 0.2745779752731322
v 0.032772522419691065 0.029241550713777542 0.2745779752731322
v 0.04198822379112241 0.018446091562509537 0.26958370208740223
v 0.0419671684503555 0.02757558412849903 0.2691843509674071
v 0.032772522419691065 0.029241550713777542 0.2745779752731322
v 0.0419671684503555 0.02757558412849903 0.2691843509674071
v 0.04196345061063764 0.028459349647164345 0.2690935730934142
v 0.021681120619177804 0.0005000000237487257 0.28014931082725514
v 0.022326184436678873 0.019398454576730728 0.27955442667007435
v 0.014301488175988189 0.0005000000237487257 0.282062530517578
v -0.015880096703767766 0.0005000000237487257 0.2817082703113555
v -0.011289855465292924 0.0005000000237487257 0.2825011610984801
v -0.011305520310997956 0.019648896530270576 0.28217995166778553
v -0.011305520310997956 0.019648896530270576 0.28217995166778553
v -0.011289855465292924 0.0005000000237487257 0.2825011610984801
v -0.008407941088080401 0.0005000000237487257 0.2829989790916442
v -0.02321645244956015 0.0005000000237487257 0.2796277403831481
v -0.02232793532311915 0.0193984042853117 0.27955392003059376
v -0.030310923233628252 0.0005000000237487257 0.2767796218395232
v -0.03275124356150625 0.0005000000237487257 0.27548423409461964
v -0.032791268080472925 0.018985774368047714 0.2752419412136077
v -0.03707895427942273 0.0005000000237487257 0.2731869816780089
v -0.03707895427942273 0.0005000000237487257 0.2731869816780089
v -0.032791268080472925 0.018985774368047714 0.2752419412136077
v -0.041993897408246966 0.01738271862268448 0.2697077691555022
v -0.03707895427942273 0.0005000000237487257 0.2731869816780089
v -0.041993897408246966 0.01738271862268448 0.2697077691555022
v -0.041999932378530475 0.0004999998491257429 0.2699410021305083
v -0.041955802589654895 0.030668435618281364 0.26893612742424
v -0.04196213930845258 0.028458790853619576 0.2690644562244414
v -0.03277403488755224 0.029241444543004036 0.2745773196220397
v -0.03277403488755224 0.029241444543004036 0.2745773196220397
v -0.04196213930845258 0.028458790853619576 0.2690644562244414
v -0.04199084267020223 0.018448440358042717 0.26964586973190297
v -0.03277403488755224 0.029241444543004036 0.2745773196220397
v -0.04199084267020223 0.018448440358042717 0.26964586973190297
v -0.032791268080472925 0.018985774368047714 0.2752419412136077
v -0.032791268080472925 0.018985774368047714 0.2752419412136077
v -0.04199084267020223 0.018448440358042717 0.26964586973190297
v -0.04199321195483205 0.017622029408812523 0.26969388127326954
v -0.032791268080472925 0.018985774368047714 0.2752419412136077
v -0.04199321195483205 0.017622029408812523 0.26969388127326954
v -0.041993897408246966 0.01738271862268448 0.2697077691555022
v -0.041955802589654895 0.030668435618281364 0.26893612742424
v -0.03277403488755224 0.029241444543004036 0.2745773196220397
v -0.04192764312028882 0.03647533431649208 0.26823365688323964
v -0.04192764312028882 0.03647533431649208 0.26823365688323964
v -0.03277403488755224 0.029241444543004036 0.2745773196220397
v -0.03274180367588995 0.03944610431790352 0.2733861804008483
v -0.04192764312028882 0.03647533431649208 0.26823365688323964
v -0.03274180367588995 0.03944610431790352 0.2733861804008483
v -0.04191820695996282 0.03842153027653694 0.26799824833869923
v -0.04182152077555654 0.051647890359163284 0.26561954617500294
v -0.041848700493574115 0.04829186573624611 0.26628640294075
v -0.03269043564796446 0.0495501384139061 0.27152100205421437
v -0.03269043564796446 0.0495501384139061 0.27152100205421437
v -0.041848700493574115 0.04829186573624611 0.26628640294075
v -0.041868776082992526 0.045813072472810745 0.26677897572517384
v -0.03269043564796446 0.0495501384139061 0.27152100205421437
v -0.041868776082992526 0.045813072472810745 0.26677897572517384
v -0.03274180367588995 0.03944610431790352 0.2733861804008483
v -0.03274180367588995 0.03944610431790352 0.2733861804008483
v -0.041868776082992526 0.045813072472810745 0.26677897572517384
v -0.04190264642238614 0.041630879044532776 0.2676100134849547
v -0.03274180367588995 0.03944610431790352 0.2733861804008483
v -0.04190264642238614 0.041630879044532776 0.2676100134849547
v -0.04191820695996282 0.03842153027653694 0.26799824833869923
v -0.04182152077555654 0.051647890359163284 0.26561954617500294
v -0.03269043564796446 0.0495501384139061 0.27152100205421437
v -0.04178414121270177 0.05502040684223175 0.2646532952785491
v -0.04178414121270177 0.05502040684223175 0.2646532952785491
v -0.03269043564796446 0.0495501384139061 0.27152100205421437
v -0.03261595219373701 0.05945862829685211 0.26881462335586537
v -0.04178414121270177 0.05502040684223175 0.2646532952785491
v -0.03261595219373701 0.05945862829685211 0.26881462335586537
v -0.04175117611885068 0.057994354516267776 0.2638012170791625
v -0.04161744937300679 0.06733477860689163 0.26019689440727223
v -0.0416356027126312 0.06632062792778015 0.26070278882980336
v -0.03251510113477705 0.06902989000082016 0.2650895118713378
v -0.03251510113477705 0.06902989000082016 0.2650895118713378
v -0.0416356027126312 0.06632062792778015 0.26070278882980336
v -0.04166928306221959 0.06396423280239105 0.26160937547683705
v -0.03251510113477705 0.06902989000082016 0.2650895118713378
v -0.04166928306221959 0.06396423280239105 0.26160937547683705
v -0.03261595219373701 0.05945862829685211 0.26881462335586537
v -0.03261595219373701 0.05945862829685211 0.26881462335586537
v -0.04166928306221959 0.06396423280239105 0.26160937547683705
v -0.04173932969570157 0.05906318128108978 0.2634949982166289
v -0.03261595219373701 0.05945862829685211 0.26881462335586537
v -0.04173932969570157 0.05906318128108978 0.2634949982166289
v -0.04175117611885068 0.057994354516267776 0.2638012170791625
v -0.032386545091867426 0.07804516702890396 0.26017647981643666
v -0.04144601896405217 0.07607337832450867 0.25531545281410206
v -0.04152350872755048 0.07249846309423447 0.2575683891773223
v -0.03231247141957281 0.08225587755441666 0.25723636150360096
v -0.041348066180944415 0.08011135458946228 0.2523613870143889
v -0.04141288623213765 0.07760192453861237 0.2543521523475646
v -0.04124354943633077 0.08388777822256088 0.24908190965652457
v -0.04128757119178769 0.08245338499546051 0.2505034506320952
v -0.03223288804292677 0.08621442317962646 0.25396806001663197
v -0.03223288804292677 0.08621442317962646 0.25396806001663197
v -0.04128757119178769 0.08245338499546051 0.2505034506320952
v -0.04134364798665044 0.08028252422809601 0.2522256076335906
v -0.040786806493997546 0.09542058408260345 0.232859581708908
v -0.04088494181632993 0.09355596452951431 0.23669676482677451
v -0.03667193278670308 0.09717145562171936 0.23542553186416618
v -0.03667193278670308 0.09717145562171936 0.23542553186416618
v -0.04088494181632993 0.09355596452951431 0.23669676482677451
v -0.04092337191104886 0.09266454726457596 0.23809269070625297
v -0.03667193278670308 0.09717145562171936 0.23542553186416618
v -0.04092337191104886 0.09266454726457596 0.23809269070625297
v -0.03687711432576177 0.09186797589063644 0.24404980242252342
v -0.03687711432576177 0.09186797589063644 0.24404980242252342
v -0.04092337191104886 0.09266454726457596 0.23809269070625297
v -0.041018430143594714 0.09045962244272232 0.24154549837112418
v -0.03687711432576177 0.09186797589063644 0.24404980242252342
v -0.041018430143594714 0.09045962244272232 0.24154549837112418
v -0.041030578315258 0.09017780423164368 0.24198681116104118
v -0.040563646703958484 0.09890557825565338 0.22348515689373008
v -0.04057174921035764 0.09881899505853653 0.22386963665485374
v -0.03647658228874204 0.10092347860336304 0.22602237761020652
v -0.03647658228874204 0.10092347860336304 0.22602237761020652
v -0.04057174921035764 0.09881899505853653 0.22386963665485374
v -0.04070679098367688 0.09681712836027145 0.22962635755538932
v -0.03647658228874204 0.10092347860336304 0.22602237761020652
v -0.04070679098367688 0.09681712836027145 0.22962635755538932
v -0.03667193278670308 0.09717145562171936 0.23542553186416618
v -0.03667193278670308 0.09717145562171936 0.23542553186416618
v -0.04070679098367688 0.09681712836027145 0.22962635755538932
v -0.040736429393291446 0.09637778252363205 0.2308897674083709
v -0.03667193278670308 0.09717145562171936 0.23542553186416618
v -0.040736429393291446 0.09637778252363205 0.2308897674083709
v -0.040786806493997546 0.09542058408260345 0.232859581708908
v -0.03630285710096357 0.1032070517539978 0.21615524590015403
v -0.04036505520343778 0.10081589967012405 0.2136611193418502
v -0.040418736636638614 0.10045395791530609 0.21660964190959922
v -0.03630285710096357 0.1032070517539978 0.21615524590015403
v -0.040418736636638614 0.10045395791530609 0.21660964190959922
v -0.03647658228874204 0.10092347860336304 0.22602237761020652
v -0.03647658228874204 0.10092347860336304 0.22602237761020652
v -0.040418736636638614 0.10045395791530609 0.21660964190959922
v -0.04050274938344953 0.09955626726150513 0.22059580683708183
v -0.03647658228874204 0.10092347860336304 0.22602237761020652
v -0.04050274938344953 0.09955626726150513 0.22059580683708183
v -0.040563646703958484 0.09890557825565338 0.22348515689373008
v -0.03615805134177206 0.10419938713312149 0.2060705423355102
v -0.04020138829946515 0.10152245312929153 0.2036739289760589
v -0.040285427123308154 0.10135279595851898 0.2092873901128768
v -0.03615805134177206 0.10419938713312149 0.2060705423355102
v -0.040285427123308154 0.10135279595851898 0.2092873901128768
v -0.03630285710096357 0.1032070517539978 0.21615524590015403
v -0.03630285710096357 0.1032070517539978 0.21615524590015403
v -0.040285427123308154 0.10135279595851898 0.2092873901128768
v -0.04032176733016965 0.10110776871442795 0.21128344535827628
v -0.03630285710096357 0.1032070517539978 0.21615524590015403
v -0.04032176733016965 0.10110776871442795 0.21128344535827628
v -0.04036505520343778 0.10081589967012405 0.2136611193418502
v -0.03997280821204183 0.09982336312532425 0.18206535279750818
v -0.03998641669750211 0.10004392266273499 0.183710366487503
v -0.031285714358091334 0.10603741556406021 0.18792021274566645
v -0.031285714358091334 0.10603741556406021 0.18792021274566645
v -0.03998641669750211 0.10004392266273499 0.183710366487503
v -0.04004991054534909 0.10107292234897614 0.1913847923278808
v -0.04006160050630567 0.10113108903169632 0.19240050017833704
v -0.04007614776492116 0.10120348632335663 0.1936646550893783
v -0.03604596108198164 0.10410261154174805 0.19593371450901026
v -0.03604596108198164 0.10410261154174805 0.19593371450901026
v -0.04007614776492116 0.10120348632335663 0.1936646550893783
v -0.04015788435935971 0.10161028802394867 0.20076791942119593
v -0.03604596108198164 0.10410261154174805 0.19593371450901026
v -0.04015788435935971 0.10161028802394867 0.20076791942119593
v -0.03615805134177206 0.10419938713312149 0.2060705423355102
v -0.03615805134177206 0.10419938713312149 0.2060705423355102
v -0.04015788435935971 0.10161028802394867 0.20076791942119593
v -0.04017401859164235 0.10157771408557892 0.2018455564975738
v -0.03615805134177206 0.10419938713312149 0.2060705423355102
v -0.04017401859164235 0.10157771408557892 0.2018455564975738
v -0.04020138829946515 0.10152245312929153 0.2036739289760589
v -0.03992746770381925 0.09759527444839478 0.1712022870779037
v -0.03993807733058927 0.09811663627624512 0.1737442016601562
v -0.035915758460760096 0.09902284294366837 0.16596272587776179
v -0.035915758460760096 0.09902284294366837 0.16596272587776179
v -0.03993807733058927 0.09811663627624512 0.1737442016601562
v -0.03993860632181165 0.09814263880252838 0.17387096583843226
v -0.035915758460760096 0.09902284294366837 0.16596272587776179
v -0.03993860632181165 0.09814263880252838 0.17387096583843226
v -0.031241949647665003 0.10220561921596527 0.16774900257587427
v -0.031241949647665003 0.10220561921596527 0.16774900257587427
v -0.03993860632181165 0.09814263880252838 0.17387096583843226
v -0.03124908171594141 0.10443924367427826 0.1777766197919845
v -0.031241949647665003 0.10220561921596527 0.16774900257587427
v -0.03124908171594141 0.10443924367427826 0.1777766197919845
v -0.026360306888818723 0.10491734743118286 0.16927415132522577
v -0.03995555266737935 0.09310205280780792 0.15551014244556421
v -0.039939511567354175 0.09399665892124176 0.15815678238868708
v -0.035915758460760096 0.09902284294366837 0.16596272587776179
v -0.035915758460760096 0.09902284294366837 0.16596272587776179
v -0.039939511567354175 0.09399665892124176 0.15815678238868708
v -0.03993396833539006 0.09565340727567673 0.16416272521018976
v -0.035915758460760096 0.09902284294366837 0.16596272587776179
v -0.03993396833539006 0.09565340727567673 0.16416272521018976
v -0.03992746770381925 0.09759527444839478 0.1712022870779037
v -0.03149278461933134 0.08915382623672485 0.12880240380764002
v -0.04023693129420278 0.08266058564186096 0.12740842998027796
v -0.04010954871773717 0.08669542521238327 0.13771508634090418
v -0.031313687562942484 0.09631283581256866 0.14806696772575373
v -0.04001901671290395 0.08956295996904373 0.14503994584083552
v -0.0359983332455158 0.09298551082611084 0.1465828120708465
v -0.0359983332455158 0.09298551082611084 0.1465828120708465
v -0.04001901671290395 0.08956295996904373 0.14503994584083552
v -0.04001887515187261 0.08957085758447647 0.14506329596042628
v -0.03176417574286459 0.08139123767614365 0.10976985841989513
v -0.040386639535427066 0.07960467785596848 0.12017664313316341
v -0.03149278461933134 0.08915382623672485 0.12880240380764002
v -0.03149278461933134 0.08915382623672485 0.12880240380764002
v -0.040386639535427066 0.07960467785596848 0.12017664313316341
v -0.04025775566697118 0.08223551511764526 0.12640251219272608
v -0.03149278461933134 0.08915382623672485 0.12880240380764002
v -0.04025775566697118 0.08223551511764526 0.12640251219272608
v -0.04023693129420278 0.08266058564186096 0.12740842998027796
v -0.04105699434876439 0.06685475260019302 0.08936990052461621
v -0.040861889719963046 0.06990355998277664 0.0972190126776695
v -0.032099150121211985 0.07369385659694672 0.09071019291877744
v -0.032099150121211985 0.07369385659694672 0.09071019291877744
v -0.040861889719963046 0.06990355998277664 0.0972190126776695
v -0.04074740782380101 0.07224046438932419 0.10274926573038098
v -0.032099150121211985 0.07369385659694672 0.09071019291877744
v -0.04074740782380101 0.07224046438932419 0.10274926573038098
v -0.03176417574286459 0.08139123767614365 0.10976985841989513
v -0.03176417574286459 0.08139123767614365 0.10976985841989513
v -0.04074740782380101 0.07224046438932419 0.10274926573038098
v -0.04064011946320531 0.07443051040172577 0.10793201625347133
v -0.03176417574286459 0.08139123767614365 0.10976985841989513
v -0.04064011946320531 0.07443051040172577 0.10793201625347133
v -0.040386639535427066 0.07960467785596848 0.12017664313316341
v -0.04116109758615491 0.06522798538208008 0.08518183231353757
v -0.032099150121211985 0.07369385659694672 0.09071019291877744
v -0.04122880101203916 0.0641700029373169 0.08245805650949475
v -0.04122880101203916 0.0641700029373169 0.08245805650949475
v -0.032099150121211985 0.07369385659694672 0.09071019291877744
v -0.032444823533296564 0.06686292588710785 0.07132713496685025
v -0.04122880101203916 0.0641700029373169 0.08245805650949475
v -0.032444823533296564 0.06686292588710785 0.07132713496685025
v -0.04148958995938298 0.06038050726056099 0.07095970958471295
v -0.03259672224521635 0.06407791376113892 0.06143488362431524
v -0.041560862213373156 0.05941382423043251 0.06720638275146482
v -0.032444823533296564 0.06686292588710785 0.07132713496685025
v -0.032444823533296564 0.06686292588710785 0.07132713496685025
v -0.041560862213373156 0.05941382423043251 0.06720638275146482
v -0.04149916023015973 0.060250695794820786 0.07045568525791165
v -0.032444823533296564 0.06686292588710785 0.07132713496685025
v -0.04149916023015973 0.060250695794820786 0.07045568525791165
v -0.04148958995938298 0.06038050726056099 0.07095970958471295
v -0.03271862119436262 0.06189960613846779 0.05139726027846335
v -0.04171494394540784 0.05732408165931702 0.05909258872270582
v -0.03259672224521635 0.06407791376113892 0.06143488362431524
v -0.03259672224521635 0.06407791376113892 0.06143488362431524
v -0.04171494394540784 0.05732408165931702 0.05909258872270582
v -0.041683446615934344 0.05775129050016403 0.06075129285454748
v -0.03259672224521635 0.06407791376113892 0.06143488362431524
v -0.041683446615934344 0.05775129050016403 0.06075129285454748
v -0.041560862213373156 0.05941382423043251 0.06720638275146482
v -0.04195944964885709 0.0546191968023777 0.040970042347908006
v -0.041951730847358676 0.05470678210258484 0.04172873497009276
v -0.03279871121048925 0.06047215312719345 0.041225202381610856
v -0.03279871121048925 0.06047215312719345 0.041225202381610856
v -0.041951730847358676 0.05470678210258484 0.04172873497009276
v -0.041862506419420215 0.05571937561035156 0.050499957054853425
v -0.03279871121048925 0.06047215312719345 0.041225202381610856
v -0.041862506419420215 0.05571937561035156 0.050499957054853425
v -0.03271862119436262 0.06189960613846779 0.05139726027846335
v -0.03271862119436262 0.06189960613846779 0.05139726027846335
v -0.041862506419420215 0.05571937561035156 0.050499957054853425
v -0.04185524955391881 0.05579829588532448 0.050922531634569154
v -0.03271862119436262 0.06189960613846779 0.05139726027846335
v -0.04185524955391881 0.05579829588532448 0.050922531634569154
v -0.04171494394540784 0.05732408165931702 0.05909258872270582
v -0.01131765637546777 0.06704271584749222 0.03299999982118605
v -0.013809258118271819 0.06667633354663849 0.03299999982118605
v -0.011319640092551701 0.06777672469615936 0.04154061153531073
v -0.011319640092551701 0.06777672469615936 0.04154061153531073
v -0.013809258118271819 0.06667633354663849 0.03299999982118605
v -0.022347485646605478 0.06501102447509766 0.041421487927436815
v -0.011319640092551701 0.06777672469615936 0.04154061153531073
v -0.022347485646605478 0.06501102447509766 0.041421487927436815
v -0.011292541399598115 0.06951049715280533 0.05198255926370619
v -0.010820192284882062 0.10461290925741196 0.151782676577568
v -0.005428505595773455 0.10539962351322174 0.15213589370250696
v -0.010880697518587105 0.09767179936170578 0.13177730143070215
v -0.010880697518587105 0.09767179936170578 0.13177730143070215
v -0.005428505595773455 0.10539962351322174 0.15213589370250696
v -8.543282774553513e-07 0.09875007718801498 0.1321550011634826
v -0.010880697518587105 0.09767179936170578 0.13177730143070215
v -8.543282774553513e-07 0.09875007718801498 0.1321550011634826
v -0.010971967130899422 0.09000632911920547 0.11203557252883907
v -0.010971967130899422 0.09000632911920547 0.11203557252883907
v -8.543282774553513e-07 0.09875007718801498 0.1321550011634826
v -8.477466622025526e-07 0.09109798818826675 0.11232344806194301
v -0.010971967130899422 0.09000632911920547 0.11203557252883907
v -8.477466622025526e-07 0.09109798818826675 0.11232344806194301
v -0.011084430851042264 0.0822417140007019 0.09233234822750089
v -0.011084430851042264 0.0822417140007019 0.09233234822750089
v -8.477466622025526e-07 0.09109798818826675 0.11232344806194301
v -8.426934527960833e-07 0.08332618325948715 0.09253861010074613
v -0.011084430851042264 0.0822417140007019 0.09233234822750089
v -8.426934527960833e-07 0.08332618325948715 0.09253861010074613
v -0.011200468055903905 0.07508209347724915 0.07240305840969083
v -0.011200468055903905 0.07508209347724915 0.07240305840969083
v -8.426934527960833e-07 0.08332618325948715 0.09253861010074613
v -8.378981988244044e-07 0.07612664997577667 0.07253989577293393
v -0.011200468055903905 0.07508209347724915 0.07240305840969083
v -8.378981988244044e-07 0.07612664997577667 0.07253989577293393
v -0.011292541399598115 0.06951049715280533 0.05198255926370619
v -0.011292541399598115 0.06951049715280533 0.05198255926370619
v -8.378981988244044e-07 0.07612664997577667 0.07253989577293393
v -8.313745638588438e-07 0.07048022001981735 0.052056908607482896
v -0.011292541399598115 0.06951049715280533 0.05198255926370619
v -8.313745638588438e-07 0.07048022001981735 0.052056908607482896
v -0.011319640092551701 0.06777672469615936 0.04154061153531073
v -0.011319640092551701 0.06777672469615936 0.04154061153531073
v -8.313745638588438e-07 0.07048022001981735 0.052056908607482896
v -8.267469979728043e-07 0.06870876252651215 0.041580643504858
v -0.011319640092551701 0.06777672469615936 0.04154061153531073
v -8.267469979728043e-07 0.06870876252651215 0.041580643504858
v -0.003200672799721358 0.06796561181545258 0.03299999982118605
v -0.003200672799721358 0.06796561181545258 0.03299999982118605
v -8.267469979728043e-07 0.06870876252651215 0.041580643504858
v -6.520690476463638e-07 0.06803004443645477 0.03299999982118605
v -0.016139978542923917 0.10330623388290405 0.1511965245008468
v -0.016103092581033696 0.1088905856013298 0.17151384055614466
v -0.010820192284882062 0.10461290925741196 0.151782676577568
v -0.010820192284882062 0.10461290925741196 0.151782676577568
v -0.016103092581033696 0.1088905856013298 0.17151384055614466
v -0.01079547777771949 0.11013900488615036 0.17221872508525843
v -0.010820192284882062 0.10461290925741196 0.151782676577568
v -0.01079547777771949 0.11013900488615036 0.17221872508525843
v -0.005428505595773455 0.10539962351322174 0.15213589370250696
v -0.005428505595773455 0.10539962351322174 0.15213589370250696
v -0.01079547777771949 0.11013900488615036 0.17221872508525843
v -0.005416116677224633 0.11089050024747849 0.17264343798160547
v -0.005428505595773455 0.10539962351322174 0.15213589370250696
v -0.005416116677224633 0.11089050024747849 0.17264343798160547
v -8.631285481897061e-07 0.10566271841526031 0.15225413441658014
v -0.022347485646605478 0.06501102447509766 0.041421487927436815
v -0.02229359000921248 0.0666307732462883 0.0517614185810089
v -0.011292541399598115 0.06951049715280533 0.05198255926370619
v -0.011292541399598115 0.06951049715280533 0.05198255926370619
v -0.02229359000921248 0.0666307732462883 0.0517614185810089
v -0.02221181988716124 0.0690135508775711 0.06195225939154623
v -0.011292541399598115 0.06951049715280533 0.05198255926370619
v -0.02221181988716124 0.0690135508775711 0.06195225939154623
v -0.011200468055903905 0.07508209347724915 0.07240305840969083
v -0.011200468055903905 0.07508209347724915 0.07240305840969083
v -0.02221181988716124 0.0690135508775711 0.06195225939154623
v -0.02211004868149756 0.07197596877813339 0.07199631631374356
v -0.011200468055903905 0.07508209347724915 0.07240305840969083
v -0.02211004868149756 0.07197596877813339 0.07199631631374356
v -0.011084430851042264 0.0822417140007019 0.09233234822750089
v -0.011084430851042264 0.0822417140007019 0.09233234822750089
v -0.02211004868149756 0.07197596877813339 0.07199631631374356
v -0.021878585219383226 0.07901401072740555 0.09171915799379346
v -0.011084430851042264 0.0822417140007019 0.09233234822750089
v -0.021878585219383226 0.07901401072740555 0.09171915799379346
v -0.010971967130899422 0.09000632911920547 0.11203557252883907
v -0.010971967130899422 0.09000632911920547 0.11203557252883907
v -0.021878585219383226 0.07901401072740555 0.09171915799379346
v -0.021654263138771043 0.08675511926412582 0.11117942631244655
v -0.010971967130899422 0.09000632911920547 0.11203557252883907
v -0.021654263138771043 0.08675511926412582 0.11117942631244655
v -0.010880697518587105 0.09767179936170578 0.13177730143070215
v -0.010880697518587105 0.09767179936170578 0.13177730143070215
v -0.021654263138771043 0.08675511926412582 0.11117942631244655
v -0.02147232927381991 0.09445871412754059 0.1306536048650741
v -0.010880697518587105 0.09767179936170578 0.13177730143070215
v -0.02147232927381991 0.09445871412754059 0.1306536048650741
v -0.016139978542923917 0.10330623388290405 0.1511965245008468
v -0.02236441336572169 0.06440248340368271 0.03299999982118605
v -0.023060351610183702 0.06417567282915115 0.03299999982118605
v -0.022347485646605478 0.06501102447509766 0.041421487927436815
v -0.022347485646605478 0.06501102447509766 0.041421487927436815
v -0.023060351610183702 0.06417567282915115 0.03299999982118605
v -0.03279871121048925 0.06047215312719345 0.041225202381610856
v -0.022347485646605478 0.06501102447509766 0.041421487927436815
v -0.03279871121048925 0.06047215312719345 0.041225202381610856
v -0.02229359000921248 0.0666307732462883 0.0517614185810089
v -0.02229359000921248 0.0666307732462883 0.0517614185810089
v -0.03279871121048925 0.06047215312719345 0.041225202381610856
v -0.03271862119436262 0.06189960613846779 0.05139726027846335
v -0.02229359000921248 0.0666307732462883 0.0517614185810089
v -0.03271862119436262 0.06189960613846779 0.05139726027846335
v -0.02221181988716124 0.0690135508775711 0.06195225939154623
v -0.02221181988716124 0.0690135508775711 0.06195225939154623
v -0.03271862119436262 0.06189960613846779 0.05139726027846335
v -0.03259672224521635 0.06407791376113892 0.06143488362431524
v -0.02221181988716124 0.0690135508775711 0.06195225939154623
v -0.03259672224521635 0.06407791376113892 0.06143488362431524
v -0.02211004868149756 0.07197596877813339 0.07199631631374356
v -0.02211004868149756 0.07197596877813339 0.07199631631374356
v -0.03259672224521635 0.06407791376113892 0.06143488362431524
v -0.032444823533296564 0.06686292588710785 0.07132713496685025
v -0.02211004868149756 0.07197596877813339 0.07199631631374356
v -0.032444823533296564 0.06686292588710785 0.07132713496685025
v -0.021878585219383226 0.07901401072740555 0.09171915799379346
v -0.021878585219383226 0.07901401072740555 0.09171915799379346
v -0.032444823533296564 0.06686292588710785 0.07132713496685025
v -0.032099150121211985 0.07369385659694672 0.09071019291877744
v -0.021878585219383226 0.07901401072740555 0.09171915799379346
v -0.032099150121211985 0.07369385659694672 0.09071019291877744
v -0.021654263138771043 0.08675511926412582 0.11117942631244655
v -0.021654263138771043 0.08675511926412582 0.11117942631244655
v -0.032099150121211985 0.07369385659694672 0.09071019291877744
v -0.03176417574286459 0.08139123767614365 0.10976985841989513
v -0.021654263138771043 0.08675511926412582 0.11117942631244655
v -0.03176417574286459 0.08139123767614365 0.10976985841989513
v -0.02147232927381991 0.09445871412754059 0.1306536048650741
v -0.02147232927381991 0.09445871412754059 0.1306536048650741
v -0.03176417574286459 0.08139123767614365 0.10976985841989513
v -0.03149278461933134 0.08915382623672485 0.12880240380764002
v -0.026360306888818723 0.10491734743118286 0.16927415132522577
v -0.026420773938298208 0.09914892911911011 0.14933454990386957
v -0.031241949647665003 0.10220561921596527 0.16774900257587427
v -0.031241949647665003 0.10220561921596527 0.16774900257587427
v -0.026420773938298208 0.09914892911911011 0.14933454990386957
v -0.031313687562942484 0.09631283581256866 0.14806696772575373
v -0.031241949647665003 0.10220561921596527 0.16774900257587427
v -0.031313687562942484 0.09631283581256866 0.14806696772575373
v -0.035915758460760096 0.09902284294366837 0.16596272587776179
v -0.035915758460760096 0.09902284294366837 0.16596272587776179
v -0.031313687562942484 0.09631283581256866 0.14806696772575373
v -0.0359983332455158 0.09298551082611084 0.1465828120708465
v -0.035915758460760096 0.09902284294366837 0.16596272587776179
v -0.0359983332455158 0.09298551082611084 0.1465828120708465
v -0.03995555266737935 0.09310205280780792 0.15551014244556421
v -0.03995555266737935 0.09310205280780792 0.15551014244556421
v -0.0359983332455158 0.09298551082611084 0.1465828120708465
v -0.04001887515187261 0.08957085758447647 0.14506329596042628
v -0.021331261843442903 0.11059652268886566 0.19116473197937006
v -0.02130734361708163 0.10921544581651688 0.18079330027103419
v -0.03124908171594141 0.10443924367427826 0.1777766197919845
v -0.03124908171594141 0.10443924367427826 0.1777766197919845
v -0.02130734361708163 0.10921544581651688 0.18079330027103419
v -0.021303093060851083 0.10714853554964066 0.17053121328353876
v -0.03124908171594141 0.10443924367427826 0.1777766197919845
v -0.021303093060851083 0.10714853554964066 0.17053121328353876
v -0.026360306888818723 0.10491734743118286 0.16927415132522577
v -0.026360306888818723 0.10491734743118286 0.16927415132522577
v -0.021303093060851083 0.10714853554964066 0.17053121328353876
v -0.021351922303438173 0.10148324817419052 0.15037953853607172
v -0.026360306888818723 0.10491734743118286 0.16927415132522577
v -0.021351922303438173 0.10148324817419052 0.15037953853607172
v -0.026420773938298208 0.09914892911911011 0.14933454990386957
v -0.010797454044222825 0.11210452765226364 0.18262277543544764
v -0.02130734361708163 0.10921544581651688 0.18079330027103419
v -0.010809263214468949 0.11335398256778717 0.19313220679759974
v -0.010809263214468949 0.11335398256778717 0.19313220679759974
v -0.02130734361708163 0.10921544581651688 0.18079330027103419
v -0.021331261843442903 0.11059652268886566 0.19116473197937006
v -0.010809263214468949 0.11335398256778717 0.19313220679759974
v -0.021331261843442903 0.11059652268886566 0.19116473197937006
v -0.010830995626747601 0.11372578889131546 0.20370869338512415
v -0.011065673083066933 0.09659917652606964 0.2525845766067504
v -0.005522079300135371 0.1032780185341835 0.24467647075653068
v -0.011007606983184808 0.10289034247398376 0.24408753216266624
v -0.011007606983184808 0.10289034247398376 0.24408753216266624
v -0.005522079300135371 0.1032780185341835 0.24467647075653068
v -0.005494464654475447 0.1081961914896965 0.23527970910072318
v -9.151941640084254e-07 0.11180117726325989 0.2254341393709182
v -0.005494464654475447 0.1081961914896965 0.23527970910072318
v -9.253154757971054e-07 0.10835039615631104 0.235476791858673
v -9.253154757971054e-07 0.10835039615631104 0.235476791858673
v -0.005494464654475447 0.1081961914896965 0.23527970910072318
v -0.005522079300135371 0.1032780185341835 0.24467647075653068
v -9.253154757971054e-07 0.10835039615631104 0.235476791858673
v -0.005522079300135371 0.1032780185341835 0.24467647075653068
v -9.358824399896542e-07 0.10340773314237595 0.24487364292144767
v -9.358824399896542e-07 0.10340773314237595 0.24487364292144767
v -0.005522079300135371 0.1032780185341835 0.24467647075653068
v -0.011065673083066933 0.09659917652606964 0.2525845766067504
v -0.03993860632181165 0.09814263880252838 0.17387096583843226
v -0.03997280821204183 0.09982336312532425 0.18206535279750818
v -0.03124908171594141 0.10443924367427826 0.1777766197919845
v -0.03124908171594141 0.10443924367427826 0.1777766197919845
v -0.03997280821204183 0.09982336312532425 0.18206535279750818
v -0.031285714358091334 0.10603741556406021 0.18792021274566645
v -0.03124908171594141 0.10443924367427826 0.1777766197919845
v -0.031285714358091334 0.10603741556406021 0.18792021274566645
v -0.021331261843442903 0.11059652268886566 0.19116473197937006
v -0.021331261843442903 0.11059652268886566 0.19116473197937006
v -0.031285714358091334 0.10603741556406021 0.18792021274566645
v -0.021375024691224084 0.11113778501749039 0.20161202549934382
v -0.021331261843442903 0.11059652268886566 0.19116473197937006
v -0.021375024691224084 0.11113778501749039 0.20161202549934382
v -0.010830995626747601 0.11372578889131546 0.20370869338512415
v -0.010830995626747601 0.11372578889131546 0.20370869338512415
v -0.021375024691224084 0.11113778501749039 0.20161202549934382
v -0.01620393432676791 0.11204196512699127 0.21334314346313468
v -0.010830995626747601 0.11372578889131546 0.20370869338512415
v -0.01620393432676791 0.11204196512699127 0.21334314346313468
v -0.01086246129125356 0.11303393542766571 0.21426634490489951
v -0.01086246129125356 0.11303393542766571 0.21426634490489951
v -0.01620393432676791 0.11204196512699127 0.21334314346313468
v -0.016265245154499997 0.11020437628030777 0.22370468080043784
v -0.01086246129125356 0.11303393542766571 0.21426634490489951
v -0.016265245154499997 0.11020437628030777 0.22370468080043784
v -0.010903275571763509 0.11108986288309097 0.22466325759887687
v -0.010903275571763509 0.11108986288309097 0.22466325759887687
v -0.016265245154499997 0.11020437628030777 0.22370468080043784
v -0.016338950023055066 0.10696937143802643 0.23371377587318412
v -0.010903275571763509 0.11108986288309097 0.22466325759887687
v -0.016338950023055066 0.10696937143802643 0.23371377587318412
v -0.010952351614832871 0.10773511230945587 0.2346908897161483
v -0.010952351614832871 0.10773511230945587 0.2346908897161483
v -0.016338950023055066 0.10696937143802643 0.23371377587318412
v -0.016421925276517858 0.1022467389702797 0.24311043322086326
v -0.021845860406756387 0.09532290697097778 0.2502784430980681
v -0.016421925276517858 0.1022467389702797 0.24311043322086326
v -0.021729433909058557 0.10134922713041306 0.24174882471561424
v -0.021729433909058557 0.10134922713041306 0.24174882471561424
v -0.016421925276517858 0.1022467389702797 0.24311043322086326
v -0.016338950023055066 0.10696937143802643 0.23371377587318412
v -0.021729433909058557 0.10134922713041306 0.24174882471561424
v -0.016338950023055066 0.10696937143802643 0.23371377587318412
v -0.021618627011775957 0.10590118169784546 0.23235182464122764
v -0.021618627011775957 0.10590118169784546 0.23235182464122764
v -0.016338950023055066 0.10696937143802643 0.23371377587318412
v -0.016265245154499997 0.11020437628030777 0.22370468080043784
v -0.021618627011775957 0.10590118169784546 0.23235182464122764
v -0.016265245154499997 0.11020437628030777 0.22370468080043784
v -0.021520178765058504 0.1089688390493393 0.22236837446689597
v -0.021520178765058504 0.1089688390493393 0.22236837446689597
v -0.016265245154499997 0.11020437628030777 0.22370468080043784
v -0.01620393432676791 0.11204196512699127 0.21334314346313468
v -0.021520178765058504 0.1089688390493393 0.22236837446689597
v -0.01620393432676791 0.11204196512699127 0.21334314346313468
v -0.02143825404345988 0.11065766960382462 0.21205608546733848
v -0.02143825404345988 0.11065766960382462 0.21205608546733848
v -0.01620393432676791 0.11204196512699127 0.21334314346313468
v -0.021375024691224084 0.11113778501749039 0.20161202549934382
v -0.011173015460371964 0.0804438367486 0.2661488950252532
v -9.675575256551377e-07 0.08074866235256195 0.2669093906879424
v -0.011122194118797772 0.08903186768293381 0.25997179746627797
v -0.011122194118797772 0.08903186768293381 0.25997179746627797
v -9.675575256551377e-07 0.08074866235256195 0.2669093906879424
v -9.57310248850262e-07 0.0893896222114563 0.2607356011867522
v -0.011122194118797772 0.08903186768293381 0.25997179746627797
v -9.57310248850262e-07 0.0893896222114563 0.2607356011867522
v -0.011065673083066933 0.09659917652606964 0.2525845766067504
v -0.011065673083066933 0.09659917652606964 0.2525845766067504
v -9.57310248850262e-07 0.0893896222114563 0.2607356011867522
v -9.466520509704417e-07 0.09702791273593903 0.2533601224422454
v -0.011065673083066933 0.09659917652606964 0.2525845766067504
v -9.466520509704417e-07 0.09702791273593903 0.2533601224422454
v -9.358824399896542e-07 0.10340773314237595 0.24487364292144767
v -0.008407941088080401 0.0005000000237487257 0.2829989790916442
v -0.0008100315462797875 0.0005000000237487257 0.2834937274456023
v -0.011305520310997956 0.019648896530270576 0.28217995166778553
v -0.011305520310997956 0.019648896530270576 0.28217995166778553
v -0.0008100315462797875 0.0005000000237487257 0.2834937274456023
v -1.0166053243665368e-06 0.019733093678951263 0.2830646038055419
v -0.011305520310997956 0.019648896530270576 0.28217995166778553
v -1.0166053243665368e-06 0.019733093678951263 0.2830646038055419
v -0.011300176382064812 0.03020668961107731 0.2813759148120879
v -0.011300176382064812 0.03020668961107731 0.2813759148120879
v -1.0166053243665368e-06 0.019733093678951263 0.2830646038055419
v -1.0096380265167675e-06 0.030329260975122452 0.2822425663471221
v -0.011300176382064812 0.03020668961107731 0.2813759148120879
v -1.0096380265167675e-06 0.030329260975122452 0.2822425663471221
v -0.011289834044873708 0.04070337489247322 0.27999764680862416
v -0.011289834044873708 0.04070337489247322 0.27999764680862416
v -1.0096380265167675e-06 0.030329260975122452 0.2822425663471221
v -1.0023101140177453e-06 0.04086306318640709 0.28084030747413624
v -0.011289834044873708 0.04070337489247322 0.27999764680862416
v -1.0023101140177453e-06 0.04086306318640709 0.28084030747413624
v -0.011273111216723912 0.051085811108350754 0.2779201865196227
v -0.011273111216723912 0.051085811108350754 0.2779201865196227
v -1.0023101140177453e-06 0.04086306318640709 0.28084030747413624
v -9.945221108864637e-07 0.0512809082865715 0.278735727071762
v -0.011273111216723912 0.051085811108350754 0.2779201865196227
v -9.945221108864637e-07 0.0512809082865715 0.278735727071762
v -0.011248683556914323 0.06126067042350769 0.27500993013381947
v -0.011248683556914323 0.06126067042350769 0.27500993013381947
v -9.945221108864637e-07 0.0512809082865715 0.278735727071762
v -9.861785201792366e-07 0.06148967519402504 0.2757994234561919
v -0.011248683556914323 0.06126067042350769 0.27500993013381947
v -9.861785201792366e-07 0.06148967519402504 0.2757994234561919
v -0.011215466074645512 0.07110781222581863 0.2711302340030669
v -0.011215466074645512 0.07110781222581863 0.2711302340030669
v -9.861785201792366e-07 0.06148967519402504 0.2757994234561919
v -9.77200897978036e-07 0.07137191295623779 0.27189981937408436
v -0.02231565304100512 0.0005000000237487257 0.279883176088333
v -0.015880096703767766 0.0005000000237487257 0.2817082703113555
v -0.02232793532311915 0.0193984042853117 0.27955392003059376
v -0.02232793532311915 0.0193984042853117 0.27955392003059376
v -0.015880096703767766 0.0005000000237487257 0.2817082703113555
v -0.011305520310997956 0.019648896530270576 0.28217995166778553
v -0.02232793532311915 0.0193984042853117 0.27955392003059376
v -0.011305520310997956 0.019648896530270576 0.28217995166778553
v -0.022316947579383836 0.02984205074608326 0.278802990913391
v -0.022316947579383836 0.02984205074608326 0.278802990913391
v -0.011305520310997956 0.019648896530270576 0.28217995166778553
v -0.011300176382064812 0.03020668961107731 0.2813759148120879
v -0.022316947579383836 0.02984205074608326 0.278802990913391
v -0.011300176382064812 0.03020668961107731 0.2813759148120879
v -0.0222959630191326 0.040228378027677536 0.27749568223953236
v -0.0222959630191326 0.040228378027677536 0.27749568223953236
v -0.011300176382064812 0.03020668961107731 0.2813759148120879
v -0.011289834044873708 0.04070337489247322 0.27999764680862416
v -0.0222959630191326 0.040228378027677536 0.27749568223953236
v -0.011289834044873708 0.04070337489247322 0.27999764680862416
v -0.022262219339609132 0.050505559891462326 0.2754986286163329
v -0.022262219339609132 0.050505559891462326 0.2754986286163329
v -0.011289834044873708 0.04070337489247322 0.27999764680862416
v -0.011273111216723912 0.051085811108350754 0.2779201865196227
v -0.022262219339609132 0.050505559891462326 0.2754986286163329
v -0.011273111216723912 0.051085811108350754 0.2779201865196227
v -0.022213067859411226 0.060579679906368256 0.27266564965248097
v -0.022213067859411226 0.060579679906368256 0.27266564965248097
v -0.011273111216723912 0.051085811108350754 0.2779201865196227
v -0.011248683556914323 0.06126067042350769 0.27500993013381947
v -0.022213067859411226 0.060579679906368256 0.27266564965248097
v -0.011248683556914323 0.06126067042350769 0.27500993013381947
v -0.022146334871649728 0.07032251358032227 0.26884472370147694
v -0.022146334871649728 0.07032251358032227 0.26884472370147694
v -0.011248683556914323 0.06126067042350769 0.27500993013381947
v -0.011215466074645512 0.07110781222581863 0.2711302340030669
v -0.011007606983184808 0.10289034247398376 0.24408753216266624
v -0.01650911197066306 0.09606606513261795 0.25162094831466664
v -0.011065673083066933 0.09659917652606964 0.2525845766067504
v -0.011065673083066933 0.09659917652606964 0.2525845766067504
v -0.01650911197066306 0.09606606513261795 0.25162094831466664
v -0.016593985259532918 0.0885872021317482 0.2590230703353881
v -0.011065673083066933 0.09659917652606964 0.2525845766067504
v -0.016593985259532918 0.0885872021317482 0.2590230703353881
v -0.011122194118797772 0.08903186768293381 0.25997179746627797
v -0.011122194118797772 0.08903186768293381 0.25997179746627797
v -0.016593985259532918 0.0885872021317482 0.2590230703353881
v -0.022061135619878755 0.07953740656375885 0.2638897895812987
v -0.011122194118797772 0.08903186768293381 0.25997179746627797
v -0.022061135619878755 0.07953740656375885 0.2638897895812987
v -0.011173015460371964 0.0804438367486 0.2661488950252532
v -0.031285714358091334 0.10603741556406021 0.18792021274566645
v -0.03135211020708082 0.10685880482196808 0.19815431535243982
v -0.021375024691224084 0.11113778501749039 0.20161202549934382
v -0.021375024691224084 0.11113778501749039 0.20161202549934382
v -0.03135211020708082 0.10685880482196808 0.19815431535243982
v -0.026530396193265898 0.10888455808162689 0.21040940284728996
v -0.021375024691224084 0.11113778501749039 0.20161202549934382
v -0.026530396193265898 0.10888455808162689 0.21040940284728996
v -0.02143825404345988 0.11065766960382462 0.21205608546733848
v -0.02143825404345988 0.11065766960382462 0.21205608546733848
v -0.026530396193265898 0.10888455808162689 0.21040940284728996
v -0.02663308568298815 0.107386514544487 0.2206588238477706
v -0.02143825404345988 0.11065766960382462 0.21205608546733848
v -0.02663308568298815 0.107386514544487 0.2206588238477706
v -0.021520178765058504 0.1089688390493393 0.22236837446689597
v -0.021520178765058504 0.1089688390493393 0.22236837446689597
v -0.02663308568298815 0.107386514544487 0.2206588238477706
v -0.026756430044770223 0.10453352332115173 0.2306097745895385
v -0.021520178765058504 0.1089688390493393 0.22236837446689597
v -0.026756430044770223 0.10453352332115173 0.2306097745895385
v -0.021618627011775957 0.10590118169784546 0.23235182464122764
v -0.021618627011775957 0.10590118169784546 0.23235182464122764
v -0.026756430044770223 0.10453352332115173 0.2306097745895385
v -0.02689522318542002 0.10020056366920471 0.24000765383243552
v -0.021618627011775957 0.10590118169784546 0.23235182464122764
v -0.02689522318542002 0.10020056366920471 0.24000765383243552
v -0.021729433909058557 0.10134922713041306 0.24174882471561424
v -0.021729433909058557 0.10134922713041306 0.24174882471561424
v -0.02689522318542002 0.10020056366920471 0.24000765383243552
v -0.027041040360927564 0.0943722203373909 0.2485623061656951
v -0.021729433909058557 0.10134922713041306 0.24174882471561424
v -0.027041040360927564 0.0943722203373909 0.2485623061656951
v -0.021845860406756387 0.09532290697097778 0.2502784430980681
v -0.03135211020708082 0.10685880482196808 0.19815431535243982
v -0.03144770860671995 0.10672933608293533 0.20841121673583976
v -0.026530396193265898 0.10888455808162689 0.21040940284728996
v -0.026530396193265898 0.10888455808162689 0.21040940284728996
v -0.03144770860671995 0.10672933608293533 0.20841121673583976
v -0.0315713472664356 0.10546362400054932 0.2185846269130706
v -0.026530396193265898 0.10888455808162689 0.21040940284728996
v -0.0315713472664356 0.10546362400054932 0.2185846269130706
v -0.02663308568298815 0.107386514544487 0.2206588238477706
v -0.02663308568298815 0.107386514544487 0.2206588238477706
v -0.0315713472664356 0.10546362400054932 0.2185846269130706
v -0.03171977400779722 0.10287217795848846 0.22849662601947776
v -0.02663308568298815 0.107386514544487 0.2206588238477706
v -0.03171977400779722 0.10287217795848846 0.22849662601947776
v -0.026756430044770223 0.10453352332115173 0.2306097745895385
v -0.026756430044770223 0.10453352332115173 0.2306097745895385
v -0.03171977400779722 0.10287217795848846 0.22849662601947776
v -0.031886737793683985 0.09880603104829788 0.2378963977098464
v -0.026756430044770223 0.10453352332115173 0.2306097745895385
v -0.031886737793683985 0.09880603104829788 0.2378963977098464
v -0.02689522318542002 0.10020056366920471 0.24000765383243552
v -0.02689522318542002 0.10020056366920471 0.24000765383243552
v -0.031886737793683985 0.09880603104829788 0.2378963977098464
v -0.03206212818622587 0.09321881085634232 0.24648243188858024
v -0.02689522318542002 0.10020056366920471 0.24000765383243552
v -0.03206212818622587 0.09321881085634232 0.24648243188858024
v -0.027041040360927564 0.0943722203373909 0.2485623061656951
v -0.027041040360927564 0.0943722203373909 0.2485623061656951
v -0.03206212818622587 0.09321881085634232 0.24648243188858024
v -0.032148923724889734 0.08988059312105179 0.25037690997123707
v -0.027041040360927564 0.0943722203373909 0.2485623061656951
v -0.032148923724889734 0.08988059312105179 0.25037690997123707
v -0.021845860406756387 0.09532290697097778 0.2502784430980681
v -0.04004991054534909 0.10107292234897614 0.1913847923278808
v -0.04006160050630567 0.10113108903169632 0.19240050017833704
v -0.031285714358091334 0.10603741556406021 0.18792021274566645
v -0.031285714358091334 0.10603741556406021 0.18792021274566645
v -0.04006160050630567 0.10113108903169632 0.19240050017833704
v -0.03604596108198164 0.10410261154174805 0.19593371450901026
v -0.031285714358091334 0.10603741556406021 0.18792021274566645
v -0.03604596108198164 0.10410261154174805 0.19593371450901026
v -0.03135211020708082 0.10685880482196808 0.19815431535243982
v -0.03135211020708082 0.10685880482196808 0.19815431535243982
v -0.03604596108198164 0.10410261154174805 0.19593371450901026
v -0.03615805134177206 0.10419938713312149 0.2060705423355102
v -0.03135211020708082 0.10685880482196808 0.19815431535243982
v -0.03615805134177206 0.10419938713312149 0.2060705423355102
v -0.03144770860671995 0.10672933608293533 0.20841121673583976
v -0.03144770860671995 0.10672933608293533 0.20841121673583976
v -0.03615805134177206 0.10419938713312149 0.2060705423355102
v -0.03630285710096357 0.1032070517539978 0.21615524590015403
v -0.03144770860671995 0.10672933608293533 0.20841121673583976
v -0.03630285710096357 0.1032070517539978 0.21615524590015403
v -0.0315713472664356 0.10546362400054932 0.2185846269130706
v -0.0315713472664356 0.10546362400054932 0.2185846269130706
v -0.03630285710096357 0.1032070517539978 0.21615524590015403
v -0.03647658228874204 0.10092347860336304 0.22602237761020652
v -0.0315713472664356 0.10546362400054932 0.2185846269130706
v -0.03647658228874204 0.10092347860336304 0.22602237761020652
v -0.03171977400779722 0.10287217795848846 0.22849662601947776
v -0.03171977400779722 0.10287217795848846 0.22849662601947776
v -0.03647658228874204 0.10092347860336304 0.22602237761020652
v -0.03667193278670308 0.09717145562171936 0.23542553186416618
v -0.03171977400779722 0.10287217795848846 0.22849662601947776
v -0.03667193278670308 0.09717145562171936 0.23542553186416618
v -0.031886737793683985 0.09880603104829788 0.2378963977098464
v -0.031886737793683985 0.09880603104829788 0.2378963977098464
v -0.03667193278670308 0.09717145562171936 0.23542553186416618
v -0.03687711432576177 0.09186797589063644 0.24404980242252342
v -0.031886737793683985 0.09880603104829788 0.2378963977098464
v -0.03687711432576177 0.09186797589063644 0.24404980242252342
v -0.03206212818622587 0.09321881085634232 0.24648243188858024
v -0.03206212818622587 0.09321881085634232 0.24648243188858024
v -0.03687711432576177 0.09186797589063644 0.24404980242252342
v -0.041133113205432864 0.08735311776399612 0.2454713582992553
v -0.03206212818622587 0.09321881085634232 0.24648243188858024
v -0.041133113205432864 0.08735311776399612 0.2454713582992553
v -0.032148923724889734 0.08988059312105179 0.25037690997123707
v -0.032148923724889734 0.08988059312105179 0.25037690997123707
v -0.041133113205432864 0.08735311776399612 0.2454713582992553
v -0.04114105924963948 0.08713428676128387 0.24574130773544303
v -0.032148923724889734 0.08988059312105179 0.25037690997123707
v -0.04114105924963948 0.08713428676128387 0.24574130773544303
v -0.04115949571132657 0.08662637323141098 0.24636787176132194
v -0.021959198638796792 0.08796755224466324 0.2577017545700072
v -0.0219034720212221 0.09179718792438507 0.2541392147541045
v -0.027182996273040754 0.08717518299818039 0.25601330399513234
v -0.027182996273040754 0.08717518299818039 0.25601330399513234
v -0.0219034720212221 0.09179718792438507 0.2541392147541045
v -0.03223288804292677 0.08621442317962646 0.25396806001663197
v -0.027182996273040754 0.08717518299818039 0.25601330399513234
v -0.03223288804292677 0.08621442317962646 0.25396806001663197
v -0.03231247141957281 0.08225587755441666 0.25723636150360096
v -0.03231247141957281 0.08225587755441666 0.25723636150360096
v -0.03223288804292677 0.08621442317962646 0.25396806001663197
v -0.04134364798665044 0.08028252422809601 0.2522256076335906
v -0.03231247141957281 0.08225587755441666 0.25723636150360096
v -0.04134364798665044 0.08028252422809601 0.2522256076335906
v -0.041348066180944415 0.08011135458946228 0.2523613870143889
v -0.021959198638796792 0.08796755224466324 0.2577017545700072
v -0.027182996273040754 0.08717518299818039 0.25601330399513234
v -0.027310701087117178 0.07886280864477158 0.2622101306915282
v -0.027310701087117178 0.07886280864477158 0.2622101306915282
v -0.027182996273040754 0.08717518299818039 0.25601330399513234
v -0.03231247141957281 0.08225587755441666 0.25723636150360096
v -0.027310701087117178 0.07886280864477158 0.2622101306915282
v -0.03231247141957281 0.08225587755441666 0.25723636150360096
v -0.032386545091867426 0.07804516702890396 0.26017647981643666
v -0.032386545091867426 0.07804516702890396 0.26017647981643666
v -0.03231247141957281 0.08225587755441666 0.25723636150360096
v -0.04141288623213765 0.07760192453861237 0.2543521523475646
v -0.032386545091867426 0.07804516702890396 0.26017647981643666
v -0.04141288623213765 0.07760192453861237 0.2543521523475646
v -0.04144601896405217 0.07607337832450867 0.25531545281410206
v -0.04152350872755048 0.07249846309423447 0.2575683891773223
v -0.041532214730977984 0.07209689915180206 0.2578214704990386
v -0.032386545091867426 0.07804516702890396 0.26017647981643666
v -0.032386545091867426 0.07804516702890396 0.26017647981643666
v -0.041532214730977984 0.07209689915180206 0.2578214704990386
v -0.03251510113477705 0.06902989000082016 0.2650895118713378
v -0.032386545091867426 0.07804516702890396 0.26017647981643666
v -0.03251510113477705 0.06902989000082016 0.2650895118713378
v -0.027310701087117178 0.07886280864477158 0.2622101306915282
v -0.027310701087117178 0.07886280864477158 0.2622101306915282
v -0.03251510113477705 0.06902989000082016 0.2650895118713378
v -0.022061135619878755 0.07953740656375885 0.2638897895812987
v -0.027310701087117178 0.07886280864477158 0.2622101306915282
v -0.022061135619878755 0.07953740656375885 0.2638897895812987
v -0.021959198638796792 0.08796755224466324 0.2577017545700072
v -0.021959198638796792 0.08796755224466324 0.2577017545700072
v -0.022061135619878755 0.07953740656375885 0.2638897895812987
v -0.016593985259532918 0.0885872021317482 0.2590230703353881
v -0.021959198638796792 0.08796755224466324 0.2577017545700072
v -0.016593985259532918 0.0885872021317482 0.2590230703353881
v -0.0219034720212221 0.09179718792438507 0.2541392147541045
v -0.0219034720212221 0.09179718792438507 0.2541392147541045
v -0.016593985259532918 0.0885872021317482 0.2590230703353881
v -0.01650911197066306 0.09606606513261795 0.25162094831466664
v -0.03275124356150625 0.0005000000237487257 0.27548423409461964
v -0.030310923233628252 0.0005000000237487257 0.2767796218395232
v -0.032791268080472925 0.018985774368047714 0.2752419412136077
v -0.032791268080472925 0.018985774368047714 0.2752419412136077
v -0.030310923233628252 0.0005000000237487257 0.2767796218395232
v -0.02232793532311915 0.0193984042853117 0.27955392003059376
v -0.032791268080472925 0.018985774368047714 0.2752419412136077
v -0.02232793532311915 0.0193984042853117 0.27955392003059376
v -0.03277403488755224 0.029241444543004036 0.2745773196220397
v -0.03277403488755224 0.029241444543004036 0.2745773196220397
v -0.02232793532311915 0.0193984042853117 0.27955392003059376
v -0.022316947579383836 0.02984205074608326 0.278802990913391
v -0.03277403488755224 0.029241444543004036 0.2745773196220397
v -0.022316947579383836 0.02984205074608326 0.278802990913391
v -0.03274180367588995 0.03944610431790352 0.2733861804008483
v -0.03274180367588995 0.03944610431790352 0.2733861804008483
v -0.022316947579383836 0.02984205074608326 0.278802990913391
v -0.0222959630191326 0.040228378027677536 0.27749568223953236
v -0.03274180367588995 0.03944610431790352 0.2733861804008483
v -0.0222959630191326 0.040228378027677536 0.27749568223953236
v -0.03269043564796446 0.0495501384139061 0.27152100205421437
v -0.03269043564796446 0.0495501384139061 0.27152100205421437
v -0.0222959630191326 0.040228378027677536 0.27749568223953236
v -0.022262219339609132 0.050505559891462326 0.2754986286163329
v -0.03269043564796446 0.0495501384139061 0.27152100205421437
v -0.022262219339609132 0.050505559891462326 0.2754986286163329
v -0.03261595219373701 0.05945862829685211 0.26881462335586537
v -0.03261595219373701 0.05945862829685211 0.26881462335586537
v -0.022262219339609132 0.050505559891462326 0.2754986286163329
v -0.022213067859411226 0.060579679906368256 0.27266564965248097
v -0.03261595219373701 0.05945862829685211 0.26881462335586537
v -0.022213067859411226 0.060579679906368256 0.27266564965248097
v -0.03251510113477705 0.06902989000082016 0.2650895118713378
v -0.03251510113477705 0.06902989000082016 0.2650895118713378
v -0.022213067859411226 0.060579679906368256 0.27266564965248097
v -0.022146334871649728 0.07032251358032227 0.26884472370147694
v -0.03251510113477705 0.06902989000082016 0.2650895118713378
v -0.022146334871649728 0.07032251358032227 0.26884472370147694
v -0.022061135619878755 0.07953740656375885 0.2638897895812987
v -0.022061135619878755 0.07953740656375885 0.2638897895812987
v -0.022146334871649728 0.07032251358032227 0.26884472370147694
v -0.011215466074645512 0.07110781222581863 0.2711302340030669
v -0.022061135619878755 0.07953740656375885 0.2638897895812987
v -0.011215466074645512 0.07110781222581863 0.2711302340030669
v -0.011173015460371964 0.0804438367486 0.2661488950252532
v -0.011173015460371964 0.0804438367486 0.2661488950252532
v -0.011215466074645512 0.07110781222581863 0.2711302340030669
v -9.77200897978036e-07 0.07137191295623779 0.27189981937408436
v -0.011173015460371964 0.0804438367486 0.2661488950252532
v -9.77200897978036e-07 0.07137191295623779 0.27189981937408436
v -9.675575256551377e-07 0.08074866235256195 0.2669093906879424
v 0.040786009281873675 0.09546307474374771 0.23288314044475547
v 0.04072202369570729 0.0965346172451973 0.23023395240306846
v 0.03667057305574414 0.09717240184545517 0.23542656004428855
v 0.03667057305574414 0.09717240184545517 0.23542656004428855
v 0.04072202369570729 0.0965346172451973 0.23023395240306846
v 0.036475230008363696 0.1009240373969078 0.22602322697639457
v 0.03667057305574414 0.09717240184545517 0.23542656004428855
v 0.036475230008363696 0.1009240373969078 0.22602322697639457
v 0.031885284930467585 0.09880684316158295 0.23789729177951804
v 0.04094764217734334 0.09216538816690445 0.23904480040073386
v 0.040937121957540484 0.09238378703594208 0.2386470437049865
v 0.03687575086951253 0.09186840802431107 0.2440505623817443
v 0.03687575086951253 0.09186840802431107 0.2440505623817443
v 0.040937121957540484 0.09238378703594208 0.2386470437049865
v 0.03667057305574414 0.09717240184545517 0.23542656004428855
v 0.03687575086951253 0.09186840802431107 0.2440505623817443
v 0.03667057305574414 0.09717240184545517 0.23542656004428855
v 0.03206066787242887 0.09321918338537216 0.24648308753967277
v 0.03206066787242887 0.09321918338537216 0.24648308753967277
v 0.03667057305574414 0.09717240184545517 0.23542656004428855
v 0.031885284930467585 0.09880684316158295 0.23789729177951804
v 0.03206066787242887 0.09321918338537216 0.24648308753967277
v 0.031885284930467585 0.09880684316158295 0.23789729177951804
v 0.02703947760164736 0.09437253326177597 0.24856285750865928
v 0.0220594499260187 0.07953770458698273 0.26389041543006886
v 0.027181420475244505 0.0871753916144371 0.2560138106346129
v 0.021957520395517335 0.08796772360801697 0.25770220160484303
v 0.021957520395517335 0.08796772360801697 0.25770220160484303
v 0.027181420475244505 0.0871753916144371 0.2560138106346129
v 0.02703947760164736 0.09437253326177597 0.24856285750865928
v 0.03214745223522184 0.0898808166384697 0.2503775060176848
v 0.032231416553258875 0.08621466904878616 0.2539686560630797
v 0.03707551956176755 0.08509034663438797 0.2515782117843627
v 0.03707551956176755 0.08509034663438797 0.2515782117843627
v 0.032231416553258875 0.08621466904878616 0.2539686560630797
v 0.032385073602199534 0.07804561406373978 0.2601774036884307
v 0.03707551956176755 0.08509034663438797 0.2515782117843627
v 0.032385073602199534 0.07804561406373978 0.2601774036884307
v 0.0372553505003452 0.07708925008773804 0.2578018605709075
v 0.0372553505003452 0.07708925008773804 0.2578018605709075
v 0.032385073602199534 0.07804561406373978 0.2601774036884307
v 0.041531022638082477 0.07208847254514694 0.25775393843650807
v 0.0372553505003452 0.07708925008773804 0.2578018605709075
v 0.041531022638082477 0.07208847254514694 0.25775393843650807
v 0.041458368301391574 0.07566668093204498 0.25566405057907093
v 0.03144628554582594 0.10672997683286667 0.20841191709041587
v 0.026528880000114424 0.10888510197401047 0.21040998399257652
v 0.02663155831396578 0.10738697648048401 0.22065943479537956
v 0.02663155831396578 0.10738697648048401 0.22065943479537956
v 0.026528880000114424 0.10888510197401047 0.21040998399257652
v 0.021518558263778673 0.10896921902894974 0.22236886620521537
v 0.02663155831396578 0.10738697648048401 0.22065943479537956
v 0.021518558263778673 0.10896921902894974 0.22236886620521537
v 0.02161699347198008 0.10590150952339172 0.23235233128070823
v 0.02161699347198008 0.10590150952339172 0.23235233128070823
v 0.021518558263778673 0.10896921902894974 0.22236886620521537
v 0.016337230801582326 0.10696961730718613 0.23371414840221397
v 0.02161699347198008 0.10590150952339172 0.23235233128070823
v 0.016337230801582326 0.10696961730718613 0.23371414840221397
v 0.016420189291238774 0.10224714875221252 0.24311089515686027
v 0.016420189291238774 0.10224714875221252 0.24311089515686027
v 0.016337230801582326 0.10696961730718613 0.23371414840221397
v 0.011005801148712628 0.10289061814546585 0.2440878450870513
v 0.016420189291238774 0.10224714875221252 0.24311089515686027
v 0.011005801148712628 0.10289061814546585 0.2440878450870513
v 0.011063846759498112 0.09659930318593979 0.2525848150253295
v 0.04034051671624181 0.10104809701442719 0.2120613902807235
v 0.03615671768784521 0.10420013219118118 0.20607134699821467
v 0.036301515996456125 0.10320769250392914 0.2161560654640197
v 0.036301515996456125 0.10320769250392914 0.2161560654640197
v 0.03615671768784521 0.10420013219118118 0.20607134699821467
v 0.03156991675496099 0.10546418279409409 0.2185853421688079
v 0.036301515996456125 0.10320769250392914 0.2161560654640197
v 0.03156991675496099 0.10546418279409409 0.2185853421688079
v 0.03171832859516142 0.10287266224622726 0.22849737107753745
v 0.03171832859516142 0.10287266224622726 0.22849737107753745
v 0.03156991675496099 0.10546418279409409 0.2185853421688079
v 0.02675488963723181 0.10453393310308456 0.23061038553714744
v 0.03171832859516142 0.10287266224622726 0.22849737107753745
v 0.02675488963723181 0.10453393310308456 0.23061038553714744
v 0.02689367160201071 0.10020124912261963 0.2400084137916564
v 0.02689367160201071 0.10020124912261963 0.2400084137916564
v 0.02675488963723181 0.10453393310308456 0.23061038553714744
v 0.021727787330746637 0.10134977847337723 0.24174943566322318
v 0.02689367160201071 0.10020124912261963 0.2400084137916564
v 0.021727787330746637 0.10134977847337723 0.24174943566322318
v 0.021844198927283273 0.09532316029071808 0.25027891993522633
v 0.021844198927283273 0.09532316029071808 0.25027891993522633
v 0.021727787330746637 0.10134977847337723 0.24174943566322318
v 0.016507361084222783 0.09606625139713287 0.2516212761402129
v 0.021844198927283273 0.09532316029071808 0.25027891993522633
v 0.016507361084222783 0.09606625139713287 0.2516212761402129
v 0.01659221574664115 0.08858732879161835 0.25902339816093434
v 0.01659221574664115 0.08858732879161835 0.25902339816093434
v 0.016507361084222783 0.09606625139713287 0.2516212761402129
v 0.011120349168777459 0.08903195708990097 0.2599720060825347
v 0.01659221574664115 0.08858732879161835 0.25902339816093434
v 0.011120349168777459 0.08903195708990097 0.2599720060825347
v 0.011171152815222733 0.08044399321079254 0.26614919304847706
v 0.04018991440534589 0.10154678672552109 0.2026843130588531
v 0.031350694596767405 0.10685952007770538 0.19815497100353235
v 0.03615671768784521 0.10420013219118118 0.20607134699821467
v 0.03615671768784521 0.10420013219118118 0.20607134699821467
v 0.031350694596767405 0.10685952007770538 0.19815497100353235
v 0.03144628554582594 0.10672997683286667 0.20841191709041587
v 0.03615671768784521 0.10420013219118118 0.20607134699821467
v 0.03144628554582594 0.10672997683286667 0.20841191709041587
v 0.03156991675496099 0.10546418279409409 0.2185853421688079
v 0.03156991675496099 0.10546418279409409 0.2185853421688079
v 0.03144628554582594 0.10672997683286667 0.20841191709041587
v 0.02663155831396578 0.10738697648048401 0.22065943479537956
v 0.03156991675496099 0.10546418279409409 0.2185853421688079
v 0.02663155831396578 0.10738697648048401 0.22065943479537956
v 0.02675488963723181 0.10453393310308456 0.23061038553714744
v 0.02675488963723181 0.10453393310308456 0.23061038553714744
v 0.02663155831396578 0.10738697648048401 0.22065943479537956
v 0.02161699347198008 0.10590150952339172 0.23235233128070823
v 0.02675488963723181 0.10453393310308456 0.23061038553714744
v 0.02161699347198008 0.10590150952339172 0.23235233128070823
v 0.021727787330746637 0.10134977847337723 0.24174943566322318
v 0.021727787330746637 0.10134977847337723 0.24174943566322318
v 0.02161699347198008 0.10590150952339172 0.23235233128070823
v 0.016420189291238774 0.10224714875221252 0.24311089515686027
v 0.021727787330746637 0.10134977847337723 0.24174943566322318
v 0.016420189291238774 0.10224714875221252 0.24311089515686027
v 0.016507361084222783 0.09606625139713287 0.2516212761402129
v 0.016507361084222783 0.09606625139713287 0.2516212761402129
v 0.016420189291238774 0.10224714875221252 0.24311089515686027
v 0.011063846759498112 0.09659930318593979 0.2525848150253295
v 0.016507361084222783 0.09606625139713287 0.2516212761402129
v 0.011063846759498112 0.09659930318593979 0.2525848150253295
v 0.011120349168777459 0.08903195708990097 0.2599720060825347
v 0.022318581119179712 0.0005000000237487257 0.2799100875854491
v 0.028805887326598147 0.0005000000237487257 0.2774754762649535
v 0.022326184436678873 0.019398454576730728 0.27955442667007435
v 0.022326184436678873 0.019398454576730728 0.27955442667007435
v 0.028805887326598147 0.0005000000237487257 0.2774754762649535
v 0.03278975561261175 0.018985848873853683 0.275242656469345
v 0.022326184436678873 0.019398454576730728 0.27955442667007435
v 0.03278975561261175 0.018985848873853683 0.275242656469345
v 0.022315206006169305 0.02984212338924408 0.2788034379482268
v 0.022315206006169305 0.02984212338924408 0.2788034379482268
v 0.03278975561261175 0.018985848873853683 0.275242656469345
v 0.032772522419691065 0.029241550713777542 0.2745779752731322
v 0.022315206006169305 0.02984212338924408 0.2788034379482268
v 0.032772522419691065 0.029241550713777542 0.2745779752731322
v 0.022294228896498666 0.040228471159935 0.2774960994720458
v 0.022294228896498666 0.040228471159935 0.2774960994720458
v 0.032772522419691065 0.029241550713777542 0.2745779752731322
v 0.03274029493331907 0.03944624215364456 0.27338677644729603
v 0.022294228896498666 0.040228471159935 0.2774960994720458
v 0.03274029493331907 0.03944624215364456 0.27338677644729603
v 0.022260494530200944 0.050505682826042175 0.2754990756511687
v 0.022260494530200944 0.050505682826042175 0.2754990756511687
v 0.03274029493331907 0.03944624215364456 0.27338677644729603
v 0.03268893063068388 0.049550317227840424 0.2715216577053069
v 0.022260494530200944 0.050505682826042175 0.2754990756511687
v 0.03268893063068388 0.049550317227840424 0.2715216577053069
v 0.022211352363228784 0.0605798214673996 0.2726660668849944
v 0.022211352363228784 0.0605798214673996 0.2726660668849944
v 0.03268893063068388 0.049550317227840424 0.2715216577053069
v 0.03261445462703703 0.059458836913108826 0.2688152492046355
v 0.022211352363228784 0.0605798214673996 0.2726660668849944
v 0.03261445462703703 0.059458836913108826 0.2688152492046355
v 0.02214463241398333 0.07032269984483719 0.26884514093399037
v 0.02214463241398333 0.07032269984483719 0.26884514093399037
v 0.03261445462703703 0.059458836913108826 0.2688152492046355
v 0.032513611018657664 0.06903015822172165 0.2650901377201079
v 0.02214463241398333 0.07032269984483719 0.26884514093399037
v 0.032513611018657664 0.06903015822172165 0.2650901377201079
v 0.0220594499260187 0.07953770458698273 0.26389041543006886
v 0.0220594499260187 0.07953770458698273 0.26389041543006886
v 0.032513611018657664 0.06903015822172165 0.2650901377201079
v 0.032385073602199534 0.07804561406373978 0.2601774036884307
v 0.0220594499260187 0.07953770458698273 0.26389041543006886
v 0.032385073602199534 0.07804561406373978 0.2601774036884307
v 0.027181420475244505 0.0871753916144371 0.2560138106346129
v 0.027181420475244505 0.0871753916144371 0.2560138106346129
v 0.032385073602199534 0.07804561406373978 0.2601774036884307
v 0.032231416553258875 0.08621466904878616 0.2539686560630797
v 0.027181420475244505 0.0871753916144371 0.2560138106346129
v 0.032231416553258875 0.08621466904878616 0.2539686560630797
v 0.02703947760164736 0.09437253326177597 0.24856285750865928
v 0.02703947760164736 0.09437253326177597 0.24856285750865928
v 0.032231416553258875 0.08621466904878616 0.2539686560630797
v 0.03214745223522184 0.0898808166384697 0.2503775060176848
v 0.02703947760164736 0.09437253326177597 0.24856285750865928
v 0.03214745223522184 0.0898808166384697 0.2503775060176848
v 0.03206066787242887 0.09321918338537216 0.24648308753967277
v 0.03206066787242887 0.09321918338537216 0.24648308753967277
v 0.03214745223522184 0.0898808166384697 0.2503775060176848
v 0.041133694350719424 0.08733859658241272 0.2454558014869689
v 0.03206066787242887 0.09321918338537216 0.24648308753967277
v 0.041133694350719424 0.08733859658241272 0.2454558014869689
v 0.04107885062694547 0.08891242742538452 0.24366030097007743
v 0.011291527189314358 0.0005000000237487257 0.2825096249580382
v 0.014301488175988189 0.0005000000237487257 0.282062530517578
v 0.011303571052849286 0.019648922607302666 0.282180219888687
v 0.011303571052849286 0.019648922607302666 0.282180219888687
v 0.014301488175988189 0.0005000000237487257 0.282062530517578
v 0.022326184436678873 0.019398454576730728 0.27955442667007435
v 0.011303571052849286 0.019648922607302666 0.282180219888687
v 0.022326184436678873 0.019398454576730728 0.27955442667007435
v 0.011298239231109612 0.030206725001335144 0.281376153230667
v 0.011298239231109612 0.030206725001335144 0.281376153230667
v 0.022326184436678873 0.019398454576730728 0.27955442667007435
v 0.022315206006169305 0.02984212338924408 0.2788034379482268
v 0.011298239231109612 0.030206725001335144 0.281376153230667
v 0.022315206006169305 0.02984212338924408 0.2788034379482268
v 0.011287909001111977 0.0407034233212471 0.27999788522720326
v 0.011287909001111977 0.0407034233212471 0.27999788522720326
v 0.022315206006169305 0.02984212338924408 0.2788034379482268
v 0.022294228896498666 0.040228471159935 0.2774960994720458
v 0.011287909001111977 0.0407034233212471 0.27999788522720326
v 0.022294228896498666 0.040228471159935 0.2774960994720458
v 0.011271200142800801 0.05108587443828583 0.2779204249382018
v 0.011271200142800801 0.05108587443828583 0.2779204249382018
v 0.022294228896498666 0.040228471159935 0.2774960994720458
v 0.022260494530200944 0.050505682826042175 0.2754990756511687
v 0.011271200142800801 0.05108587443828583 0.2779204249382018
v 0.022260494530200944 0.050505682826042175 0.2754990756511687
v 0.011246787384152405 0.06126074120402336 0.27501016855239857
v 0.011246787384152405 0.06126074120402336 0.27501016855239857
v 0.022260494530200944 0.050505682826042175 0.2754990756511687
v 0.022211352363228784 0.0605798214673996 0.2726660668849944
v 0.011246787384152405 0.06126074120402336 0.27501016855239857
v 0.022211352363228784 0.0605798214673996 0.2726660668849944
v 0.011213585734367364 0.0711079090833664 0.2711304426193236
v 0.011213585734367364 0.0711079090833664 0.2711304426193236
v 0.022211352363228784 0.0605798214673996 0.2726660668849944
v 0.02214463241398333 0.07032269984483719 0.26884514093399037
v 0.011213585734367364 0.0711079090833664 0.2711304426193236
v 0.02214463241398333 0.07032269984483719 0.26884514093399037
v 0.011171152815222733 0.08044399321079254 0.26614919304847706
v 0.011171152815222733 0.08044399321079254 0.26614919304847706
v 0.02214463241398333 0.07032269984483719 0.26884514093399037
v 0.0220594499260187 0.07953770458698273 0.26389041543006886
v 0.011171152815222733 0.08044399321079254 0.26614919304847706
v 0.0220594499260187 0.07953770458698273 0.26389041543006886
v 0.01659221574664115 0.08858732879161835 0.25902339816093434
v 0.01659221574664115 0.08858732879161835 0.25902339816093434
v 0.0220594499260187 0.07953770458698273 0.26389041543006886
v 0.021957520395517335 0.08796772360801697 0.25770220160484303
v 0.01659221574664115 0.08858732879161835 0.25902339816093434
v 0.021957520395517335 0.08796772360801697 0.25770220160484303
v 0.021844198927283273 0.09532316029071808 0.25027891993522633
v 0.021844198927283273 0.09532316029071808 0.25027891993522633
v 0.021957520395517335 0.08796772360801697 0.25770220160484303
v 0.02703947760164736 0.09437253326177597 0.24856285750865928
v 0.021844198927283273 0.09532316029071808 0.25027891993522633
v 0.02703947760164736 0.09437253326177597 0.24856285750865928
v 0.02689367160201071 0.10020124912261963 0.2400084137916564
v 0.02689367160201071 0.10020124912261963 0.2400084137916564
v 0.02703947760164736 0.09437253326177597 0.24856285750865928
v 0.031885284930467585 0.09880684316158295 0.23789729177951804
v 0.02689367160201071 0.10020124912261963 0.2400084137916564
v 0.031885284930467585 0.09880684316158295 0.23789729177951804
v 0.03171832859516142 0.10287266224622726 0.22849737107753745
v 0.03171832859516142 0.10287266224622726 0.22849737107753745
v 0.031885284930467585 0.09880684316158295 0.23789729177951804
v 0.036475230008363696 0.1009240373969078 0.22602322697639457
v 0.03171832859516142 0.10287266224622726 0.22849737107753745
v 0.036475230008363696 0.1009240373969078 0.22602322697639457
v 0.036301515996456125 0.10320769250392914 0.2161560654640197
v 0.036301515996456125 0.10320769250392914 0.2161560654640197
v 0.036475230008363696 0.1009240373969078 0.22602322697639457
v 0.04052041843533513 0.09943481534719467 0.22130851447582237
v 0.036301515996456125 0.10320769250392914 0.2161560654640197
v 0.04052041843533513 0.09943481534719467 0.22130851447582237
v 0.04049781709909436 0.09972549974918365 0.22026591002941123
v 0.03994473814964292 0.09832019358873367 0.17472980916500086
v 0.03994219005107877 0.09812873601913452 0.17387288808822626
v 0.03124767541885374 0.1044401302933693 0.17777718603610987
v 0.03124767541885374 0.1044401302933693 0.17777718603610987
v 0.03994219005107877 0.09812873601913452 0.17387288808822626
v 0.03591444343328474 0.09902389347553253 0.16596332192420954
v 0.03124767541885374 0.1044401302933693 0.17777718603610987
v 0.03591444343328474 0.09902389347553253 0.16596332192420954
v 0.031240547075867632 0.1022065281867981 0.16774952411651606
v 0.031240547075867632 0.1022065281867981 0.16774952411651606
v 0.03591444343328474 0.09902389347553253 0.16596332192420954
v 0.035996992141008356 0.09298636019229889 0.14658339321613306
v 0.04002482071518895 0.08934538811445236 0.14444629848003382
v 0.031491365283727625 0.08915475755929947 0.12880276143550867
v 0.03131226822733877 0.09631358087062836 0.14806747436523432
v 0.03131226822733877 0.09631358087062836 0.14806747436523432
v 0.031491365283727625 0.08915475755929947 0.12880276143550867
v 0.026419280096888525 0.09914954751729965 0.149334967136383
v 0.03131226822733877 0.09631358087062836 0.14806747436523432
v 0.026419280096888525 0.09914954751729965 0.149334967136383
v 0.026358818635344488 0.10491810739040375 0.1692745983600616
v 0.026358818635344488 0.10491810739040375 0.1692745983600616
v 0.026419280096888525 0.09914954751729965 0.149334967136383
v 0.02130152285099028 0.1071491464972496 0.17053157091140742
v 0.026358818635344488 0.10491810739040375 0.1692745983600616
v 0.02130152285099028 0.1071491464972496 0.17053157091140742
v 0.02130576781928538 0.10921604186296463 0.18079368770122523
v 0.041862506419420215 0.055719368159770966 0.050499957054853425
v 0.032797254621982554 0.06047293171286583 0.04122523963451384
v 0.03271716833114622 0.06190040335059166 0.05139733478426932
v 0.03271716833114622 0.06190040335059166 0.05139733478426932
v 0.032797254621982554 0.06047293171286583 0.04122523963451384
v 0.022345922887325273 0.06501155346632004 0.041421514004468904
v 0.03271716833114622 0.06190040335059166 0.05139733478426932
v 0.022345922887325273 0.06501155346632004 0.041421514004468904
v 0.022292025387287126 0.06663131713867188 0.05176146700978278
v 0.022292025387287126 0.06663131713867188 0.05176146700978278
v 0.022345922887325273 0.06501155346632004 0.041421514004468904
v 0.011318010278046124 0.06777699291706085 0.04154062271118163
v 0.022292025387287126 0.06663131713867188 0.05176146700978278
v 0.011318010278046124 0.06777699291706085 0.04154062271118163
v 0.01129090413451194 0.06951077282428741 0.05198258534073828
v 0.02135035581886767 0.10148374736309052 0.15037988126277918
v 0.01613834872841834 0.1033066064119339 0.1511967927217483
v 0.016101451590657224 0.10889104753732681 0.17151410877704615
v 0.016101451590657224 0.10889104753732681 0.17151410877704615
v 0.01613834872841834 0.1033066064119339 0.1511967927217483
v 0.010793779976665967 0.11013931035995483 0.17221890389919275
v 0.016101451590657224 0.10889104753732681 0.17151410877704615
v 0.010793779976665967 0.11013931035995483 0.17221890389919275
v 0.01079574413597583 0.11210482567548752 0.18262296915054316
v 0.01081851124763488 0.10461316257715225 0.15178284049034113
v 0.005426791496574875 0.10539975017309189 0.15213598310947413
v 0.005414381157606837 0.11089065670967102 0.17264352738857264
v 0.005414381157606837 0.11089065670967102 0.17264352738857264
v 0.005426791496574875 0.10539975017309189 0.15213598310947413
v -8.745101922613679e-07 0.11114178597927094 0.1727855801582336
v 0.005414381157606837 0.11089065670967102 0.17264352738857264
v -8.745101922613679e-07 0.11114178597927094 0.1727855801582336
v -8.812345981823449e-07 0.1130731850862503 0.18323728442192072
v -8.812345981823449e-07 0.1130731850862503 0.18323728442192072
v -8.745101922613679e-07 0.11114178597927094 0.1727855801582336
v -0.010797454044222825 0.11210452765226364 0.18262277543544764
v -8.812345981823449e-07 0.1130731850862503 0.18323728442192072
v -0.010797454044222825 0.11210452765226364 0.18262277543544764
v -8.886682394404482e-07 0.11427843570709229 0.1937930136919021
v -8.886682394404482e-07 0.11427843570709229 0.1937930136919021
v -0.010797454044222825 0.11210452765226364 0.18262277543544764
v -0.010809263214468949 0.11335398256778717 0.19313220679759974
v -8.886682394404482e-07 0.11427843570709229 0.1937930136919021
v -0.010809263214468949 0.11335398256778717 0.19313220679759974
v -8.968175393420091e-07 0.11459343135356903 0.204412892460823
v -8.968175393420091e-07 0.11459343135356903 0.204412892460823
v -0.010809263214468949 0.11335398256778717 0.19313220679759974
v -0.010830995626747601 0.11372578889131546 0.20370869338512415
v -8.968175393420091e-07 0.11459343135356903 0.204412892460823
v -0.010830995626747601 0.11372578889131546 0.20370869338512415
v -9.056687986230821e-07 0.11383066326379776 0.215008720755577
v -9.056687986230821e-07 0.11383066326379776 0.215008720755577
v -0.010830995626747601 0.11372578889131546 0.20370869338512415
v -0.01086246129125356 0.11303393542766571 0.21426634490489951
v -9.056687986230821e-07 0.11383066326379776 0.215008720755577
v -0.01086246129125356 0.11303393542766571 0.21426634490489951
v -9.151941640084254e-07 0.11180117726325989 0.2254341393709182
v -9.151941640084254e-07 0.11180117726325989 0.2254341393709182
v -0.01086246129125356 0.11303393542766571 0.21426634490489951
v -0.010903275571763509 0.11108986288309097 0.22466325759887687
v -9.151941640084254e-07 0.11180117726325989 0.2254341393709182
v -0.010903275571763509 0.11108986288309097 0.22466325759887687
v -0.005494464654475447 0.1081961914896965 0.23527970910072318
v -0.005494464654475447 0.1081961914896965 0.23527970910072318
v -0.010903275571763509 0.11108986288309097 0.22466325759887687
v -0.010952351614832871 0.10773511230945587 0.2346908897161483
v -0.005494464654475447 0.1081961914896965 0.23527970910072318
v -0.010952351614832871 0.10773511230945587 0.2346908897161483
v -0.011007606983184808 0.10289034247398376 0.24408753216266624
v -0.011007606983184808 0.10289034247398376 0.24408753216266624
v -0.010952351614832871 0.10773511230945587 0.2346908897161483
v -0.016421925276517858 0.1022467389702797 0.24311043322086326
v -0.011007606983184808 0.10289034247398376 0.24408753216266624
v -0.016421925276517858 0.1022467389702797 0.24311043322086326
v -0.01650911197066306 0.09606606513261795 0.25162094831466664
v -0.01650911197066306 0.09606606513261795 0.25162094831466664
v -0.016421925276517858 0.1022467389702797 0.24311043322086326
v -0.021845860406756387 0.09532290697097778 0.2502784430980681
v -0.01650911197066306 0.09606606513261795 0.25162094831466664
v -0.021845860406756387 0.09532290697097778 0.2502784430980681
v -0.0219034720212221 0.09179718792438507 0.2541392147541045
v -0.0219034720212221 0.09179718792438507 0.2541392147541045
v -0.021845860406756387 0.09532290697097778 0.2502784430980681
v -0.032148923724889734 0.08988059312105179 0.25037690997123707
v -0.0219034720212221 0.09179718792438507 0.2541392147541045
v -0.032148923724889734 0.08988059312105179 0.25037690997123707
v -0.03223288804292677 0.08621442317962646 0.25396806001663197
v -0.03223288804292677 0.08621442317962646 0.25396806001663197
v -0.032148923724889734 0.08988059312105179 0.25037690997123707
v -0.04115949571132657 0.08662637323141098 0.24636787176132194
v -0.03223288804292677 0.08621442317962646 0.25396806001663197
v -0.04115949571132657 0.08662637323141098 0.24636787176132194
v -0.04124354943633077 0.08388777822256088 0.24908190965652457
v 0.032595280557870844 0.06407871097326279 0.061434995383024195
v 0.022210257127881036 0.06901409476995468 0.061952337622642496
v 0.03244337812066076 0.0668637752532959 0.071327269077301
v 0.03244337812066076 0.0668637752532959 0.071327269077301
v 0.022210257127881036 0.06901409476995468 0.061952337622642496
v 0.022108484059572206 0.07197654247283936 0.07199641317129132
v 0.03244337812066076 0.0668637752532959 0.071327269077301
v 0.022108484059572206 0.07197654247283936 0.07199641317129132
v 0.03209768235683439 0.07369501143693924 0.0907102972269058
v 0.03209768235683439 0.07369501143693924 0.0907102972269058
v 0.022108484059572206 0.07197654247283936 0.07199641317129132
v 0.021877009421586976 0.07901479303836823 0.09171923249959943
v 0.03209768235683439 0.07369501143693924 0.0907102972269058
v 0.021877009421586976 0.07901479303836823 0.09171923249959943
v 0.03176274150609968 0.08139235526323318 0.10977005213499065
v 0.03176274150609968 0.08139235526323318 0.10977005213499065
v 0.021877009421586976 0.07901479303836823 0.09171923249959943
v 0.02165269851684569 0.08675587177276611 0.1111795604228973
v 0.03176274150609968 0.08139235526323318 0.10977005213499065
v 0.02165269851684569 0.08675587177276611 0.1111795604228973
v 0.031491365283727625 0.08915475755929947 0.12880276143550867
v 0.031491365283727625 0.08915475755929947 0.12880276143550867
v 0.02165269851684569 0.08675587177276611 0.1111795604228973
v 0.021470766514539705 0.09445933997631073 0.1306538432836532
v 0.031491365283727625 0.08915475755929947 0.12880276143550867
v 0.021470766514539705 0.09445933997631073 0.1306538432836532
v 0.026419280096888525 0.09914954751729965 0.149334967136383
v 0.026419280096888525 0.09914954751729965 0.149334967136383
v 0.021470766514539705 0.09445933997631073 0.1306538432836532
v 0.02135035581886767 0.10148374736309052 0.15037988126277918
v 0.026419280096888525 0.09914954751729965 0.149334967136383
v 0.02135035581886767 0.10148374736309052 0.15037988126277918
v 0.02130152285099028 0.1071491464972496 0.17053157091140742
v 0.02130152285099028 0.1071491464972496 0.17053157091140742
v 0.02135035581886767 0.10148374736309052 0.15037988126277918
v 0.016101451590657224 0.10889104753732681 0.17151410877704615
v 0.02130152285099028 0.1071491464972496 0.17053157091140742
v 0.016101451590657224 0.10889104753732681 0.17151410877704615
v 0.02130576781928538 0.10921604186296463 0.18079368770122523
v 0.02130576781928538 0.10921604186296463 0.18079368770122523
v 0.016101451590657224 0.10889104753732681 0.17151410877704615
v 0.01079574413597583 0.11210482567548752 0.18262296915054316
v 0.02130576781928538 0.10921604186296463 0.18079368770122523
v 0.01079574413597583 0.11210482567548752 0.18262296915054316
v 0.021329676732420907 0.11059706658124924 0.1911651492118835
v 0.021329676732420907 0.11059706658124924 0.1911651492118835
v 0.01079574413597583 0.11210482567548752 0.18262296915054316
v 0.010807541199028485 0.11335425078868866 0.19313241541385645
v 0.021329676732420907 0.11059706658124924 0.1911651492118835
v 0.010807541199028485 0.11335425078868866 0.19313241541385645
v 0.021373428404331193 0.11113826185464859 0.20161247253417963
v 0.021373428404331193 0.11113826185464859 0.20161247253417963
v 0.010807541199028485 0.11335425078868866 0.19313241541385645
v 0.010829258710145943 0.11372603476047516 0.20370893180370325
v 0.021373428404331193 0.11113826185464859 0.20161247253417963
v 0.010829258710145943 0.11372603476047516 0.20370893180370325
v 0.021436646580696092 0.11065810173749924 0.21205656230449668
v 0.021436646580696092 0.11065810173749924 0.21205656230449668
v 0.010829258710145943 0.11372603476047516 0.20370893180370325
v 0.010860709473490708 0.11303415149450302 0.21426658332347862
v 0.021436646580696092 0.11065810173749924 0.21205656230449668
v 0.010860709473490708 0.11303415149450302 0.21426658332347862
v 0.0162635426968336 0.11020465940237045 0.2237050533294677
v 0.0162635426968336 0.11020465940237045 0.2237050533294677
v 0.010860709473490708 0.11303415149450302 0.21426658332347862
v 0.010901506058871739 0.11109005659818649 0.22466351091861717
v 0.0162635426968336 0.11020465940237045 0.2237050533294677
v 0.010901506058871739 0.11109005659818649 0.22466351091861717
v 0.01095056347548961 0.107735276222229 0.2346911430358886
v 0.009928175248205655 0.06733672320842743 0.03299999982118605
v 0.006362570915371175 0.06775061786174774 0.03299999982118605
v 0.011318010278046124 0.06777699291706085 0.04154062271118163
v 0.011318010278046124 0.06777699291706085 0.04154062271118163
v 0.006362570915371175 0.06775061786174774 0.03299999982118605
v -8.267469979728043e-07 0.06870876252651215 0.041580643504858
v 0.011318010278046124 0.06777699291706085 0.04154062271118163
v -8.267469979728043e-07 0.06870876252651215 0.041580643504858
v 0.01129090413451194 0.06951077282428741 0.05198258534073828
v 0.01129090413451194 0.06951077282428741 0.05198258534073828
v -8.267469979728043e-07 0.06870876252651215 0.041580643504858
v -8.313745638588438e-07 0.07048022001981735 0.052056908607482896
v 0.01129090413451194 0.06951077282428741 0.05198258534073828
v -8.313745638588438e-07 0.07048022001981735 0.052056908607482896
v 0.011198821477591984 0.07508238404989243 0.07240311056375501
v 0.011198821477591984 0.07508238404989243 0.07240311056375501
v -8.313745638588438e-07 0.07048022001981735 0.052056908607482896
v -8.378981988244044e-07 0.07612664997577667 0.07253989577293393
v 0.011198821477591984 0.07508238404989243 0.07240311056375501
v -8.378981988244044e-07 0.07612664997577667 0.07253989577293393
v 0.011082774959504597 0.08224210888147354 0.09233238548040387
v 0.011082774959504597 0.08224210888147354 0.09233238548040387
v -8.378981988244044e-07 0.07612664997577667 0.07253989577293393
v -8.426934527960833e-07 0.08332618325948715 0.09253861010074613
v 0.011082774959504597 0.08224210888147354 0.09233238548040387
v -8.426934527960833e-07 0.08332618325948715 0.09253861010074613
v 0.010970307514071458 0.09000671654939651 0.11203564703464504
v 0.010970307514071458 0.09000671654939651 0.11203564703464504
v -8.426934527960833e-07 0.08332618325948715 0.09253861010074613
v -8.477466622025526e-07 0.09109798818826675 0.11232344806194301
v 0.010970307514071458 0.09000671654939651 0.11203564703464504
v -8.477466622025526e-07 0.09109798818826675 0.11232344806194301
v 0.010879030451178544 0.09767211228609085 0.1317774355411529
v 0.010879030451178544 0.09767211228609085 0.1317774355411529
v -8.477466622025526e-07 0.09109798818826675 0.11232344806194301
v -8.543282774553513e-07 0.09875007718801498 0.1321550011634826
v 0.010879030451178544 0.09767211228609085 0.1317774355411529
v -8.543282774553513e-07 0.09875007718801498 0.1321550011634826
v 0.005426791496574875 0.10539975017309189 0.15213598310947413
v 0.005426791496574875 0.10539975017309189 0.15213598310947413
v -8.543282774553513e-07 0.09875007718801498 0.1321550011634826
v -8.631285481897061e-07 0.10566271841526031 0.15225413441658014
v 0.005426791496574875 0.10539975017309189 0.15213598310947413
v -8.631285481897061e-07 0.10566271841526031 0.15225413441658014
v -8.745101922613679e-07 0.11114178597927094 0.1727855801582336
v -8.745101922613679e-07 0.11114178597927094 0.1727855801582336
v -8.631285481897061e-07 0.10566271841526031 0.15225413441658014
v -0.005416116677224633 0.11089050024747849 0.17264343798160547
v -8.745101922613679e-07 0.11114178597927094 0.1727855801582336
v -0.005416116677224633 0.11089050024747849 0.17264343798160547
v -0.010797454044222825 0.11210452765226364 0.18262277543544764
v -0.010797454044222825 0.11210452765226364 0.18262277543544764
v -0.005416116677224633 0.11089050024747849 0.17264343798160547
v -0.01079547777771949 0.11013900488615036 0.17221872508525843
v -0.010797454044222825 0.11210452765226364 0.18262277543544764
v -0.01079547777771949 0.11013900488615036 0.17221872508525843
v -0.02130734361708163 0.10921544581651688 0.18079330027103419
v -0.02130734361708163 0.10921544581651688 0.18079330027103419
v -0.01079547777771949 0.11013900488615036 0.17221872508525843
v -0.016103092581033696 0.1088905856013298 0.17151384055614466
v -0.02130734361708163 0.10921544581651688 0.18079330027103419
v -0.016103092581033696 0.1088905856013298 0.17151384055614466
v -0.021303093060851083 0.10714853554964066 0.17053121328353876
v -0.021303093060851083 0.10714853554964066 0.17053121328353876
v -0.016103092581033696 0.1088905856013298 0.17151384055614466
v -0.016139978542923917 0.10330623388290405 0.1511965245008468
v -0.021303093060851083 0.10714853554964066 0.17053121328353876
v -0.016139978542923917 0.10330623388290405 0.1511965245008468
v -0.021351922303438173 0.10148324817419052 0.15037953853607172
v -0.021351922303438173 0.10148324817419052 0.15037953853607172
v -0.016139978542923917 0.10330623388290405 0.1511965245008468
v -0.02147232927381991 0.09445871412754059 0.1306536048650741
v -0.021351922303438173 0.10148324817419052 0.15037953853607172
v -0.02147232927381991 0.09445871412754059 0.1306536048650741
v -0.026420773938298208 0.09914892911911011 0.14933454990386957
v -0.026420773938298208 0.09914892911911011 0.14933454990386957
v -0.02147232927381991 0.09445871412754059 0.1306536048650741
v -0.03149278461933134 0.08915382623672485 0.12880240380764002
v -0.026420773938298208 0.09914892911911011 0.14933454990386957
v -0.03149278461933134 0.08915382623672485 0.12880240380764002
v -0.031313687562942484 0.09631283581256866 0.14806696772575373
v -0.031313687562942484 0.09631283581256866 0.14806696772575373
v -0.03149278461933134 0.08915382623672485 0.12880240380764002
v -0.04010954871773717 0.08669542521238327 0.13771508634090418
v -0.031313687562942484 0.09631283581256866 0.14806696772575373
v -0.04010954871773717 0.08669542521238327 0.13771508634090418
v -0.04001901671290395 0.08956295996904373 0.14503994584083552
v 0.04002073407173154 0.08955840766429901 0.14506728947162623
v 0.04002482071518895 0.08934538811445236 0.14444629848003382
v 0.035996992141008356 0.09298636019229889 0.14658339321613306
v 0.035996992141008356 0.09298636019229889 0.14658339321613306
v 0.04002482071518895 0.08934538811445236 0.14444629848003382
v 0.03131226822733877 0.09631358087062836 0.14806747436523432
v 0.035996992141008356 0.09298636019229889 0.14658339321613306
v 0.03131226822733877 0.09631358087062836 0.14806747436523432
v 0.031240547075867632 0.1022065281867981 0.16774952411651606
v 0.031240547075867632 0.1022065281867981 0.16774952411651606
v 0.03131226822733877 0.09631358087062836 0.14806747436523432
v 0.026358818635344488 0.10491810739040375 0.1692745983600616
v 0.031240547075867632 0.1022065281867981 0.16774952411651606
v 0.026358818635344488 0.10491810739040375 0.1692745983600616
v 0.03124767541885374 0.1044401302933693 0.17777718603610987
v 0.03124767541885374 0.1044401302933693 0.17777718603610987
v 0.026358818635344488 0.10491810739040375 0.1692745983600616
v 0.02130576781928538 0.10921604186296463 0.18079368770122523
v 0.03124767541885374 0.1044401302933693 0.17777718603610987
v 0.02130576781928538 0.10921604186296463 0.18079368770122523
v 0.031284302473068216 0.10603821277618408 0.1879208236932754
v 0.031284302473068216 0.10603821277618408 0.1879208236932754
v 0.02130576781928538 0.10921604186296463 0.18079368770122523
v 0.021329676732420907 0.11059706658124924 0.1911651492118835
v 0.031284302473068216 0.10603821277618408 0.1879208236932754
v 0.021329676732420907 0.11059706658124924 0.1911651492118835
v 0.031350694596767405 0.10685952007770538 0.19815497100353235
v 0.031350694596767405 0.10685952007770538 0.19815497100353235
v 0.021329676732420907 0.11059706658124924 0.1911651492118835
v 0.021373428404331193 0.11113826185464859 0.20161247253417963
v 0.031350694596767405 0.10685952007770538 0.19815497100353235
v 0.021373428404331193 0.11113826185464859 0.20161247253417963
v 0.026528880000114424 0.10888510197401047 0.21040998399257652
v 0.026528880000114424 0.10888510197401047 0.21040998399257652
v 0.021373428404331193 0.11113826185464859 0.20161247253417963
v 0.021436646580696092 0.11065810173749924 0.21205656230449668
v 0.026528880000114424 0.10888510197401047 0.21040998399257652
v 0.021436646580696092 0.11065810173749924 0.21205656230449668
v 0.021518558263778673 0.10896921902894974 0.22236886620521537
v 0.021518558263778673 0.10896921902894974 0.22236886620521537
v 0.021436646580696092 0.11065810173749924 0.21205656230449668
v 0.0162635426968336 0.11020465940237045 0.2237050533294677
v 0.021518558263778673 0.10896921902894974 0.22236886620521537
v 0.0162635426968336 0.11020465940237045 0.2237050533294677
v 0.016337230801582326 0.10696961730718613 0.23371414840221397
v 0.016337230801582326 0.10696961730718613 0.23371414840221397
v 0.0162635426968336 0.11020465940237045 0.2237050533294677
v 0.01095056347548961 0.107735276222229 0.2346911430358886
v 0.016337230801582326 0.10696961730718613 0.23371414840221397
v 0.01095056347548961 0.107735276222229 0.2346911430358886
v 0.011005801148712628 0.10289061814546585 0.2440878450870513
v -2.6103750769834716e-06 0.0005000000237487257 0.28346022963523854
v 0.006789503619074817 0.0005000000237487257 0.2831783592700957
v -1.0166053243665368e-06 0.019733093678951263 0.2830646038055419
v -1.0166053243665368e-06 0.019733093678951263 0.2830646038055419
v 0.006789503619074817 0.0005000000237487257 0.2831783592700957
v 0.011303571052849286 0.019648922607302666 0.282180219888687
v -1.0166053243665368e-06 0.019733093678951263 0.2830646038055419
v 0.011303571052849286 0.019648922607302666 0.282180219888687
v -1.0096380265167675e-06 0.030329260975122452 0.2822425663471221
v -1.0096380265167675e-06 0.030329260975122452 0.2822425663471221
v 0.011303571052849286 0.019648922607302666 0.282180219888687
v 0.011298239231109612 0.030206725001335144 0.281376153230667
v -1.0096380265167675e-06 0.030329260975122452 0.2822425663471221
v 0.011298239231109612 0.030206725001335144 0.281376153230667
v -1.0023101140177453e-06 0.04086306318640709 0.28084030747413624
v -1.0023101140177453e-06 0.04086306318640709 0.28084030747413624
v 0.011298239231109612 0.030206725001335144 0.281376153230667
v 0.011287909001111977 0.0407034233212471 0.27999788522720326
v -1.0023101140177453e-06 0.04086306318640709 0.28084030747413624
v 0.011287909001111977 0.0407034233212471 0.27999788522720326
v -9.945221108864637e-07 0.0512809082865715 0.278735727071762
v -9.945221108864637e-07 0.0512809082865715 0.278735727071762
v 0.011287909001111977 0.0407034233212471 0.27999788522720326
v 0.011271200142800801 0.05108587443828583 0.2779204249382018
v -9.945221108864637e-07 0.0512809082865715 0.278735727071762
v 0.011271200142800801 0.05108587443828583 0.2779204249382018
v -9.861785201792366e-07 0.06148967519402504 0.2757994234561919
v -9.861785201792366e-07 0.06148967519402504 0.2757994234561919
v 0.011271200142800801 0.05108587443828583 0.2779204249382018
v 0.011246787384152405 0.06126074120402336 0.27501016855239857
v -9.861785201792366e-07 0.06148967519402504 0.2757994234561919
v 0.011246787384152405 0.06126074120402336 0.27501016855239857
v -9.77200897978036e-07 0.07137191295623779 0.27189981937408436
v -9.77200897978036e-07 0.07137191295623779 0.27189981937408436
v 0.011246787384152405 0.06126074120402336 0.27501016855239857
v 0.011213585734367364 0.0711079090833664 0.2711304426193236
v -9.77200897978036e-07 0.07137191295623779 0.27189981937408436
v 0.011213585734367364 0.0711079090833664 0.2711304426193236
v -9.675575256551377e-07 0.08074866235256195 0.2669093906879424
v -9.675575256551377e-07 0.08074866235256195 0.2669093906879424
v 0.011213585734367364 0.0711079090833664 0.2711304426193236
v 0.011171152815222733 0.08044399321079254 0.26614919304847706
v -9.675575256551377e-07 0.08074866235256195 0.2669093906879424
v 0.011171152815222733 0.08044399321079254 0.26614919304847706
v -9.57310248850262e-07 0.0893896222114563 0.2607356011867522
v -9.57310248850262e-07 0.0893896222114563 0.2607356011867522
v 0.011171152815222733 0.08044399321079254 0.26614919304847706
v 0.011120349168777459 0.08903195708990097 0.2599720060825347
v -9.57310248850262e-07 0.0893896222114563 0.2607356011867522
v 0.011120349168777459 0.08903195708990097 0.2599720060825347
v -9.466520509704417e-07 0.09702791273593903 0.2533601224422454
v -9.466520509704417e-07 0.09702791273593903 0.2533601224422454
v 0.011120349168777459 0.08903195708990097 0.2599720060825347
v 0.011063846759498112 0.09659930318593979 0.2525848150253295
v -9.466520509704417e-07 0.09702791273593903 0.2533601224422454
v 0.011063846759498112 0.09659930318593979 0.2525848150253295
v -9.358824399896542e-07 0.10340773314237595 0.24487364292144767
v -9.358824399896542e-07 0.10340773314237595 0.24487364292144767
v 0.011063846759498112 0.09659930318593979 0.2525848150253295
v 0.011005801148712628 0.10289061814546585 0.2440878450870513
v -9.358824399896542e-07 0.10340773314237595 0.24487364292144767
v 0.011005801148712628 0.10289061814546585 0.2440878450870513
v -9.253154757971054e-07 0.10835039615631104 0.235476791858673
v -9.253154757971054e-07 0.10835039615631104 0.235476791858673
v 0.011005801148712628 0.10289061814546585 0.2440878450870513
v 0.01095056347548961 0.107735276222229 0.2346911430358886
v -9.253154757971054e-07 0.10835039615631104 0.235476791858673
v 0.01095056347548961 0.107735276222229 0.2346911430358886
v -9.151941640084254e-07 0.11180117726325989 0.2254341393709182
v -9.151941640084254e-07 0.11180117726325989 0.2254341393709182
v 0.01095056347548961 0.107735276222229 0.2346911430358886
v 0.010901506058871739 0.11109005659818649 0.22466351091861717
v -9.151941640084254e-07 0.11180117726325989 0.2254341393709182
v 0.010901506058871739 0.11109005659818649 0.22466351091861717
v -9.056687986230821e-07 0.11383066326379776 0.215008720755577
v -9.056687986230821e-07 0.11383066326379776 0.215008720755577
v 0.010901506058871739 0.11109005659818649 0.22466351091861717
v 0.010860709473490708 0.11303415149450302 0.21426658332347862
v -9.056687986230821e-07 0.11383066326379776 0.215008720755577
v 0.010860709473490708 0.11303415149450302 0.21426658332347862
v -8.968175393420091e-07 0.11459343135356903 0.204412892460823
v -8.968175393420091e-07 0.11459343135356903 0.204412892460823
v 0.010860709473490708 0.11303415149450302 0.21426658332347862
v 0.010829258710145943 0.11372603476047516 0.20370893180370325
v -8.968175393420091e-07 0.11459343135356903 0.204412892460823
v 0.010829258710145943 0.11372603476047516 0.20370893180370325
v -8.886682394404482e-07 0.11427843570709229 0.1937930136919021
v -8.886682394404482e-07 0.11427843570709229 0.1937930136919021
v 0.010829258710145943 0.11372603476047516 0.20370893180370325
v 0.010807541199028485 0.11335425078868866 0.19313241541385645
v -8.886682394404482e-07 0.11427843570709229 0.1937930136919021
v 0.010807541199028485 0.11335425078868866 0.19313241541385645
v -8.812345981823449e-07 0.1130731850862503 0.18323728442192072
v -8.812345981823449e-07 0.1130731850862503 0.18323728442192072
v 0.010807541199028485 0.11335425078868866 0.19313241541385645
v 0.01079574413597583 0.11210482567548752 0.18262296915054316
v -8.812345981823449e-07 0.1130731850862503 0.18323728442192072
v 0.01079574413597583 0.11210482567548752 0.18262296915054316
v 0.005414381157606837 0.11089065670967102 0.17264352738857264
v 0.005414381157606837 0.11089065670967102 0.17264352738857264
v 0.01079574413597583 0.11210482567548752 0.18262296915054316
v 0.010793779976665967 0.11013931035995483 0.17221890389919275
v 0.005414381157606837 0.11089065670967102 0.17264352738857264
v 0.010793779976665967 0.11013931035995483 0.17221890389919275
v 0.01081851124763488 0.10461316257715225 0.15178284049034113
v 0.01081851124763488 0.10461316257715225 0.15178284049034113
v 0.010793779976665967 0.11013931035995483 0.17221890389919275
v 0.01613834872841834 0.1033066064119339 0.1511967927217483
v 0.01081851124763488 0.10461316257715225 0.15178284049034113
v 0.01613834872841834 0.1033066064119339 0.1511967927217483
v 0.010879030451178544 0.09767211228609085 0.1317774355411529
v 0.010879030451178544 0.09767211228609085 0.1317774355411529
v 0.01613834872841834 0.1033066064119339 0.1511967927217483
v 0.021470766514539705 0.09445933997631073 0.1306538432836532
v 0.010879030451178544 0.09767211228609085 0.1317774355411529
v 0.021470766514539705 0.09445933997631073 0.1306538432836532
v 0.010970307514071458 0.09000671654939651 0.11203564703464504
v 0.010970307514071458 0.09000671654939651 0.11203564703464504
v 0.021470766514539705 0.09445933997631073 0.1306538432836532
v 0.02165269851684569 0.08675587177276611 0.1111795604228973
v 0.010970307514071458 0.09000671654939651 0.11203564703464504
v 0.02165269851684569 0.08675587177276611 0.1111795604228973
v 0.011082774959504597 0.08224210888147354 0.09233238548040387
v 0.011082774959504597 0.08224210888147354 0.09233238548040387
v 0.02165269851684569 0.08675587177276611 0.1111795604228973
v 0.021877009421586976 0.07901479303836823 0.09171923249959943
v 0.011082774959504597 0.08224210888147354 0.09233238548040387
v 0.021877009421586976 0.07901479303836823 0.09171923249959943
v 0.011198821477591984 0.07508238404989243 0.07240311056375501
v 0.011198821477591984 0.07508238404989243 0.07240311056375501
v 0.021877009421586976 0.07901479303836823 0.09171923249959943
v 0.022108484059572206 0.07197654247283936 0.07199641317129132
v 0.011198821477591984 0.07508238404989243 0.07240311056375501
v 0.022108484059572206 0.07197654247283936 0.07199641317129132
v 0.01129090413451194 0.06951077282428741 0.05198258534073828
v 0.01129090413451194 0.06951077282428741 0.05198258534073828
v 0.022108484059572206 0.07197654247283936 0.07199641317129132
v 0.022210257127881036 0.06901409476995468 0.061952337622642496
v 0.01129090413451194 0.06951077282428741 0.05198258534073828
v 0.022210257127881036 0.06901409476995468 0.061952337622642496
v 0.022292025387287126 0.06663131713867188 0.05176146700978278
v 0.022292025387287126 0.06663131713867188 0.05176146700978278
v 0.022210257127881036 0.06901409476995468 0.061952337622642496
v 0.032595280557870844 0.06407871097326279 0.061434995383024195
v 0.022292025387287126 0.06663131713867188 0.05176146700978278
v 0.032595280557870844 0.06407871097326279 0.061434995383024195
v 0.03271716833114622 0.06190040335059166 0.05139733478426932
v 0.03271716833114622 0.06190040335059166 0.05139733478426932
v 0.032595280557870844 0.06407871097326279 0.061434995383024195
v 0.04185507446527478 0.055801525712013245 0.05092179775238036
v 0.03271716833114622 0.06190040335059166 0.05139733478426932
v 0.04185507446527478 0.055801525712013245 0.05092179775238036
v 0.041862506419420215 0.055719368159770966 0.050499957054853425
usemtl DefaultMaterial
f 1 2 3
f 4 5 6
f 7 8 9
f 10 11 12
f 13 14 15
f 16 17 18
f 19 20 21
f 22 23 24
f 25 26 27
f 28 29 30
f 31 32 33
f 34 35 36
f 37 38 39
f 40 41 42
f 43 44 45
f 46 47 48
f 49 50 51
f 52 53 54
f 55 56 57
f 58 59 60
f 61 62 63
f 64 65 66
f 67 68 69
f 70 71 72
f 73 74 75
f 76 77 78
f 79 80 81
f 82 83 84
f 85 86 87
f 88 89 90
f 91 92 93
f 94 95 96
f 97 98 99
f 100 101 102
f 103 104 105
f 106 107 108
f 109 110 111
f 112 113 114
f 115 116 117
f 118 119 120
f 121 122 123
f 124 125 126
f 127 128 129
f 130 131 132
f 133 134 135
f 136 137 138
f 139 140 141
f 142 143 144
f 145 146 147
f 148 149 150
f 151 152 153
f 154 155 156
f 157 158 159
f 160 161 162
f 163 164 165
f 166 167 168
f 169 170 171
f 172 173 174
f 175 176 177
f 178 179 180
f 181 182 183
f 184 185 186
f 187 188 189
f 190 191 192
f 193 194 195
f 196 197 198
f 199 200 201
f 202 203 204
f 205 206 207
f 208 209 210
f 211 212 213
f 214 215 216
f 217 218 219
f 220 221 222
f 223 224 225
f 226 227 228
f 229 230 231
f 232 233 234
f 235 236 237
f 238 239 240
f 241 242 243
f 244 245 246
f 247 248 249
f 250 251 252
f 253 254 255
f 256 257 258
f 259 260 261
f 262 263 264
f 265 266 267
f 268 269 270
f 271 272 273
f 274 275 276
f 277 278 279
f 280 281 282
f 283 284 285
f 286 287 288
f 289 290 291
f 292 293 294
f 295 296 297
f 298 299 300
f 301 302 303
f 304 305 306
f 307 308 309
f 310 311 312
f 313 314 315
f 316 317 318
f 319 320 321
f 322 323 324
f 325 326 327
f 328 329 330
f 331 332 333
f 334 335 336
f 337 338 339
f 340 341 342
f 343 344 345
f 346 347 348
f 349 350 351
f 352 353 354
f 355 356 357
f 358 359 360
f 361 362 363
f 364 365 366
f 367 368 369
f 370 371 372
f 373 374 375
f 376 377 378
f 379 380 381
f 382 383 384
f 385 386 387
f 388 389 390
f 391 392 393
f 394 395 396
f 397 398 399
f 400 401 402
f 403 404 405
f 406 407 408
f 409 410 411
f 412 413 414
f 415 416 417
f 418 419 420
f 421 422 423
f 424 425 426
f 427 428 429
f 430 431 432
f 433 434 435
f 436 437 438
f 439 440 441
f 442 443 444
f 445 446 447
f 448 449 450
f 451 452 453
f 454 455 456
f 457 458 459
f 460 461 462
f 463 464 465
f 466 467 468
f 469 470 471
f 472 473 474
f 475 476 477
f 478 479 480
f 481 482 483
f 484 485 486
f 487 488 489
f 490 491 492
f 493 494 495
f 496 497 498
f 499 500 501
f 502 503 504
f 505 506 507
f 508 509 510
f 511 512 513
f 514 515 516
f 517 518 519
f 520 521 522
f 523 524 525
f 526 527 528
f 529 530 531
f 532 533 534
f 535 536 537
f 538 539 540
f 541 542 543
f 544 545 546
f 547 548 549
f 550 551 552
f 553 554 555
f 556 557 558
f 559 560 561
f 562 563 564
f 565 566 567
f 568 569 570
f 571 572 573
f 574 575 576
f 577 578 579
f 580 581 582
f 583 584 585
f 586 587 588
f 589 590 591
f 592 593 594
f 595 596 597
f 598 599 600
f 601 602 603
f 604 605 606
f 607 608 609
f 610 611 612
f 613 614 615
f 616 617 618
f 619 620 621
f 622 623 624
f 625 626 627
f 628 629 630
f 631 632 633
f 634 635 636
f 637 638 639
f 640 641 642
f 643 644 645
f 646 647 648
f 649 650 651
f 652 653 654
f 655 656 657
f 658 659 660
f 661 662 663
f 664 665 666
f 667 668 669
f 670 671 672
f 673 674 675
f 676 677 678
f 679 680 681
f 682 683 684
f 685 686 687
f 688 689 690
f 691 692 693
f 694 695 696
f 697 698 699
f 700 701 702
f 703 704 705
f 706 707 708
f 709 710 711
f 712 713 714
f 715 716 717
f 718 719 720
f 721 722 723
f 724 725 726
f 727 728 729
f 730 731 732
f 733 734 735
f 736 737 738
f 739 740 741
f 742 743 744
f 745 746 747
f 748 749 750
f 751 752 753
f 754 755 756
f 757 758 759
f 760 761 762
f 763 764 765
f 766 767 768
f 769 770 771
f 772 773 774
f 775 776 777
f 778 779 780
f 781 782 783
f 784 785 786
f 787 788 789
f 790 791 792
f 793 794 795
f 796 797 798
f 799 800 801
f 802 803 804
f 805 806 807
f 808 809 810
f 811 812 813
f 814 815 816
f 817 818 819
f 820 821 822
f 823 824 825
f 826 827 828
f 829 830 831
f 832 833 834
f 835 836 837
f 838 839 840
f 841 842 843
f 844 845 846
f 847 848 849
f 850 851 852
f 853 854 855
f 856 857 858
f 859 860 861
f 862 863 864
f 865 866 867
f 868 869 870
f 871 872 873
f 874 875 876
f 877 878 879
f 880 881 882
f 883 884 885
f 886 887 888
f 889 890 891
f 892 893 894
f 895 896 897
f 898 899 900
f 901 902 903
f 904 905 906
f 907 908 909
f 910 911 912
f 913 914 915
f 916 917 918
f 919 920 921
f 922 923 924
f 925 926 927
f 928 929 930
f 931 932 933
f 934 935 936
f 937 938 939
f 940 941 942
f 943 944 945
f 946 947 948
f 949 950 951
f 952 953 954
f 955 956 957
f 958 959 960
f 961 962 963
f 964 965 966
f 967 968 969
f 970 971 972
f 973 974 975
f 976 977 978
f 979 980 981
f 982 983 984
f 985 986 987
f 988 989 990
f 991 992 993
f 994 995 996
f 997 998 999
f 1000 1001 1002
f 1003 1004 1005
f 1006 1007 1008
f 1009 1010 1011
f 1012 1013 1014
f 1015 1016 1017
f 1018 1019 1020
f 1021 1022 1023
f 1024 1025 1026
f 1027 1028 1029
f 1030 1031 1032
f 1033 1034 1035
f 1036 1037 1038
f 1039 1040 1041
f 1042 1043 1044
f 1045 1046 1047
f 1048 1049 1050
f 1051 1052 1053
f 1054 1055 1056
f 1057 1058 1059
f 1060 1061 1062
f 1063 1064 1065
f 1066 1067 1068
f 1069 1070 1071
f 1072 1073 1074
f 1075 1076 1077
f 1078 1079 1080
f 1081 1082 1083
f 1084 1085 1086
f 1087 1088 1089
f 1090 1091 1092
f 1093 1094 1095
f 1096 1097 1098
f 1099 1100 1101
f 1102 1103 1104
f 1105 1106 1107
f 1108 1109 1110
f 1111 1112 1113
f 1114 1115 1116
f 1117 1118 1119
f 1120 1121 1122
f 1123 1124 1125
f 1126 1127 1128
f 1129 1130 1131
f 1132 1133 1134
f 1135 1136 1137
f 1138 1139 1140
f 1141 1142 1143
f 1144 1145 1146
f 1147 1148 1149
f 1150 1151 1152
f 1153 1154 1155
f 1156 1157 1158
f 1159 1160 1161
f 1162 1163 1164
f 1165 1166 1167
f 1168 1169 1170
f 1171 1172 1173
f 1174 1175 1176
f 1177 1178 1179
f 1180 1181 1182
f 1183 1184 1185
f 1186 1187 1188
f 1189 1190 1191
f 1192 1193 1194
f 1195 1196 1197
f 1198 1199 1200
f 1201 1202 1203
f 1204 1205 1206
f 1207 1208 1209
f 1210 1211 1212
f 1213 1214 1215
f 1216 1217 1218
f 1219 1220 1221
f 1222 1223 1224
f 1225 1226 1227
f 1228 1229 1230
f 1231 1232 1233
f 1234 1235 1236
f 1237 1238 1239
f 1240 1241 1242
f 1243 1244 1245
f 1246 1247 1248
f 1249 1250 1251
f 1252 1253 1254
f 1255 1256 1257
f 1258 1259 1260
f 1261 1262 1263
f 1264 1265 1266
f 1267 1268 1269
f 1270 1271 1272
f 1273 1274 1275
f 1276 1277 1278
f 1279 1280 1281
f 1282 1283 1284
f 1285 1286 1287
f 1288 1289 1290
f 1291 1292 1293
f 1294 1295 1296
f 1297 1298 1299
f 1300 1301 1302
f 1303 1304 1305
f 1306 1307 1308
f 1309 1310 1311
f 1312 1313 1314
f 1315 1316 1317
f 1318 1319 1320
f 1321 1322 1323
f 1324 1325 1326
f 1327 1328 1329
f 1330 1331 1332
f 1333 1334 1335
f 1336 1337 1338
f 1339 1340 1341
f 1342 1343 1344
f 1345 1346 1347
f 1348 1349 1350
f 1351 1352 1353
f 1354 1355 1356
f 1357 1358 1359
f 1360 1361 1362
f 1363 1364 1365
f 1366 1367 1368
f 1369 1370 1371
f 1372 1373 1374
f 1375 1376 1377
f 1378 1379 1380
f 1381 1382 1383
f 1384 1385 1386
f 1387 1388 1389
f 1390 1391 1392
f 1393 1394 1395
f 1396 1397 1398
f 1399 1400 1401
f 1402 1403 1404
f 1405 1406 1407
f 1408 1409 1410
f 1411 1412 1413
f 1414 1415 1416
f 1417 1418 1419
f 1420 1421 1422
f 1423 1424 1425
f 1426 1427 1428
f 1429 1430 1431
f 1432 1433 1434
f 1435 1436 1437
f 1438 1439 1440
f 1441 1442 1443
f 1444 1445 1446
f 1447 1448 1449
f 1450 1451 1452
f 1453 1454 1455
f 1456 1457 1458
f 1459 1460 1461
f 1462 1463 1464
f 1465 1466 1467
f 1468 1469 1470
f 1471 1472 1473
f 1474 1475 1476
f 1477 1478 1479
f 1480 1481 1482
f 1483 1484 1485
f 1486 1487 1488
f 1489 1490 1491
f 1492 1493 1494
f 1495 1496 1497
f 1498 1499 1500
f 1501 1502 1503
f 1504 1505 1506
f 1507 1508 1509
f 1510 1511 1512
f 1513 1514 1515
f 1516 1517 1518
f 1519 1520 1521
f 1522 1523 1524
f 1525 1526 1527
f 1528 1529 1530
f 1531 1532 1533
f 1534 1535 1536
f 1537 1538 1539
f 1540 1541 1542
f 1543 1544 1545
f 1546 1547 1548
f 1549 1550 1551
f 1552 1553 1554
f 1555 1556 1557
f 1558 1559 1560
f 1561 1562 1563
f 1564 1565 1566
f 1567 1568 1569
f 1570 1571 1572
f 1573 1574 1575
f 1576 1577 1578
f 1579 1580 1581
f 1582 1583 1584
f 1585 1586 1587
f 1588 1589 1590
f 1591 1592 1593
f 1594 1595 1596
f 1597 1598 1599
f 1600 1601 1602
f 1603 1604 1605
f 1606 1607 1608
f 1609 1610 1611
f 1612 1613 1614
f 1615 1616 1617
f 1618 1619 1620
f 1621 1622 1623
f 1624 1625 1626
f 1627 1628 1629
f 1630 1631 1632
f 1633 1634 1635
f 1636 1637 1638
f 1639 1640 1641
f 1642 1643 1644
f 1645 1646 1647
f 1648 1649 1650
f 1651 1652 1653
f 1654 1655 1656
f 1657 1658 1659
f 1660 1661 1662
f 1663 1664 1665
f 1666 1667 1668
f 1669 1670 1671
f 1672 1673 1674
f 1675 1676 1677
f 1678 1679 1680
f 1681 1682 1683
f 1684 1685 1686
f 1687 1688 1689
f 1690 1691 1692
f 1693 1694 1695
f 1696 1697 1698
f 1699 1700 1701
f 1702 1703 1704
f 1705 1706 1707
f 1708 1709 1710
f 1711 1712 1713
f 1714 1715 1716
f 1717 1718 1719
f 1720 1721 1722
f 1723 1724 1725
f 1726 1727 1728
f 1729 1730 1731
f 1732 1733 1734
f 1735 1736 1737
f 1738 1739 1740
f 1741 1742 1743
f 1744 1745 1746
f 1747 1748 1749
f 1750 1751 1752
f 1753 1754 1755
f 1756 1757 1758
f 1759 1760 1761
f 1762 1763 1764
f 1765 1766 1767
f 1768 1769 1770
f 1771 1772 1773
f 1774 1775 1776
f 1777 1778 1779
f 1780 1781 1782
f 1783 1784 1785
f 1786 1787 1788
f 1789 1790 1791
f 1792 1793 1794
f 1795 1796 1797
f 1798 1799 1800
f 1801 1802 1803
f 1804 1805 1806
f 1807 1808 1809
f 1810 1811 1812
f 1813 1814 1815
f 1816 1817 1818
f 1819 1820 1821
f 1822 1823 1824
f 1825 1826 1827
f 1828 1829 1830
f 1831 1832 1833
f 1834 1835 1836
f 1837 1838 1839
f 1840 1841 1842
f 1843 1844 1845
f 1846 1847 1848
f 1849 1850 1851
f 1852 1853 1854
f 1855 1856 1857
f 1858 1859 1860
f 1861 1862 1863
f 1864 1865 1866
f 1867 1868 1869
f 1870 1871 1872
f 1873 1874 1875
f 1876 1877 1878
f 1879 1880 1881
f 1882 1883 1884
f 1885 1886 1887
f 1888 1889 1890
f 1891 1892 1893
f 1894 1895 1896
f 1897 1898 1899
f 1900 1901 1902
f 1903 1904 1905
f 1906 1907 1908
f 1909 1910 1911
f 1912 1913 1914
f 1915 1916 1917
f 1918 1919 1920
f 1921 1922 1923
f 1924 1925 1926
f 1927 1928 1929
f 1930 1931 1932
f 1933 1934 1935
f 1936 1937 1938
f 1939 1940 1941
f 1942 1943 1944
f 1945 1946 1947
f 1948 1949 1950
f 1951 1952 1953
f 1954 1955 1956
f 1957 1958 1959
f 1960 1961 1962
f 1963 1964 1965
f 1966 1967 1968
f 1969 1970 1971
f 1972 1973 1974
f 1975 1976 1977
f 1978 1979 1980
f 1981 1982 1983
f 1984 1985 1986
f 1987 1988 1989
f 1990 1991 1992
f 1993 1994 1995
f 1996 1997 1998
f 1999 2000 2001
f 2002 2003 2004
f 2005 2006 2007
f 2008 2009 2010
f 2011 2012 2013
f 2014 2015 2016
f 2017 2018 2019
f 2020 2021 2022
f 2023 2024 2025
f 2026 2027 2028
f 2029 2030 2031
f 2032 2033 2034
f 2035 2036 2037
f 2038 2039 2040
f 2041 2042 2043
f 2044 2045 2046
f 2047 2048 2049
f 2050 2051 2052
f 2053 2054 2055
f 2056 2057 2058
f 2059 2060 2061
f 2062 2063 2064
f 2065 2066 2067
f 2068 2069 2070
f 2071 2072 2073
f 2074 2075 2076
f 2077 2078 2079
f 2080 2081 2082
f 2083 2084 2085
f 2086 2087 2088
f 2089 2090 2091
f 2092 2093 2094
f 2095 2096 2097
f 2098 2099 2100
f 2101 2102 2103
f 2104 2105 2106
f 2107 2108 2109
f 2110 2111 2112
f 2113 2114 2115
f 2116 2117 2118
f 2119 2120 2121
f 2122 2123 2124
f 2125 2126 2127
f 2128 2129 2130
f 2131 2132 2133
f 2134 2135 2136
f 2137 2138 2139
f 2140 2141 2142
f 2143 2144 2145
f 2146 2147 2148
f 2149 2150 2151
f 2152 2153 2154
f 2155 2156 2157
f 2158 2159 2160
f 2161 2162 2163
f 2164 2165 2166
f 2167 2168 2169
f 2170 2171 2172
f 2173 2174 2175
f 2176 2177 2178
f 2179 2180 2181
f 2182 2183 2184
f 2185 2186 2187
f 2188 2189 2190
f 2191 2192 2193
f 2194 2195 2196
f 2197 2198 2199
f 2200 2201 2202
f 2203 2204 2205
f 2206 2207 2208
f 2209 2210 2211
f 2212 2213 2214
f 2215 2216 2217
f 2218 2219 2220
f 2221 2222 2223
f 2224 2225 2226
f 2227 2228 2229
f 2230 2231 2232
f 2233 2234 2235
f 2236 2237 2238
f 2239 2240 2241
f 2242 2243 2244
f 2245 2246 2247
f 2248 2249 2250
f 2251 2252 2253
f 2254 2255 2256
f 2257 2258 2259
f 2260 2261 2262
f 2263 2264 2265
f 2266 2267 2268
f 2269 2270 2271
f 2272 2273 2274
f 2275 2276 2277
f 2278 2279 2280
f 2281 2282 2283
f 2284 2285 2286
f 2287 2288 2289
f 2290 2291 2292
f 2293 2294 2295
f 2296 2297 2298
f 2299 2300 2301
f 2302 2303 2304
f 2305 2306 2307
f 2308 2309 2310
f 2311 2312 2313
f 2314 2315 2316
f 2317 2318 2319
f 2320 2321 2322
f 2323 2324 2325
f 2326 2327 2328
f 2329 2330 2331
f 2332 2333 2334
f 2335 2336 2337
f 2338 2339 2340
f 2341 2342 2343
f 2344 2345 2346
f 2347 2348 2349
f 2350 2351 2352
f 2353 2354 2355
f 2356 2357 2358
f 2359 2360 2361
f 2362 2363 2364
f 2365 2366 2367
f 2368 2369 2370
f 2371 2372 2373
f 2374 2375 2376
f 2377 2378 2379
f 2380 2381 2382
f 2383 2384 2385
f 2386 2387 2388
f 2389 2390 2391
f 2392 2393 2394
f 2395 2396 2397
f 2398 2399 2400
f 2401 2402 2403
f 2404 2405 2406
f 2407 2408 2409
f 2410 2411 2412
f 2413 2414 2415
f 2416 2417 2418
f 2419 2420 2421
f 2422 2423 2424
f 2425 2426 2427
f 2428 2429 2430
f 2431 2432 2433
f 2434 2435 2436
f 2437 2438 2439
f 2440 2441 2442
f 2443 2444 2445
f 2446 2447 2448
f 2449 2450 2451
f 2452 2453 2454
f 2455 2456 2457
f 2458 2459 2460
f 2461 2462 2463
f 2464 2465 2466
f 2467 2468 2469
f 2470 2471 2472
f 2473 2474 2475
f 2476 2477 2478
f 2479 2480 2481
f 2482 2483 2484
f 2485 2486 2487
f 2488 2489 2490
f 2491 2492 2493
f 2494 2495 2496
f 2497 2498 2499
f 2500 2501 2502
f 2503 2504 2505
f 2506 2507 2508
f 2509 2510 2511
f 2512 2513 2514
f 2515 2516 2517
f 2518 2519 2520
f 2521 2522 2523
f 2524 2525 2526
f 2527 2528 2529
f 2530 2531 2532
f 2533 2534 2535
f 2536 2537 2538
f 2539 2540 2541
f 2542 2543 2544
f 2545 2546 2547
f 2548 2549 2550
f 2551 2552 2553
f 2554 2555 2556
f 2557 2558 2559
f 2560 2561 2562
f 2563 2564 2565
f 2566 2567 2568
f 2569 2570 2571
f 2572 2573 2574
f 2575 2576 2577
f 2578 2579 2580
f 2581 2582 2583
f 2584 2585 2586
f 2587 2588 2589
f 2590 2591 2592
f 2593 2594 2595
f 2596 2597 2598
f 2599 2600 2601
f 2602 2603 2604
f 2605 2606 2607
f 2608 2609 2610
f 2611 2612 2613
f 2614 2615 2616
f 2617 2618 2619
f 2620 2621 2622
f 2623 2624 2625
f 2626 2627 2628
f 2629 2630 2631
f 2632 2633 2634
f 2635 2636 2637
f 2638 2639 2640
f 2641 2642 2643
f 2644 2645 2646
f 2647 2648 2649
f 2650 2651 2652
f 2653 2654 2655
f 2656 2657 2658
f 2659 2660 2661
f 2662 2663 2664
f 2665 2666 2667
f 2668 2669 2670
f 2671 2672 2673
f 2674 2675 2676
f 2677 2678 2679
f 2680 2681 2682
f 2683 2684 2685
f 2686 2687 2688
f 2689 2690 2691
f 2692 2693 2694
f 2695 2696 2697
f 2698 2699 2700
f 2701 2702 2703
f 2704 2705 2706
f 2707 2708 2709
f 2710 2711 2712
f 2713 2714 2715
f 2716 2717 2718
f 2719 2720 2721
f 2722 2723 2724
f 2725 2726 2727
f 2728 2729 2730
f 2731 2732 2733
f 2734 2735 2736
f 2737 2738 2739
f 2740 2741 2742
f 2743 2744 2745
f 2746 2747 2748
f 2749 2750 2751
f 2752 2753 2754
f 2755 2756 2757
f 2758 2759 2760
f 2761 2762 2763
f 2764 2765 2766
f 2767 2768 2769
f 2770 2771 2772
f 2773 2774 2775
f 2776 2777 2778
f 2779 2780 2781
f 2782 2783 2784
f 2785 2786 2787
f 2788 2789 2790
f 2791 2792 2793
f 2794 2795 2796
f 2797 2798 2799
f 2800 2801 2802
f 2803 2804 2805
f 2806 2807 2808
f 2809 2810 2811
f 2812 2813 2814
f 2815 2816 2817
f 2818 2819 2820
f 2821 2822 2823
f 2824 2825 2826
f 2827 2828 2829
f 2830 2831 2832
f 2833 2834 2835
f 2836 2837 2838
f 2839 2840 2841
f 2842 2843 2844
f 2845 2846 2847
f 2848 2849 2850
f 2851 2852 2853
f 2854 2855 2856
f 2857 2858 2859
f 2860 2861 2862
f 2863 2864 2865
f 2866 2867 2868
f 2869 2870 2871
f 2872 2873 2874
f 2875 2876 2877
f 2878 2879 2880
f 2881 2882 2883
f 2884 2885 2886
f 2887 2888 2889
f 2890 2891 2892
f 2893 2894 2895
f 2896 2897 2898
f 2899 2900 2901
f 2902 2903 2904
f 2905 2906 2907
f 2908 2909 2910
f 2911 2912 2913
f 2914 2915 2916
f 2917 2918 2919
f 2920 2921 2922
f 2923 2924 2925
f 2926 2927 2928
f 2929 2930 2931
f 2932 2933 2934
f 2935 2936 2937
f 2938 2939 2940
f 2941 2942 2943
f 2944 2945 2946
f 2947 2948 2949
f 2950 2951 2952
f 2953 2954 2955
f 2956 2957 2958
f 2959 2960 2961
f 2962 2963 2964
f 2965 2966 2967
f 2968 2969 2970
f 2971 2972 2973
f 2974 2975 2976
f 2977 2978 2979
f 2980 2981 2982
f 2983 2984 2985
f 2986 2987 2988
f 2989 2990 2991
f 2992 2993 2994
f 2995 2996 2997
f 2998 2999 3000
f 3001 3002 3003
f 3004 3005 3006
f 3007 3008 3009
f 3010 3011 3012
f 3013 3014 3015
f 3016 3017 3018
f 3019 3020 3021
f 3022 3023 3024
f 3025 3026 3027
f 3028 3029 3030
f 3031 3032 3033
f 3034 3035 3036
f 3037 3038 3039
f 3040 3041 3042
f 3043 3044 3045
f 3046 3047 3048
f 3049 3050 3051
f 3052 3053 3054
f 3055 3056 3057
f 3058 3059 3060
f 3061 3062 3063
f 3064 3065 3066
f 3067 3068 3069
f 3070 3071 3072
f 3073 3074 3075
f 3076 3077 3078
f 3079 3080 3081
f 3082 3083 3084
f 3085 3086 3087
f 3088 3089 3090
f 3091 3092 3093
f 3094 3095 3096
f 3097 3098 3099
f 3100 3101 3102
f 3103 3104 3105
f 3106 3107 3108
f 3109 3110 3111
f 3112 3113 3114
f 3115 3116 3117
f 3118 3119 3120
f 3121 3122 3123
f 3124 3125 3126
f 3127 3128 3129
f 3130 3131 3132
f 3133 3134 3135
f 3136 3137 3138
f 3139 3140 3141
f 3142 3143 3144
f 3145 3146 3147
f 3148 3149 3150
f 3151 3152 3153
f 3154 3155 3156
f 3157 3158 3159
f 3160 3161 3162
f 3163 3164 3165
f 3166 3167 3168
f 3169 3170 3171
f 3172 3173 3174
f 3175 3176 3177
f 3178 3179 3180
f 3181 3182 3183
f 3184 3185 3186
f 3187 3188 3189
f 3190 3191 3192
f 3193 3194 3195
f 3196 3197 3198
f 3199 3200 3201
f 3202 3203 3204
f 3205 3206 3207
f 3208 3209 3210
f 3211 3212 3213
f 3214 3215 3216
f 3217 3218 3219
f 3220 3221 3222
f 3223 3224 3225
f 3226 3227 3228
f 3229 3230 3231
f 3232 3233 3234
f 3235 3236 3237
f 3238 3239 3240
f 3241 3242 3243
f 3244 3245 3246
f 3247 3248 3249
f 3250 3251 3252
f 3253 3254 3255
f 3256 3257 3258
f 3259 3260 3261
f 3262 3263 3264
f 3265 3266 3267
f 3268 3269 3270
f 3271 3272 3273
f 3274 3275 3276
f 3277 3278 3279
f 3280 3281 3282
f 3283 3284 3285
f 3286 3287 3288
f 3289 3290 3291
f 3292 3293 3294
f 3295 3296 3297
f 3298 3299 3300
f 3301 3302 3303
f 3304 3305 3306
f 3307 3308 3309
f 3310 3311 3312
f 3313 3314 3315
f 3316 3317 3318
f 3319 3320 3321
f 3322 3323 3324
f 3325 3326 3327
f 3328 3329 3330
f 3331 3332 3333
f 3334 3335 3336
f 3337 3338 3339
f 3340 3341 3342
f 3343 3344 3345
f 3346 3347 3348
f 3349 3350 3351
f 3352 3353 3354
f 3355 3356 3357
f 3358 3359 3360
f 3361 3362 3363
f 3364 3365 3366
f 3367 3368 3369
f 3370 3371 3372
f 3373 3374 3375
f 3376 3377 3378
f 3379 3380 3381
f 3382 3383 3384
f 3385 3386 3387
f 3388 3389 3390
f 3391 3392 3393
f 3394 3395 3396
f 3397 3398 3399
f 3400 3401 3402
f 3403 3404 3405
f 3406 3407 3408
f 3409 3410 3411
f 3412 3413 3414
f 3415 3416 3417
f 3418 3419 3420
f 3421 3422 3423
f 3424 3425 3426
f 3427 3428 3429
f 3430 3431 3432
f 3433 3434 3435
f 3436 3437 3438
f 3439 3440 3441
f 3442 3443 3444
f 3445 3446 3447
f 3448 3449 3450
f 3451 3452 3453
f 3454 3455 3456
f 3457 3458 3459
f 3460 3461 3462
f 3463 3464 3465
f 3466 3467 3468
f 3469 3470 3471
f 3472 3473 3474
f 3475 3476 3477
f 3478 3479 3480
f 3481 3482 3483
f 3484 3485 3486
f 3487 3488 3489
f 3490 3491 3492
f 3493 3494 3495
f 3496 3497 3498
f 3499 3500 3501
f 3502 3503 3504
f 3505 3506 3507
f 3508 3509 3510
f 3511 3512 3513
f 3514 3515 3516
f 3517 3518 3519
f 3520 3521 3522
f 3523 3524 3525
f 3526 3527 3528
f 3529 3530 3531
f 3532 3533 3534
f 3535 3536 3537
f 3538 3539 3540
f 3541 3542 3543
f 3544 3545 3546
f 3547 3548 3549
f 3550 3551 3552
f 3553 3554 3555
f 3556 3557 3558
f 3559 3560 3561
f 3562 3563 3564
f 3565 3566 3567
f 3568 3569 3570
f 3571 3572 3573
f 3574 3575 3576
f 3577 3578 3579
f 3580 3581 3582
f 3583 3584 3585
f 3586 3587 3588
f 3589 3590 3591
f 3592 3593 3594
f 3595 3596 3597
f 3598 3599 3600
f 3601 3602 3603
f 3604 3605 3606
f 3607 3608 3609
f 3610 3611 3612
f 3613 3614 3615
f 3616 3617 3618
f 3619 3620 3621
f 3622 3623 3624
f 3625 3626 3627
f 3628 3629 3630
f 3631 3632 3633
f 3634 3635 3636
f 3637 3638 3639
f 3640 3641 3642
f 3643 3644 3645
f 3646 3647 3648
f 3649 3650 3651
f 3652 3653 3654
f 3655 3656 3657
f 3658 3659 3660
f 3661 3662 3663
f 3664 3665 3666
f 3667 3668 3669
f 3670 3671 3672
f 3673 3674 3675
f 3676 3677 3678
f 3679 3680 3681
f 3682 3683 3684
f 3685 3686 3687
f 3688 3689 3690
f 3691 3692 3693
f 3694 3695 3696
f 3697 3698 3699
f 3700 3701 3702
f 3703 3704 3705
f 3706 3707 3708
f 3709 3710 3711
f 3712 3713 3714
f 3715 3716 3717
f 3718 3719 3720
f 3721 3722 3723
f 3724 3725 3726
f 3727 3728 3729
f 3730 3731 3732
f 3733 3734 3735
f 3736 3737 3738
f 3739 3740 3741
f 3742 3743 3744
f 3745 3746 3747
f 3748 3749 3750
f 3751 3752 3753
f 3754 3755 3756
f 3757 3758 3759
f 3760 3761 3762
f 3763 3764 3765
f 3766 3767 3768
f 3769 3770 3771
f 3772 3773 3774
f 3775 3776 3777
f 3778 3779 3780
f 3781 3782 3783
f 3784 3785 3786
f 3787 3788 3789
f 3790 3791 3792
f 3793 3794 3795
f 3796 3797 3798
f 3799 3800 3801
f 3802 3803 3804
f 3805 3806 3807
f 3808 3809 3810
f 3811 3812 3813
f 3814 3815 3816
f 3817 3818 3819
f 3820 3821 3822
f 3823 3824 3825
f 3826 3827 3828
f 3829 3830 3831
f 3832 3833 3834
f 3835 3836 3837
f 3838 3839 3840
f 3841 3842 3843
f 3844 3845 3846
f 3847 3848 3849
f 3850 3851 3852
f 3853 3854 3855
f 3856 3857 3858
f 3859 3860 3861
f 3862 3863 3864
f 3865 3866 3867
f 3868 3869 3870
f 3871 3872 3873
f 3874 3875 3876
f 3877 3878 3879
f 3880 3881 3882
f 3883 3884 3885
f 3886 3887 3888
f 3889 3890 3891
f 3892 3893 3894
f 3895 3896 3897
f 3898 3899 3900
f 3901 3902 3903
f 3904 3905 3906
f 3907 3908 3909
f 3910 3911 3912
f 3913 3914 3915
f 3916 3917 3918
f 3919 3920 3921
f 3922 3923 3924
f 3925 3926 3927
f 3928 3929 3930
f 3931 3932 3933
f 3934 3935 3936
f 3937 3938 3939
f 3940 3941 3942
f 3943 3944 3945
f 3946 3947 3948
f 3949 3950 3951
f 3952 3953 3954
f 3955 3956 3957
f 3958 3959 3960
f 3961 3962 3963
f 3964 3965 3966
f 3967 3968 3969
f 3970 3971 3972
f 3973 3974 3975
f 3976 3977 3978
f 3979 3980 3981
f 3982 3983 3984
f 3985 3986 3987
f 3988 3989 3990
f 3991 3992 3993
f 3994 3995 3996
f 3997 3998 3999
f 4000 4001 4002
f 4003 4004 4005
f 4006 4007 4008
f 4009 4010 4011
f 4012 4013 4014
f 4015 4016 4017
f 4018 4019 4020
f 4021 4022 4023
f 4024 4025 4026
f 4027 4028 4029
f 4030 4031 4032
f 4033 4034 4035
f 4036 4037 4038
f 4039 4040 4041
f 4042 4043 4044
f 4045 4046 4047
f 4048 4049 4050
f 4051 4052 4053
f 4054 4055 4056
f 4057 4058 4059
f 4060 4061 4062
f 4063 4064 4065
f 4066 4067 4068
f 4069 4070 4071
f 4072 4073 4074
f 4075 4076 4077
f 4078 4079 4080
f 4081 4082 4083
f 4084 4085 4086
f 4087 4088 4089
f 4090 4091 4092
f 4093 4094 4095
f 4096 4097 4098
f 4099 4100 4101
f 4102 4103 4104
f 4105 4106 4107
f 4108 4109 4110
f 4111 4112 4113
f 4114 4115 4116
f 4117 4118 4119
f 4120 4121 4122
f 4123 4124 4125
f 4126 4127 4128
f 4129 4130 4131
f 4132 4133 4134
f 4135 4136 4137
f 4138 4139 4140
f 4141 4142 4143
f 4144 4145 4146
f 4147 4148 4149
f 4150 4151 4152
f 4153 4154 4155
f 4156 4157 4158
f 4159 4160 4161
f 4162 4163 4164
f 4165 4166 4167
f 4168 4169 4170
f 4171 4172 4173
f 4174 4175 4176
f 4177 4178 4179
f 4180 4181 4182
f 4183 4184 4185
f 4186 4187 4188
f 4189 4190 4191
f 4192 4193 4194
f 4195 4196 4197
f 4198 4199 4200
f 4201 4202 4203
f 4204 4205 4206
f 4207 4208 4209
f 4210 4211 4212
f 4213 4214 4215
f 4216 4217 4218
f 4219 4220 4221
f 4222 4223 4224
f 4225 4226 4227
f 4228 4229 4230
f 4231 4232 4233
f 4234 4235 4236
f 4237 4238 4239
f 4240 4241 4242
f 4243 4244 4245
f 4246 4247 4248
f 4249 4250 4251
f 4252 4253 4254
f 4255 4256 4257
f 4258 4259 4260
f 4261 4262 4263
f 4264 4265 4266
f 4267 4268 4269
f 4270 4271 4272
f 4273 4274 4275
f 4276 4277 4278
f 4279 4280 4281
f 4282 4283 4284
f 4285 4286 4287
f 4288 4289 4290
f 4291 4292 4293
f 4294 4295 4296
f 4297 4298 4299
f 4300 4301 4302
f 4303 4304 4305
f 4306 4307 4308
f 4309 4310 4311
f 4312 4313 4314
f 4315 4316 4317
f 4318 4319 4320
f 4321 4322 4323
f 4324 4325 4326
f 4327 4328 4329
f 4330 4331 4332
f 4333 4334 4335
f 4336 4337 4338
f 4339 4340 4341
f 4342 4343 4344
f 4345 4346 4347
f 4348 4349 4350
f 4351 4352 4353
f 4354 4355 4356
f 4357 4358 4359
f 4360 4361 4362
f 4363 4364 4365
f 4366 4367 4368
f 4369 4370 4371
f 4372 4373 4374
f 4375 4376 4377
f 4378 4379 4380
f 4381 4382 4383
f 4384 4385 4386
f 4387 4388 4389
f 4390 4391 4392
f 4393 4394 4395
f 4396 4397 4398
f 4399 4400 4401
f 4402 4403 4404
f 4405 4406 4407
f 4408 4409 4410
f 4411 4412 4413
f 4414 4415 4416
f 4417 4418 4419
f 4420 4421 4422
f 4423 4424 4425
f 4426 4427 4428
f 4429 4430 4431
f 4432 4433 4434
f 4435 4436 4437
f 4438 4439 4440
f 4441 4442 4443
f 4444 4445 4446
f 4447 4448 4449
f 4450 4451 4452
f 4453 4454 4455
f 4456 4457 4458
f 4459 4460 4461
f 4462 4463 4464
f 4465 4466 4467
f 4468 4469 4470
f 4471 4472 4473
f 4474 4475 4476
f 4477 4478 4479
f 4480 4481 4482
f 4483 4484 4485
f 4486 4487 4488
f 4489 4490 4491
f 4492 4493 4494
f 4495 4496 4497
f 4498 4499 4500
f 4501 4502 4503
f 4504 4505 4506
f 4507 4508 4509
f 4510 4511 4512
f 4513 4514 4515
f 4516 4517 4518
f 4519 4520 4521
f 4522 4523 4524
f 4525 4526 4527
f 4528 4529 4530
f 4531 4532 4533
f 4534 4535 4536
f 4537 4538 4539
f 4540 4541 4542
f 4543 4544 4545
f 4546 4547 4548
f 4549 4550 4551
f 4552 4553 4554
f 4555 4556 4557
f 4558 4559 4560
f 4561 4562 4563
f 4564 4565 4566
f 4567 4568 4569
f 4570 4571 4572
f 4573 4574 4575
f 4576 4577 4578
f 4579 4580 4581
f 4582 4583 4584
f 4585 4586 4587
f 4588 4589 4590
f 4591 4592 4593
f 4594 4595 4596
f 4597 4598 4599
f 4600 4601 4602
f 4603 4604 4605
f 4606 4607 4608
f 4609 4610 4611
f 4612 4613 4614
f 4615 4616 4617
f 4618 4619 4620
f 4621 4622 4623
f 4624 4625 4626
f 4627 4628 4629
f 4630 4631 4632
f 4633 4634 4635
f 4636 4637 4638
f 4639 4640 4641
f 4642 4643 4644
f 4645 4646 4647
f 4648 4649 4650
f 4651 4652 4653
f 4654 4655 4656
f 4657 4658 4659
f 4660 4661 4662
f 4663 4664 4665
f 4666 4667 4668
f 4669 4670 4671
f 4672 4673 4674
f 4675 4676 4677
f 4678 4679 4680
f 4681 4682 4683
f 4684 4685 4686
f 4687 4688 4689
f 4690 4691 4692
f 4693 4694 4695
f 4696 4697 4698
f 4699 4700 4701
f 4702 4703 4704
f 4705 4706 4707
f 4708 4709 4710
f 4711 4712 4713
f 4714 4715 4716
f 4717 4718 4719
f 4720 4721 4722
f 4723 4724 4725
f 4726 4727 4728
f 4729 4730 4731
f 4732 4733 4734
f 4735 4736 4737
f 4738 4739 4740
f 4741 4742 4743
f 4744 4745 4746
f 4747 4748 4749
f 4750 4751 4752
f 4753 4754 4755
f 4756 4757 4758
f 4759 4760 4761
f 4762 4763 4764
f 4765 4766 4767
f 4768 4769 4770
f 4771 4772 4773
f 4774 4775 4776
f 4777 4778 4779
f 4780 4781 4782
f 4783 4784 4785
f 4786 4787 4788
f 4789 4790 4791
f 4792 4793 4794
f 4795 4796 4797
f 4798 4799 4800
f 4801 4802 4803
f 4804 4805 4806
f 4807 4808 4809
f 4810 4811 4812
f 4813 4814 4815
f 4816 4817 4818
f 4819 4820 4821
f 4822 4823 4824
f 4825 4826 4827
f 4828 4829 4830
f 4831 4832 4833
f 4834 4835 4836
f 4837 4838 4839
f 4840 4841 4842
f 4843 4844 4845
f 4846 4847 4848
f 4849 4850 4851
f 4852 4853 4854
f 4855 4856 4857
f 4858 4859 4860
f 4861 4862 4863
f 4864 4865 4866
f 4867 4868 4869
f 4870 4871 4872
f 4873 4874 4875
f 4876 4877 4878
f 4879 4880 4881
f 4882 4883 4884
f 4885 4886 4887
f 4888 4889 4890
f 4891 4892 4893
f 4894 4895 4896
f 4897 4898 4899
f 4900 4901 4902
f 4903 4904 4905
f 4906 4907 4908
f 4909 4910 4911
f 4912 4913 4914
f 4915 4916 4917
f 4918 4919 4920
f 4921 4922 4923
f 4924 4925 4926
f 4927 4928 4929
f 4930 4931 4932
f 4933 4934 4935
f 4936 4937 4938
f 4939 4940 4941
f 4942 4943 4944
f 4945 4946 4947
f 4948 4949 4950
f 4951 4952 4953
f 4954 4955 4956
f 4957 4958 4959
f 4960 4961 4962
f 4963 4964 4965
f 4966 4967 4968
f 4969 4970 4971
f 4972 4973 4974
f 4975 4976 4977
f 4978 4979 4980
f 4981 4982 4983
f 4984 4985 4986
f 4987 4988 4989
f 4990 4991 4992
f 4993 4994 4995
f 4996 4997 4998
f 4999 5000 5001
f 5002 5003 5004
f 5005 5006 5007
f 5008 5009 5010
f 5011 5012 5013
f 5014 5015 5016
f 5017 5018 5019
f 5020 5021 5022
f 5023 5024 5025
f 5026 5027 5028
f 5029 5030 5031
f 5032 5033 5034
f 5035 5036 5037
f 5038 5039 5040
f 5041 5042 5043
f 5044 5045 5046
f 5047 5048 5049
f 5050 5051 5052
f 5053 5054 5055
f 5056 5057 5058
f 5059 5060 5061
f 5062 5063 5064
f 5065 5066 5067
f 5068 5069 5070
f 5071 5072 5073
f 5074 5075 5076
f 5077 5078 5079
f 5080 5081 5082
f 5083 5084 5085
f 5086 5087 5088
f 5089 5090 5091
f 5092 5093 5094
f 5095 5096 5097
f 5098 5099 5100
f 5101 5102 5103
f 5104 5105 5106
f 5107 5108 5109
f 5110 5111 5112
f 5113 5114 5115
f 5116 5117 5118
f 5119 5120 5121
f 5122 5123 5124
f 5125 5126 5127
f 5128 5129 5130
f 5131 5132 5133
f 5134 5135 5136
f 5137 5138 5139
f 5140 5141 5142
f 5143 5144 5145
f 5146 5147 5148
f 5149 5150 5151
f 5152 5153 5154
f 5155 5156 5157
f 5158 5159 5160
f 5161 5162 5163
f 5164 5165 5166
f 5167 5168 5169
f 5170 5171 5172
f 5173 5174 5175
f 5176 5177 5178
f 5179 5180 5181
f 5182 5183 5184
f 5185 5186 5187
f 5188 5189 5190
f 5191 5192 5193
f 5194 5195 5196
f 5197 5198 5199
f 5200 5201 5202
f 5203 5204 5205
f 5206 5207 5208
f 5209 5210 5211
f 5212 5213 5214
f 5215 5216 5217
f 5218 5219 5220
f 5221 5222 5223
f 5224 5225 5226
f 5227 5228 5229
f 5230 5231 5232
f 5233 5234 5235
f 5236 5237 5238
f 5239 5240 5241
f 5242 5243 5244
f 5245 5246 5247
f 5248 5249 5250
f 5251 5252 5253
f 5254 5255 5256
f 5257 5258 5259
f 5260 5261 5262
f 5263 5264 5265
f 5266 5267 5268
f 5269 5270 5271
f 5272 5273 5274
f 5275 5276 5277
f 5278 5279 5280
f 5281 5282 5283
f 5284 5285 5286
f 5287 5288 5289
f 5290 5291 5292
f 5293 5294 5295
f 5296 5297 5298
f 5299 5300 5301
f 5302 5303 5304
f 5305 5306 5307
f 5308 5309 5310
f 5311 5312 5313
f 5314 5315 5316
f 5317 5318 5319
f 5320 5321 5322
f 5323 5324 5325
f 5326 5327 5328
f 5329 5330 5331
f 5332 5333 5334
f 5335 5336 5337
f 5338 5339 5340
f 5341 5342 5343
f 5344 5345 5346
f 5347 5348 5349
f 5350 5351 5352
f 5353 5354 5355
f 5356 5357 5358
f 5359 5360 5361
f 5362 5363 5364
f 5365 5366 5367
f 5368 5369 5370
f 5371 5372 5373
f 5374 5375 5376
f 5377 5378 5379
f 5380 5381 5382
f 5383 5384 5385
f 5386 5387 5388
f 5389 5390 5391
f 5392 5393 5394
f 5395 5396 5397
f 5398 5399 5400
f 5401 5402 5403
f 5404 5405 5406
f 5407 5408 5409
f 5410 5411 5412
f 5413 5414 5415
f 5416 5417 5418
f 5419 5420 5421
f 5422 5423 5424
f 5425 5426 5427
f 5428 5429 5430
f 5431 5432 5433
f 5434 5435 5436
f 5437 5438 5439
f 5440 5441 5442
f 5443 5444 5445
f 5446 5447 5448
f 5449 5450 5451
f 5452 5453 5454
f 5455 5456 5457
f 5458 5459 5460
f 5461 5462 5463
f 5464 5465 5466
f 5467 5468 5469
f 5470 5471 5472
f 5473 5474 5475
f 5476 5477 5478
f 5479 5480 5481
f 5482 5483 5484
f 5485 5486 5487
f 5488 5489 5490
f 5491 5492 5493
f 5494 5495 5496
f 5497 5498 5499
f 5500 5501 5502
f 5503 5504 5505
f 5506 5507 5508
f 5509 5510 5511
f 5512 5513 5514
f 5515 5516 5517
f 5518 5519 5520
f 5521 5522 5523
f 5524 5525 5526
f 5527 5528 5529
f 5530 5531 5532
f 5533 5534 5535
f 5536 5537 5538
f 5539 5540 5541
f 5542 5543 5544
f 5545 5546 5547
f 5548 5549 5550
f 5551 5552 5553
f 5554 5555 5556
f 5557 5558 5559
f 5560 5561 5562
f 5563 5564 5565
f 5566 5567 5568
f 5569 5570 5571
f 5572 5573 5574
f 5575 5576 5577
f 5578 5579 5580
f 5581 5582 5583
f 5584 5585 5586
f 5587 5588 5589
f 5590 5591 5592
f 5593 5594 5595
f 5596 5597 5598
f 5599 5600 5601
f 5602 5603 5604
f 5605 5606 5607
f 5608 5609 5610
f 5611 5612 5613
f 5614 5615 5616
f 5617 5618 5619
f 5620 5621 5622
f 5623 5624 5625
f 5626 5627 5628
f 5629 5630 5631
f 5632 5633 5634
f 5635 5636 5637
f 5638 5639 5640
f 5641 5642 5643
f 5644 5645 5646
f 5647 5648 5649
f 5650 5651 5652
f 5653 5654 5655
f 5656 5657 5658
f 5659 5660 5661
f 5662 5663 5664
f 5665 5666 5667
f 5668 5669 5670
f 5671 5672 5673
f 5674 5675 5676
f 5677 5678 5679
f 5680 5681 5682
f 5683 5684 5685
f 5686 5687 5688
f 5689 5690 5691
f 5692 5693 5694
f 5695 5696 5697
f 5698 5699 5700
f 5701 5702 5703
f 5704 5705 5706
f 5707 5708 5709
f 5710 5711 5712
f 5713 5714 5715
f 5716 5717 5718
f 5719 5720 5721
f 5722 5723 5724
f 5725 5726 5727
f 5728 5729 5730
f 5731 5732 5733
f 5734 5735 5736
f 5737 5738 5739
f 5740 5741 5742
f 5743 5744 5745
f 5746 5747 5748
f 5749 5750 5751
f 5752 5753 5754
f 5755 5756 5757
f 5758 5759 5760
f 5761 5762 5763
f 5764 5765 5766
f 5767 5768 5769
f 5770 5771 5772
f 5773 5774 5775
f 5776 5777 5778
f 5779 5780 5781
f 5782 5783 5784
f 5785 5786 5787
f 5788 5789 5790
f 5791 5792 5793
f 5794 5795 5796
f 5797 5798 5799
f 5800 5801 5802
f 5803 5804 5805
f 5806 5807 5808
f 5809 5810 5811
f 5812 5813 5814
f 5815 5816 5817
f 5818 5819 5820
f 5821 5822 5823
f 5824 5825 5826
f 5827 5828 5829
f 5830 5831 5832
f 5833 5834 5835
f 5836 5837 5838
f 5839 5840 5841
f 5842 5843 5844
f 5845 5846 5847
f 5848 5849 5850
f 5851 5852 5853
f 5854 5855 5856
f 5857 5858 5859
f 5860 5861 5862
f 5863 5864 5865
f 5866 5867 5868
f 5869 5870 5871
f 5872 5873 5874
f 5875 5876 5877
f 5878 5879 5880
f 5881 5882 5883
f 5884 5885 5886
f 5887 5888 5889
f 5890 5891 5892
f 5893 5894 5895
f 5896 5897 5898
f 5899 5900 5901
f 5902 5903 5904
f 5905 5906 5907
f 5908 5909 5910
f 5911 5912 5913
f 5914 5915 5916
f 5917 5918 5919
f 5920 5921 5922
f 5923 5924 5925
f 5926 5927 5928
f 5929 5930 5931
f 5932 5933 5934
f 5935 5936 5937
f 5938 5939 5940
f 5941 5942 5943
f 5944 5945 5946
f 5947 5948 5949
f 5950 5951 5952
f 5953 5954 5955
f 5956 5957 5958
f 5959 5960 5961
f 5962 5963 5964
f 5965 5966 5967
f 5968 5969 5970
f 5971 5972 5973
f 5974 5975 5976
f 5977 5978 5979
f 5980 5981 5982
f 5983 5984 5985
f 5986 5987 5988
f 5989 5990 5991
f 5992 5993 5994
f 5995 5996 5997
f 5998 5999 6000
f 6001 6002 6003
f 6004 6005 6006
f 6007 6008 6009
f 6010 6011 6012
f 6013 6014 6015
f 6016 6017 6018
f 6019 6020 6021
f 6022 6023 6024
f 6025 6026 6027
f 6028 6029 6030
f 6031 6032 6033
f 6034 6035 6036
f 6037 6038 6039
f 6040 6041 6042
f 6043 6044 6045
f 6046 6047 6048
f 6049 6050 6051
f 6052 6053 6054
f 6055 6056 6057
f 6058 6059 6060
f 6061 6062 6063
f 6064 6065 6066
f 6067 6068 6069
f 6070 6071 6072
f 6073 6074 6075
f 6076 6077 6078
f 6079 6080 6081
f 6082 6083 6084
f 6085 6086 6087
f 6088 6089 6090
f 6091 6092 6093
f 6094 6095 6096
f 6097 6098 6099
f 6100 6101 6102
f 6103 6104 6105
f 6106 6107 6108
f 6109 6110 6111
f 6112 6113 6114
f 6115 6116 6117
f 6118 6119 6120
f 6121 6122 6123
f 6124 6125 6126
f 6127 6128 6129
f 6130 6131 6132
f 6133 6134 6135
f 6136 6137 6138
f 6139 6140 6141
f 6142 6143 6144
f 6145 6146 6147
f 6148 6149 6150
f 6151 6152 6153
f 6154 6155 6156
f 6157 6158 6159
f 6160 6161 6162
f 6163 6164 6165
f 6166 6167 6168
f 6169 6170 6171
f 6172 6173 6174
f 6175 6176 6177
f 6178 6179 6180
f 6181 6182 6183
f 6184 6185 6186
f 6187 6188 6189
f 6190 6191 6192
f 6193 6194 6195
f 6196 6197 6198
f 6199 6200 6201
f 6202 6203 6204
f 6205 6206 6207
f 6208 6209 6210
f 6211 6212 6213
f 6214 6215 6216
f 6217 6218 6219
f 6220 6221 6222
f 6223 6224 6225
f 6226 6227 6228
f 6229 6230 6231
f 6232 6233 6234
f 6235 6236 6237
f 6238 6239 6240
f 6241 6242 6243
f 6244 6245 6246
f 6247 6248 6249
f 6250 6251 6252
f 6253 6254 6255
f 6256 6257 6258
f 6259 6260 6261
f 6262 6263 6264
f 6265 6266 6267
f 6268 6269 6270
f 6271 6272 6273
f 6274 6275 6276
f 6277 6278 6279
f 6280 6281 6282
f 6283 6284 6285
f 6286 6287 6288
f 6289 6290 6291
f 6292 6293 6294
f 6295 6296 6297
f 6298 6299 6300
f 6301 6302 6303
f 6304 6305 6306
f 6307 6308 6309
f 6310 6311 6312
f 6313 6314 6315
f 6316 6317 6318
f 6319 6320 6321
f 6322 6323 6324
f 6325 6326 6327
f 6328 6329 6330
f 6331 6332 6333
f 6334 6335 6336
f 6337 6338 6339
f 6340 6341 6342
f 6343 6344 6345
f 6346 6347 6348
f 6349 6350 6351
f 6352 6353 6354
f 6355 6356 6357
f 6358 6359 6360
f 6361 6362 6363
f 6364 6365 6366
f 6367 6368 6369
f 6370 6371 6372
f 6373 6374 6375
f 6376 6377 6378
f 6379 6380 6381
f 6382 6383 6384
f 6385 6386 6387
f 6388 6389 6390
f 6391 6392 6393
f 6394 6395 6396
f 6397 6398 6399
f 6400 6401 6402
f 6403 6404 6405
f 6406 6407 6408
f 6409 6410 6411
f 6412 6413 6414
f 6415 6416 6417
f 6418 6419 6420
f 6421 6422 6423
f 6424 6425 6426
f 6427 6428 6429
f 6430 6431 6432
f 6433 6434 6435
f 6436 6437 6438
f 6439 6440 6441
f 6442 6443 6444
f 6445 6446 6447
f 6448 6449 6450
f 6451 6452 6453
f 6454 6455 6456
f 6457 6458 6459
f 6460 6461 6462
f 6463 6464 6465
f 6466 6467 6468
f 6469 6470 6471
f 6472 6473 6474
f 6475 6476 6477
f 6478 6479 6480
f 6481 6482 6483
f 6484 6485 6486
f 6487 6488 6489
f 6490 6491 6492
f 6493 6494 6495
f 6496 6497 6498
f 6499 6500 6501
f 6502 6503 6504
f 6505 6506 6507
f 6508 6509 6510
f 6511 6512 6513
f 6514 6515 6516
f 6517 6518 6519
f 6520 6521 6522
f 6523 6524 6525
f 6526 6527 6528
f 6529 6530 6531
f 6532 6533 6534
f 6535 6536 6537
f 6538 6539 6540
f 6541 6542 6543
f 6544 6545 6546
f 6547 6548 6549
f 6550 6551 6552
f 6553 6554 6555
f 6556 6557 6558
f 6559 6560 6561
f 6562 6563 6564
f 6565 6566 6567
f 6568 6569 6570
f 6571 6572 6573
f 6574 6575 6576
f 6577 6578 6579
f 6580 6581 6582
f 6583 6584 6585
f 6586 6587 6588
f 6589 6590 6591
f 6592 6593 6594
f 6595 6596 6597
f 6598 6599 6600
f 6601 6602 6603
f 6604 6605 6606
f 6607 6608 6609
f 6610 6611 6612
f 6613 6614 6615
f 6616 6617 6618
f 6619 6620 6621
f 6622 6623 6624
f 6625 6626 6627
f 6628 6629 6630
f 6631 6632 6633
f 6634 6635 6636
f 6637 6638 6639
f 6640 6641 6642
f 6643 6644 6645
f 6646 6647 6648
f 6649 6650 6651
f 6652 6653 6654
f 6655 6656 6657
f 6658 6659 6660
f 6661 6662 6663
f 6664 6665 6666
f 6667 6668 6669
f 6670 6671 6672
f 6673 6674 6675
f 6676 6677 6678
f 6679 6680 6681
f 6682 6683 6684
f 6685 6686 6687
f 6688 6689 6690
f 6691 6692 6693
f 6694 6695 6696
f 6697 6698 6699
f 6700 6701 6702
f 6703 6704 6705
f 6706 6707 6708
f 6709 6710 6711
f 6712 6713 6714
f 6715 6716 6717
f 6718 6719 6720
f 6721 6722 6723
f 6724 6725 6726
f 6727 6728 6729
f 6730 6731 6732
f 6733 6734 6735
f 6736 6737 6738
f 6739 6740 6741
f 6742 6743 6744
f 6745 6746 6747
f 6748 6749 6750
f 6751 6752 6753
f 6754 6755 6756
f 6757 6758 6759
f 6760 6761 6762
f 6763 6764 6765
f 6766 6767 6768
f 6769 6770 6771
f 6772 6773 6774
f 6775 6776 6777
f 6778 6779 6780
f 6781 6782 6783
f 6784 6785 6786
f 6787 6788 6789
f 6790 6791 6792
f 6793 6794 6795
f 6796 6797 6798
f 6799 6800 6801
f 6802 6803 6804
f 6805 6806 6807
f 6808 6809 6810
f 6811 6812 6813
f 6814 6815 6816
f 6817 6818 6819
f 6820 6821 6822
f 6823 6824 6825
f 6826 6827 6828
f 6829 6830 6831
f 6832 6833 6834
f 6835 6836 6837
f 6838 6839 6840
f 6841 6842 6843
f 6844 6845 6846
f 6847 6848 6849
f 6850 6851 6852
f 6853 6854 6855
f 6856 6857 6858
f 6859 6860 6861
f 6862 6863 6864
f 6865 6866 6867
f 6868 6869 6870
f 6871 6872 6873
f 6874 6875 6876
f 6877 6878 6879
f 6880 6881 6882
f 6883 6884 6885
f 6886 6887 6888
f 6889 6890 6891
f 6892 6893 6894
f 6895 6896 6897
f 6898 6899 6900
f 6901 6902 6903
f 6904 6905 6906
f 6907 6908 6909
f 6910 6911 6912
f 6913 6914 6915
f 6916 6917 6918
f 6919 6920 6921
f 6922 6923 6924
f 6925 6926 6927
f 6928 6929 6930
f 6931 6932 6933
f 6934 6935 6936
f 6937 6938 6939
f 6940 6941 6942
f 6943 6944 6945
f 6946 6947 6948
f 6949 6950 6951
f 6952 6953 6954
f 6955 6956 6957
f 6958 6959 6960
f 6961 6962 6963
f 6964 6965 6966
f 6967 6968 6969
f 6970 6971 6972
f 6973 6974 6975
f 6976 6977 6978
f 6979 6980 6981
f 6982 6983 6984
f 6985 6986 6987
f 6988 6989 6990
f 6991 6992 6993
f 6994 6995 6996
f 6997 6998 6999
f 7000 7001 7002
f 7003 7004 7005
f 7006 7007 7008
f 7009 7010 7011
f 7012 7013 7014
f 7015 7016 7017
f 7018 7019 7020
f 7021 7022 7023
f 7024 7025 7026
f 7027 7028 7029
f 7030 7031 7032
f 7033 7034 7035
f 7036 7037 7038
f 7039 7040 7041
f 7042 7043 7044
f 7045 7046 7047
f 7048 7049 7050
f 7051 7052 7053
f 7054 7055 7056
f 7057 7058 7059
f 7060 7061 7062
f 7063 7064 7065
f 7066 7067 7068
f 7069 7070 7071
f 7072 7073 7074
f 7075 7076 7077
f 7078 7079 7080
f 7081 7082 7083
f 7084 7085 7086
f 7087 7088 7089
f 7090 7091 7092
f 7093 7094 7095
f 7096 7097 7098
f 7099 7100 7101
f 7102 7103 7104
f 7105 7106 7107
f 7108 7109 7110
f 7111 7112 7113
f 7114 7115 7116
f 7117 7118 7119
f 7120 7121 7122
f 7123 7124 7125
f 7126 7127 7128
f 7129 7130 7131
f 7132 7133 7134
f 7135 7136 7137
f 7138 7139 7140
f 7141 7142 7143
f 7144 7145 7146
f 7147 7148 7149
f 7150 7151 7152
f 7153 7154 7155
f 7156 7157 7158
f 7159 7160 7161
f 7162 7163 7164
f 7165 7166 7167
f 7168 7169 7170
f 7171 7172 7173
f 7174 7175 7176
f 7177 7178 7179
f 7180 7181 7182
f 7183 7184 7185
f 7186 7187 7188
f 7189 7190 7191
f 7192 7193 7194
f 7195 7196 7197
f 7198 7199 7200
f 7201 7202 7203
f 7204 7205 7206
f 7207 7208 7209
f 7210 7211 7212
f 7213 7214 7215
f 7216 7217 7218
f 7219 7220 7221
f 7222 7223 7224
f 7225 7226 7227
f 7228 7229 7230
f 7231 7232 7233
f 7234 7235 7236
f 7237 7238 7239
f 7240 7241 7242
f 7243 7244 7245
f 7246 7247 7248
f 7249 7250 7251
f 7252 7253 7254
f 7255 7256 7257
f 7258 7259 7260
f 7261 7262 7263
f 7264 7265 7266
f 7267 7268 7269
f 7270 7271 7272
f 7273 7274 7275
f 7276 7277 7278
f 7279 7280 7281
f 7282 7283 7284
f 7285 7286 7287
f 7288 7289 7290
f 7291 7292 7293
f 7294 7295 7296
f 7297 7298 7299
f 7300 7301 7302
f 7303 7304 7305
f 7306 7307 7308
f 7309 7310 7311
f 7312 7313 7314
f 7315 7316 7317
f 7318 7319 7320
f 7321 7322 7323
f 7324 7325 7326
f 7327 7328 7329
f 7330 7331 7332
f 7333 7334 7335
f 7336 7337 7338
f 7339 7340 7341
f 7342 7343 7344
f 7345 7346 7347
f 7348 7349 7350
f 7351 7352 7353
f 7354 7355 7356
f 7357 7358 7359
f 7360 7361 7362
f 7363 7364 7365
f 7366 7367 7368
f 7369 7370 7371
f 7372 7373 7374
f 7375 7376 7377
f 7378 7379 7380
f 7381 7382 7383
f 7384 7385 7386
f 7387 7388 7389
f 7390 7391 7392
f 7393 7394 7395
f 7396 7397 7398
f 7399 7400 7401
f 7402 7403 7404
f 7405 7406 7407
f 7408 7409 7410
f 7411 7412 7413
f 7414 7415 7416
f 7417 7418 7419
f 7420 7421 7422
f 7423 7424 7425
f 7426 7427 7428
f 7429 7430 7431
f 7432 7433 7434
f 7435 7436 7437
f 7438 7439 7440
f 7441 7442 7443
f 7444 7445 7446
f 7447 7448 7449
f 7450 7451 7452
f 7453 7454 7455
f 7456 7457 7458
f 7459 7460 7461
f 7462 7463 7464
f 7465 7466 7467
f 7468 7469 7470
f 7471 7472 7473
f 7474 7475 7476
f 7477 7478 7479
f 7480 7481 7482
f 7483 7484 7485
f 7486 7487 7488
f 7489 7490 7491
f 7492 7493 7494
f 7495 7496 7497
f 7498 7499 7500
f 7501 7502 7503
f 7504 7505 7506
f 7507 7508 7509
f 7510 7511 7512
f 7513 7514 7515
f 7516 7517 7518
f 7519 7520 7521
f 7522 7523 7524
f 7525 7526 7527
f 7528 7529 7530
f 7531 7532 7533
f 7534 7535 7536
f 7537 7538 7539
f 7540 7541 7542
f 7543 7544 7545
f 7546 7547 7548
f 7549 7550 7551
f 7552 7553 7554
f 7555 7556 7557
f 7558 7559 7560
f 7561 7562 7563
f 7564 7565 7566
f 7567 7568 7569
f 7570 7571 7572
f 7573 7574 7575
f 7576 7577 7578
f 7579 7580 7581
f 7582 7583 7584
f 7585 7586 7587
f 7588 7589 7590
f 7591 7592 7593
f 7594 7595 7596
f 7597 7598 7599
f 7600 7601 7602
f 7603 7604 7605
f 7606 7607 7608
f 7609 7610 7611
f 7612 7613 7614
f 7615 7616 7617
f 7618 7619 7620
f 7621 7622 7623
f 7624 7625 7626
f 7627 7628 7629
f 7630 7631 7632
f 7633 7634 7635
f 7636 7637 7638
f 7639 7640 7641
f 7642 7643 7644
f 7645 7646 7647
f 7648 7649 7650
f 7651 7652 7653
f 7654 7655 7656
f 7657 7658 7659
f 7660 7661 7662
f 7663 7664 7665
f 7666 7667 7668
f 7669 7670 7671
f 7672 7673 7674
f 7675 7676 7677
f 7678 7679 7680
f 7681 7682 7683
f 7684 7685 7686
f 7687 7688 7689
f 7690 7691 7692
f 7693 7694 7695
f 7696 7697 7698
f 7699 7700 7701
f 7702 7703 7704
f 7705 7706 7707
f 7708 7709 7710
f 7711 7712 7713
f 7714 7715 7716
f 7717 7718 7719
f 7720 7721 7722
f 7723 7724 7725
f 7726 7727 7728
f 7729 7730 7731
f 7732 7733 7734
f 7735 7736 7737
f 7738 7739 7740
f 7741 7742 7743
f 7744 7745 7746
f 7747 7748 7749
f 7750 7751 7752
f 7753 7754 7755
f 7756 7757 7758
f 7759 7760 7761
f 7762 7763 7764
f 7765 7766 7767
f 7768 7769 7770
f 7771 7772 7773
f 7774 7775 7776
f 7777 7778 7779
f 7780 7781 7782
f 7783 7784 7785
f 7786 7787 7788
f 7789 7790 7791
f 7792 7793 7794
f 7795 7796 7797
f 7798 7799 7800
f 7801 7802 7803
f 7804 7805 7806
f 7807 7808 7809
f 7810 7811 7812
f 7813 7814 7815
f 7816 7817 7818
f 7819 7820 7821
f 7822 7823 7824
f 7825 7826 7827
f 7828 7829 7830
f 7831 7832 7833
f 7834 7835 7836
f 7837 7838 7839
f 7840 7841 7842
f 7843 7844 7845
f 7846 7847 7848
f 7849 7850 7851
f 7852 7853 7854
f 7855 7856 7857
f 7858 7859 7860
f 7861 7862 7863
f 7864 7865 7866
f 7867 7868 7869
f 7870 7871 7872
f 7873 7874 7875
f 7876 7877 7878
f 7879 7880 7881
f 7882 7883 7884
f 7885 7886 7887
f 7888 7889 7890
f 7891 7892 7893
f 7894 7895 7896
f 7897 7898 7899
f 7900 7901 7902
f 7903 7904 7905
f 7906 7907 7908
f 7909 7910 7911
f 7912 7913 7914
f 7915 7916 7917
f 7918 7919 7920
f 7921 7922 7923
f 7924 7925 7926
f 7927 7928 7929
f 7930 7931 7932
f 7933 7934 7935
f 7936 7937 7938
f 7939 7940 7941
f 7942 7943 7944
f 7945 7946 7947
f 7948 7949 7950
f 7951 7952 7953
f 7954 7955 7956
f 7957 7958 7959
f 7960 7961 7962
f 7963 7964 7965
f 7966 7967 7968
f 7969 7970 7971
f 7972 7973 7974
f 7975 7976 7977
f 7978 7979 7980
f 7981 7982 7983
f 7984 7985 7986
f 7987 7988 7989
f 7990 7991 7992
f 7993 7994 7995
f 7996 7997 7998
f 7999 8000 8001
f 8002 8003 8004
f 8005 8006 8007
f 8008 8009 8010
f 8011 8012 8013
f 8014 8015 8016
f 8017 8018 8019
f 8020 8021 8022
f 8023 8024 8025
f 8026 8027 8028
f 8029 8030 8031
f 8032 8033 8034
f 8035 8036 8037
f 8038 8039 8040
f 8041 8042 8043
f 8044 8045 8046
f 8047 8048 8049
f 8050 8051 8052
f 8053 8054 8055
f 8056 8057 8058
f 8059 8060 8061
f 8062 8063 8064
f 8065 8066 8067
f 8068 8069 8070
f 8071 8072 8073
f 8074 8075 8076
f 8077 8078 8079
f 8080 8081 8082
f 8083 8084 8085
f 8086 8087 8088
f 8089 8090 8091
f 8092 8093 8094
f 8095 8096 8097
f 8098 8099 8100
f 8101 8102 8103
f 8104 8105 8106
f 8107 8108 8109
f 8110 8111 8112
f 8113 8114 8115
f 8116 8117 8118
f 8119 8120 8121
f 8122 8123 8124
f 8125 8126 8127
f 8128 8129 8130
f 8131 8132 8133
f 8134 8135 8136
f 8137 8138 8139
f 8140 8141 8142
f 8143 8144 8145
f 8146 8147 8148
f 8149 8150 8151
f 8152 8153 8154
f 8155 8156 8157
f 8158 8159 8160
f 8161 8162 8163
f 8164 8165 8166
f 8167 8168 8169
f 8170 8171 8172
f 8173 8174 8175
f 8176 8177 8178
f 8179 8180 8181
f 8182 8183 8184
f 8185 8186 8187
f 8188 8189 8190
f 8191 8192 8193
f 8194 8195 8196
f 8197 8198 8199
f 8200 8201 8202
f 8203 8204 8205
f 8206 8207 8208
f 8209 8210 8211
f 8212 8213 8214
f 8215 8216 8217
f 8218 8219 8220
f 8221 8222 8223
f 8224 8225 8226
f 8227 8228 8229
f 8230 8231 8232
f 8233 8234 8235
f 8236 8237 8238
f 8239 8240 8241
f 8242 8243 8244
f 8245 8246 8247
f 8248 8249 8250
f 8251 8252 8253
f 8254 8255 8256
f 8257 8258 8259
f 8260 8261 8262
f 8263 8264 8265
f 8266 8267 8268
f 8269 8270 8271
f 8272 8273 8274
f 8275 8276 8277
f 8278 8279 8280
f 8281 8282 8283
f 8284 8285 8286
f 8287 8288 8289
f 8290 8291 8292
f 8293 8294 8295
f 8296 8297 8298
f 8299 8300 8301
f 8302 8303 8304
f 8305 8306 8307
f 8308 8309 8310
f 8311 8312 8313
f 8314 8315 8316
f 8317 8318 8319
f 8320 8321 8322
f 8323 8324 8325
f 8326 8327 8328
f 8329 8330 8331
f 8332 8333 8334
f 8335 8336 8337
f 8338 8339 8340
f 8341 8342 8343
f 8344 8345 8346
f 8347 8348 8349
f 8350 8351 8352
f 8353 8354 8355
f 8356 8357 8358
f 8359 8360 8361
f 8362 8363 8364
f 8365 8366 8367
f 8368 8369 8370
f 8371 8372 8373
f 8374 8375 8376
f 8377 8378 8379
f 8380 8381 8382
f 8383 8384 8385
f 8386 8387 8388
f 8389 8390 8391
f 8392 8393 8394
f 8395 8396 8397
f 8398 8399 8400
f 8401 8402 8403
f 8404 8405 8406
f 8407 8408 8409
f 8410 8411 8412
f 8413 8414 8415
f 8416 8417 8418
f 8419 8420 8421
f 8422 8423 8424
f 8425 8426 8427
f 8428 8429 8430
f 8431 8432 8433
f 8434 8435 8436
f 8437 8438 8439
f 8440 8441 8442
f 8443 8444 8445
f 8446 8447 8448
f 8449 8450 8451
f 8452 8453 8454
f 8455 8456 8457
f 8458 8459 8460
f 8461 8462 8463
f 8464 8465 8466
f 8467 8468 8469
f 8470 8471 8472
f 8473 8474 8475
f 8476 8477 8478
f 8479 8480 8481
f 8482 8483 8484
f 8485 8486 8487
f 8488 8489 8490
f 8491 8492 8493
f 8494 8495 8496
f 8497 8498 8499
f 8500 8501 8502
f 8503 8504 8505
f 8506 8507 8508
f 8509 8510 8511
f 8512 8513 8514
f 8515 8516 8517
f 8518 8519 8520
f 8521 8522 8523
f 8524 8525 8526
f 8527 8528 8529
f 8530 8531 8532
f 8533 8534 8535
f 8536 8537 8538
f 8539 8540 8541
f 8542 8543 8544
f 8545 8546 8547
f 8548 8549 8550
f 8551 8552 8553
f 8554 8555 8556
f 8557 8558 8559
f 8560 8561 8562
f 8563 8564 8565
f 8566 8567 8568
f 8569 8570 8571
f 8572 8573 8574
f 8575 8576 8577
f 8578 8579 8580
f 8581 8582 8583
f 8584 8585 8586
f 8587 8588 8589
f 8590 8591 8592
f 8593 8594 8595
f 8596 8597 8598
f 8599 8600 8601
f 8602 8603 8604
f 8605 8606 8607
f 8608 8609 8610
f 8611 8612 8613
f 8614 8615 8616
f 8617 8618 8619
f 8620 8621 8622
f 8623 8624 8625
f 8626 8627 8628
f 8629 8630 8631
f 8632 8633 8634
f 8635 8636 8637
f 8638 8639 8640
f 8641 8642 8643
f 8644 8645 8646
f 8647 8648 8649
f 8650 8651 8652
f 8653 8654 8655
f 8656 8657 8658
f 8659 8660 8661
f 8662 8663 8664
f 8665 8666 8667
f 8668 8669 8670
f 8671 8672 8673
f 8674 8675 8676
f 8677 8678 8679
f 8680 8681 8682
f 8683 8684 8685
f 8686 8687 8688
f 8689 8690 8691
f 8692 8693 8694
f 8695 8696 8697
f 8698 8699 8700
f 8701 8702 8703
f 8704 8705 8706
f 8707 8708 8709
f 8710 8711 8712
f 8713 8714 8715
f 8716 8717 8718
f 8719 8720 8721
f 8722 8723 8724
f 8725 8726 8727
f 8728 8729 8730
f 8731 8732 8733
f 8734 8735 8736
f 8737 8738 8739
f 8740 8741 8742
f 8743 8744 8745
f 8746 8747 8748
f 8749 8750 8751
f 8752 8753 8754
f 8755 8756 8757
f 8758 8759 8760
f 8761 8762 8763
f 8764 8765 8766
f 8767 8768 8769
f 8770 8771 8772
f 8773 8774 8775
f 8776 8777 8778
f 8779 8780 8781
f 8782 8783 8784
f 8785 8786 8787
f 8788 8789 8790
f 8791 8792 8793
f 8794 8795 8796
f 8797 8798 8799
f 8800 8801 8802
f 8803 8804 8805
f 8806 8807 8808
f 8809 8810 8811
f 8812 8813 8814
f 8815 8816 8817
f 8818 8819 8820
f 8821 8822 8823
f 8824 8825 8826
f 8827 8828 8829
f 8830 8831 8832
f 8833 8834 8835
f 8836 8837 8838
f 8839 8840 8841
f 8842 8843 8844
f 8845 8846 8847
f 8848 8849 8850
f 8851 8852 8853
f 8854 8855 8856
f 8857 8858 8859
f 8860 8861 8862
f 8863 8864 8865
f 8866 8867 8868
f 8869 8870 8871
f 8872 8873 8874
f 8875 8876 8877
f 8878 8879 8880
f 8881 8882 8883
f 8884 8885 8886
f 8887 8888 8889
f 8890 8891 8892
f 8893 8894 8895
f 8896 8897 8898
f 8899 8900 8901
f 8902 8903 8904
f 8905 8906 8907
f 8908 8909 8910
f 8911 8912 8913
f 8914 8915 8916
f 8917 8918 8919
f 8920 8921 8922
f 8923 8924 8925
f 8926 8927 8928
f 8929 8930 8931
f 8932 8933 8934
f 8935 8936 8937
f 8938 8939 8940
f 8941 8942 8943
f 8944 8945 8946
f 8947 8948 8949
f 8950 8951 8952
f 8953 8954 8955
f 8956 8957 8958
f 8959 8960 8961
f 8962 8963 8964
f 8965 8966 8967
f 8968 8969 8970
f 8971 8972 8973
f 8974 8975 8976
f 8977 8978 8979
f 8980 8981 8982
f 8983 8984 8985
f 8986 8987 8988
f 8989 8990 8991
f 8992 8993 8994
f 8995 8996 8997
f 8998 8999 9000
f 9001 9002 9003
f 9004 9005 9006
f 9007 9008 9009
f 9010 9011 9012
f 9013 9014 9015
f 9016 9017 9018
f 9019 9020 9021
f 9022 9023 9024
f 9025 9026 9027
f 9028 9029 9030
f 9031 9032 9033
f 9034 9035 9036
f 9037 9038 9039
f 9040 9041 9042
f 9043 9044 9045
f 9046 9047 9048
f 9049 9050 9051
f 9052 9053 9054
f 9055 9056 9057
f 9058 9059 9060
f 9061 9062 9063
f 9064 9065 9066
f 9067 9068 9069
f 9070 9071 9072
f 9073 9074 9075
f 9076 9077 9078
f 9079 9080 9081
f 9082 9083 9084
f 9085 9086 9087
f 9088 9089 9090
f 9091 9092 9093
f 9094 9095 9096
f 9097 9098 9099
f 9100 9101 9102
f 9103 9104 9105
f 9106 9107 9108
f 9109 9110 9111
f 9112 9113 9114
f 9115 9116 9117
f 9118 9119 9120
f 9121 9122 9123
f 9124 9125 9126
f 9127 9128 9129
f 9130 9131 9132
f 9133 9134 9135
f 9136 9137 9138
f 9139 9140 9141
f 9142 9143 9144
f 9145 9146 9147
f 9148 9149 9150
f 9151 9152 9153
f 9154 9155 9156
f 9157 9158 9159
f 9160 9161 9162
f 9163 9164 9165
f 9166 9167 9168
f 9169 9170 9171
f 9172 9173 9174
f 9175 9176 9177
f 9178 9179 9180
f 9181 9182 9183
f 9184 9185 9186
f 9187 9188 9189
f 9190 9191 9192
f 9193 9194 9195
f 9196 9197 9198
f 9199 9200 9201
f 9202 9203 9204
f 9205 9206 9207
f 9208 9209 9210
f 9211 9212 9213
f 9214 9215 9216
f 9217 9218 9219
f 9220 9221 9222
f 9223 9224 9225
f 9226 9227 9228
f 9229 9230 9231
f 9232 9233 9234
f 9235 9236 9237
f 9238 9239 9240
f 9241 9242 9243
f 9244 9245 9246
f 9247 9248 9249
f 9250 9251 9252
f 9253 9254 9255
f 9256 9257 9258
f 9259 9260 9261
f 9262 9263 9264
f 9265 9266 9267
f 9268 9269 9270
f 9271 9272 9273
f 9274 9275 9276
f 9277 9278 9279
f 9280 9281 9282
f 9283 9284 9285
f 9286 9287 9288
f 9289 9290 9291
f 9292 9293 9294
f 9295 9296 9297
f 9298 9299 9300
f 9301 9302 9303
f 9304 9305 9306
f 9307 9308 9309
f 9310 9311 9312
f 9313 9314 9315
f 9316 9317 9318
f 9319 9320 9321
f 9322 9323 9324
f 9325 9326 9327
f 9328 9329 9330
f 9331 9332 9333
f 9334 9335 9336
f 9337 9338 9339
f 9340 9341 9342
f 9343 9344 9345
f 9346 9347 9348
f 9349 9350 9351
f 9352 9353 9354
f 9355 9356 9357
f 9358 9359 9360
f 9361 9362 9363
f 9364 9365 9366
f 9367 9368 9369
f 9370 9371 9372
f 9373 9374 9375
f 9376 9377 9378
f 9379 9380 9381
f 9382 9383 9384
f 9385 9386 9387
f 9388 9389 9390
f 9391 9392 9393
f 9394 9395 9396
f 9397 9398 9399
f 9400 9401 9402
f 9403 9404 9405
f 9406 9407 9408
f 9409 9410 9411
f 9412 9413 9414
f 9415 9416 9417
f 9418 9419 9420
f 9421 9422 9423
f 9424 9425 9426
f 9427 9428 9429
f 9430 9431 9432
f 9433 9434 9435
f 9436 9437 9438
f 9439 9440 9441
f 9442 9443 9444
f 9445 9446 9447
f 9448 9449 9450
f 9451 9452 9453
f 9454 9455 9456
f 9457 9458 9459
f 9460 9461 9462
f 9463 9464 9465
f 9466 9467 9468
f 9469 9470 9471
f 9472 9473 9474
f 9475 9476 9477
f 9478 9479 9480
f 9481 9482 9483
f 9484 9485 9486
f 9487 9488 9489
f 9490 9491 9492
f 9493 9494 9495
f 9496 9497 9498
f 9499 9500 9501
f 9502 9503 9504
f 9505 9506 9507
f 9508 9509 9510
f 9511 9512 9513
f 9514 9515 9516
f 9517 9518 9519
f 9520 9521 9522
f 9523 9524 9525
f 9526 9527 9528
f 9529 9530 9531
f 9532 9533 9534
f 9535 9536 9537
f 9538 9539 9540
f 9541 9542 9543
f 9544 9545 9546
f 9547 9548 9549
f 9550 9551 9552
f 9553 9554 9555
f 9556 9557 9558
f 9559 9560 9561
f 9562 9563 9564
f 9565 9566 9567
f 9568 9569 9570
f 9571 9572 9573
f 9574 9575 9576
f 9577 9578 9579
f 9580 9581 9582
f 9583 9584 9585
f 9586 9587 9588
f 9589 9590 9591
f 9592 9593 9594
f 9595 9596 9597
f 9598 9599 9600
f 9601 9602 9603
f 9604 9605 9606
f 9607 9608 9609
f 9610 9611 9612
f 9613 9614 9615
f 9616 9617 9618
f 9619 9620 9621
f 9622 9623 9624
f 9625 9626 9627
f 9628 9629 9630
f 9631 9632 9633
f 9634 9635 9636
f 9637 9638 9639
f 9640 9641 9642
f 9643 9644 9645
f 9646 9647 9648
f 9649 9650 9651
f 9652 9653 9654
f 9655 9656 9657
f 9658 9659 9660
f 9661 9662 9663
f 9664 9665 9666
f 9667 9668 9669
f 9670 9671 9672
f 9673 9674 9675
f 9676 9677 9678
f 9679 9680 9681
f 9682 9683 9684
f 9685 9686 9687
f 9688 9689 9690
f 9691 9692 9693
f 9694 9695 9696
f 9697 9698 9699
f 9700 9701 9702
f 9703 9704 9705
f 9706 9707 9708
f 9709 9710 9711
f 9712 9713 9714
f 9715 9716 9717
f 9718 9719 9720
f 9721 9722 9723
f 9724 9725 9726
f 9727 9728 9729
f 9730 9731 9732
f 9733 9734 9735
f 9736 9737 9738
f 9739 9740 9741
f 9742 9743 9744
f 9745 9746 9747
f 9748 9749 9750
f 9751 9752 9753
f 9754 9755 9756
f 9757 9758 9759
f 9760 9761 9762
f 9763 9764 9765
f 9766 9767 9768
f 9769 9770 9771
f 9772 9773 9774
f 9775 9776 9777
f 9778 9779 9780
f 9781 9782 9783
f 9784 9785 9786
f 9787 9788 9789
f 9790 9791 9792
f 9793 9794 9795
f 9796 9797 9798
f 9799 9800 9801
f 9802 9803 9804
f 9805 9806 9807
f 9808 9809 9810
f 9811 9812 9813
f 9814 9815 9816
f 9817 9818 9819
f 9820 9821 9822
f 9823 9824 9825
f 9826 9827 9828
f 9829 9830 9831
f 9832 9833 9834
f 9835 9836 9837
f 9838 9839 9840
f 9841 9842 9843
f 9844 9845 9846
f 9847 9848 9849
f 9850 9851 9852
f 9853 9854 9855
f 9856 9857 9858
f 9859 9860 9861
f 9862 9863 9864
f 9865 9866 9867
f 9868 9869 9870
f 9871 9872 9873
f 9874 9875 9876
f 9877 9878 9879
f 9880 9881 9882
f 9883 9884 9885
f 9886 9887 9888
f 9889 9890 9891
f 9892 9893 9894
f 9895 9896 9897
f 9898 9899 9900
f 9901 9902 9903
f 9904 9905 9906
f 9907 9908 9909
f 9910 9911 9912
f 9913 9914 9915
f 9916 9917 9918
f 9919 9920 9921
f 9922 9923 9924
f 9925 9926 9927
f 9928 9929 9930
f 9931 9932 9933
f 9934 9935 9936
f 9937 9938 9939
f 9940 9941 9942
f 9943 9944 9945
f 9946 9947 9948
f 9949 9950 9951
f 9952 9953 9954
f 9955 9956 9957
f 9958 9959 9960
f 9961 9962 9963
f 9964 9965 9966
f 9967 9968 9969
f 9970 9971 9972
f 9973 9974 9975
f 9976 9977 9978
f 9979 9980 9981
f 9982 9983 9984
f 9985 9986 9987
f 9988 9989 9990
f 9991 9992 9993
f 9994 9995 9996
f 9997 9998 9999
f 10000 10001 10002
f 10003 10004 10005
f 10006 10007 10008
f 10009 10010 10011
f 10012 10013 10014
f 10015 10016 10017
f 10018 10019 10020
f 10021 10022 10023
f 10024 10025 10026
f 10027 10028 10029
f 10030 10031 10032
f 10033 10034 10035
f 10036 10037 10038
f 10039 10040 10041
f 10042 10043 10044
f 10045 10046 10047
f 10048 10049 10050
f 10051 10052 10053
f 10054 10055 10056
f 10057 10058 10059
f 10060 10061 10062
f 10063 10064 10065
f 10066 10067 10068
f 10069 10070 10071
f 10072 10073 10074
f 10075 10076 10077
f 10078 10079 10080
f 10081 10082 10083
f 10084 10085 10086
f 10087 10088 10089
f 10090 10091 10092
f 10093 10094 10095
f 10096 10097 10098
f 10099 10100 10101
f 10102 10103 10104
f 10105 10106 10107
f 10108 10109 10110
f 10111 10112 10113
f 10114 10115 10116
f 10117 10118 10119
f 10120 10121 10122
f 10123 10124 10125
f 10126 10127 10128
f 10129 10130 10131
f 10132 10133 10134
f 10135 10136 10137
f 10138 10139 10140
f 10141 10142 10143
f 10144 10145 10146
f 10147 10148 10149
f 10150 10151 10152
f 10153 10154 10155
f 10156 10157 10158
f 10159 10160 10161
f 10162 10163 10164
f 10165 10166 10167
f 10168 10169 10170
f 10171 10172 10173
f 10174 10175 10176
f 10177 10178 10179
f 10180 10181 10182
f 10183 10184 10185
f 10186 10187 10188
f 10189 10190 10191
f 10192 10193 10194
f 10195 10196 10197
f 10198 10199 10200
f 10201 10202 10203
f 10204 10205 10206
f 10207 10208 10209
f 10210 10211 10212
f 10213 10214 10215
f 10216 10217 10218
f 10219 10220 10221
f 10222 10223 10224
f 10225 10226 10227
f 10228 10229 10230
f 10231 10232 10233
f 10234 10235 10236
f 10237 10238 10239
f 10240 10241 10242
f 10243 10244 10245
f 10246 10247 10248
f 10249 10250 10251
f 10252 10253 10254
f 10255 10256 10257
f 10258 10259 10260
f 10261 10262 10263
f 10264 10265 10266
f 10267 10268 10269
f 10270 10271 10272
f 10273 10274 10275
f 10276 10277 10278
f 10279 10280 10281
f 10282 10283 10284
f 10285 10286 10287
f 10288 10289 10290
f 10291 10292 10293
f 10294 10295 10296
f 10297 10298 10299
f 10300 10301 10302
f 10303 10304 10305
f 10306 10307 10308
f 10309 10310 10311
f 10312 10313 10314
f 10315 10316 10317
f 10318 10319 10320
f 10321 10322 10323
f 10324 10325 10326
f 10327 10328 10329
f 10330 10331 10332
f 10333 10334 10335
f 10336 10337 10338
f 10339 10340 10341
f 10342 10343 10344
f 10345 10346 10347
f 10348 10349 10350
f 10351 10352 10353
f 10354 10355 10356
f 10357 10358 10359
f 10360 10361 10362
f 10363 10364 10365
f 10366 10367 10368
f 10369 10370 10371
f 10372 10373 10374
f 10375 10376 10377
f 10378 10379 10380
f 10381 10382 10383
f 10384 10385 10386
f 10387 10388 10389
f 10390 10391 10392
f 10393 10394 10395
f 10396 10397 10398
f 10399 10400 10401
f 10402 10403 10404
f 10405 10406 10407
f 10408 10409 10410
f 10411 10412 10413
f 10414 10415 10416
f 10417 10418 10419
f 10420 10421 10422
f 10423 10424 10425
f 10426 10427 10428
f 10429 10430 10431
f 10432 10433 10434
f 10435 10436 10437
f 10438 10439 10440
f 10441 10442 10443
f 10444 10445 10446
f 10447 10448 10449
f 10450 10451 10452
f 10453 10454 10455
f 10456 10457 10458
f 10459 10460 10461
f 10462 10463 10464
f 10465 10466 10467
f 10468 10469 10470
f 10471 10472 10473
f 10474 10475 10476
f 10477 10478 10479
f 10480 10481 10482
f 10483 10484 10485
f 10486 10487 10488
f 10489 10490 10491
f 10492 10493 10494
f 10495 10496 10497
f 10498 10499 10500
f 10501 10502 10503
f 10504 10505 10506
f 10507 10508 10509
f 10510 10511 10512
f 10513 10514 10515
f 10516 10517 10518
f 10519 10520 10521
f 10522 10523 10524
f 10525 10526 10527
f 10528 10529 10530
f 10531 10532 10533
f 10534 10535 10536
f 10537 10538 10539
f 10540 10541 10542
f 10543 10544 10545
f 10546 10547 10548
f 10549 10550 10551
f 10552 10553 10554
f 10555 10556 10557
f 10558 10559 10560
f 10561 10562 10563
f 10564 10565 10566
f 10567 10568 10569
f 10570 10571 10572
f 10573 10574 10575
f 10576 10577 10578
f 10579 10580 10581
f 10582 10583 10584
f 10585 10586 10587
f 10588 10589 10590
f 10591 10592 10593
f 10594 10595 10596
f 10597 10598 10599
f 10600 10601 10602
f 10603 10604 10605
f 10606 10607 10608
f 10609 10610 10611
f 10612 10613 10614
f 10615 10616 10617
f 10618 10619 10620
f 10621 10622 10623
f 10624 10625 10626
f 10627 10628 10629
f 10630 10631 10632
f 10633 10634 10635
f 10636 10637 10638
f 10639 10640 10641
f 10642 10643 10644
f 10645 10646 10647
f 10648 10649 10650
f 10651 10652 10653
f 10654 10655 10656
f 10657 10658 10659
f 10660 10661 10662
f 10663 10664 10665
f 10666 10667 10668
f 10669 10670 10671
f 10672 10673 10674
f 10675 10676 10677
f 10678 10679 10680
f 10681 10682 10683
f 10684 10685 10686
f 10687 10688 10689
f 10690 10691 10692
f 10693 10694 10695
f 10696 10697 10698
f 10699 10700 10701
f 10702 10703 10704
f 10705 10706 10707
f 10708 10709 10710
f 10711 10712 10713
f 10714 10715 10716
f 10717 10718 10719
f 10720 10721 10722
f 10723 10724 10725
f 10726 10727 10728
f 10729 10730 10731
f 10732 10733 10734
f 10735 10736 10737
f 10738 10739 10740
f 10741 10742 10743
f 10744 10745 10746
f 10747 10748 10749
f 10750 10751 10752
f 10753 10754 10755
f 10756 10757 10758
f 10759 10760 10761
f 10762 10763 10764
f 10765 10766 10767
f 10768 10769 10770
f 10771 10772 10773
f 10774 10775 10776
f 10777 10778 10779
f 10780 10781 10782
f 10783 10784 10785
f 10786 10787 10788
f 10789 10790 10791
f 10792 10793 10794
f 10795 10796 10797
f 10798 10799 10800
f 10801 10802 10803
f 10804 10805 10806
f 10807 10808 10809
f 10810 10811 10812
f 10813 10814 10815
f 10816 10817 10818
f 10819 10820 10821
f 10822 10823 10824
f 10825 10826 10827
f 10828 10829 10830
f 10831 10832 10833
f 10834 10835 10836
f 10837 10838 10839
f 10840 10841 10842
f 10843 10844 10845
f 10846 10847 10848
f 10849 10850 10851
f 10852 10853 10854
f 10855 10856 10857
f 10858 10859 10860
f 10861 10862 10863
f 10864 10865 10866
f 10867 10868 10869
f 10870 10871 10872
f 10873 10874 10875
f 10876 10877 10878
f 10879 10880 10881
f 10882 10883 10884
f 10885 10886 10887
f 10888 10889 10890
f 10891 10892 10893
f 10894 10895 10896
f 10897 10898 10899
f 10900 10901 10902
f 10903 10904 10905
f 10906 10907 10908
f 10909 10910 10911
f 10912 10913 10914
f 10915 10916 10917
f 10918 10919 10920
f 10921 10922 10923
f 10924 10925 10926
f 10927 10928 10929
f 10930 10931 10932
f 10933 10934 10935
f 10936 10937 10938
f 10939 10940 10941
f 10942 10943 10944
f 10945 10946 10947
f 10948 10949 10950
f 10951 10952 10953
f 10954 10955 10956
f 10957 10958 10959
f 10960 10961 10962
f 10963 10964 10965
f 10966 10967 10968
f 10969 10970 10971
f 10972 10973 10974
f 10975 10976 10977
f 10978 10979 10980
f 10981 10982 10983
f 10984 10985 10986
f 10987 10988 10989
f 10990 10991 10992
f 10993 10994 10995
f 10996 10997 10998
f 10999 11000 11001
f 11002 11003 11004
f 11005 11006 11007
f 11008 11009 11010
f 11011 11012 11013
f 11014 11015 11016
f 11017 11018 11019
f 11020 11021 11022
f 11023 11024 11025
f 11026 11027 11028
f 11029 11030 11031
f 11032 11033 11034
f 11035 11036 11037
f 11038 11039 11040
f 11041 11042 11043
f 11044 11045 11046
f 11047 11048 11049
f 11050 11051 11052
f 11053 11054 11055
f 11056 11057 11058
f 11059 11060 11061
f 11062 11063 11064
f 11065 11066 11067
f 11068 11069 11070
f 11071 11072 11073
f 11074 11075 11076
f 11077 11078 11079
f 11080 11081 11082
f 11083 11084 11085
f 11086 11087 11088
f 11089 11090 11091
f 11092 11093 11094
f 11095 11096 11097
f 11098 11099 11100
f 11101 11102 11103
f 11104 11105 11106
f 11107 11108 11109
f 11110 11111 11112
f 11113 11114 11115
f 11116 11117 11118
f 11119 11120 11121
f 11122 11123 11124
f 11125 11126 11127
f 11128 11129 11130
f 11131 11132 11133
f 11134 11135 11136
f 11137 11138 11139
f 11140 11141 11142
f 11143 11144 11145
f 11146 11147 11148
f 11149 11150 11151
f 11152 11153 11154
f 11155 11156 11157
f 11158 11159 11160
f 11161 11162 11163
f 11164 11165 11166
f 11167 11168 11169
f 11170 11171 11172
f 11173 11174 11175
f 11176 11177 11178
f 11179 11180 11181
f 11182 11183 11184
f 11185 11186 11187
f 11188 11189 11190
f 11191 11192 11193
f 11194 11195 11196
f 11197 11198 11199
f 11200 11201 11202
f 11203 11204 11205
f 11206 11207 11208
f 11209 11210 11211
f 11212 11213 11214
f 11215 11216 11217
f 11218 11219 11220
f 11221 11222 11223
f 11224 11225 11226
f 11227 11228 11229
f 11230 11231 11232
f 11233 11234 11235
f 11236 11237 11238
f 11239 11240 11241
f 11242 11243 11244
f 11245 11246 11247
f 11248 11249 11250
f 11251 11252 11253
f 11254 11255 11256
f 11257 11258 11259
f 11260 11261 11262
f 11263 11264 11265
f 11266 11267 11268
f 11269 11270 11271
f 11272 11273 11274
f 11275 11276 11277
f 11278 11279 11280
f 11281 11282 11283
f 11284 11285 11286
f 11287 11288 11289
f 11290 11291 11292
f 11293 11294 11295
f 11296 11297 11298
f 11299 11300 11301
f 11302 11303 11304
f 11305 11306 11307
f 11308 11309 11310
f 11311 11312 11313
f 11314 11315 11316
f 11317 11318 11319
f 11320 11321 11322
f 11323 11324 11325
f 11326 11327 11328
f 11329 11330 11331
f 11332 11333 11334
f 11335 11336 11337
f 11338 11339 11340
f 11341 11342 11343
f 11344 11345 11346
f 11347 11348 11349
f 11350 11351 11352
f 11353 11354 11355
f 11356 11357 11358
f 11359 11360 11361
f 11362 11363 11364
f 11365 11366 11367
f 11368 11369 11370
f 11371 11372 11373
f 11374 11375 11376
f 11377 11378 11379
f 11380 11381 11382
f 11383 11384 11385
f 11386 11387 11388
f 11389 11390 11391
f 11392 11393 11394
f 11395 11396 11397
f 11398 11399 11400
f 11401 11402 11403
f 11404 11405 11406
f 11407 11408 11409
f 11410 11411 11412
f 11413 11414 11415
f 11416 11417 11418
f 11419 11420 11421
f 11422 11423 11424
f 11425 11426 11427
f 11428 11429 11430
f 11431 11432 11433
f 11434 11435 11436
f 11437 11438 11439
f 11440 11441 11442
f 11443 11444 11445
f 11446 11447 11448
f 11449 11450 11451
f 11452 11453 11454
f 11455 11456 11457
f 11458 11459 11460
f 11461 11462 11463
f 11464 11465 11466
f 11467 11468 11469
f 11470 11471 11472
f 11473 11474 11475
f 11476 11477 11478
f 11479 11480 11481
f 11482 11483 11484
f 11485 11486 11487
f 11488 11489 11490
f 11491 11492 11493
f 11494 11495 11496
f 11497 11498 11499
f 11500 11501 11502
f 11503 11504 11505
f 11506 11507 11508
f 11509 11510 11511
f 11512 11513 11514
f 11515 11516 11517
f 11518 11519 11520
f 11521 11522 11523
f 11524 11525 11526
f 11527 11528 11529
f 11530 11531 11532
f 11533 11534 11535
f 11536 11537 11538
f 11539 11540 11541
f 11542 11543 11544
f 11545 11546 11547
f 11548 11549 11550
f 11551 11552 11553
f 11554 11555 11556
f 11557 11558 11559
f 11560 11561 11562
f 11563 11564 11565
f 11566 11567 11568
f 11569 11570 11571
f 11572 11573 11574
f 11575 11576 11577
f 11578 11579 11580
f 11581 11582 11583
f 11584 11585 11586
f 11587 11588 11589
f 11590 11591 11592
f 11593 11594 11595
f 11596 11597 11598
f 11599 11600 11601
f 11602 11603 11604
f 11605 11606 11607
f 11608 11609 11610
f 11611 11612 11613
f 11614 11615 11616
f 11617 11618 11619
f 11620 11621 11622
f 11623 11624 11625
f 11626 11627 11628
f 11629 11630 11631
f 11632 11633 11634
f 11635 11636 11637
f 11638 11639 11640
f 11641 11642 11643
f 11644 11645 11646
f 11647 11648 11649
f 11650 11651 11652
f 11653 11654 11655
f 11656 11657 11658
f 11659 11660 11661
f 11662 11663 11664
f 11665 11666 11667
f 11668 11669 11670
f 11671 11672 11673
f 11674 11675 11676
f 11677 11678 11679
f 11680 11681 11682
f 11683 11684 11685
f 11686 11687 11688
f 11689 11690 11691
f 11692 11693 11694
f 11695 11696 11697
f 11698 11699 11700
f 11701 11702 11703
f 11704 11705 11706
f 11707 11708 11709
f 11710 11711 11712
f 11713 11714 11715
f 11716 11717 11718
f 11719 11720 11721
f 11722 11723 11724
f 11725 11726 11727
f 11728 11729 11730
f 11731 11732 11733
f 11734 11735 11736
f 11737 11738 11739
f 11740 11741 11742
f 11743 11744 11745
f 11746 11747 11748
f 11749 11750 11751
f 11752 11753 11754
f 11755 11756 11757
f 11758 11759 11760
f 11761 11762 11763
f 11764 11765 11766
f 11767 11768 11769
f 11770 11771 11772
f 11773 11774 11775
f 11776 11777 11778
f 11779 11780 11781
f 11782 11783 11784
f 11785 11786 11787
f 11788 11789 11790
f 11791 11792 11793
f 11794 11795 11796
f 11797 11798 11799
f 11800 11801 11802
f 11803 11804 11805
f 11806 11807 11808
f 11809 11810 11811
f 11812 11813 11814
f 11815 11816 11817
f 11818 11819 11820
f 11821 11822 11823
f 11824 11825 11826
f 11827 11828 11829
f 11830 11831 11832
f 11833 11834 11835
f 11836 11837 11838
f 11839 11840 11841
f 11842 11843 11844
f 11845 11846 11847
f 11848 11849 11850
f 11851 11852 11853
f 11854 11855 11856
f 11857 11858 11859
f 11860 11861 11862
f 11863 11864 11865
f 11866 11867 11868
f 11869 11870 11871
f 11872 11873 11874
f 11875 11876 11877
f 11878 11879 11880
f 11881 11882 11883
f 11884 11885 11886
f 11887 11888 11889
f 11890 11891 11892
f 11893 11894 11895
f 11896 11897 11898
f 11899 11900 11901
f 11902 11903 11904
f 11905 11906 11907
f 11908 11909 11910
f 11911 11912 11913
f 11914 11915 11916
f 11917 11918 11919
f 11920 11921 11922
f 11923 11924 11925
f 11926 11927 11928
f 11929 11930 11931
f 11932 11933 11934
f 11935 11936 11937
f 11938 11939 11940
f 11941 11942 11943
f 11944 11945 11946
f 11947 11948 11949
f 11950 11951 11952
f 11953 11954 11955
f 11956 11957 11958
f 11959 11960 11961
f 11962 11963 11964
f 11965 11966 11967
f 11968 11969 11970
f 11971 11972 11973
f 11974 11975 11976
f 11977 11978 11979
f 11980 11981 11982
f 11983 11984 11985
f 11986 11987 11988
f 11989 11990 11991
f 11992 11993 11994
f 11995 11996 11997
f 11998 11999 12000
f 12001 12002 12003
f 12004 12005 12006
f 12007 12008 12009
f 12010 12011 12012
f 12013 12014 12015
f 12016 12017 12018
f 12019 12020 12021
f 12022 12023 12024
f 12025 12026 12027
f 12028 12029 12030
f 12031 12032 12033
f 12034 12035 12036
f 12037 12038 12039
f 12040 12041 12042
f 12043 12044 12045
f 12046 12047 12048
f 12049 12050 12051
f 12052 12053 12054
f 12055 12056 12057
f 12058 12059 12060
f 12061 12062 12063
f 12064 12065 12066
f 12067 12068 12069
f 12070 12071 12072
f 12073 12074 12075
f 12076 12077 12078
f 12079 12080 12081
f 12082 12083 12084
f 12085 12086 12087
f 12088 12089 12090
f 12091 12092 12093
f 12094 12095 12096
f 12097 12098 12099
f 12100 12101 12102
f 12103 12104 12105
f 12106 12107 12108
f 12109 12110 12111
f 12112 12113 12114
f 12115 12116 12117
f 12118 12119 12120
f 12121 12122 12123
f 12124 12125 12126
f 12127 12128 12129
f 12130 12131 12132
f 12133 12134 12135
f 12136 12137 12138
f 12139 12140 12141
f 12142 12143 12144
f 12145 12146 12147
f 12148 12149 12150
f 12151 12152 12153
f 12154 12155 12156
f 12157 12158 12159
f 12160 12161 12162
f 12163 12164 12165
f 12166 12167 12168
f 12169 12170 12171
f 12172 12173 12174
f 12175 12176 12177
f 12178 12179 12180
f 12181 12182 12183
f 12184 12185 12186
f 12187 12188 12189
f 12190 12191 12192
f 12193 12194 12195
f 12196 12197 12198
f 12199 12200 12201
f 12202 12203 12204
f 12205 12206 12207
f 12208 12209 12210
f 12211 12212 12213
f 12214 12215 12216
f 12217 12218 12219
f 12220 12221 12222
f 12223 12224 12225
f 12226 12227 12228
f 12229 12230 12231
f 12232 12233 12234
f 12235 12236 12237
f 12238 12239 12240
f 12241 12242 12243
f 12244 12245 12246
f 12247 12248 12249
f 12250 12251 12252
f 12253 12254 12255
f 12256 12257 12258
f 12259 12260 12261
f 12262 12263 12264
f 12265 12266 12267
f 12268 12269 12270
f 12271 12272 12273
f 12274 12275 12276
f 12277 12278 12279
f 12280 12281 12282
f 12283 12284 12285
f 12286 12287 12288
f 12289 12290 12291
f 12292 12293 12294
f 12295 12296 12297
f 12298 12299 12300
f 12301 12302 12303
f 12304 12305 12306
f 12307 12308 12309
f 12310 12311 12312
f 12313 12314 12315
f 12316 12317 12318
f 12319 12320 12321
f 12322 12323 12324
f 12325 12326 12327
f 12328 12329 12330
f 12331 12332 12333
f 12334 12335 12336
f 12337 12338 12339
f 12340 12341 12342
f 12343 12344 12345
f 12346 12347 12348
f 12349 12350 12351
f 12352 12353 12354
f 12355 12356 12357
f 12358 12359 12360
f 12361 12362 12363
f 12364 12365 12366
f 12367 12368 12369
f 12370 12371 12372
f 12373 12374 12375
f 12376 12377 12378
f 12379 12380 12381
f 12382 12383 12384
f 12385 12386 12387
f 12388 12389 12390
f 12391 12392 12393
f 12394 12395 12396
f 12397 12398 12399
f 12400 12401 12402
f 12403 12404 12405
f 12406 12407 12408
f 12409 12410 12411
f 12412 12413 12414
f 12415 12416 12417
f 12418 12419 12420
f 12421 12422 12423
f 12424 12425 12426
f 12427 12428 12429
f 12430 12431 12432
f 12433 12434 12435
f 12436 12437 12438
f 12439 12440 12441
f 12442 12443 12444
f 12445 12446 12447
f 12448 12449 12450
f 12451 12452 12453
f 12454 12455 12456
f 12457 12458 12459
f 12460 12461 12462
f 12463 12464 12465
f 12466 12467 12468
f 12469 12470 12471
f 12472 12473 12474
f 12475 12476 12477
f 12478 12479 12480
f 12481 12482 12483
f 12484 12485 12486
f 12487 12488 12489
f 12490 12491 12492
f 12493 12494 12495
f 12496 12497 12498
f 12499 12500 12501
f 12502 12503 12504
f 12505 12506 12507
f 12508 12509 12510
f 12511 12512 12513
f 12514 12515 12516
f 12517 12518 12519
f 12520 12521 12522
f 12523 12524 12525
f 12526 12527 12528
f 12529 12530 12531
f 12532 12533 12534
f 12535 12536 12537
f 12538 12539 12540
f 12541 12542 12543
f 12544 12545 12546
f 12547 12548 12549
f 12550 12551 12552
f 12553 12554 12555
f 12556 12557 12558
f 12559 12560 12561
f 12562 12563 12564
f 12565 12566 12567
f 12568 12569 12570
f 12571 12572 12573
f 12574 12575 12576
f 12577 12578 12579
f 12580 12581 12582
f 12583 12584 12585
f 12586 12587 12588
f 12589 12590 12591
f 12592 12593 12594
f 12595 12596 12597
f 12598 12599 12600
f 12601 12602 12603
f 12604 12605 12606
f 12607 12608 12609
f 12610 12611 12612
f 12613 12614 12615
f 12616 12617 12618
f 12619 12620 12621
f 12622 12623 12624
f 12625 12626 12627
f 12628 12629 12630
f 12631 12632 12633
f 12634 12635 12636
f 12637 12638 12639
f 12640 12641 12642
f 12643 12644 12645
f 12646 12647 12648
f 12649 12650 12651
f 12652 12653 12654
f 12655 12656 12657
f 12658 12659 12660
f 12661 12662 12663
f 12664 12665 12666
f 12667 12668 12669
f 12670 12671 12672
f 12673 12674 12675
f 12676 12677 12678
f 12679 12680 12681
f 12682 12683 12684
f 12685 12686 12687
f 12688 12689 12690
f 12691 12692 12693
f 12694 12695 12696
f 12697 12698 12699
f 12700 12701 12702
f 12703 12704 12705
f 12706 12707 12708
f 12709 12710 12711
f 12712 12713 12714
f 12715 12716 12717
f 12718 12719 12720
f 12721 12722 12723
f 12724 12725 12726
f 12727 12728 12729
f 12730 12731 12732
f 12733 12734 12735
f 12736 12737 12738
f 12739 12740 12741
f 12742 12743 12744
f 12745 12746 12747
f 12748 12749 12750
f 12751 12752 12753
f 12754 12755 12756
f 12757 12758 12759
f 12760 12761 12762
f 12763 12764 12765
f 12766 12767 12768
f 12769 12770 12771
f 12772 12773 12774
f 12775 12776 12777
f 12778 12779 12780
f 12781 12782 12783
f 12784 12785 12786
f 12787 12788 12789
f 12790 12791 12792
f 12793 12794 12795
f 12796 12797 12798
f 12799 12800 12801
f 12802 12803 12804
f 12805 12806 12807
f 12808 12809 12810
f 12811 12812 12813
f 12814 12815 12816
f 12817 12818 12819
f 12820 12821 12822
f 12823 12824 12825
f 12826 12827 12828
f 12829 12830 12831
f 12832 12833 12834
f 12835 12836 12837
f 12838 12839 12840
f 12841 12842 12843
f 12844 12845 12846
f 12847 12848 12849
f 12850 12851 12852
f 12853 12854 12855
f 12856 12857 12858
f 12859 12860 12861
f 12862 12863 12864
f 12865 12866 12867
f 12868 12869 12870
f 12871 12872 12873
f 12874 12875 12876
f 12877 12878 12879
f 12880 12881 12882
f 12883 12884 12885
f 12886 12887 12888
f 12889 12890 12891
f 12892 12893 12894
f 12895 12896 12897
f 12898 12899 12900
f 12901 12902 12903
f 12904 12905 12906
f 12907 12908 12909
f 12910 12911 12912
f 12913 12914 12915
f 12916 12917 12918
f 12919 12920 12921
f 12922 12923 12924
f 12925 12926 12927
f 12928 12929 12930
f 12931 12932 12933
f 12934 12935 12936
f 12937 12938 12939
f 12940 12941 12942
f 12943 12944 12945
f 12946 12947 12948
f 12949 12950 12951
f 12952 12953 12954
f 12955 12956 12957
f 12958 12959 12960
f 12961 12962 12963
f 12964 12965 12966
f 12967 12968 12969
f 12970 12971 12972
f 12973 12974 12975
f 12976 12977 12978
f 12979 12980 12981
f 12982 12983 12984
f 12985 12986 12987
f 12988 12989 12990
f 12991 12992 12993
f 12994 12995 12996
f 12997 12998 12999
f 13000 13001 13002
f 13003 13004 13005
f 13006 13007 13008
f 13009 13010 13011
f 13012 13013 13014
f 13015 13016 13017
f 13018 13019 13020
f 13021 13022 13023
f 13024 13025 13026
f 13027 13028 13029
f 13030 13031 13032
f 13033 13034 13035
f 13036 13037 13038
f 13039 13040 13041
f 13042 13043 13044
f 13045 13046 13047
f 13048 13049 13050
f 13051 13052 13053
f 13054 13055 13056
f 13057 13058 13059
f 13060 13061 13062
f 13063 13064 13065
f 13066 13067 13068
f 13069 13070 13071
f 13072 13073 13074
f 13075 13076 13077
f 13078 13079 13080
f 13081 13082 13083
f 13084 13085 13086
f 13087 13088 13089
f 13090 13091 13092
f 13093 13094 13095
f 13096 13097 13098
f 13099 13100 13101
f 13102 13103 13104
f 13105 13106 13107
f 13108 13109 13110
f 13111 13112 13113
f 13114 13115 13116
f 13117 13118 13119
f 13120 13121 13122
f 13123 13124 13125
f 13126 13127 13128
f 13129 13130 13131
f 13132 13133 13134
f 13135 13136 13137
f 13138 13139 13140
f 13141 13142 13143
f 13144 13145 13146
f 13147 13148 13149
f 13150 13151 13152
f 13153 13154 13155
f 13156 13157 13158
f 13159 13160 13161
f 13162 13163 13164
f 13165 13166 13167
f 13168 13169 13170
f 13171 13172 13173
f 13174 13175 13176
f 13177 13178 13179
f 13180 13181 13182
f 13183 13184 13185
f 13186 13187 13188
f 13189 13190 13191
f 13192 13193 13194
f 13195 13196 13197
f 13198 13199 13200
f 13201 13202 13203
f 13204 13205 13206
f 13207 13208 13209
f 13210 13211 13212
f 13213 13214 13215
f 13216 13217 13218
f 13219 13220 13221
f 13222 13223 13224
f 13225 13226 13227
f 13228 13229 13230
f 13231 13232 13233
f 13234 13235 13236
f 13237 13238 13239
f 13240 13241 13242
f 13243 13244 13245
f 13246 13247 13248
f 13249 13250 13251
f 13252 13253 13254
f 13255 13256 13257
f 13258 13259 13260
f 13261 13262 13263
f 13264 13265 13266
f 13267 13268 13269
f 13270 13271 13272
f 13273 13274 13275
f 13276 13277 13278
f 13279 13280 13281
f 13282 13283 13284
f 13285 13286 13287
f 13288 13289 13290
f 13291 13292 13293
f 13294 13295 13296
f 13297 13298 13299
f 13300 13301 13302
f 13303 13304 13305
f 13306 13307 13308
f 13309 13310 13311
f 13312 13313 13314
f 13315 13316 13317
f 13318 13319 13320
f 13321 13322 13323
f 13324 13325 13326
f 13327 13328 13329
f 13330 13331 13332
f 13333 13334 13335
f 13336 13337 13338
f 13339 13340 13341
f 13342 13343 13344
f 13345 13346 13347
f 13348 13349 13350
f 13351 13352 13353
f 13354 13355 13356
f 13357 13358 13359
f 13360 13361 13362
f 13363 13364 13365
f 13366 13367 13368
f 13369 13370 13371
f 13372 13373 13374
f 13375 13376 13377
f 13378 13379 13380
f 13381 13382 13383
f 13384 13385 13386
f 13387 13388 13389
f 13390 13391 13392
f 13393 13394 13395
f 13396 13397 13398
f 13399 13400 13401
f 13402 13403 13404
f 13405 13406 13407
f 13408 13409 13410
f 13411 13412 13413
f 13414 13415 13416
f 13417 13418 13419
f 13420 13421 13422
f 13423 13424 13425
f 13426 13427 13428
f 13429 13430 13431
f 13432 13433 13434
f 13435 13436 13437
f 13438 13439 13440
f 13441 13442 13443
f 13444 13445 13446
f 13447 13448 13449
f 13450 13451 13452
f 13453 13454 13455
f 13456 13457 13458
f 13459 13460 13461
f 13462 13463 13464
f 13465 13466 13467
f 13468 13469 13470
f 13471 13472 13473
f 13474 13475 13476
f 13477 13478 13479
f 13480 13481 13482
f 13483 13484 13485
f 13486 13487 13488
f 13489 13490 13491
f 13492 13493 13494
f 13495 13496 13497
f 13498 13499 13500
f 13501 13502 13503
f 13504 13505 13506
f 13507 13508 13509
f 13510 13511 13512
f 13513 13514 13515
f 13516 13517 13518
f 13519 13520 13521
f 13522 13523 13524
f 13525 13526 13527
f 13528 13529 13530
f 13531 13532 13533
f 13534 13535 13536
f 13537 13538 13539
f 13540 13541 13542
f 13543 13544 13545
f 13546 13547 13548
f 13549 13550 13551
f 13552 13553 13554
f 13555 13556 13557
f 13558 13559 13560
f 13561 13562 13563
f 13564 13565 13566
f 13567 13568 13569
f 13570 13571 13572
f 13573 13574 13575
f 13576 13577 13578
f 13579 13580 13581
f 13582 13583 13584
f 13585 13586 13587
f 13588 13589 13590
f 13591 13592 13593
f 13594 13595 13596
f 13597 13598 13599
f 13600 13601 13602
f 13603 13604 13605
f 13606 13607 13608
f 13609 13610 13611
f 13612 13613 13614
f 13615 13616 13617
f 13618 13619 13620
f 13621 13622 13623
f 13624 13625 13626
f 13627 13628 13629
f 13630 13631 13632
f 13633 13634 13635
f 13636 13637 13638
f 13639 13640 13641
f 13642 13643 13644
f 13645 13646 13647
f 13648 13649 13650
f 13651 13652 13653
f 13654 13655 13656
f 13657 13658 13659
f 13660 13661 13662
f 13663 13664 13665
f 13666 13667 13668
f 13669 13670 13671
f 13672 13673 13674
f 13675 13676 13677
f 13678 13679 13680
f 13681 13682 13683
f 13684 13685 13686
f 13687 13688 13689
f 13690 13691 13692
f 13693 13694 13695
f 13696 13697 13698
f 13699 13700 13701
f 13702 13703 13704
f 13705 13706 13707
f 13708 13709 13710
f 13711 13712 13713
f 13714 13715 13716
f 13717 13718 13719
f 13720 13721 13722
f 13723 13724 13725
f 13726 13727 13728
f 13729 13730 13731
f 13732 13733 13734
f 13735 13736 13737
f 13738 13739 13740
f 13741 13742 13743
f 13744 13745 13746
f 13747 13748 13749
f 13750 13751 13752
f 13753 13754 13755
f 13756 13757 13758
f 13759 13760 13761
f 13762 13763 13764
f 13765 13766 13767
f 13768 13769 13770
f 13771 13772 13773
f 13774 13775 13776
f 13777 13778 13779
f 13780 13781 13782
f 13783 13784 13785
f 13786 13787 13788
f 13789 13790 13791
f 13792 13793 13794
f 13795 13796 13797
f 13798 13799 13800
f 13801 13802 13803
f 13804 13805 13806
f 13807 13808 13809
f 13810 13811 13812
f 13813 13814 13815
f 13816 13817 13818
f 13819 13820 13821
f 13822 13823 13824
f 13825 13826 13827
f 13828 13829 13830
f 13831 13832 13833
f 13834 13835 13836
f 13837 13838 13839
f 13840 13841 13842
f 13843 13844 13845
f 13846 13847 13848
