mtllib iiwa_link_2_collisions_link_2_mesh.mtl
v -0.0041574942879378796 0.02457432821393013 -0.009999999776482582
v -0.016406146809458733 -0.01847522333264351 -0.009999999776482582
v -0.02194283902645111 -0.011143459007143974 -0.009999999776482582
v 0.020386673510074615 0.015065865591168404 -0.009999999776482582
v 0.024481885135173798 0.0068415747955441475 -0.009999999776482582
v -0.016406146809458733 -0.01847522333264351 -0.009999999776482582
v -0.016406146809458733 -0.01847522333264351 -0.009999999776482582
v 0.024481885135173798 0.0068415747955441475 -0.009999999776482582
v 0.025329597294330597 -0.0023067090660333633 -0.009999999776482582
v -0.016406146809458733 -0.01847522333264351 -0.009999999776482582
v 0.025329597294330597 -0.0023067090660333633 -0.009999999776482582
v 0.02281532622873783 -0.011143459007143974 -0.009999999776482582
v 0.00043624371755868196 -0.02500000037252903 -0.009999999776482582
v -0.008594797924160957 -0.023311804980039597 -0.009999999776482582
v 0.009467285126447678 -0.023311804980039597 -0.009999999776482582
v 0.009467285126447678 -0.023311804980039597 -0.009999999776482582
v -0.008594797924160957 -0.023311804980039597 -0.009999999776482582
v -0.016406146809458733 -0.01847522333264351 -0.009999999776482582
v 0.009467285126447678 -0.023311804980039597 -0.009999999776482582
v -0.016406146809458733 -0.01847522333264351 -0.009999999776482582
v 0.017278634011745453 -0.01847522333264351 -0.009999999776482582
v 0.017278634011745453 -0.01847522333264351 -0.009999999776482582
v -0.016406146809458733 -0.01847522333264351 -0.009999999776482582
v 0.02281532622873783 -0.011143459007143974 -0.009999999776482582
v -0.0041574942879378796 0.02457432821393013 -0.009999999776482582
v 0.0050299814902246 0.02457432821393013 -0.009999999776482582
v -0.016406146809458733 -0.01847522333264351 -0.009999999776482582
v -0.016406146809458733 -0.01847522333264351 -0.009999999776482582
v 0.0050299814902246 0.02457432821393013 -0.009999999776482582
v 0.01359704788774252 0.021255427971482277 -0.009999999776482582
v -0.016406146809458733 -0.01847522333264351 -0.009999999776482582
v 0.01359704788774252 0.021255427971482277 -0.009999999776482582
v 0.020386673510074615 0.015065865591168404 -0.009999999776482582
v -0.019514186307787895 0.015065865591168404 -0.009999999776482582
v -0.012724560685455799 0.021255427971482277 -0.009999999776482582
v -0.023609397932887077 0.0068415747955441475 -0.009999999776482582
v -0.023609397932887077 0.0068415747955441475 -0.009999999776482582
v -0.012724560685455799 0.021255427971482277 -0.009999999776482582
v -0.0041574942879378796 0.02457432821393013 -0.009999999776482582
v -0.023609397932887077 0.0068415747955441475 -0.009999999776482582
v -0.0041574942879378796 0.02457432821393013 -0.009999999776482582
v -0.024457110092043877 -0.0023067090660333633 -0.009999999776482582
v -0.024457110092043877 -0.0023067090660333633 -0.009999999776482582
v -0.0041574942879378796 0.02457432821393013 -0.009999999776482582
v -0.02194283902645111 -0.011143459007143974 -0.009999999776482582
v -0.005048256833106279 0.19449999928474426 -0.024391090497374535
v -0.0063803475350141525 0.19449999928474426 -0.023967141285538673
v -0.00020296199363656342 0.19449999928474426 0.02499188669025898
v 0.009039492346346378 0.19449999928474426 0.023473121225833893
v 0.011535909958183765 0.19449999928474426 0.02228691801428795
v 0.011552891694009304 0.19449999928474426 -0.022317202761769295
v 0.008255016058683395 0.19449999928474426 -0.023746078833937645
v 0.003958727698773146 0.19449999928474426 -0.02475069835782051
v 0.002736622467637062 0.19449999928474426 0.024797584861516953
v 0.002736622467637062 0.19449999928474426 0.024797584861516953
v 0.003958727698773146 0.19449999928474426 -0.02475069835782051
v 0.0027388145681470633 0.19449999928474426 -0.024815740063786507
v 0.002736622467637062 0.19449999928474426 0.024797584861516953
v 0.0027388145681470633 0.19449999928474426 -0.024815740063786507
v -0.00020296199363656342 0.19449999928474426 0.02499188669025898
v -0.00020296199363656342 0.19449999928474426 0.02499188669025898
v 0.0027388145681470633 0.19449999928474426 -0.024815740063786507
v -0.00043424201430752873 0.19449999928474426 -0.02498491480946541
v -0.00020296199363656342 0.19449999928474426 0.02499188669025898
v -0.00043424201430752873 0.19449999928474426 -0.02498491480946541
v -0.005048256833106279 0.19449999928474426 -0.024391090497374535
v -0.0063803475350141525 0.19449999928474426 -0.023967141285538673
v -0.00918474979698658 0.19449999928474426 -0.023074615746736526
v -0.00020296199363656342 0.19449999928474426 0.02499188669025898
v -0.00020296199363656342 0.19449999928474426 0.02499188669025898
v -0.00918474979698658 0.19449999928474426 -0.023074615746736526
v -0.013244000263512135 0.19449999928474426 -0.0209248885512352
v -0.00020296199363656342 0.19449999928474426 0.02499188669025898
v -0.013244000263512135 0.19449999928474426 -0.0209248885512352
v -0.01456616260111332 0.19449999928474426 -0.019870828837156296
v -0.021761924028396606 0.19449999928474426 0.011500335298478603
v -0.020728614181280136 0.19449999928474426 0.013102387078106403
v -0.02404617890715599 0.19449999928474426 -0.004578011576086283
v -0.00020296199363656342 0.19449999928474426 0.02499188669025898
v -0.02404617890715599 0.19449999928474426 -0.004578011576086283
v -0.004537174478173256 0.19449999928474426 0.024500345811247826
v -0.004537174478173256 0.19449999928474426 0.024500345811247826
v -0.02404617890715599 0.19449999928474426 -0.004578011576086283
v -0.006378050893545151 0.19449999928474426 0.023953761905431747
v 0.01915554888546467 0.19449999928474426 -0.01657107099890709
v 0.018892802298069 0.19449999928474426 -0.016822919249534607
v 0.023671451956033707 0.19449999928474426 0.00899785477668047
v 0.023671451956033707 0.19449999928474426 0.00899785477668047
v 0.018892802298069 0.19449999928474426 -0.016822919249534607
v 0.016199056059122086 0.19449999928474426 -0.019404934719204903
v -0.01456616260111332 0.19449999928474426 -0.019870828837156296
v -0.01691473089158535 0.19449999928474426 -0.01799849607050419
v -0.00020296199363656342 0.19449999928474426 0.02499188669025898
v -0.00020296199363656342 0.19449999928474426 0.02499188669025898
v -0.01691473089158535 0.19449999928474426 -0.01799849607050419
v -0.01991615630686283 0.19449999928474426 -0.014518520794808865
v -0.00020296199363656342 0.19449999928474426 0.02499188669025898
v -0.01991615630686283 0.19449999928474426 -0.014518520794808865
v -0.02073580026626587 0.19449999928474426 -0.013112205080688
v -0.02073580026626587 0.19449999928474426 -0.013112205080688
v -0.02222800999879837 0.19449999928474426 -0.01055192481726408
v -0.00020296199363656342 0.19449999928474426 0.02499188669025898
v -0.00020296199363656342 0.19449999928474426 0.02499188669025898
v -0.02222800999879837 0.19449999928474426 -0.01055192481726408
v -0.02374080754816532 0.19449999928474426 -0.006362614221870899
v -0.00020296199363656342 0.19449999928474426 0.02499188669025898
v -0.02374080754816532 0.19449999928474426 -0.006362614221870899
v -0.02404617890715599 0.19449999928474426 -0.004578011576086283
v -0.024480726569890976 0.19449999928474426 -0.0020384856034070253
v -0.02444365620613098 0.19449999928474426 0.0024497995618730783
v -0.02402837947010994 0.19449999928474426 0.004572273697704077
v 0.008255016058683395 0.19449999928474426 -0.023746078833937645
v 0.002736622467637062 0.19449999928474426 0.024797584861516953
v 0.011552891694009304 0.19449999928474426 -0.022317202761769295
v 0.011552891694009304 0.19449999928474426 -0.022317202761769295
v 0.002736622467637062 0.19449999928474426 0.024797584861516953
v 0.00435933843255043 0.19449999928474426 0.024690326303243637
v 0.011552891694009304 0.19449999928474426 -0.022317202761769295
v 0.00435933843255043 0.19449999928474426 0.024690326303243637
v 0.009039492346346378 0.19449999928474426 0.023473121225833893
v 0.011552891694009304 0.19449999928474426 -0.022317202761769295
v 0.01885460689663887 0.19449999928474426 0.016787653788924217
v 0.019841179251670837 0.19449999928474426 0.0157628133893013
v 0.024182379245758057 0.19449999928474426 0.007818602956831455
v 0.025186948478221893 0.19449999928474426 0.0035224028397351503
v 0.023721376433968544 0.19449999928474426 -0.00901822466403246
v 0.011535909958183765 0.19449999928474426 0.02228691801428795
v 0.013201482594013214 0.19449999928474426 0.021495500579476357
v 0.011552891694009304 0.19449999928474426 -0.022317202761769295
v 0.011552891694009304 0.19449999928474426 -0.022317202761769295
v 0.013201482594013214 0.19449999928474426 0.021495500579476357
v 0.01692645065486431 0.19449999928474426 0.018790604546666145
v 0.011552891694009304 0.19449999928474426 -0.022317202761769295
v 0.01692645065486431 0.19449999928474426 0.018790604546666145
v 0.01885460689663887 0.19449999928474426 0.016787653788924217
v 0.016199056059122086 0.19449999928474426 -0.019404934719204903
v 0.012414809316396713 0.19449999928474426 -0.02194375917315483
v 0.023671451956033707 0.19449999928474426 0.00899785477668047
v 0.023671451956033707 0.19449999928474426 0.00899785477668047
v 0.012414809316396713 0.19449999928474426 -0.02194375917315483
v 0.011552891694009304 0.19449999928474426 -0.022317202761769295
v 0.023671451956033707 0.19449999928474426 0.00899785477668047
v 0.011552891694009304 0.19449999928474426 -0.022317202761769295
v 0.02238009124994278 0.19449999928474426 0.011978402733802795
v 0.02238009124994278 0.19449999928474426 0.011978402733802795
v 0.011552891694009304 0.19449999928474426 -0.022317202761769295
v 0.019841179251670837 0.19449999928474426 0.0157628133893013
v 0.024182379245758057 0.19449999928474426 0.007818602956831455
v 0.023721376433968544 0.19449999928474426 -0.00901822466403246
v 0.023671451956033707 0.19449999928474426 0.00899785477668047
v 0.023671451956033707 0.19449999928474426 0.00899785477668047
v 0.023721376433968544 0.19449999928474426 -0.00901822466403246
v 0.021876417100429535 0.19449999928474426 -0.012857907451689243
v 0.023671451956033707 0.19449999928474426 0.00899785477668047
v 0.021876417100429535 0.19449999928474426 -0.012857907451689243
v 0.01915554888546467 0.19449999928474426 -0.01657107099890709
v -0.024480726569890976 0.19449999928474426 -0.0020384856034070253
v -0.02402837947010994 0.19449999928474426 0.004572273697704077
v -0.02404617890715599 0.19449999928474426 -0.004578011576086283
v -0.02404617890715599 0.19449999928474426 -0.004578011576086283
v -0.02402837947010994 0.19449999928474426 0.004572273697704077
v -0.023532181978225708 0.19449999928474426 0.0071083251386880875
v -0.02404617890715599 0.19449999928474426 -0.004578011576086283
v -0.023532181978225708 0.19449999928474426 0.0071083251386880875
v -0.021761924028396606 0.19449999928474426 0.011500335298478603
v -0.020728614181280136 0.19449999928474426 0.013102387078106403
v -0.019195320084691048 0.19449999928474426 0.015479618683457375
v -0.02404617890715599 0.19449999928474426 -0.004578011576086283
v -0.02404617890715599 0.19449999928474426 -0.004578011576086283
v -0.019195320084691048 0.19449999928474426 0.015479618683457375
v -0.016030697152018547 0.19449999928474426 0.018810978159308434
v -0.02404617890715599 0.19449999928474426 -0.004578011576086283
v -0.016030697152018547 0.19449999928474426 0.018810978159308434
v -0.01457099337130785 0.19449999928474426 0.019869588315486908
v -0.01457099337130785 0.19449999928474426 0.019869588315486908
v -0.01232942845672369 0.19449999928474426 0.021495219320058823
v -0.02404617890715599 0.19449999928474426 -0.004578011576086283
v -0.02404617890715599 0.19449999928474426 -0.004578011576086283
v -0.01232942845672369 0.19449999928474426 0.021495219320058823
v -0.00876612402498722 0.19449999928474426 0.02324470691382885
v -0.02404617890715599 0.19449999928474426 -0.004578011576086283
v -0.00876612402498722 0.19449999928474426 0.02324470691382885
v -0.006378050893545151 0.19449999928474426 0.023953761905431747
v 0.025186948478221893 0.19449999928474426 0.0035224028397351503
v 0.025436243042349815 0.19449999928474426 -5.609654099506119e-16
v 0.023721376433968544 0.19449999928474426 -0.00901822466403246
v 0.023721376433968544 0.19449999928474426 -0.00901822466403246
v 0.025436243042349815 0.19449999928474426 -5.609654099506119e-16
v 0.02502700313925743 0.19449999928474426 -0.004504953511059284
v 0.023721376433968544 0.19449999928474426 -0.00901822466403246
v 0.02502700313925743 0.19449999928474426 -0.004504953511059284
v 0.023871544748544693 0.19449999928474426 -0.008705697022378445
v -0.008594797924160957 -0.023311804980039597 1.98004962849007e-16
v 0.00043624371755868196 -0.02500000037252903 -0.009999999776482582
v 0.00043624371755868196 -0.02500000037252903 2.0389926660560267e-16
v 0.00043624371755868196 -0.02500000037252903 2.0389926660560267e-16
v 0.00043624371755868196 -0.02500000037252903 -0.009999999776482582
v 0.009467285126447678 -0.023311804980039597 -0.009999999776482582
v 0.00043624371755868196 -0.02500000037252903 2.0389926660560267e-16
v 0.009467285126447678 -0.023311804980039597 -0.009999999776482582
v 0.009467285126447678 -0.023311804980039597 1.98004962849007e-16
v 0.009467285126447678 -0.023311804980039597 1.98004962849007e-16
v 0.009467285126447678 -0.023311804980039597 -0.009999999776482582
v 0.017278634011745453 -0.01847522333264351 -0.009999999776482582
v 0.009467285126447678 -0.023311804980039597 1.98004962849007e-16
v 0.017278634011745453 -0.01847522333264351 -0.009999999776482582
v 0.017278634011745453 -0.01847522333264351 1.8111813020074105e-16
v 0.017278634011745453 -0.01847522333264351 1.8111813020074105e-16
v 0.017278634011745453 -0.01847522333264351 -0.009999999776482582
v 0.02281532622873783 -0.011143459007143974 -0.009999999776482582
v 0.017278634011745453 -0.01847522333264351 1.8111813020074105e-16
v 0.02281532622873783 -0.011143459007143974 -0.009999999776482582
v 0.02281532622873783 -0.011143459007143974 1.55519404871287e-16
v 0.02281532622873783 -0.011143459007143974 1.55519404871287e-16
v 0.02281532622873783 -0.011143459007143974 -0.009999999776482582
v 0.025329597294330597 -0.0023067090660333633 -0.009999999776482582
v 0.02281532622873783 -0.011143459007143974 1.55519404871287e-16
v 0.025329597294330597 -0.0023067090660333633 -0.009999999776482582
v 0.025329597294330597 -0.0023067090660333633 1.246660577139817e-16
v 0.025329597294330597 -0.0023067090660333633 1.246660577139817e-16
v 0.025329597294330597 -0.0023067090660333633 -0.009999999776482582
v 0.024481885135173798 0.0068415747955441475 -0.009999999776482582
v 0.025329597294330597 -0.0023067090660333633 1.246660577139817e-16
v 0.024481885135173798 0.0068415747955441475 -0.009999999776482582
v 0.024481885135173798 0.0068415747955441475 9.272500113839368e-17
v 0.024481885135173798 0.0068415747955441475 9.272500113839368e-17
v 0.024481885135173798 0.0068415747955441475 -0.009999999776482582
v 0.020386673510074615 0.015065865591168404 -0.009999999776482582
v 0.024481885135173798 0.0068415747955441475 9.272500113839368e-17
v 0.020386673510074615 0.015065865591168404 -0.009999999776482582
v 0.020386673510074615 0.015065865591168404 6.401004159599106e-17
v 0.020386673510074615 0.015065865591168404 6.401004159599106e-17
v 0.020386673510074615 0.015065865591168404 -0.009999999776482582
v 0.01359704788774252 0.021255427971482277 -0.009999999776482582
v 0.020386673510074615 0.015065865591168404 6.401004159599106e-17
v 0.01359704788774252 0.021255427971482277 -0.009999999776482582
v 0.01359704788774252 0.021255427971482277 4.239929627472052e-17
v 0.01359704788774252 0.021255427971482277 4.239929627472052e-17
v 0.01359704788774252 0.021255427971482277 -0.009999999776482582
v 0.0050299814902246 0.02457432821393013 -0.009999999776482582
v 0.01359704788774252 0.021255427971482277 4.239929627472052e-17
v 0.0050299814902246 0.02457432821393013 -0.009999999776482582
v 0.0050299814902246 0.02457432821393013 3.0811422335138663e-17
v 0.0050299814902246 0.02457432821393013 3.0811422335138663e-17
v 0.0050299814902246 0.02457432821393013 -0.009999999776482582
v -0.0041574942879378796 0.02457432821393013 -0.009999999776482582
v 0.0050299814902246 0.02457432821393013 3.0811422335138663e-17
v -0.0041574942879378796 0.02457432821393013 -0.009999999776482582
v -0.0041574942879378796 0.02457432821393013 3.0811422335138663e-17
v -0.0041574942879378796 0.02457432821393013 3.0811422335138663e-17
v -0.0041574942879378796 0.02457432821393013 -0.009999999776482582
v -0.012724560685455799 0.021255427971482277 -0.009999999776482582
v -0.0041574942879378796 0.02457432821393013 3.0811422335138663e-17
v -0.012724560685455799 0.021255427971482277 -0.009999999776482582
v -0.012724560685455799 0.021255427971482277 4.239929627472052e-17
v -0.012724560685455799 0.021255427971482277 4.239929627472052e-17
v -0.012724560685455799 0.021255427971482277 -0.009999999776482582
v -0.019514186307787895 0.015065865591168404 -0.009999999776482582
v -0.012724560685455799 0.021255427971482277 4.239929627472052e-17
v -0.019514186307787895 0.015065865591168404 -0.009999999776482582
v -0.019514186307787895 0.015065865591168404 6.401004159599106e-17
v -0.019514186307787895 0.015065865591168404 6.401004159599106e-17
v -0.019514186307787895 0.015065865591168404 -0.009999999776482582
v -0.023609397932887077 0.0068415747955441475 -0.009999999776482582
v -0.019514186307787895 0.015065865591168404 6.401004159599106e-17
v -0.023609397932887077 0.0068415747955441475 -0.009999999776482582
v -0.023609397932887077 0.0068415747955441475 9.272500113839368e-17
v -0.023609397932887077 0.0068415747955441475 9.272500113839368e-17
v -0.023609397932887077 0.0068415747955441475 -0.009999999776482582
v -0.024457110092043877 -0.0023067090660333633 -0.009999999776482582
v -0.023609397932887077 0.0068415747955441475 9.272500113839368e-17
v -0.024457110092043877 -0.0023067090660333633 -0.009999999776482582
v -0.024457110092043877 -0.0023067090660333633 1.246660577139817e-16
v -0.024457110092043877 -0.0023067090660333633 1.246660577139817e-16
v -0.024457110092043877 -0.0023067090660333633 -0.009999999776482582
v -0.02194283902645111 -0.011143459007143974 -0.009999999776482582
v -0.024457110092043877 -0.0023067090660333633 1.246660577139817e-16
v -0.02194283902645111 -0.011143459007143974 -0.009999999776482582
v -0.02194283902645111 -0.011143459007143974 1.55519404871287e-16
v -0.02194283902645111 -0.011143459007143974 1.55519404871287e-16
v -0.02194283902645111 -0.011143459007143974 -0.009999999776482582
v -0.016406146809458733 -0.01847522333264351 -0.009999999776482582
v -0.02194283902645111 -0.011143459007143974 1.55519404871287e-16
v -0.016406146809458733 -0.01847522333264351 -0.009999999776482582
v -0.016406146809458733 -0.01847522333264351 1.8111813020074105e-16
v -0.016406146809458733 -0.01847522333264351 1.8111813020074105e-16
v -0.016406146809458733 -0.01847522333264351 -0.009999999776482582
v -0.008594797924160957 -0.023311804980039597 -0.009999999776482582
v -0.016406146809458733 -0.01847522333264351 1.8111813020074105e-16
v -0.008594797924160957 -0.023311804980039597 -0.009999999776482582
v -0.008594797924160957 -0.023311804980039597 1.98004962849007e-16
v -0.008594797924160957 -0.023311804980039597 1.98004962849007e-16
v -0.008594797924160957 -0.023311804980039597 -0.009999999776482582
v 0.00043624371755868196 -0.02500000037252903 -0.009999999776482582
v 0.025436243042349815 0.2045000046491623 -5.958802139155526e-16
v 0.025186948478221893 0.19449999928474426 0.0035224028397351503
v 0.02374804951250553 0.2045000046491623 0.009031041525304317
v 0.02374804951250553 0.2045000046491623 0.009031041525304317
v 0.025186948478221893 0.19449999928474426 0.0035224028397351503
v 0.024182379245758057 0.19449999928474426 0.007818602956831455
v 0.02374804951250553 0.2045000046491623 0.009031041525304317
v 0.024182379245758057 0.19449999928474426 0.007818602956831455
v 0.023671451956033707 0.19449999928474426 0.00899785477668047
v 0.023671451956033707 0.19449999928474426 0.00899785477668047
v 0.02238009124994278 0.19449999928474426 0.011978402733802795
v 0.02374804951250553 0.2045000046491623 0.009031041525304317
v 0.02374804951250553 0.2045000046491623 0.009031041525304317
v 0.02238009124994278 0.19449999928474426 0.011978402733802795
v 0.019841179251670837 0.19449999928474426 0.0157628133893013
v 0.02374804951250553 0.2045000046491623 0.009031041525304317
v 0.019841179251670837 0.19449999928474426 0.0157628133893013
v 0.018911466002464294 0.2045000046491623 0.016842391341924667
v 0.019841179251670837 0.19449999928474426 0.0157628133893013
v 0.01885460689663887 0.19449999928474426 0.016787653788924217
v 0.018911466002464294 0.2045000046491623 0.016842391341924667
v 0.018911466002464294 0.2045000046491623 0.016842391341924667
v 0.01885460689663887 0.19449999928474426 0.016787653788924217
v 0.01692645065486431 0.19449999928474426 0.018790604546666145
v 0.018911466002464294 0.2045000046491623 0.016842391341924667
v 0.01692645065486431 0.19449999928474426 0.018790604546666145
v 0.011579702608287334 0.2045000046491623 0.022379081696271896
v 0.011579702608287334 0.2045000046491623 0.022379081696271896
v 0.01692645065486431 0.19449999928474426 0.018790604546666145
v 0.013201482594013214 0.19449999928474426 0.021495500579476357
v 0.011579702608287334 0.2045000046491623 0.022379081696271896
v 0.013201482594013214 0.19449999928474426 0.021495500579476357
v 0.011535909958183765 0.19449999928474426 0.02228691801428795
v 0.002736622467637062 0.19449999928474426 0.024797584861516953
v 0.0027429526671767235 0.2045000046491623 0.02489335462450981
v 0.00435933843255043 0.19449999928474426 0.024690326303243637
v 0.00435933843255043 0.19449999928474426 0.024690326303243637
v 0.0027429526671767235 0.2045000046491623 0.02489335462450981
v 0.011579702608287334 0.2045000046491623 0.022379081696271896
v 0.00435933843255043 0.19449999928474426 0.024690326303243637
v 0.011579702608287334 0.2045000046491623 0.022379081696271896
v 0.009039492346346378 0.19449999928474426 0.023473121225833893
v 0.009039492346346378 0.19449999928474426 0.023473121225833893
v 0.011579702608287334 0.2045000046491623 0.022379081696271896
v 0.011535909958183765 0.19449999928474426 0.02228691801428795
v 0.002736622467637062 0.19449999928474426 0.024797584861516953
v -0.00020296199363656342 0.19449999928474426 0.02499188669025898
v 0.0027429526671767235 0.2045000046491623 0.02489335462450981
v 0.0027429526671767235 0.2045000046491623 0.02489335462450981
v -0.00020296199363656342 0.19449999928474426 0.02499188669025898
v -0.004537174478173256 0.19449999928474426 0.024500345811247826
v 0.0027429526671767235 0.2045000046491623 0.02489335462450981
v -0.004537174478173256 0.19449999928474426 0.024500345811247826
v -0.006405331194400787 0.2045000046491623 0.024045640602707863
v -0.01232942845672369 0.19449999928474426 0.021495219320058823
v -0.014629621990025043 0.2045000046491623 0.01995043084025383
v -0.00876612402498722 0.19449999928474426 0.02324470691382885
v -0.00876612402498722 0.19449999928474426 0.02324470691382885
v -0.014629621990025043 0.2045000046491623 0.01995043084025383
v -0.006405331194400787 0.2045000046491623 0.024045640602707863
v -0.00876612402498722 0.19449999928474426 0.02324470691382885
v -0.006405331194400787 0.2045000046491623 0.024045640602707863
v -0.006378050893545151 0.19449999928474426 0.023953761905431747
v -0.006378050893545151 0.19449999928474426 0.023953761905431747
v -0.006405331194400787 0.2045000046491623 0.024045640602707863
v -0.004537174478173256 0.19449999928474426 0.024500345811247826
v -0.019195320084691048 0.19449999928474426 0.015479618683457375
v -0.02081918530166149 0.2045000046491623 0.01316080428659916
v -0.016030697152018547 0.19449999928474426 0.018810978159308434
v -0.016030697152018547 0.19449999928474426 0.018810978159308434
v -0.02081918530166149 0.2045000046491623 0.01316080428659916
v -0.014629621990025043 0.2045000046491623 0.01995043084025383
v -0.016030697152018547 0.19449999928474426 0.018810978159308434
v -0.014629621990025043 0.2045000046491623 0.01995043084025383
v -0.01457099337130785 0.19449999928474426 0.019869588315486908
v -0.01457099337130785 0.19449999928474426 0.019869588315486908
v -0.014629621990025043 0.2045000046491623 0.01995043084025383
v -0.01232942845672369 0.19449999928474426 0.021495219320058823
v -0.023532181978225708 0.19449999928474426 0.0071083251386880875
v -0.024138083681464195 0.2045000046491623 0.00459373788908124
v -0.021761924028396606 0.19449999928474426 0.011500335298478603
v -0.021761924028396606 0.19449999928474426 0.011500335298478603
v -0.024138083681464195 0.2045000046491623 0.00459373788908124
v -0.02081918530166149 0.2045000046491623 0.01316080428659916
v -0.021761924028396606 0.19449999928474426 0.011500335298478603
v -0.02081918530166149 0.2045000046491623 0.01316080428659916
v -0.020728614181280136 0.19449999928474426 0.013102387078106403
v -0.020728614181280136 0.19449999928474426 0.013102387078106403
v -0.02081918530166149 0.2045000046491623 0.01316080428659916
v -0.019195320084691048 0.19449999928474426 0.015479618683457375
v -0.023532181978225708 0.19449999928474426 0.0071083251386880875
v -0.02402837947010994 0.19449999928474426 0.004572273697704077
v -0.024138083681464195 0.2045000046491623 0.00459373788908124
v -0.024138083681464195 0.2045000046491623 0.00459373788908124
v -0.02402837947010994 0.19449999928474426 0.004572273697704077
v -0.02444365620613098 0.19449999928474426 0.0024497995618730783
v -0.024138083681464195 0.2045000046491623 0.00459373788908124
v -0.02444365620613098 0.19449999928474426 0.0024497995618730783
v -0.024138083681464195 0.2045000046491623 -0.00459373788908124
v -0.024138083681464195 0.2045000046491623 -0.00459373788908124
v -0.02444365620613098 0.19449999928474426 0.0024497995618730783
v -0.024480726569890976 0.19449999928474426 -0.0020384856034070253
v -0.024138083681464195 0.2045000046491623 -0.00459373788908124
v -0.024480726569890976 0.19449999928474426 -0.0020384856034070253
v -0.02404617890715599 0.19449999928474426 -0.004578011576086283
v -0.02404617890715599 0.19449999928474426 -0.004578011576086283
v -0.02374080754816532 0.19449999928474426 -0.006362614221870899
v -0.024138083681464195 0.2045000046491623 -0.00459373788908124
v -0.024138083681464195 0.2045000046491623 -0.00459373788908124
v -0.02374080754816532 0.19449999928474426 -0.006362614221870899
v -0.02222800999879837 0.19449999928474426 -0.01055192481726408
v -0.024138083681464195 0.2045000046491623 -0.00459373788908124
v -0.02222800999879837 0.19449999928474426 -0.01055192481726408
v -0.02081918530166149 0.2045000046491623 -0.01316080428659916
v -0.01691473089158535 0.19449999928474426 -0.01799849607050419
v -0.014629621990025043 0.2045000046491623 -0.01995043084025383
v -0.01991615630686283 0.19449999928474426 -0.014518520794808865
v -0.01991615630686283 0.19449999928474426 -0.014518520794808865
v -0.014629621990025043 0.2045000046491623 -0.01995043084025383
v -0.02081918530166149 0.2045000046491623 -0.01316080428659916
v -0.01991615630686283 0.19449999928474426 -0.014518520794808865
v -0.02081918530166149 0.2045000046491623 -0.01316080428659916
v -0.02073580026626587 0.19449999928474426 -0.013112205080688
v -0.02073580026626587 0.19449999928474426 -0.013112205080688
v -0.02081918530166149 0.2045000046491623 -0.01316080428659916
v -0.02222800999879837 0.19449999928474426 -0.01055192481726408
v -0.00918474979698658 0.19449999928474426 -0.023074615746736526
v -0.006405331194400787 0.2045000046491623 -0.024045640602707863
v -0.013244000263512135 0.19449999928474426 -0.0209248885512352
v -0.013244000263512135 0.19449999928474426 -0.0209248885512352
v -0.006405331194400787 0.2045000046491623 -0.024045640602707863
v -0.014629621990025043 0.2045000046491623 -0.01995043084025383
v -0.013244000263512135 0.19449999928474426 -0.0209248885512352
v -0.014629621990025043 0.2045000046491623 -0.01995043084025383
v -0.01456616260111332 0.19449999928474426 -0.019870828837156296
v -0.01456616260111332 0.19449999928474426 -0.019870828837156296
v -0.014629621990025043 0.2045000046491623 -0.01995043084025383
v -0.01691473089158535 0.19449999928474426 -0.01799849607050419
v -0.00043424201430752873 0.19449999928474426 -0.02498491480946541
v 0.0027429526671767235 0.2045000046491623 -0.02489335462450981
v -0.005048256833106279 0.19449999928474426 -0.024391090497374535
v -0.005048256833106279 0.19449999928474426 -0.024391090497374535
v 0.0027429526671767235 0.2045000046491623 -0.02489335462450981
v -0.006405331194400787 0.2045000046491623 -0.024045640602707863
v -0.005048256833106279 0.19449999928474426 -0.024391090497374535
v -0.006405331194400787 0.2045000046491623 -0.024045640602707863
v -0.0063803475350141525 0.19449999928474426 -0.023967141285538673
v -0.0063803475350141525 0.19449999928474426 -0.023967141285538673
v -0.006405331194400787 0.2045000046491623 -0.024045640602707863
v -0.00918474979698658 0.19449999928474426 -0.023074615746736526
v 0.008255016058683395 0.19449999928474426 -0.023746078833937645
v 0.011579702608287334 0.2045000046491623 -0.022379081696271896
v 0.003958727698773146 0.19449999928474426 -0.02475069835782051
v 0.003958727698773146 0.19449999928474426 -0.02475069835782051
v 0.011579702608287334 0.2045000046491623 -0.022379081696271896
v 0.0027429526671767235 0.2045000046491623 -0.02489335462450981
v 0.003958727698773146 0.19449999928474426 -0.02475069835782051
v 0.0027429526671767235 0.2045000046491623 -0.02489335462450981
v 0.0027388145681470633 0.19449999928474426 -0.024815740063786507
v 0.0027388145681470633 0.19449999928474426 -0.024815740063786507
v 0.0027429526671767235 0.2045000046491623 -0.02489335462450981
v -0.00043424201430752873 0.19449999928474426 -0.02498491480946541
v 0.008255016058683395 0.19449999928474426 -0.023746078833937645
v 0.011552891694009304 0.19449999928474426 -0.022317202761769295
v 0.011579702608287334 0.2045000046491623 -0.022379081696271896
v 0.011579702608287334 0.2045000046491623 -0.022379081696271896
v 0.011552891694009304 0.19449999928474426 -0.022317202761769295
v 0.012414809316396713 0.19449999928474426 -0.02194375917315483
v 0.011579702608287334 0.2045000046491623 -0.022379081696271896
v 0.012414809316396713 0.19449999928474426 -0.02194375917315483
v 0.018911466002464294 0.2045000046491623 -0.016842391341924667
v 0.018911466002464294 0.2045000046491623 -0.016842391341924667
v 0.012414809316396713 0.19449999928474426 -0.02194375917315483
v 0.016199056059122086 0.19449999928474426 -0.019404934719204903
v 0.018911466002464294 0.2045000046491623 -0.016842391341924667
v 0.016199056059122086 0.19449999928474426 -0.019404934719204903
v 0.018892802298069 0.19449999928474426 -0.016822919249534607
v 0.023721376433968544 0.19449999928474426 -0.00901822466403246
v 0.02374804951250553 0.2045000046491623 -0.009031041525304317
v 0.021876417100429535 0.19449999928474426 -0.012857907451689243
v 0.021876417100429535 0.19449999928474426 -0.012857907451689243
v 0.02374804951250553 0.2045000046491623 -0.009031041525304317
v 0.018911466002464294 0.2045000046491623 -0.016842391341924667
v 0.021876417100429535 0.19449999928474426 -0.012857907451689243
v 0.018911466002464294 0.2045000046491623 -0.016842391341924667
v 0.01915554888546467 0.19449999928474426 -0.01657107099890709
v 0.01915554888546467 0.19449999928474426 -0.01657107099890709
v 0.018911466002464294 0.2045000046491623 -0.016842391341924667
v 0.018892802298069 0.19449999928474426 -0.016822919249534607
v 0.023721376433968544 0.19449999928474426 -0.00901822466403246
v 0.023871544748544693 0.19449999928474426 -0.008705697022378445
v 0.02374804951250553 0.2045000046491623 -0.009031041525304317
v 0.02374804951250553 0.2045000046491623 -0.009031041525304317
v 0.023871544748544693 0.19449999928474426 -0.008705697022378445
v 0.02502700313925743 0.19449999928474426 -0.004504953511059284
v 0.02374804951250553 0.2045000046491623 -0.009031041525304317
v 0.02502700313925743 0.19449999928474426 -0.004504953511059284
v 0.025436243042349815 0.2045000046491623 -5.958802139155526e-16
v 0.025436243042349815 0.2045000046491623 -5.958802139155526e-16
v 0.02502700313925743 0.19449999928474426 -0.004504953511059284
v 0.025436243042349815 0.19449999928474426 -5.609654099506119e-16
v 0.025436243042349815 0.2045000046491623 -5.958802139155526e-16
v 0.025436243042349815 0.19449999928474426 -5.609654099506119e-16
v 0.025186948478221893 0.19449999928474426 0.0035224028397351503
v -0.06746018677949905 0.19704708456993103 0.0005497795646078885
v -0.06743761897087097 0.19574284553527832 0.0006700411322526634
v -0.06702077388763428 0.19576424360275269 0.008358800783753395
v -0.06756336987018585 0.2045000046491623 1.9633464489743346e-06
v -0.06755400449037552 0.20247004926204681 4.97351647936739e-05
v -0.06755398213863373 0.2044999897480011 0.0011422751704230905
v -0.06755398213863373 0.2044999897480011 0.0011422751704230905
v -0.06755400449037552 0.20247004926204681 4.97351647936739e-05
v -0.06746018677949905 0.19704708456993103 0.0005497795646078885
v -0.06755398213863373 0.2044999897480011 0.0011422751704230905
v -0.06746018677949905 0.19704708456993103 0.0005497795646078885
v -0.06709867715835571 0.2044999748468399 0.00775399524718523
v -0.06709867715835571 0.2044999748468399 0.00775399524718523
v -0.06746018677949905 0.19704708456993103 0.0005497795646078885
v -0.06702077388763428 0.19576424360275269 0.008358800783753395
v -0.06709867715835571 0.2044999748468399 0.00775399524718523
v -0.06702077388763428 0.19576424360275269 0.008358800783753395
v -0.06705483794212341 0.2044999599456787 0.008390574716031551
v -0.06705483794212341 0.2044999599456787 0.008390574716031551
v -0.06702077388763428 0.19576424360275269 0.008358800783753395
v -0.0657382532954216 0.19578786194324493 0.01597295142710209
v -0.06705483794212341 0.2044999599456787 0.008390574716031551
v -0.0657382532954216 0.19578786194324493 0.01597295142710209
v -0.06580572575330734 0.20449994504451752 0.015408901497721672
v -0.06360135227441788 0.19581161439418793 0.023396868258714676
v -0.06063900887966156 0.1958349049091339 0.03053467348217964
v -0.06071096658706665 0.20449990034103394 0.030052246525883675
v -0.06071096658706665 0.20449990034103394 0.030052246525883675
v -0.0635438784956932 0.20449991524219513 0.023293279111385345
v -0.06360135227441788 0.19581161439418793 0.023396868258714676
v -0.06360135227441788 0.19581161439418793 0.023396868258714676
v -0.0635438784956932 0.20449991524219513 0.023293279111385345
v -0.06366786360740662 0.20449991524219513 0.022872619330883026
v -0.06360135227441788 0.19581161439418793 0.023396868258714676
v -0.06366786360740662 0.20449991524219513 0.022872619330883026
v -0.0657382532954216 0.19578786194324493 0.01597295142710209
v -0.0657382532954216 0.19578786194324493 0.01597295142710209
v -0.06366786360740662 0.20449991524219513 0.022872619330883026
v -0.06571116298437119 0.20449994504451752 0.01594023033976555
v -0.0657382532954216 0.19578786194324493 0.01597295142710209
v -0.06571116298437119 0.20449994504451752 0.01594023033976555
v -0.06580572575330734 0.20449994504451752 0.015408901497721672
v -0.0524134635925293 0.20449988543987274 0.04331781342625618
v -0.05685437098145485 0.20449987053871155 0.037066321820020676
v -0.05689329653978348 0.19585758447647095 0.03729607164859772
v -0.05689329653978348 0.19585758447647095 0.03729607164859772
v -0.05685437098145485 0.20449987053871155 0.037066321820020676
v -0.056970514357089996 0.20449987053871155 0.03685741126537323
v -0.05689329653978348 0.19585758447647095 0.03729607164859772
v -0.056970514357089996 0.20449987053871155 0.03685741126537323
v -0.06063900887966156 0.1958349049091339 0.03053467348217964
v -0.06063900887966156 0.1958349049091339 0.03053467348217964
v -0.056970514357089996 0.20449987053871155 0.03685741126537323
v -0.060579776763916016 0.20449990034103394 0.03036525286734104
v -0.06063900887966156 0.1958349049091339 0.03053467348217964
v -0.060579776763916016 0.20449990034103394 0.03036525286734104
v -0.06071096658706665 0.20449990034103394 0.030052246525883675
v -0.05689329653978348 0.19585758447647095 0.03729607164859772
v -0.05242189019918442 0.19588011503219604 0.04360082745552063
v -0.0524134635925293 0.20449988543987274 0.04331781342625618
v -0.0524134635925293 0.20449988543987274 0.04331781342625618
v -0.05242189019918442 0.19588011503219604 0.04360082745552063
v -0.047289859503507614 0.1959032118320465 0.0493762232363224
v -0.0524134635925293 0.20449988543987274 0.04331781342625618
v -0.047289859503507614 0.1959032118320465 0.0493762232363224
v -0.04733763262629509 0.20449993014335632 0.04901067912578583
v -0.04164062812924385 0.19594252109527588 0.05455643683671951
v -0.04161449149250984 0.2045000046491623 0.054163675755262375
v -0.0473099984228611 0.20449993014335632 0.04904166981577873
v -0.04733763262629509 0.20449993014335632 0.04901067912578583
v -0.047289859503507614 0.1959032118320465 0.0493762232363224
v -0.0473099984228611 0.20449993014335632 0.04904166981577873
v -0.0473099984228611 0.20449993014335632 0.04904166981577873
v -0.047289859503507614 0.1959032118320465 0.0493762232363224
v -0.041640669107437134 0.19592924416065216 0.05455704405903816
v -0.0473099984228611 0.20449993014335632 0.04904166981577873
v -0.041640669107437134 0.19592924416065216 0.05455704405903816
v -0.04164062812924385 0.19594252109527588 0.05455643683671951
v -0.04168418422341347 0.18719379603862762 0.055580638349056244
v -0.04168403521180153 0.18722198903560638 0.05557696521282196
v -0.047289859503507614 0.1959032118320465 0.0493762232363224
v -0.047289859503507614 0.1959032118320465 0.0493762232363224
v -0.04168403521180153 0.18722198903560638 0.05557696521282196
v -0.041644785553216934 0.19458170235157013 0.05461889132857323
v -0.047289859503507614 0.1959032118320465 0.0493762232363224
v -0.041644785553216934 0.19458170235157013 0.05461889132857323
v -0.041640669107437134 0.19592924416065216 0.05455704405903816
v -0.04174758866429329 0.17857636511325836 0.05718700587749481
v -0.041697729378938675 0.1846545934677124 0.05591118708252907
v -0.04718403518199921 0.18715043365955353 0.05040745437145233
v -0.04689808189868927 0.17000000178813934 0.054238323122262955
v -0.04182438924908638 0.17000000178813934 0.05924263596534729
v -0.0417795330286026 0.1746821105480194 0.058004409074783325
v -0.0417795330286026 0.1746821105480194 0.058004409074783325
v -0.04174758866429329 0.17857636511325836 0.05718700587749481
v -0.04689808189868927 0.17000000178813934 0.054238323122262955
v -0.04689808189868927 0.17000000178813934 0.054238323122262955
v -0.04174758866429329 0.17857636511325836 0.05718700587749481
v -0.04718403518199921 0.18715043365955353 0.05040745437145233
v -0.04689808189868927 0.17000000178813934 0.054238323122262955
v -0.04718403518199921 0.18715043365955353 0.05040745437145233
v -0.04829099774360657 0.16999998688697815 0.05286445468664169
v -0.04829099774360657 0.16999998688697815 0.05286445468664169
v -0.04718403518199921 0.18715043365955353 0.05040745437145233
v -0.05223678797483444 0.18711881339550018 0.044708769768476486
v -0.04829099774360657 0.16999998688697815 0.05286445468664169
v -0.05223678797483444 0.18711881339550018 0.044708769768476486
v -0.051707349717617035 0.16999998688697815 0.048767514526844025
v -0.05606120452284813 0.16999998688697815 0.04276688024401665
v -0.05598773434758186 0.16999998688697815 0.042875465005636215
v -0.05667136609554291 0.18708796799182892 0.03851259872317314
v -0.05667136609554291 0.18708796799182892 0.03851259872317314
v -0.05598773434758186 0.16999998688697815 0.042875465005636215
v -0.053264569491147995 0.16999998688697815 0.04690007492899895
v -0.05667136609554291 0.18708796799182892 0.03851259872317314
v -0.053264569491147995 0.16999998688697815 0.04690007492899895
v -0.05223678797483444 0.18711881339550018 0.044708769768476486
v -0.05223678797483444 0.18711881339550018 0.044708769768476486
v -0.053264569491147995 0.16999998688697815 0.04690007492899895
v -0.051763325929641724 0.16999998688697815 0.04870038852095604
v -0.05223678797483444 0.18711881339550018 0.044708769768476486
v -0.051763325929641724 0.16999998688697815 0.04870038852095604
v -0.051707349717617035 0.16999998688697815 0.048767514526844025
v -0.05968965217471123 0.16999997198581696 0.036405134946107864
v -0.05960847809910774 0.16999997198581696 0.03655995801091194
v -0.06007610633969307 0.17844007909297943 0.03394165635108948
v -0.06007610633969307 0.17844007909297943 0.03394165635108948
v -0.05960847809910774 0.16999997198581696 0.03655995801091194
v -0.05736236274242401 0.16999998688697815 0.04084387794137001
v -0.05968965217471123 0.16999997198581696 0.036405134946107864
v -0.06007610633969307 0.17844007909297943 0.03394165635108948
v -0.06095719709992409 0.16999997198581696 0.03398760408163071
v -0.06095719709992409 0.16999997198581696 0.03398760408163071
v -0.06007610633969307 0.17844007909297943 0.03394165635108948
v -0.06301560997962952 0.17841501533985138 0.027078157290816307
v -0.06095719709992409 0.16999997198581696 0.03398760408163071
v -0.06301560997962952 0.17841501533985138 0.027078157290816307
v -0.06250660866498947 0.16999997198581696 0.029885657131671906
v -0.06464489549398422 0.16999997198581696 0.022656980901956558
v -0.0645827054977417 0.16999997198581696 0.022911716252565384
v -0.0651174932718277 0.178388774394989 0.019914820790290833
v -0.0651174932718277 0.178388774394989 0.019914820790290833
v -0.0645827054977417 0.16999997198581696 0.022911716252565384
v -0.06356268376111984 0.16999997198581696 0.02708977833390236
v -0.0651174932718277 0.178388774394989 0.019914820790290833
v -0.06356268376111984 0.16999997198581696 0.02708977833390236
v -0.06301560997962952 0.17841501533985138 0.027078157290816307
v -0.06301560997962952 0.17841501533985138 0.027078157290816307
v -0.06356268376111984 0.16999997198581696 0.02708977833390236
v -0.06258382648229599 0.16999997198581696 0.029681233689188957
v -0.06301560997962952 0.17841501533985138 0.027078157290816307
v -0.06258382648229599 0.16999997198581696 0.029681233689188957
v -0.06250660866498947 0.16999997198581696 0.029885657131671906
v -0.06464489549398422 0.16999997198581696 0.022656980901956558
v -0.0651174932718277 0.178388774394989 0.019914820790290833
v -0.06525824218988419 0.16999995708465576 0.02014468051493168
v -0.06525824218988419 0.16999995708465576 0.02014468051493168
v -0.0651174932718277 0.178388774394989 0.019914820790290833
v -0.06634515523910522 0.17836308479309082 0.012554207816720009
v -0.06525824218988419 0.16999995708465576 0.02014468051493168
v -0.06634515523910522 0.17836308479309082 0.012554207816720009
v -0.06579306721687317 0.16999995708465576 0.01573556289076805
v -0.06646358221769333 0.17407537996768951 0.006858852691948414
v -0.06623496860265732 0.16999995708465576 0.008465598337352276
v -0.06611189246177673 0.16999995708465576 0.013107126578688622
v -0.06679858267307281 0.18004755675792694 0.0045043108984827995
v -0.0667041540145874 0.1783641278743744 0.005168006289750338
v -0.06634515523910522 0.17836308479309082 0.012554207816720009
v -0.06634515523910522 0.17836308479309082 0.012554207816720009
v -0.0667041540145874 0.1783641278743744 0.005168006289750338
v -0.06646358221769333 0.17407537996768951 0.006858852691948414
v -0.06646358221769333 0.17407537996768951 0.006858852691948414
v -0.06611189246177673 0.16999995708465576 0.013107126578688622
v -0.06634515523910522 0.17836308479309082 0.012554207816720009
v -0.06634515523910522 0.17836308479309082 0.012554207816720009
v -0.06611189246177673 0.16999995708465576 0.013107126578688622
v -0.06582990288734436 0.16999995708465576 0.015431882813572884
v -0.06634515523910522 0.17836308479309082 0.012554207816720009
v -0.06582990288734436 0.16999995708465576 0.015431882813572884
v -0.06579306721687317 0.16999995708465576 0.01573556289076805
v -0.06743178516626358 0.19540539383888245 0.0007011570269241929
v -0.06721826642751694 0.18920017778873444 0.0019183263648301363
v -0.06674057245254517 0.18695494532585144 0.010022507980465889
v -0.06674057245254517 0.18695494532585144 0.010022507980465889
v -0.06721826642751694 0.18920017778873444 0.0019183263648301363
v -0.06717665493488312 0.18799082934856415 0.0021555402781814337
v -0.06674057245254517 0.18695494532585144 0.010022507980465889
v -0.06717665493488312 0.18799082934856415 0.0021555402781814337
v -0.06712642312049866 0.1869354397058487 0.002467615529894829
v -0.06712642312049866 0.1869354397058487 0.002467615529894829
v -0.06679858267307281 0.18004755675792694 0.0045043108984827995
v -0.06674057245254517 0.18695494532585144 0.010022507980465889
v -0.06674057245254517 0.18695494532585144 0.010022507980465889
v -0.06679858267307281 0.18004755675792694 0.0045043108984827995
v -0.06634515523910522 0.17836308479309082 0.012554207816720009
v -0.06674057245254517 0.18695494532585144 0.010022507980465889
v -0.06634515523910522 0.17836308479309082 0.012554207816720009
v -0.06548459082841873 0.18698877096176147 0.017530959099531174
v -0.06548459082841873 0.18698877096176147 0.017530959099531174
v -0.06634515523910522 0.17836308479309082 0.012554207816720009
v -0.0651174932718277 0.178388774394989 0.019914820790290833
v -0.06548459082841873 0.18698877096176147 0.017530959099531174
v -0.0651174932718277 0.178388774394989 0.019914820790290833
v -0.06336209923028946 0.1870230734348297 0.024846678599715233
v -0.06336209923028946 0.1870230734348297 0.024846678599715233
v -0.0651174932718277 0.178388774394989 0.019914820790290833
v -0.06301560997962952 0.17841501533985138 0.027078157290816307
v -0.06336209923028946 0.1870230734348297 0.024846678599715233
v -0.06301560997962952 0.17841501533985138 0.027078157290816307
v -0.06040520593523979 0.18705631792545319 0.03186947852373123
v -0.06040520593523979 0.18705631792545319 0.03186947852373123
v -0.06301560997962952 0.17841501533985138 0.027078157290816307
v -0.06007610633969307 0.17844007909297943 0.03394165635108948
v -0.06040520593523979 0.18705631792545319 0.03186947852373123
v -0.06007610633969307 0.17844007909297943 0.03394165635108948
v -0.05667136609554291 0.18708796799182892 0.03851259872317314
v -0.05667136609554291 0.18708796799182892 0.03851259872317314
v -0.06007610633969307 0.17844007909297943 0.03394165635108948
v -0.05736236274242401 0.16999998688697815 0.04084387794137001
v -0.05667136609554291 0.18708796799182892 0.03851259872317314
v -0.05736236274242401 0.16999998688697815 0.04084387794137001
v -0.05606120452284813 0.16999998688697815 0.04276688024401665
v -0.041697729378938675 0.1846545934677124 0.05591118708252907
v -0.04168418422341347 0.18719379603862762 0.055580638349056244
v -0.04718403518199921 0.18715043365955353 0.05040745437145233
v -0.04718403518199921 0.18715043365955353 0.05040745437145233
v -0.04168418422341347 0.18719379603862762 0.055580638349056244
v -0.047289859503507614 0.1959032118320465 0.0493762232363224
v -0.04718403518199921 0.18715043365955353 0.05040745437145233
v -0.047289859503507614 0.1959032118320465 0.0493762232363224
v -0.05223678797483444 0.18711881339550018 0.044708769768476486
v -0.05223678797483444 0.18711881339550018 0.044708769768476486
v -0.047289859503507614 0.1959032118320465 0.0493762232363224
v -0.05242189019918442 0.19588011503219604 0.04360082745552063
v -0.05223678797483444 0.18711881339550018 0.044708769768476486
v -0.05242189019918442 0.19588011503219604 0.04360082745552063
v -0.05667136609554291 0.18708796799182892 0.03851259872317314
v -0.05667136609554291 0.18708796799182892 0.03851259872317314
v -0.05242189019918442 0.19588011503219604 0.04360082745552063
v -0.05689329653978348 0.19585758447647095 0.03729607164859772
v -0.05667136609554291 0.18708796799182892 0.03851259872317314
v -0.05689329653978348 0.19585758447647095 0.03729607164859772
v -0.06040520593523979 0.18705631792545319 0.03186947852373123
v -0.06040520593523979 0.18705631792545319 0.03186947852373123
v -0.05689329653978348 0.19585758447647095 0.03729607164859772
v -0.06063900887966156 0.1958349049091339 0.03053467348217964
v -0.06040520593523979 0.18705631792545319 0.03186947852373123
v -0.06063900887966156 0.1958349049091339 0.03053467348217964
v -0.06336209923028946 0.1870230734348297 0.024846678599715233
v -0.06336209923028946 0.1870230734348297 0.024846678599715233
v -0.06063900887966156 0.1958349049091339 0.03053467348217964
v -0.06360135227441788 0.19581161439418793 0.023396868258714676
v -0.06336209923028946 0.1870230734348297 0.024846678599715233
v -0.06360135227441788 0.19581161439418793 0.023396868258714676
v -0.06548459082841873 0.18698877096176147 0.017530959099531174
v -0.06548459082841873 0.18698877096176147 0.017530959099531174
v -0.06360135227441788 0.19581161439418793 0.023396868258714676
v -0.0657382532954216 0.19578786194324493 0.01597295142710209
v -0.06548459082841873 0.18698877096176147 0.017530959099531174
v -0.0657382532954216 0.19578786194324493 0.01597295142710209
v -0.06674057245254517 0.18695494532585144 0.010022507980465889
v -0.06674057245254517 0.18695494532585144 0.010022507980465889
v -0.0657382532954216 0.19578786194324493 0.01597295142710209
v -0.06702077388763428 0.19576424360275269 0.008358800783753395
v -0.06674057245254517 0.18695494532585144 0.010022507980465889
v -0.06702077388763428 0.19576424360275269 0.008358800783753395
v -0.06743178516626358 0.19540539383888245 0.0007011570269241929
v -0.06743178516626358 0.19540539383888245 0.0007011570269241929
v -0.06702077388763428 0.19576424360275269 0.008358800783753395
v -0.06743761897087097 0.19574284553527832 0.0006700411322526634
v -0.03813054412603378 0.09409613907337189 0.009079494513571262
v -0.03882645443081856 0.09013786166906357 0.010167942382395267
v -0.04581236466765404 0.08510866016149521 0.012693086639046669
v -0.016369184479117393 0.08853396028280258 0.006629421375691891
v -0.01640222780406475 0.08679335564374924 0.005816344637423754
v -0.024658741429448128 0.08437856286764145 0.00596114294603467
v -0.0358872190117836 0.10637684911489487 0.0024617346934974194
v -0.02901008352637291 0.11018499732017517 -0.001104795141145587
v -0.030224710702896118 0.1023792028427124 0.004249182995408773
v -0.07825516909360886 0.028088584542274475 0.04402158036828041
v -0.07650066167116165 0.034628819674253464 0.04738360643386841
v -0.07553078234195709 0.04232568293809891 0.04303765669465065
v -0.06706872582435608 0.07524953782558441 0.03369485214352608
v -0.06848566979169846 0.06917236000299454 0.03463780879974365
v -0.07212171703577042 0.05589566379785538 0.04536129906773567
v -0.008250752463936806 0.08505719900131226 -4.872809995504213e-07
v -0.01617051474750042 0.08387209475040436 -6.563316787833173e-07
v -0.016407649964094162 0.08426754176616669 0.0026139242108911276
v -0.07887236773967743 0.01970830373466015 0.04644988849759102
v -0.0785730704665184 0.020803630352020264 0.04728895053267479
v -0.07825516909360886 0.028088584542274475 0.04402158036828041
v -0.07103868573904037 0.05444381758570671 0.05673990771174431
v -0.07044559717178345 0.057913701981306076 0.056510720402002335
v -0.06921909749507904 0.06971219182014465 0.04447515308856964
v -0.06717665493488312 0.18799082934856415 0.0021555402781814337
v -0.06721826642751694 0.18920017778873444 0.0019183263648301363
v -0.06608550995588303 0.19039122760295868 -0.01078047975897789
v -0.047520607709884644 0.2044999748468399 -0.04820705205202103
v -0.04290559142827988 0.20449960231781006 -0.05233384296298027
v -0.04309803247451782 0.194014772772789 -0.05126339942216873
v -0.04213382676243782 0.20449954271316528 -0.05302396044135094
v -0.037520550191402435 0.20449966192245483 -0.056339096277952194
v -0.03770913556218147 0.1943787783384323 -0.05547955632209778
v -0.03623729571700096 0.20449969172477722 -0.05726125091314316
v -0.03177037090063095 0.2044999748468399 -0.05979796126484871
v -0.03192484751343727 0.1946953684091568 -0.05913206562399864
v -0.029952993616461754 0.20450007915496826 -0.06083002686500549
v -0.025709588080644608 0.20450030267238617 -0.06267645210027695
v -0.02581147849559784 0.19496209919452667 -0.06217674911022186
v -0.02335445210337639 0.20450043678283691 -0.06370124220848083
v -0.019396627321839333 0.20450051128864288 -0.0649467259645462
v -0.01944001205265522 0.19517651200294495 -0.06457507610321045
v -0.016538074240088463 0.20450055599212646 -0.065846286714077
v -0.012892279773950577 0.2045004665851593 -0.06658569723367691
v -0.012888330966234207 0.19533562660217285 -0.06630199402570724
v -0.009580343030393124 0.20450037717819214 -0.06725738942623138
v -0.006260002963244915 0.2045002281665802 -0.0675777792930603
v -0.006236231420189142 0.19543643295764923 -0.06733974069356918
v -0.002589735435321927 0.20450006425380707 -0.06793192774057388
v 0.00043624371755868196 0.2045000046491623 -0.06799943745136261
v 0.00043624371755868196 0.19549188017845154 -0.06743757426738739
v -0.05261334031820297 0.2045004665851593 -0.042538080364465714
v -0.05235731974244118 0.2045004516839981 -0.04282306879758835
v -0.05247435346245766 0.1931544840335846 -0.04135627672076225
v -0.05247435346245766 0.1931544840335846 -0.04135627672076225
v -0.05235731974244118 0.2045004516839981 -0.04282306879758835
v -0.0478706881403923 0.2045000046491623 -0.04781736060976982
v -0.05247435346245766 0.1931544840335846 -0.04135627672076225
v -0.0478706881403923 0.2045000046491623 -0.04781736060976982
v -0.04803624376654625 0.19360578060150146 -0.046536825597286224
v -0.0625782459974289 0.19826921820640564 -0.024981951341032982
v -0.06063375622034073 0.20450006425380707 -0.02990388125181198
v -0.05641459673643112 0.19882382452487946 -0.036896973848342896
v -0.05641459673643112 0.19882382452487946 -0.036896973848342896
v -0.06063375622034073 0.20450006425380707 -0.02990388125181198
v -0.057023461908102036 0.20450034737586975 -0.03636164963245392
v -0.05641459673643112 0.19882382452487946 -0.036896973848342896
v -0.057023461908102036 0.20450034737586975 -0.03636164963245392
v -0.056290917098522186 0.20450036227703094 -0.037387583404779434
v -0.0657920241355896 0.20449994504451752 -0.015416886657476425
v -0.06356608122587204 0.2044999897480011 -0.02296791411936283
v -0.0625782459974289 0.19826921820640564 -0.024981951341032982
v -0.0625782459974289 0.19826921820640564 -0.024981951341032982
v -0.06356608122587204 0.2044999897480011 -0.02296791411936283
v -0.06248725578188896 0.2045000195503235 -0.02551971562206745
v -0.0625782459974289 0.19826921820640564 -0.024981951341032982
v -0.06248725578188896 0.2045000195503235 -0.02551971562206745
v -0.06063375622034073 0.20450006425380707 -0.02990388125181198
v -0.06756336987018585 0.2045000046491623 1.9633464489743346e-06
v -0.06713259220123291 0.2044999599456787 -0.007637381553649902
v -0.06755400449037552 0.20247004926204681 4.97351647936739e-05
v -0.06755400449037552 0.20247004926204681 4.97351647936739e-05
v -0.06713259220123291 0.2044999599456787 -0.007637381553649902
v -0.06626266986131668 0.2044999599456787 -0.012685684487223625
v -0.06755400449037552 0.20247004926204681 4.97351647936739e-05
v -0.06626266986131668 0.2044999599456787 -0.012685684487223625
v -0.06746018677949905 0.19704708456993103 0.0005497795646078885
v -0.06746018677949905 0.19704708456993103 0.0005497795646078885
v -0.06626266986131668 0.2044999599456787 -0.012685684487223625
v -0.06629979610443115 0.19765780866146088 -0.012149333022534847
v -0.06746018677949905 0.19704708456993103 0.0005497795646078885
v -0.06629979610443115 0.19765780866146088 -0.012149333022534847
v -0.06743761897087097 0.19574284553527832 0.0006700411322526634
v -0.06743761897087097 0.19574284553527832 0.0006700411322526634
v -0.06629979610443115 0.19765780866146088 -0.012149333022534847
v -0.06608550995588303 0.19039122760295868 -0.01078047975897789
v -0.06743761897087097 0.19574284553527832 0.0006700411322526634
v -0.06608550995588303 0.19039122760295868 -0.01078047975897789
v -0.06743178516626358 0.19540539383888245 0.0007011570269241929
v -0.06743178516626358 0.19540539383888245 0.0007011570269241929
v -0.06608550995588303 0.19039122760295868 -0.01078047975897789
v -0.06721826642751694 0.18920017778873444 0.0019183263648301363
v -0.0667041540145874 0.1783641278743744 0.005168006289750338
v -0.06679858267307281 0.18004755675792694 0.0045043108984827995
v -0.06541084498167038 0.17626649141311646 -0.0061047072522342205
v -0.06541084498167038 0.17626649141311646 -0.0061047072522342205
v -0.06679858267307281 0.18004755675792694 0.0045043108984827995
v -0.06608550995588303 0.19039122760295868 -0.01078047975897789
v -0.06608550995588303 0.19039122760295868 -0.01078047975897789
v -0.06679858267307281 0.18004755675792694 0.0045043108984827995
v -0.06712642312049866 0.1869354397058487 0.002467615529894829
v -0.06608550995588303 0.19039122760295868 -0.01078047975897789
v -0.06712642312049866 0.1869354397058487 0.002467615529894829
v -0.06717665493488312 0.18799082934856415 0.0021555402781814337
v -0.06467878073453903 0.1626780927181244 0.0003559364122338593
v -0.06623496860265732 0.16999995708465576 0.008465598337352276
v -0.06541084498167038 0.17626649141311646 -0.0061047072522342205
v -0.06541084498167038 0.17626649141311646 -0.0061047072522342205
v -0.06623496860265732 0.16999995708465576 0.008465598337352276
v -0.06646358221769333 0.17407537996768951 0.006858852691948414
v -0.06541084498167038 0.17626649141311646 -0.0061047072522342205
v -0.06646358221769333 0.17407537996768951 0.006858852691948414
v -0.0667041540145874 0.1783641278743744 0.005168006289750338
v -0.06487754732370377 0.14282751083374023 0.02262621745467186
v -0.06500165909528732 0.14559191465377808 0.021109553053975105
v -0.06409233808517456 0.1494942009449005 0.007803009357303381
v -0.06409233808517456 0.1494942009449005 0.007803009357303381
v -0.06500165909528732 0.14559191465377808 0.021109553053975105
v -0.0650484561920166 0.14663419127464294 0.0205377247184515
v -0.0650484561920166 0.14663419127464294 0.0205377247184515
v -0.06558287143707275 0.15853729844093323 0.014007198624312878
v -0.06409233808517456 0.1494942009449005 0.007803009357303381
v -0.06409233808517456 0.1494942009449005 0.007803009357303381
v -0.06558287143707275 0.15853729844093323 0.014007198624312878
v -0.06559499353170395 0.15875037014484406 0.013904190622270107
v -0.06409233808517456 0.1494942009449005 0.007803009357303381
v -0.06559499353170395 0.15875037014484406 0.013904190622270107
v -0.06467878073453903 0.1626780927181244 0.0003559364122338593
v -0.06467878073453903 0.1626780927181244 0.0003559364122338593
v -0.06559499353170395 0.15875037014484406 0.013904190622270107
v -0.06564320623874664 0.15959787368774414 0.01349447201937437
v -0.06467878073453903 0.1626780927181244 0.0003559364122338593
v -0.06564320623874664 0.15959787368774414 0.01349447201937437
v -0.06623496860265732 0.16999995708465576 0.008465598337352276
v -0.06472400575876236 0.1176849752664566 0.03657780587673187
v -0.06461384147405624 0.12251786142587662 0.03404810279607773
v -0.06383830308914185 0.12357288599014282 0.023221857845783234
v -0.06383830308914185 0.12357288599014282 0.023221857845783234
v -0.06461384147405624 0.12251786142587662 0.03404810279607773
v -0.06460179388523102 0.12304636090993881 0.033771466463804245
v -0.06472400575876236 0.1176849752664566 0.03657780587673187
v -0.06383830308914185 0.12357288599014282 0.023221857845783234
v -0.06488821655511856 0.11048102378845215 0.04034861549735069
v -0.06488821655511856 0.11048102378845215 0.04034861549735069
v -0.06383830308914185 0.12357288599014282 0.023221857845783234
v -0.06434666365385056 0.11045969277620316 0.030307982116937637
v -0.06488821655511856 0.11048102378845215 0.04034861549735069
v -0.06434666365385056 0.11045969277620316 0.030307982116937637
v -0.06489940732717514 0.11026822030544281 0.04044778272509575
v -0.0663023367524147 0.08896132558584213 0.04968048259615898
v -0.06560058146715164 0.09771887958049774 0.04619399085640907
v -0.06537312269210815 0.09709756821393967 0.03647736459970474
v -0.06537312269210815 0.09709756821393967 0.03647736459970474
v -0.06560058146715164 0.09771887958049774 0.04619399085640907
v -0.06548035889863968 0.09921921044588089 0.045596688985824585
v -0.06537312269210815 0.09709756821393967 0.03647736459970474
v -0.06548035889863968 0.09921921044588089 0.045596688985824585
v -0.06434666365385056 0.11045969277620316 0.030307982116937637
v -0.06434666365385056 0.11045969277620316 0.030307982116937637
v -0.06548035889863968 0.09921921044588089 0.045596688985824585
v -0.06526072323322296 0.10339631885290146 0.04365013167262077
v -0.06434666365385056 0.11045969277620316 0.030307982116937637
v -0.06526072323322296 0.10339631885290146 0.04365013167262077
v -0.06489940732717514 0.11026822030544281 0.04044778272509575
v -0.0680743083357811 0.07349126040935516 0.054203350096940994
v -0.06730570644140244 0.07945183664560318 0.05275510996580124
v -0.06697891652584076 0.08348482847213745 0.0413401797413826
v -0.06697891652584076 0.08348482847213745 0.0413401797413826
v -0.06730570644140244 0.07945183664560318 0.05275510996580124
v -0.06673894822597504 0.08482334017753601 0.05101838335394859
v -0.06697891652584076 0.08348482847213745 0.0413401797413826
v -0.06673894822597504 0.08482334017753601 0.05101838335394859
v -0.06537312269210815 0.09709756821393967 0.03647736459970474
v -0.06537312269210815 0.09709756821393967 0.03647736459970474
v -0.06673894822597504 0.08482334017753601 0.05101838335394859
v -0.0663294568657875 0.08870430290699005 0.04976358637213707
v -0.06537312269210815 0.09709756821393967 0.03647736459970474
v -0.0663294568657875 0.08870430290699005 0.04976358637213707
v -0.0663023367524147 0.08896132558584213 0.04968048259615898
v -0.0680743083357811 0.07349126040935516 0.054203350096940994
v -0.06697891652584076 0.08348482847213745 0.0413401797413826
v -0.06831882148981094 0.07159505784511566 0.05466407164931297
v -0.06831882148981094 0.07159505784511566 0.05466407164931297
v -0.06697891652584076 0.08348482847213745 0.0413401797413826
v -0.06801661103963852 0.07661046087741852 0.043151501566171646
v -0.06831882148981094 0.07159505784511566 0.05466407164931297
v -0.06801661103963852 0.07661046087741852 0.043151501566171646
v -0.0684516504406929 0.07056491822004318 0.054914362728595734
v -0.07044559717178345 0.057913701981306076 0.056510720402002335
v -0.07041756808757782 0.058077700436115265 0.05649988725781441
v -0.06921909749507904 0.06971219182014465 0.04447515308856964
v -0.06921909749507904 0.06971219182014465 0.04447515308856964
v -0.07041756808757782 0.058077700436115265 0.05649988725781441
v -0.06970608979463577 0.06224023178219795 0.05622494965791702
v -0.06921909749507904 0.06971219182014465 0.04447515308856964
v -0.06970608979463577 0.06224023178219795 0.05622494965791702
v -0.06801661103963852 0.07661046087741852 0.043151501566171646
v -0.06801661103963852 0.07661046087741852 0.043151501566171646
v -0.06970608979463577 0.06224023178219795 0.05622494965791702
v -0.06917925924062729 0.06573636084794998 0.05567454174160957
v -0.06801661103963852 0.07661046087741852 0.043151501566171646
v -0.06917925924062729 0.06573636084794998 0.05567454174160957
v -0.0684516504406929 0.07056491822004318 0.054914362728595734
v -0.07242120057344437 0.04716034606099129 0.056506261229515076
v -0.07186789810657501 0.05007530748844147 0.05659976974129677
v -0.07058954983949661 0.06280326843261719 0.04524407163262367
v -0.07058954983949661 0.06280326843261719 0.04524407163262367
v -0.07186789810657501 0.05007530748844147 0.05659976974129677
v -0.07163798809051514 0.051286522299051285 0.056638624519109726
v -0.07212171703577042 0.05589566379785538 0.04536129906773567
v -0.07342950999736786 0.04230181872844696 0.0558328814804554
v -0.07296635955572128 0.04453350976109505 0.05614218860864639
v -0.0767720639705658 0.027724040672183037 0.05144112929701805
v -0.07587097585201263 0.03146512061357498 0.05291943624615669
v -0.07650066167116165 0.034628819674253464 0.04738360643386841
v -0.07650066167116165 0.034628819674253464 0.04738360643386841
v -0.07587097585201263 0.03146512061357498 0.05291943624615669
v -0.07523775100708008 0.03409407287836075 0.053958285599946976
v -0.07650066167116165 0.034628819674253464 0.04738360643386841
v -0.07523775100708008 0.03409407287836075 0.053958285599946976
v -0.07553078234195709 0.04232568293809891 0.04303765669465065
v -0.07553078234195709 0.04232568293809891 0.04303765669465065
v -0.07523775100708008 0.03409407287836075 0.053958285599946976
v -0.07510075718164444 0.0347050316631794 0.05411466211080551
v -0.07553078234195709 0.04232568293809891 0.04303765669465065
v -0.07510075718164444 0.0347050316631794 0.05411466211080551
v -0.0737878754734993 0.049029722809791565 0.044682007282972336
v -0.0737878754734993 0.049029722809791565 0.044682007282972336
v -0.07510075718164444 0.0347050316631794 0.05411466211080551
v -0.07438620924949646 0.03789171576499939 0.05493031442165375
v -0.0737878754734993 0.049029722809791565 0.044682007282972336
v -0.07438620924949646 0.03789171576499939 0.05493031442165375
v -0.07382956892251968 0.04037416726350784 0.05556571111083031
v -0.0785730704665184 0.020803630352020264 0.04728895053267479
v -0.07823959738016129 0.022024037316441536 0.0482238307595253
v -0.07825516909360886 0.028088584542274475 0.04402158036828041
v -0.07825516909360886 0.028088584542274475 0.04402158036828041
v -0.07823959738016129 0.022024037316441536 0.0482238307595253
v -0.077381432056427 0.02535722404718399 0.05010520666837692
v -0.07825516909360886 0.028088584542274475 0.04402158036828041
v -0.077381432056427 0.02535722404718399 0.05010520666837692
v -0.07650066167116165 0.034628819674253464 0.04738360643386841
v -0.07650066167116165 0.034628819674253464 0.04738360643386841
v -0.077381432056427 0.02535722404718399 0.05010520666837692
v -0.07683951407670975 0.02746206521987915 0.051293257623910904
v -0.07650066167116165 0.034628819674253464 0.04738360643386841
v -0.07683951407670975 0.02746206521987915 0.051293257623910904
v -0.0767720639705658 0.027724040672183037 0.05144112929701805
v -0.08198483288288116 0.008965772576630116 0.03502758592367172
v -0.08171050250530243 0.009870216250419617 0.03623728081583977
v -0.08141356706619263 0.017279421910643578 0.034090109169483185
v -0.08141356706619263 0.017279421910643578 0.034090109169483185
v -0.08171050250530243 0.009870216250419617 0.03623728081583977
v -0.08158165961503983 0.010294993408024311 0.036805421113967896
v -0.0808643251657486 0.012659982778131962 0.039968594908714294
v -0.08029017597436905 0.014650573953986168 0.04198875650763512
v -0.07992115616798401 0.02223747782409191 0.0395553857088089
v -0.07992115616798401 0.02223747782409191 0.0395553857088089
v -0.08029017597436905 0.014650573953986168 0.04198875650763512
v -0.08022162318229675 0.014888270758092403 0.04222998395562172
v -0.07992115616798401 0.02223747782409191 0.0395553857088089
v -0.08022162318229675 0.014888270758092403 0.04222998395562172
v -0.07961005717515945 0.017008602619171143 0.04438181594014168
v -0.08361256867647171 0.003948951605707407 0.024766569957137108
v -0.08297170698642731 0.00586785888299346 0.029472053050994873
v -0.08266201615333557 0.01334666833281517 0.02780565805733204
v -0.08266201615333557 0.01334666833281517 0.02780565805733204
v -0.08297170698642731 0.00586785888299346 0.029472053050994873
v -0.08295532315969467 0.005916910711675882 0.02959233708679676
v -0.08266201615333557 0.01334666833281517 0.02780565805733204
v -0.08295532315969467 0.005916910711675882 0.02959233708679676
v -0.08270061016082764 0.0067170970141887665 0.03101884014904499
v -0.08429712802171707 0.001980417175218463 0.01818733662366867
v -0.08391712605953217 0.003060647752135992 0.02207864820957184
v -0.08362069725990295 0.010486598126590252 0.020911138504743576
v -0.08362069725990295 0.010486598126590252 0.020911138504743576
v -0.08391712605953217 0.003060647752135992 0.02207864820957184
v -0.08376124501228333 0.0035037738271057606 0.023674920201301575
v -0.08480978012084961 0.0005963795119896531 0.01043403148651123
v -0.08474941551685333 0.0007575719500891864 0.011407319456338882
v -0.08427154272794724 0.008678487502038479 0.013611961156129837
v -0.08427154272794724 0.008678487502038479 0.013611961156129837
v -0.08474941551685333 0.0007575719500891864 0.011407319456338882
v -0.08456683158874512 0.0012451630318537354 0.014351419173181057
v -0.08427154272794724 0.008678487502038479 0.013611961156129837
v -0.08456683158874512 0.0012451630318537354 0.014351419173181057
v -0.08438429981470108 0.0017326152883470058 0.017294680699706078
v -0.08505656570196152 1.1034963790734764e-05 -8.737372492184647e-10
v -0.08502736687660217 6.897468847455457e-05 0.0029864078387618065
v -0.08502469211816788 0.0023470569867640734 1.7279750963439255e-08
v -0.08502469211816788 0.0023470569867640734 1.7279750963439255e-08
v -0.08502736687660217 6.897468847455457e-05 0.0029864078387618065
v -0.08492624759674072 0.000314062723191455 0.006447360850870609
v -0.08502469211816788 0.0023470569867640734 1.7279750963439255e-08
v -0.08492624759674072 0.000314062723191455 0.006447360850870609
v -0.08462654054164886 0.007598640397191048 1.24906307519268e-07
v -0.08462654054164886 0.007598640397191048 1.24906307519268e-07
v -0.08492624759674072 0.000314062723191455 0.006447360850870609
v -0.08462291210889816 0.007784885820001364 0.006096851546317339
v -0.08462654054164886 0.007598640397191048 1.24906307519268e-07
v -0.08462291210889816 0.007784885820001364 0.006096851546317339
v -0.08440102636814117 0.010573179461061954 1.858668525756002e-07
v -0.08348646014928818 0.01606464944779873 0.00570635637268424
v -0.0834718570113182 0.015914874151349068 2.213102163750591e-07
v -0.08440102636814117 0.010573179461061954 1.858668525756002e-07
v -0.08154857158660889 0.024203360080718994 0.005323691293597221
v -0.08150491863489151 0.024077992886304855 1.4123283165190514e-07
v -0.08298413455486298 0.018718726933002472 2.399144420905941e-07
v -0.07882380485534668 0.03212717920541763 0.004952696152031422
v -0.07873110473155975 0.03200532868504524 8.20862400274791e-09
v -0.08154857158660889 0.024203360080718994 0.005323691293597221
v -0.08154857158660889 0.024203360080718994 0.005323691293597221
v -0.07873110473155975 0.03200532868504524 8.20862400274791e-09
v -0.08076950162649155 0.026742443442344666 9.217158236651812e-08
v -0.08154857158660889 0.024203360080718994 0.005323691293597221
v -0.08076950162649155 0.026742443442344666 9.217158236651812e-08
v -0.08150491863489151 0.024077992886304855 1.4123283165190514e-07
v -0.07533106207847595 0.03976234793663025 0.004597220104187727
v -0.07109840214252472 0.047035716474056244 0.004260950721800327
v -0.07094565778970718 0.046882640570402145 1.8843062221662876e-08
v -0.07094565778970718 0.046882640570402145 1.8843062221662876e-08
v -0.07360928505659103 0.0427473746240139 -3.3031017210305436e-07
v -0.07533106207847595 0.03976234793663025 0.004597220104187727
v -0.07533106207847595 0.03976234793663025 0.004597220104187727
v -0.07360928505659103 0.0427473746240139 -3.3031017210305436e-07
v -0.07520166039466858 0.03963010385632515 -2.1363443636346346e-07
v -0.07533106207847595 0.03976234793663025 0.004597220104187727
v -0.07520166039466858 0.03963010385632515 -2.1363443636346346e-07
v -0.07882380485534668 0.03212717920541763 0.004952696152031422
v -0.07882380485534668 0.03212717920541763 0.004952696152031422
v -0.07520166039466858 0.03963010385632515 -2.1363443636346346e-07
v -0.07758507132530212 0.03496425971388817 -3.899747369473516e-08
v -0.07882380485534668 0.03212717920541763 0.004952696152031422
v -0.07758507132530212 0.03496425971388817 -3.899747369473516e-08
v -0.07873110473155975 0.03200532868504524 8.20862400274791e-09
v -0.06615893542766571 0.05387488380074501 0.003947422839701176
v -0.060556355863809586 0.060210131108760834 0.003659680485725403
v -0.06038840487599373 0.059987396001815796 4.3408551420043295e-08
v -0.06038840487599373 0.059987396001815796 4.3408551420043295e-08
v -0.06403983384370804 0.05615490302443504 1.8780258415063145e-07
v -0.06615893542766571 0.05387488380074501 0.003947422839701176
v -0.06615893542766571 0.05387488380074501 0.003947422839701176
v -0.06403983384370804 0.05615490302443504 1.8780258415063145e-07
v -0.06598950177431107 0.053687773644924164 2.1664550331479404e-07
v -0.06615893542766571 0.05387488380074501 0.003947422839701176
v -0.06598950177431107 0.053687773644924164 2.1664550331479404e-07
v -0.07109840214252472 0.047035716474056244 0.004260950721800327
v -0.07109840214252472 0.047035716474056244 0.004260950721800327
v -0.06598950177431107 0.053687773644924164 2.1664550331479404e-07
v -0.06908706575632095 0.04976808652281761 2.624701664899476e-07
v -0.07109840214252472 0.047035716474056244 0.004260950721800327
v -0.06908706575632095 0.04976808652281761 2.624701664899476e-07
v -0.07094565778970718 0.046882640570402145 1.8843062221662876e-08
v -0.05433998256921768 0.06597380340099335 0.0034005166962742805
v -0.04757033288478851 0.07110410928726196 0.0031722416169941425
v -0.0474243201315403 0.0707859992980957 -6.341168159451627e-07
v -0.0474243201315403 0.0707859992980957 -6.341168159451627e-07
v -0.052723467350006104 0.06696857511997223 -4.0613880969431193e-07
v -0.05433998256921768 0.06597380340099335 0.0034005166962742805
v -0.05433998256921768 0.06597380340099335 0.0034005166962742805
v -0.052723467350006104 0.06696857511997223 -4.0613880969431193e-07
v -0.0541749931871891 0.06570108979940414 -3.1349719620266114e-07
v -0.05433998256921768 0.06597380340099335 0.0034005166962742805
v -0.0541749931871891 0.06570108979940414 -3.1349719620266114e-07
v -0.060556355863809586 0.060210131108760834 0.003659680485725403
v -0.060556355863809586 0.060210131108760834 0.003659680485725403
v -0.0541749931871891 0.06570108979940414 -3.1349719620266114e-07
v -0.05875504016876221 0.061701755970716476 -2.118216002600093e-08
v -0.060556355863809586 0.060210131108760834 0.003659680485725403
v -0.05875504016876221 0.061701755970716476 -2.118216002600093e-08
v -0.06038840487599373 0.059987396001815796 4.3408551420043295e-08
v -0.040313467383384705 0.07554316520690918 0.0029770382679998875
v -0.032645683735609055 0.0792427733540535 0.002817149506881833
v -0.03255244344472885 0.07883129268884659 -5.356555021762688e-08
v -0.03255244344472885 0.07883129268884659 -5.356555021762688e-08
v -0.039373379200696945 0.07566925138235092 -4.053903808198811e-07
v -0.040313467383384705 0.07554316520690918 0.0029770382679998875
v -0.040313467383384705 0.07554316520690918 0.0029770382679998875
v -0.039373379200696945 0.07566925138235092 -4.053903808198811e-07
v -0.040196742862463 0.07518593221902847 -4.388741388083872e-07
v -0.040313467383384705 0.07554316520690918 0.0029770382679998875
v -0.040196742862463 0.07518593221902847 -4.388741388083872e-07
v -0.04757033288478851 0.07110410928726196 0.0031722416169941425
v -0.04757033288478851 0.07110410928726196 0.0031722416169941425
v -0.040196742862463 0.07518593221902847 -4.388741388083872e-07
v -0.04624517261981964 0.07163543999195099 -6.848457587693701e-07
v -0.04757033288478851 0.07110410928726196 0.0031722416169941425
v -0.04624517261981964 0.07163543999195099 -6.848457587693701e-07
v -0.0474243201315403 0.0707859992980957 -6.341168159451627e-07
v -0.016407649964094162 0.08426754176616669 0.0026139242108911276
v -0.01617051474750042 0.08387209475040436 -6.563316787833173e-07
v -0.024647776037454605 0.0821605697274208 0.002695023315027356
v -0.01617051474750042 0.08387209475040436 -6.563316787833173e-07
v -0.02395840734243393 0.08194661140441895 -3.3599386028981826e-07
v -0.024647776037454605 0.0821605697274208 0.002695023315027356
v -0.024647776037454605 0.0821605697274208 0.002695023315027356
v -0.02395840734243393 0.08194661140441895 -3.3599386028981826e-07
v -0.024590520188212395 0.08172549307346344 -3.08520725411654e-07
v -0.024647776037454605 0.0821605697274208 0.002695023315027356
v -0.024590520188212395 0.08172549307346344 -3.08520725411654e-07
v -0.032645683735609055 0.0792427733540535 0.002817149506881833
v -0.032645683735609055 0.0792427733540535 0.002817149506881833
v -0.024590520188212395 0.08172549307346344 -3.08520725411654e-07
v -0.03159404546022415 0.07927557826042175 -4.1312793186421e-09
v -0.032645683735609055 0.0792427733540535 0.002817149506881833
v -0.03159404546022415 0.07927557826042175 -4.1312793186421e-09
v -0.03255244344472885 0.07883129268884659 -5.356555021762688e-08
v 0.00043624371755868196 0.08550005406141281 7.592016614986138e-14
v -0.008008567616343498 0.08506954461336136 -4.7369610456371447e-07
v 0.00043624371755868196 0.08589330315589905 0.002364963758736849
v 0.00043624371755868196 0.08589330315589905 0.002364963758736849
v -0.008008567616343498 0.08506954461336136 -4.7369610456371447e-07
v -0.00801557395607233 0.0855419859290123 0.002577505772933364
v -0.05932769551873207 0.179487407207489 -0.025815896689891815
v -0.059705570340156555 0.1921384036540985 -0.0298764668405056
v -0.05610509589314461 0.18045920133590698 -0.03199859336018562
v -0.05610509589314461 0.18045920133590698 -0.03199859336018562
v -0.059705570340156555 0.1921384036540985 -0.0298764668405056
v -0.056374792009592056 0.19266416132450104 -0.03578232228755951
v -0.05610509589314461 0.18045920133590698 -0.03199859336018562
v -0.056374792009592056 0.19266416132450104 -0.03578232228755951
v -0.052300624549388885 0.18137000501155853 -0.03787582367658615
v -0.052300624549388885 0.18137000501155853 -0.03787582367658615
v -0.056374792009592056 0.19266416132450104 -0.03578232228755951
v -0.05247435346245766 0.1931544840335846 -0.04135627672076225
v -0.052300624549388885 0.18137000501155853 -0.03787582367658615
v -0.05247435346245766 0.1931544840335846 -0.04135627672076225
v -0.04793887212872505 0.18221420049667358 -0.0433758869767189
v -0.04793887212872505 0.18221420049667358 -0.0433758869767189
v -0.05247435346245766 0.1931544840335846 -0.04135627672076225
v -0.04803624376654625 0.19360578060150146 -0.046536825597286224
v -0.04793887212872505 0.18221420049667358 -0.0433758869767189
v -0.047819528728723526 0.17087708413600922 -0.03832273185253143
v -0.052300624549388885 0.18137000501155853 -0.03787582367658615
v -0.052300624549388885 0.18137000501155853 -0.03787582367658615
v -0.047819528728723526 0.17087708413600922 -0.03832273185253143
v -0.05209619924426079 0.16969498991966248 -0.03253260999917984
v -0.052300624549388885 0.18137000501155853 -0.03787582367658615
v -0.05209619924426079 0.16969498991966248 -0.03253260999917984
v -0.05610509589314461 0.18045920133590698 -0.03199859336018562
v -0.05610509589314461 0.18045920133590698 -0.03199859336018562
v -0.05209619924426079 0.16969498991966248 -0.03253260999917984
v -0.0557977668941021 0.16843269765377045 -0.02638137899339199
v -0.05610509589314461 0.18045920133590698 -0.03199859336018562
v -0.0557977668941021 0.16843269765377045 -0.02638137899339199
v -0.05932769551873207 0.179487407207489 -0.025815896689891815
v -0.060996782034635544 0.15329764783382416 -0.006055469624698162
v -0.06142061948776245 0.16568772494792938 -0.013301480561494827
v -0.0557977668941021 0.16843269765377045 -0.02638137899339199
v -0.0557977668941021 0.16843269765377045 -0.02638137899339199
v -0.06142061948776245 0.16568772494792938 -0.013301480561494827
v -0.06195656210184097 0.1784607172012329 -0.019396226853132248
v -0.0557977668941021 0.16843269765377045 -0.02638137899339199
v -0.06195656210184097 0.1784607172012329 -0.019396226853132248
v -0.05932769551873207 0.179487407207489 -0.025815896689891815
v -0.05932769551873207 0.179487407207489 -0.025815896689891815
v -0.06195656210184097 0.1784607172012329 -0.019396226853132248
v -0.06244480237364769 0.19158139824867249 -0.023700404912233353
v -0.05932769551873207 0.179487407207489 -0.025815896689891815
v -0.06244480237364769 0.19158139824867249 -0.023700404912233353
v -0.059705570340156555 0.1921384036540985 -0.0298764668405056
v -0.059705570340156555 0.1921384036540985 -0.0298764668405056
v -0.06244480237364769 0.19158139824867249 -0.023700404912233353
v -0.0625782459974289 0.19826921820640564 -0.024981951341032982
v -0.059705570340156555 0.1921384036540985 -0.0298764668405056
v -0.0625782459974289 0.19826921820640564 -0.024981951341032982
v -0.056374792009592056 0.19266416132450104 -0.03578232228755951
v -0.056374792009592056 0.19266416132450104 -0.03578232228755951
v -0.0625782459974289 0.19826921820640564 -0.024981951341032982
v -0.05641459673643112 0.19882382452487946 -0.036896973848342896
v -0.056374792009592056 0.19266416132450104 -0.03578232228755951
v -0.05641459673643112 0.19882382452487946 -0.036896973848342896
v -0.05247435346245766 0.1931544840335846 -0.04135627672076225
v -0.05247435346245766 0.1931544840335846 -0.04135627672076225
v -0.05641459673643112 0.19882382452487946 -0.036896973848342896
v -0.056290917098522186 0.20450036227703094 -0.037387583404779434
v -0.05247435346245766 0.1931544840335846 -0.04135627672076225
v -0.056290917098522186 0.20450036227703094 -0.037387583404779434
v -0.05261334031820297 0.2045004665851593 -0.042538080364465714
v -0.05194800719618797 0.1584113985300064 -0.025713661685585976
v -0.047741763293743134 0.1599459946155548 -0.0316852405667305
v -0.04775740206241608 0.14960117638111115 -0.024204708635807037
v -0.05194800719618797 0.1584113985300064 -0.025713661685585976
v -0.04775740206241608 0.14960117638111115 -0.024204708635807037
v -0.052096445113420486 0.13726957142353058 -0.010455022566020489
v -0.0582314133644104 0.10261978954076767 0.015881957486271858
v -0.056952156126499176 0.1132795512676239 0.009999006986618042
v -0.053336791694164276 0.11699787527322769 0.0038773799315094948
v -0.053336791694164276 0.11699787527322769 0.0038773799315094948
v -0.056952156126499176 0.1132795512676239 0.009999006986618042
v -0.05610691010951996 0.12398035079240799 0.0032656679395586252
v -0.053336791694164276 0.11699787527322769 0.0038773799315094948
v -0.05610691010951996 0.12398035079240799 0.0032656679395586252
v -0.05254795029759407 0.12708625197410583 -0.003021460957825184
v -0.05254795029759407 0.12708625197410583 -0.003021460957825184
v -0.05610691010951996 0.12398035079240799 0.0032656679395586252
v -0.05563811957836151 0.13472434878349304 -0.004087245557457209
v -0.05254795029759407 0.12708625197410583 -0.003021460957825184
v -0.05563811957836151 0.13472434878349304 -0.004087245557457209
v -0.052096445113420486 0.13726957142353058 -0.010455022566020489
v -0.052096445113420486 0.13726957142353058 -0.010455022566020489
v -0.05563811957836151 0.13472434878349304 -0.004087245557457209
v -0.055564090609550476 0.15678881108760834 -0.01940067484974861
v -0.052096445113420486 0.13726957142353058 -0.010455022566020489
v -0.055564090609550476 0.15678881108760834 -0.01940067484974861
v -0.05194800719618797 0.1584113985300064 -0.025713661685585976
v -0.047819528728723526 0.17087708413600922 -0.03832273185253143
v -0.047741763293743134 0.1599459946155548 -0.0316852405667305
v -0.05209619924426079 0.16969498991966248 -0.03253260999917984
v -0.05209619924426079 0.16969498991966248 -0.03253260999917984
v -0.047741763293743134 0.1599459946155548 -0.0316852405667305
v -0.05194800719618797 0.1584113985300064 -0.025713661685585976
v -0.05209619924426079 0.16969498991966248 -0.03253260999917984
v -0.05194800719618797 0.1584113985300064 -0.025713661685585976
v -0.0557977668941021 0.16843269765377045 -0.02638137899339199
v -0.0557977668941021 0.16843269765377045 -0.02638137899339199
v -0.05194800719618797 0.1584113985300064 -0.025713661685585976
v -0.055564090609550476 0.15678881108760834 -0.01940067484974861
v -0.0557977668941021 0.16843269765377045 -0.02638137899339199
v -0.055564090609550476 0.15678881108760834 -0.01940067484974861
v -0.060996782034635544 0.15329764783382416 -0.006055469624698162
v -0.060996782034635544 0.15329764783382416 -0.006055469624698162
v -0.055564090609550476 0.15678881108760834 -0.01940067484974861
v -0.05563811957836151 0.13472434878349304 -0.004087245557457209
v -0.06626266986131668 0.2044999599456787 -0.012685684487223625
v -0.0657920241355896 0.20449994504451752 -0.015416886657476425
v -0.06629979610443115 0.19765780866146088 -0.012149333022534847
v -0.06629979610443115 0.19765780866146088 -0.012149333022534847
v -0.0657920241355896 0.20449994504451752 -0.015416886657476425
v -0.0625782459974289 0.19826921820640564 -0.024981951341032982
v -0.06629979610443115 0.19765780866146088 -0.012149333022534847
v -0.0625782459974289 0.19826921820640564 -0.024981951341032982
v -0.06608550995588303 0.19039122760295868 -0.01078047975897789
v -0.06608550995588303 0.19039122760295868 -0.01078047975897789
v -0.0625782459974289 0.19826921820640564 -0.024981951341032982
v -0.06244480237364769 0.19158139824867249 -0.023700404912233353
v -0.06608550995588303 0.19039122760295868 -0.01078047975897789
v -0.06244480237364769 0.19158139824867249 -0.023700404912233353
v -0.06541084498167038 0.17626649141311646 -0.0061047072522342205
v -0.06541084498167038 0.17626649141311646 -0.0061047072522342205
v -0.06244480237364769 0.19158139824867249 -0.023700404912233353
v -0.06195656210184097 0.1784607172012329 -0.019396226853132248
v -0.06541084498167038 0.17626649141311646 -0.0061047072522342205
v -0.06195656210184097 0.1784607172012329 -0.019396226853132248
v -0.06467878073453903 0.1626780927181244 0.0003559364122338593
v -0.06467878073453903 0.1626780927181244 0.0003559364122338593
v -0.06195656210184097 0.1784607172012329 -0.019396226853132248
v -0.06142061948776245 0.16568772494792938 -0.013301480561494827
v -0.06467878073453903 0.1626780927181244 0.0003559364122338593
v -0.06142061948776245 0.16568772494792938 -0.013301480561494827
v -0.06409233808517456 0.1494942009449005 0.007803009357303381
v -0.06409233808517456 0.1494942009449005 0.007803009357303381
v -0.06142061948776245 0.16568772494792938 -0.013301480561494827
v -0.060996782034635544 0.15329764783382416 -0.006055469624698162
v -0.06409233808517456 0.1494942009449005 0.007803009357303381
v -0.060996782034635544 0.15329764783382416 -0.006055469624698162
v -0.06089172139763832 0.1293344497680664 0.009309908375144005
v -0.06089172139763832 0.1293344497680664 0.009309908375144005
v -0.060996782034635544 0.15329764783382416 -0.006055469624698162
v -0.05563811957836151 0.13472434878349304 -0.004087245557457209
v -0.06089172139763832 0.1293344497680664 0.009309908375144005
v -0.05563811957836151 0.13472434878349304 -0.004087245557457209
v -0.061380546540021896 0.11742507666349411 0.016503354534506798
v -0.061380546540021896 0.11742507666349411 0.016503354534506798
v -0.05563811957836151 0.13472434878349304 -0.004087245557457209
v -0.05610691010951996 0.12398035079240799 0.0032656679395586252
v -0.061380546540021896 0.11742507666349411 0.016503354534506798
v -0.05610691010951996 0.12398035079240799 0.0032656679395586252
v -0.06232256069779396 0.10542953014373779 0.022919071838259697
v -0.06232256069779396 0.10542953014373779 0.022919071838259697
v -0.05610691010951996 0.12398035079240799 0.0032656679395586252
v -0.056952156126499176 0.1132795512676239 0.009999006986618042
v -0.06232256069779396 0.10542953014373779 0.022919071838259697
v -0.056952156126499176 0.1132795512676239 0.009999006986618042
v -0.06377854943275452 0.09335999190807343 0.028261084109544754
v -0.06377854943275452 0.09335999190807343 0.028261084109544754
v -0.056952156126499176 0.1132795512676239 0.009999006986618042
v -0.0582314133644104 0.10261978954076767 0.015881957486271858
v -0.06848566979169846 0.06917236000299454 0.03463780879974365
v -0.06706872582435608 0.07524953782558441 0.03369485214352608
v -0.06573902815580368 0.07542562484741211 0.029455434530973434
v -0.06573902815580368 0.07542562484741211 0.029455434530973434
v -0.06706872582435608 0.07524953782558441 0.03369485214352608
v -0.06322258710861206 0.08677208423614502 0.026414578780531883
v -0.06573902815580368 0.07542562484741211 0.029455434530973434
v -0.06322258710861206 0.08677208423614502 0.026414578780531883
v -0.060007743537425995 0.09203913807868958 0.020753661170601845
v -0.06573902815580368 0.07542562484741211 0.029455434530973434
v -0.07003829628229141 0.0630478709936142 0.03494371473789215
v -0.06848566979169846 0.06917236000299454 0.03463780879974365
v -0.06848566979169846 0.06917236000299454 0.03463780879974365
v -0.07003829628229141 0.0630478709936142 0.03494371473789215
v -0.0737878754734993 0.049029722809791565 0.044682007282972336
v -0.06848566979169846 0.06917236000299454 0.03463780879974365
v -0.0737878754734993 0.049029722809791565 0.044682007282972336
v -0.07212171703577042 0.05589566379785538 0.04536129906773567
v -0.07212171703577042 0.05589566379785538 0.04536129906773567
v -0.0737878754734993 0.049029722809791565 0.044682007282972336
v -0.07382956892251968 0.04037416726350784 0.05556571111083031
v -0.07212171703577042 0.05589566379785538 0.04536129906773567
v -0.07382956892251968 0.04037416726350784 0.05556571111083031
v -0.07342950999736786 0.04230181872844696 0.0558328814804554
v -0.04775740206241608 0.14960117638111115 -0.024204708635807037
v -0.04794313386082649 0.1397017389535904 -0.01651523821055889
v -0.052096445113420486 0.13726957142353058 -0.010455022566020489
v -0.052096445113420486 0.13726957142353058 -0.010455022566020489
v -0.04794313386082649 0.1397017389535904 -0.01651523821055889
v -0.04836948215961456 0.13005787134170532 -0.009011278860270977
v -0.052096445113420486 0.13726957142353058 -0.010455022566020489
v -0.04836948215961456 0.13005787134170532 -0.009011278860270977
v -0.05254795029759407 0.12708625197410583 -0.003021460957825184
v -0.05254795029759407 0.12708625197410583 -0.003021460957825184
v -0.04836948215961456 0.13005787134170532 -0.009011278860270977
v -0.04909512400627136 0.12055215239524841 -0.0019547513220459223
v -0.05254795029759407 0.12708625197410583 -0.003021460957825184
v -0.04909512400627136 0.12055215239524841 -0.0019547513220459223
v -0.053336791694164276 0.11699787527322769 0.0038773799315094948
v -0.053336791694164276 0.11699787527322769 0.0038773799315094948
v -0.04909512400627136 0.12055215239524841 -0.0019547513220459223
v -0.054517894983291626 0.10698742419481277 0.010034034959971905
v -0.053336791694164276 0.11699787527322769 0.0038773799315094948
v -0.054517894983291626 0.10698742419481277 0.010034034959971905
v -0.0582314133644104 0.10261978954076767 0.015881957486271858
v -0.0582314133644104 0.10261978954076767 0.015881957486271858
v -0.054517894983291626 0.10698742419481277 0.010034034959971905
v -0.060007743537425995 0.09203913807868958 0.020753661170601845
v -0.0582314133644104 0.10261978954076767 0.015881957486271858
v -0.060007743537425995 0.09203913807868958 0.020753661170601845
v -0.06377854943275452 0.09335999190807343 0.028261084109544754
v -0.06377854943275452 0.09335999190807343 0.028261084109544754
v -0.060007743537425995 0.09203913807868958 0.020753661170601845
v -0.06322258710861206 0.08677208423614502 0.026414578780531883
v -0.06377854943275452 0.09335999190807343 0.028261084109544754
v -0.06322258710861206 0.08677208423614502 0.026414578780531883
v -0.06581290811300278 0.08128868788480759 0.03227108716964722
v -0.06581290811300278 0.08128868788480759 0.03227108716964722
v -0.06322258710861206 0.08677208423614502 0.026414578780531883
v -0.06706872582435608 0.07524953782558441 0.03369485214352608
v -0.06581290811300278 0.08128868788480759 0.03227108716964722
v -0.06706872582435608 0.07524953782558441 0.03369485214352608
v -0.07058954983949661 0.06280326843261719 0.04524407163262367
v -0.07058954983949661 0.06280326843261719 0.04524407163262367
v -0.06706872582435608 0.07524953782558441 0.03369485214352608
v -0.07212171703577042 0.05589566379785538 0.04536129906773567
v -0.07058954983949661 0.06280326843261719 0.04524407163262367
v -0.07212171703577042 0.05589566379785538 0.04536129906773567
v -0.07242120057344437 0.04716034606099129 0.056506261229515076
v -0.07242120057344437 0.04716034606099129 0.056506261229515076
v -0.07212171703577042 0.05589566379785538 0.04536129906773567
v -0.07296635955572128 0.04453350976109505 0.05614218860864639
v -0.07163798809051514 0.051286522299051285 0.056638624519109726
v -0.07103868573904037 0.05444381758570671 0.05673990771174431
v -0.07058954983949661 0.06280326843261719 0.04524407163262367
v -0.07058954983949661 0.06280326843261719 0.04524407163262367
v -0.07103868573904037 0.05444381758570671 0.05673990771174431
v -0.06921909749507904 0.06971219182014465 0.04447515308856964
v -0.07058954983949661 0.06280326843261719 0.04524407163262367
v -0.06921909749507904 0.06971219182014465 0.04447515308856964
v -0.06581290811300278 0.08128868788480759 0.03227108716964722
v -0.06581290811300278 0.08128868788480759 0.03227108716964722
v -0.06921909749507904 0.06971219182014465 0.04447515308856964
v -0.06801661103963852 0.07661046087741852 0.043151501566171646
v -0.06581290811300278 0.08128868788480759 0.03227108716964722
v -0.06801661103963852 0.07661046087741852 0.043151501566171646
v -0.06377854943275452 0.09335999190807343 0.028261084109544754
v -0.06377854943275452 0.09335999190807343 0.028261084109544754
v -0.06801661103963852 0.07661046087741852 0.043151501566171646
v -0.06697891652584076 0.08348482847213745 0.0413401797413826
v -0.06377854943275452 0.09335999190807343 0.028261084109544754
v -0.06697891652584076 0.08348482847213745 0.0413401797413826
v -0.06232256069779396 0.10542953014373779 0.022919071838259697
v -0.06232256069779396 0.10542953014373779 0.022919071838259697
v -0.06697891652584076 0.08348482847213745 0.0413401797413826
v -0.06537312269210815 0.09709756821393967 0.03647736459970474
v -0.06232256069779396 0.10542953014373779 0.022919071838259697
v -0.06537312269210815 0.09709756821393967 0.03647736459970474
v -0.061380546540021896 0.11742507666349411 0.016503354534506798
v -0.061380546540021896 0.11742507666349411 0.016503354534506798
v -0.06537312269210815 0.09709756821393967 0.03647736459970474
v -0.06434666365385056 0.11045969277620316 0.030307982116937637
v -0.061380546540021896 0.11742507666349411 0.016503354534506798
v -0.06434666365385056 0.11045969277620316 0.030307982116937637
v -0.06089172139763832 0.1293344497680664 0.009309908375144005
v -0.06089172139763832 0.1293344497680664 0.009309908375144005
v -0.06434666365385056 0.11045969277620316 0.030307982116937637
v -0.06383830308914185 0.12357288599014282 0.023221857845783234
v -0.06089172139763832 0.1293344497680664 0.009309908375144005
v -0.06383830308914185 0.12357288599014282 0.023221857845783234
v -0.06409233808517456 0.1494942009449005 0.007803009357303381
v -0.06409233808517456 0.1494942009449005 0.007803009357303381
v -0.06383830308914185 0.12357288599014282 0.023221857845783234
v -0.06460179388523102 0.12304636090993881 0.033771466463804245
v -0.06409233808517456 0.1494942009449005 0.007803009357303381
v -0.06460179388523102 0.12304636090993881 0.033771466463804245
v -0.06487754732370377 0.14282751083374023 0.02262621745467186
v -0.08158165961503983 0.010294993408024311 0.036805421113967896
v -0.0808643251657486 0.012659982778131962 0.039968594908714294
v -0.08141356706619263 0.017279421910643578 0.034090109169483185
v -0.08141356706619263 0.017279421910643578 0.034090109169483185
v -0.0808643251657486 0.012659982778131962 0.039968594908714294
v -0.07992115616798401 0.02223747782409191 0.0395553857088089
v -0.08141356706619263 0.017279421910643578 0.034090109169483185
v -0.07992115616798401 0.02223747782409191 0.0395553857088089
v -0.07891669869422913 0.0302839707583189 0.03647172451019287
v -0.07891669869422913 0.0302839707583189 0.03647172451019287
v -0.07992115616798401 0.02223747782409191 0.0395553857088089
v -0.07727012783288956 0.03599405661225319 0.04030677303671837
v -0.07891669869422913 0.0302839707583189 0.03647172451019287
v -0.07727012783288956 0.03599405661225319 0.04030677303671837
v -0.07561816275119781 0.043678492307662964 0.03657836839556694
v -0.07561816275119781 0.043678492307662964 0.03657836839556694
v -0.07727012783288956 0.03599405661225319 0.04030677303671837
v -0.07392480969429016 0.049773264676332474 0.03870465233922005
v -0.07561816275119781 0.043678492307662964 0.03657836839556694
v -0.07392480969429016 0.049773264676332474 0.03870465233922005
v -0.07166680693626404 0.056964293122291565 0.03440564125776291
v -0.05471930280327797 0.08765757083892822 0.01677093096077442
v -0.05589484050869942 0.08279402554035187 0.018033798784017563
v -0.06085021793842316 0.07683300226926804 0.02195037715137005
v -0.06085021793842316 0.07683300226926804 0.02195037715137005
v -0.05589484050869942 0.08279402554035187 0.018033798784017563
v -0.06214158982038498 0.07180658727884293 0.021979156881570816
v -0.06085021793842316 0.07683300226926804 0.02195037715137005
v -0.06214158982038498 0.07180658727884293 0.021979156881570816
v -0.06655144691467285 0.06522221863269806 0.025533095002174377
v -0.06655144691467285 0.06522221863269806 0.025533095002174377
v -0.06214158982038498 0.07180658727884293 0.021979156881570816
v -0.06787223368883133 0.0603175163269043 0.0240862388163805
v -0.06655144691467285 0.06522221863269806 0.025533095002174377
v -0.06787223368883133 0.0603175163269043 0.0240862388163805
v -0.07169689983129501 0.05319325998425484 0.027147039771080017
v -0.07169689983129501 0.05319325998425484 0.027147039771080017
v -0.06787223368883133 0.0603175163269043 0.0240862388163805
v -0.07295246422290802 0.04873218759894371 0.024141913279891014
v -0.07169689983129501 0.05319325998425484 0.027147039771080017
v -0.07295246422290802 0.04873218759894371 0.024141913279891014
v -0.07615728676319122 0.04117807000875473 0.026630500331521034
v -0.07615728676319122 0.04117807000875473 0.026630500331521034
v -0.07295246422290802 0.04873218759894371 0.024141913279891014
v -0.07726038992404938 0.03744442015886307 0.022138390690088272
v -0.07615728676319122 0.04117807000875473 0.026630500331521034
v -0.07726038992404938 0.03744442015886307 0.022138390690088272
v -0.07980655878782272 0.029578331857919693 0.024034496396780014
v -0.07980655878782272 0.029578331857919693 0.024034496396780014
v -0.07726038992404938 0.03744442015886307 0.022138390690088272
v -0.08069032430648804 0.026776986196637154 0.018240589648485184
v -0.07980655878782272 0.029578331857919693 0.024034496396780014
v -0.08069032430648804 0.026776986196637154 0.018240589648485184
v -0.08253894001245499 0.01869565062224865 0.019579239189624786
v -0.08253894001245499 0.01869565062224865 0.019579239189624786
v -0.08069032430648804 0.026776986196637154 0.018240589648485184
v -0.08316274732351303 0.016925763338804245 0.01276958268135786
v -0.08253894001245499 0.01869565062224865 0.019579239189624786
v -0.08316274732351303 0.016925763338804245 0.01276958268135786
v -0.08427154272794724 0.008678487502038479 0.013611961156129837
v -0.08427154272794724 0.008678487502038479 0.013611961156129837
v -0.08316274732351303 0.016925763338804245 0.01276958268135786
v -0.08462291210889816 0.007784885820001364 0.006096851546317339
v -0.08427154272794724 0.008678487502038479 0.013611961156129837
v -0.08462291210889816 0.007784885820001364 0.006096851546317339
v -0.08480978012084961 0.0005963795119896531 0.01043403148651123
v -0.08480978012084961 0.0005963795119896531 0.01043403148651123
v -0.08462291210889816 0.007784885820001364 0.006096851546317339
v -0.08492624759674072 0.000314062723191455 0.006447360850870609
v -0.051653310656547546 0.10184379667043686 0.010134189389646053
v -0.053593602031469345 0.09247193485498428 0.01491540390998125
v -0.058296266943216324 0.08709883689880371 0.019567295908927917
v -0.058296266943216324 0.08709883689880371 0.019567295908927917
v -0.053593602031469345 0.09247193485498428 0.01491540390998125
v -0.059544406831264496 0.08198586851358414 0.021086832508444786
v -0.058296266943216324 0.08709883689880371 0.019567295908927917
v -0.059544406831264496 0.08198586851358414 0.021086832508444786
v -0.06370922178030014 0.07597483694553375 0.0255725160241127
v -0.06370922178030014 0.07597483694553375 0.0255725160241127
v -0.059544406831264496 0.08198586851358414 0.021086832508444786
v -0.06513667851686478 0.07051896303892136 0.02600259892642498
v -0.06370922178030014 0.07597483694553375 0.0255725160241127
v -0.06513667851686478 0.07051896303892136 0.02600259892642498
v -0.06874074786901474 0.06388697773218155 0.03016316518187523
v -0.06874074786901474 0.06388697773218155 0.03016316518187523
v -0.06513667851686478 0.07051896303892136 0.02600259892642498
v -0.0702669620513916 0.05831735208630562 0.029167817905545235
v -0.06874074786901474 0.06388697773218155 0.03016316518187523
v -0.0702669620513916 0.05831735208630562 0.029167817905545235
v -0.07328754663467407 0.05112621560692787 0.032857831567525864
v -0.07328754663467407 0.05112621560692787 0.032857831567525864
v -0.0702669620513916 0.05831735208630562 0.029167817905545235
v -0.07481154799461365 0.045789092779159546 0.030246568843722343
v -0.07328754663467407 0.05112621560692787 0.032857831567525864
v -0.07481154799461365 0.045789092779159546 0.030246568843722343
v -0.07721596956253052 0.03814295679330826 0.03336193785071373
v -0.07721596956253052 0.03814295679330826 0.03336193785071373
v -0.07481154799461365 0.045789092779159546 0.030246568843722343
v -0.0786343514919281 0.033392686396837234 0.029130766168236732
v -0.07721596956253052 0.03814295679330826 0.03336193785071373
v -0.0786343514919281 0.033392686396837234 0.029130766168236732
v -0.08038538694381714 0.02541467547416687 0.03162349760532379
v -0.08038538694381714 0.02541467547416687 0.03162349760532379
v -0.0786343514919281 0.033392686396837234 0.029130766168236732
v -0.08160744607448578 0.02153066359460354 0.02592899091541767
v -0.08038538694381714 0.02541467547416687 0.03162349760532379
v -0.08160744607448578 0.02153066359460354 0.02592899091541767
v -0.08266201615333557 0.01334666833281517 0.02780565805733204
v -0.08266201615333557 0.01334666833281517 0.02780565805733204
v -0.08160744607448578 0.02153066359460354 0.02592899091541767
v -0.08362069725990295 0.010486598126590252 0.020911138504743576
v -0.08266201615333557 0.01334666833281517 0.02780565805733204
v -0.08362069725990295 0.010486598126590252 0.020911138504743576
v -0.08361256867647171 0.003948951605707407 0.024766569957137108
v -0.08361256867647171 0.003948951605707407 0.024766569957137108
v -0.08362069725990295 0.010486598126590252 0.020911138504743576
v -0.08376124501228333 0.0035037738271057606 0.023674920201301575
v -0.04909512400627136 0.12055215239524841 -0.0019547513220459223
v -0.05017169564962387 0.11114928126335144 0.004465095233172178
v -0.054517894983291626 0.10698742419481277 0.010034034959971905
v -0.054517894983291626 0.10698742419481277 0.010034034959971905
v -0.05017169564962387 0.11114928126335144 0.004465095233172178
v -0.056150615215301514 0.09707189351320267 0.01531637366861105
v -0.054517894983291626 0.10698742419481277 0.010034034959971905
v -0.056150615215301514 0.09707189351320267 0.01531637366861105
v -0.060007743537425995 0.09203913807868958 0.020753661170601845
v -0.060007743537425995 0.09203913807868958 0.020753661170601845
v -0.056150615215301514 0.09707189351320267 0.01531637366861105
v -0.06234682351350784 0.08140750229358673 0.024423299357295036
v -0.060007743537425995 0.09203913807868958 0.020753661170601845
v -0.06234682351350784 0.08140750229358673 0.024423299357295036
v -0.06573902815580368 0.07542562484741211 0.029455434530973434
v -0.06573902815580368 0.07542562484741211 0.029455434530973434
v -0.06234682351350784 0.08140750229358673 0.024423299357295036
v -0.06720421463251114 0.06965481489896774 0.03020024113357067
v -0.06573902815580368 0.07542562484741211 0.029455434530973434
v -0.06720421463251114 0.06965481489896774 0.03020024113357067
v -0.07003829628229141 0.0630478709936142 0.03494371473789215
v -0.07003829628229141 0.0630478709936142 0.03494371473789215
v -0.06720421463251114 0.06965481489896774 0.03020024113357067
v -0.07166680693626404 0.056964293122291565 0.03440564125776291
v -0.07003829628229141 0.0630478709936142 0.03494371473789215
v -0.07166680693626404 0.056964293122291565 0.03440564125776291
v -0.0737878754734993 0.049029722809791565 0.044682007282972336
v -0.0737878754734993 0.049029722809791565 0.044682007282972336
v -0.07166680693626404 0.056964293122291565 0.03440564125776291
v -0.07392480969429016 0.049773264676332474 0.03870465233922005
v -0.0737878754734993 0.049029722809791565 0.044682007282972336
v -0.07392480969429016 0.049773264676332474 0.03870465233922005
v -0.07553078234195709 0.04232568293809891 0.04303765669465065
v -0.07553078234195709 0.04232568293809891 0.04303765669465065
v -0.07392480969429016 0.049773264676332474 0.03870465233922005
v -0.07727012783288956 0.03599405661225319 0.04030677303671837
v -0.07553078234195709 0.04232568293809891 0.04303765669465065
v -0.07727012783288956 0.03599405661225319 0.04030677303671837
v -0.07825516909360886 0.028088584542274475 0.04402158036828041
v -0.07825516909360886 0.028088584542274475 0.04402158036828041
v -0.07727012783288956 0.03599405661225319 0.04030677303671837
v -0.07992115616798401 0.02223747782409191 0.0395553857088089
v -0.07825516909360886 0.028088584542274475 0.04402158036828041
v -0.07992115616798401 0.02223747782409191 0.0395553857088089
v -0.07887236773967743 0.01970830373466015 0.04644988849759102
v -0.07887236773967743 0.01970830373466015 0.04644988849759102
v -0.07992115616798401 0.02223747782409191 0.0395553857088089
v -0.07961005717515945 0.017008602619171143 0.04438181594014168
v -0.05017169564962387 0.11114928126335144 0.004465095233172178
v -0.051653310656547546 0.10184379667043686 0.010134189389646053
v -0.056150615215301514 0.09707189351320267 0.01531637366861105
v -0.056150615215301514 0.09707189351320267 0.01531637366861105
v -0.051653310656547546 0.10184379667043686 0.010134189389646053
v -0.058296266943216324 0.08709883689880371 0.019567295908927917
v -0.056150615215301514 0.09707189351320267 0.01531637366861105
v -0.058296266943216324 0.08709883689880371 0.019567295908927917
v -0.06234682351350784 0.08140750229358673 0.024423299357295036
v -0.06234682351350784 0.08140750229358673 0.024423299357295036
v -0.058296266943216324 0.08709883689880371 0.019567295908927917
v -0.06370922178030014 0.07597483694553375 0.0255725160241127
v -0.06234682351350784 0.08140750229358673 0.024423299357295036
v -0.06370922178030014 0.07597483694553375 0.0255725160241127
v -0.06720421463251114 0.06965481489896774 0.03020024113357067
v -0.06720421463251114 0.06965481489896774 0.03020024113357067
v -0.06370922178030014 0.07597483694553375 0.0255725160241127
v -0.06874074786901474 0.06388697773218155 0.03016316518187523
v -0.06720421463251114 0.06965481489896774 0.03020024113357067
v -0.06874074786901474 0.06388697773218155 0.03016316518187523
v -0.07166680693626404 0.056964293122291565 0.03440564125776291
v -0.07166680693626404 0.056964293122291565 0.03440564125776291
v -0.06874074786901474 0.06388697773218155 0.03016316518187523
v -0.07328754663467407 0.05112621560692787 0.032857831567525864
v -0.07166680693626404 0.056964293122291565 0.03440564125776291
v -0.07328754663467407 0.05112621560692787 0.032857831567525864
v -0.07561816275119781 0.043678492307662964 0.03657836839556694
v -0.07561816275119781 0.043678492307662964 0.03657836839556694
v -0.07328754663467407 0.05112621560692787 0.032857831567525864
v -0.07721596956253052 0.03814295679330826 0.03336193785071373
v -0.07561816275119781 0.043678492307662964 0.03657836839556694
v -0.07721596956253052 0.03814295679330826 0.03336193785071373
v -0.07891669869422913 0.0302839707583189 0.03647172451019287
v -0.07891669869422913 0.0302839707583189 0.03647172451019287
v -0.07721596956253052 0.03814295679330826 0.03336193785071373
v -0.08038538694381714 0.02541467547416687 0.03162349760532379
v -0.07891669869422913 0.0302839707583189 0.03647172451019287
v -0.08038538694381714 0.02541467547416687 0.03162349760532379
v -0.08141356706619263 0.017279421910643578 0.034090109169483185
v -0.08141356706619263 0.017279421910643578 0.034090109169483185
v -0.08038538694381714 0.02541467547416687 0.03162349760532379
v -0.08266201615333557 0.01334666833281517 0.02780565805733204
v -0.08141356706619263 0.017279421910643578 0.034090109169483185
v -0.08266201615333557 0.01334666833281517 0.02780565805733204
v -0.08198483288288116 0.008965772576630116 0.03502758592367172
v -0.08198483288288116 0.008965772576630116 0.03502758592367172
v -0.08266201615333557 0.01334666833281517 0.02780565805733204
v -0.08270061016082764 0.0067170970141887665 0.03101884014904499
v -0.013861026614904404 0.12349922955036163 -0.013926803134381771
v -0.014413037337362766 0.11649544537067413 -0.007238486316055059
v -0.02901008352637291 0.11018499732017517 -0.001104795141145587
v -0.013118184171617031 0.13721343874931335 -0.028173010796308517
v -0.013861026614904404 0.12349922955036163 -0.013926803134381771
v -0.027148712426424026 0.12518754601478577 -0.014223244041204453
v -0.02796326018869877 0.11774308979511261 -0.007418244145810604
v -0.040827974677085876 0.11048675328493118 0.0006632981239818037
v -0.027148712426424026 0.12518754601478577 -0.014223244041204453
v -0.027148712426424026 0.12518754601478577 -0.014223244041204453
v -0.040827974677085876 0.11048675328493118 0.0006632981239818037
v -0.03966706246137619 0.11874347180128098 -0.0056729973293840885
v -0.027148712426424026 0.12518754601478577 -0.014223244041204453
v -0.03966706246137619 0.11874347180128098 -0.0056729973293840885
v -0.038818713277578354 0.12707293033599854 -0.012546571902930737
v -0.014413037337362766 0.11649544537067413 -0.007238486316055059
v -0.015046865679323673 0.10925848037004471 -0.0011883287224918604
v -0.02901008352637291 0.11018499732017517 -0.001104795141145587
v -0.02901008352637291 0.11018499732017517 -0.001104795141145587
v -0.015046865679323673 0.10925848037004471 -0.0011883287224918604
v -0.022738642990589142 0.10606785118579865 0.001392018748447299
v -0.02901008352637291 0.11018499732017517 -0.001104795141145587
v -0.022738642990589142 0.10606785118579865 0.001392018748447299
v -0.030224710702896118 0.1023792028427124 0.004249182995408773
v -0.007602074183523655 0.10458328574895859 0.0019566321279853582
v 0.00043624371755868196 0.1066875085234642 0.0003409799828659743
v 0.00043624371755868196 0.10456722974777222 0.0019500507041811943
v -0.013118184171617031 0.13721343874931335 -0.028173010796308517
v 0.00043624371755868196 0.12786740064620972 -0.01877892017364502
v -0.013861026614904404 0.12349922955036163 -0.013926803134381771
v -0.013861026614904404 0.12349922955036163 -0.013926803134381771
v 0.00043624371755868196 0.12786740064620972 -0.01877892017364502
v 0.00043624371755868196 0.12725593149662018 -0.01811904087662697
v -0.013861026614904404 0.12349922955036163 -0.013926803134381771
v 0.00043624371755868196 0.12725593149662018 -0.01811904087662697
v -0.014413037337362766 0.11649544537067413 -0.007238486316055059
v -0.014413037337362766 0.11649544537067413 -0.007238486316055059
v 0.00043624371755868196 0.12725593149662018 -0.01811904087662697
v 0.00043624371755868196 0.1210622787475586 -0.012111624702811241
v -0.014413037337362766 0.11649544537067413 -0.007238486316055059
v 0.00043624371755868196 0.1210622787475586 -0.012111624702811241
v -0.015046865679323673 0.10925848037004471 -0.0011883287224918604
v -0.015046865679323673 0.10925848037004471 -0.0011883287224918604
v 0.00043624371755868196 0.1210622787475586 -0.012111624702811241
v 0.00043624371755868196 0.11422283202409744 -0.005477833095937967
v -0.015046865679323673 0.10925848037004471 -0.0011883287224918604
v 0.00043624371755868196 0.11422283202409744 -0.005477833095937967
v 0.00043624371755868196 0.11374762654304504 -0.005016916897147894
v -0.007863199338316917 0.09671343117952347 0.0058156694285571575
v 0.00043624371755868196 0.09845373034477234 0.005049501545727253
v 0.00043624371755868196 0.09765712171792984 0.005453373305499554
v -0.007863199338316917 0.09671343117952347 0.0058156694285571575
v 0.00043624371755868196 0.09765712171792984 0.005453373305499554
v -0.00795137882232666 0.09252502769231796 0.00660508731380105
v 0.00043624371755868196 0.09765712171792984 0.005453373305499554
v 0.00043624371755868196 0.09387480467557907 0.006197064183652401
v -0.00795137882232666 0.09252502769231796 0.00660508731380105
v -0.00795137882232666 0.09252502769231796 0.00660508731380105
v 0.00043624371755868196 0.09387480467557907 0.006197064183652401
v 0.00043624371755868196 0.09240086376667023 0.006486875470727682
v -0.00795137882232666 0.09252502769231796 0.00660508731380105
v 0.00043624371755868196 0.09240086376667023 0.006486875470727682
v -0.007982476614415646 0.09041298180818558 0.006463393568992615
v -0.007982476614415646 0.09041298180818558 0.006463393568992615
v 0.00043624371755868196 0.09240086376667023 0.006486875470727682
v 0.00043624371755868196 0.0915641337633133 0.006308834068477154
v -0.007982476614415646 0.09041298180818558 0.006463393568992615
v 0.00043624371755868196 0.0915641337633133 0.006308834068477154
v -0.008003802970051765 0.08840922266244888 0.005791598465293646
v 0.00043624371755868196 0.0915641337633133 0.006308834068477154
v 0.00043624371755868196 0.0892440602183342 0.005815165117383003
v -0.008003802970051765 0.08840922266244888 0.005791598465293646
v -0.008003802970051765 0.08840922266244888 0.005791598465293646
v 0.00043624371755868196 0.0892440602183342 0.005815165117383003
v 0.00043624371755868196 0.08886927366256714 0.005735416430979967
v -0.008003802970051765 0.08840922266244888 0.005791598465293646
v 0.00043624371755868196 0.08886927366256714 0.005735416430979967
v -0.008014353923499584 0.08670593798160553 0.004485797602683306
v 0.00043624371755868196 0.08886927366256714 0.005735416430979967
v 0.00043624371755868196 0.08743678778409958 0.004750230349600315
v -0.008014353923499584 0.08670593798160553 0.004485797602683306
v -0.008014353923499584 0.08670593798160553 0.004485797602683306
v 0.00043624371755868196 0.08743678778409958 0.004750230349600315
v 0.00043624371755868196 0.08730679750442505 0.0045493533834815025
v -0.008014353923499584 0.08670593798160553 0.004485797602683306
v 0.00043624371755868196 0.08730679750442505 0.0045493533834815025
v -0.00801557395607233 0.0855419859290123 0.002577505772933364
v -0.00801557395607233 0.0855419859290123 0.002577505772933364
v 0.00043624371755868196 0.08730679750442505 0.0045493533834815025
v 0.00043624371755868196 0.08602085709571838 0.0025620826054364443
v -0.00801557395607233 0.0855419859290123 0.002577505772933364
v 0.00043624371755868196 0.08602085709571838 0.0025620826054364443
v 0.00043624371755868196 0.08589330315589905 0.002364963758736849
v -0.03267792984843254 0.08008649945259094 0.004730013199150562
v -0.024658741429448128 0.08437856286764145 0.00596114294603467
v -0.02466684579849243 0.08310607075691223 0.004568943288177252
v -0.02466684579849243 0.08310607075691223 0.004568943288177252
v -0.024658741429448128 0.08437856286764145 0.00596114294603467
v -0.01640222780406475 0.08679335564374924 0.005816344637423754
v -0.02466684579849243 0.08310607075691223 0.004568943288177252
v -0.01640222780406475 0.08679335564374924 0.005816344637423754
v -0.016414163634181023 0.08531958609819412 0.004485145676881075
v -0.03882645443081856 0.09013786166906357 0.010167942382395267
v -0.03813054412603378 0.09409613907337189 0.009079494513571262
v -0.03140350803732872 0.09461729973554611 0.007812794297933578
v -0.03140350803732872 0.09461729973554611 0.007812794297933578
v -0.03813054412603378 0.09409613907337189 0.009079494513571262
v -0.030224710702896118 0.1023792028427124 0.004249182995408773
v -0.03140350803732872 0.09461729973554611 0.007812794297933578
v -0.030224710702896118 0.1023792028427124 0.004249182995408773
v -0.023645447567105293 0.09851987659931183 0.005646726116538048
v -0.023645447567105293 0.09851987659931183 0.005646726116538048
v -0.030224710702896118 0.1023792028427124 0.004249182995408773
v -0.022738642990589142 0.10606785118579865 0.001392018748447299
v -0.023645447567105293 0.09851987659931183 0.005646726116538048
v -0.022738642990589142 0.10606785118579865 0.001392018748447299
v -0.01567063108086586 0.10183975100517273 0.0036885375156998634
v -0.01567063108086586 0.10183975100517273 0.0036885375156998634
v -0.022738642990589142 0.10606785118579865 0.001392018748447299
v -0.015046865679323673 0.10925848037004471 -0.0011883287224918604
v -0.01567063108086586 0.10183975100517273 0.0036885375156998634
v -0.015046865679323673 0.10925848037004471 -0.0011883287224918604
v -0.007602074183523655 0.10458328574895859 0.0019566321279853582
v -0.007602074183523655 0.10458328574895859 0.0019566321279853582
v -0.015046865679323673 0.10925848037004471 -0.0011883287224918604
v 0.00043624371755868196 0.11374762654304504 -0.005016916897147894
v -0.007602074183523655 0.10458328574895859 0.0019566321279853582
v 0.00043624371755868196 0.11374762654304504 -0.005016916897147894
v 0.00043624371755868196 0.1066875085234642 0.0003409799828659743
v -0.0358872190117836 0.10637684911489487 0.0024617346934974194
v -0.030224710702896118 0.1023792028427124 0.004249182995408773
v -0.03738095611333847 0.0981869250535965 0.00736404350027442
v -0.03738095611333847 0.0981869250535965 0.00736404350027442
v -0.030224710702896118 0.1023792028427124 0.004249182995408773
v -0.03813054412603378 0.09409613907337189 0.009079494513571262
v -0.03738095611333847 0.0981869250535965 0.00736404350027442
v -0.03813054412603378 0.09409613907337189 0.009079494513571262
v -0.04498980566859245 0.08921559900045395 0.012058181688189507
v -0.04498980566859245 0.08921559900045395 0.012058181688189507
v -0.03813054412603378 0.09409613907337189 0.009079494513571262
v -0.04581236466765404 0.08510866016149521 0.012693086639046669
v -0.04498980566859245 0.08921559900045395 0.012058181688189507
v -0.04581236466765404 0.08510866016149521 0.012693086639046669
v -0.05226988345384598 0.07956476509571075 0.01536871399730444
v -0.027148712426424026 0.12518754601478577 -0.014223244041204453
v -0.013861026614904404 0.12349922955036163 -0.013926803134381771
v -0.02796326018869877 0.11774308979511261 -0.007418244145810604
v -0.02796326018869877 0.11774308979511261 -0.007418244145810604
v -0.013861026614904404 0.12349922955036163 -0.013926803134381771
v -0.02901008352637291 0.11018499732017517 -0.001104795141145587
v -0.02796326018869877 0.11774308979511261 -0.007418244145810604
v -0.02901008352637291 0.11018499732017517 -0.001104795141145587
v -0.040827974677085876 0.11048675328493118 0.0006632981239818037
v -0.040827974677085876 0.11048675328493118 0.0006632981239818037
v -0.02901008352637291 0.11018499732017517 -0.001104795141145587
v -0.0358872190117836 0.10637684911489487 0.0024617346934974194
v -0.040827974677085876 0.11048675328493118 0.0006632981239818037
v -0.0358872190117836 0.10637684911489487 0.0024617346934974194
v -0.04233406111598015 0.10214102268218994 0.006336089223623276
v -0.04233406111598015 0.10214102268218994 0.006336089223623276
v -0.0358872190117836 0.10637684911489487 0.0024617346934974194
v -0.03738095611333847 0.0981869250535965 0.00736404350027442
v -0.04233406111598015 0.10214102268218994 0.006336089223623276
v -0.03738095611333847 0.0981869250535965 0.00736404350027442
v -0.04410210996866226 0.09350727498531342 0.010715212672948837
v -0.04410210996866226 0.09350727498531342 0.010715212672948837
v -0.03738095611333847 0.0981869250535965 0.00736404350027442
v -0.04498980566859245 0.08921559900045395 0.012058181688189507
v -0.04410210996866226 0.09350727498531342 0.010715212672948837
v -0.04498980566859245 0.08921559900045395 0.012058181688189507
v -0.05132007598876953 0.08384645730257034 0.015216768719255924
v -0.05132007598876953 0.08384645730257034 0.015216768719255924
v -0.04498980566859245 0.08921559900045395 0.012058181688189507
v -0.05226988345384598 0.07956476509571075 0.01536871399730444
v -0.05132007598876953 0.08384645730257034 0.015216768719255924
v -0.05226988345384598 0.07956476509571075 0.01536871399730444
v -0.058131854981184006 0.07355223596096039 0.01817401684820652
v -0.06438668072223663 0.06295847147703171 0.019280416890978813
v -0.058131854981184006 0.07355223596096039 0.01817401684820652
v -0.05906267464160919 0.06952650099992752 0.016947666183114052
v -0.05906267464160919 0.06952650099992752 0.016947666183114052
v -0.058131854981184006 0.07355223596096039 0.01817401684820652
v -0.05226988345384598 0.07956476509571075 0.01536871399730444
v -0.05906267464160919 0.06952650099992752 0.016947666183114052
v -0.05226988345384598 0.07956476509571075 0.01536871399730444
v -0.05308862775564194 0.07565721869468689 0.01470631081610918
v -0.05308862775564194 0.07565721869468689 0.01470631081610918
v -0.05226988345384598 0.07956476509571075 0.01536871399730444
v -0.04581236466765404 0.08510866016149521 0.012693086639046669
v -0.05308862775564194 0.07565721869468689 0.01470631081610918
v -0.04581236466765404 0.08510866016149521 0.012693086639046669
v -0.04652106761932373 0.08129662275314331 0.012574458494782448
v -0.04652106761932373 0.08129662275314331 0.012574458494782448
v -0.04581236466765404 0.08510866016149521 0.012693086639046669
v -0.03882645443081856 0.09013786166906357 0.010167942382395267
v -0.04652106761932373 0.08129662275314331 0.012574458494782448
v -0.03882645443081856 0.09013786166906357 0.010167942382395267
v -0.03942758962512016 0.08639362454414368 0.010569644160568714
v -0.03942758962512016 0.08639362454414368 0.010569644160568714
v -0.03882645443081856 0.09013786166906357 0.010167942382395267
v -0.03140350803732872 0.09461729973554611 0.007812794297933578
v -0.03942758962512016 0.08639362454414368 0.010569644160568714
v -0.03140350803732872 0.09461729973554611 0.007812794297933578
v -0.031897690147161484 0.09090811014175415 0.008708546869456768
v -0.031897690147161484 0.09090811014175415 0.008708546869456768
v -0.03140350803732872 0.09461729973554611 0.007812794297933578
v -0.023645447567105293 0.09851987659931183 0.005646726116538048
v -0.031897690147161484 0.09090811014175415 0.008708546869456768
v -0.023645447567105293 0.09851987659931183 0.005646726116538048
v -0.02403046190738678 0.09480777382850647 0.007007707841694355
v -0.02403046190738678 0.09480777382850647 0.007007707841694355
v -0.023645447567105293 0.09851987659931183 0.005646726116538048
v -0.01567063108086586 0.10183975100517273 0.0036885375156998634
v -0.02403046190738678 0.09480777382850647 0.007007707841694355
v -0.01567063108086586 0.10183975100517273 0.0036885375156998634
v -0.015939952805638313 0.09808070212602615 0.005484100431203842
v -0.015939952805638313 0.09808070212602615 0.005484100431203842
v -0.01567063108086586 0.10183975100517273 0.0036885375156998634
v -0.007602074183523655 0.10458328574895859 0.0019566321279853582
v -0.015939952805638313 0.09808070212602615 0.005484100431203842
v -0.007602074183523655 0.10458328574895859 0.0019566321279853582
v -0.007863199338316917 0.09671343117952347 0.0058156694285571575
v -0.007863199338316917 0.09671343117952347 0.0058156694285571575
v -0.007602074183523655 0.10458328574895859 0.0019566321279853582
v 0.00043624371755868196 0.10456722974777222 0.0019500507041811943
v -0.007863199338316917 0.09671343117952347 0.0058156694285571575
v 0.00043624371755868196 0.10456722974777222 0.0019500507041811943
v 0.00043624371755868196 0.09845373034477234 0.005049501545727253
v -0.0398983508348465 0.08291278034448624 0.010217650793492794
v -0.032287806272506714 0.08735789358615875 0.008895333856344223
v -0.032551832497119904 0.08401846885681152 0.008175231516361237
v -0.032551832497119904 0.08401846885681152 0.008175231516361237
v -0.032287806272506714 0.08735789358615875 0.008895333856344223
v -0.0243386123329401 0.09114939719438553 0.007711000740528107
v -0.032551832497119904 0.08401846885681152 0.008175231516361237
v -0.0243386123329401 0.09114939719438553 0.007711000740528107
v -0.0245522391051054 0.0875767394900322 0.007512036245316267
v -0.0245522391051054 0.0875767394900322 0.007512036245316267
v -0.0243386123329401 0.09114939719438553 0.007711000740528107
v -0.01615951955318451 0.09427002817392349 0.006679415702819824
v -0.0245522391051054 0.0875767394900322 0.007512036245316267
v -0.01615951955318451 0.09427002817392349 0.006679415702819824
v -0.01631675288081169 0.09041628241539001 0.006984239909797907
v -0.01631675288081169 0.09041628241539001 0.006984239909797907
v -0.02461981773376465 0.08589214086532593 0.00693418039008975
v -0.0245522391051054 0.0875767394900322 0.007512036245316267
v -0.0245522391051054 0.0875767394900322 0.007512036245316267
v -0.02461981773376465 0.08589214086532593 0.00693418039008975
v -0.03263203054666519 0.08250267803668976 0.007365447469055653
v -0.0245522391051054 0.0875767394900322 0.007512036245316267
v -0.03263203054666519 0.08250267803668976 0.007365447469055653
v -0.032551832497119904 0.08401846885681152 0.008175231516361237
v -0.032551832497119904 0.08401846885681152 0.008175231516361237
v -0.03263203054666519 0.08250267803668976 0.007365447469055653
v -0.03643057495355606 0.08197584748268127 0.008553565479815006
v -0.032551832497119904 0.08401846885681152 0.008175231516361237
v -0.03643057495355606 0.08197584748268127 0.008553565479815006
v -0.0398983508348465 0.08291278034448624 0.010217650793492794
v -0.02461981773376465 0.08589214086532593 0.00693418039008975
v -0.03267486020922661 0.08118335902690887 0.006215556990355253
v -0.03263203054666519 0.08250267803668976 0.007365447469055653
v -0.03263203054666519 0.08250267803668976 0.007365447469055653
v -0.03267486020922661 0.08118335902690887 0.006215556990355253
v -0.036562465131282806 0.07930086553096771 0.006380717735737562
v -0.03263203054666519 0.08250267803668976 0.007365447469055653
v -0.036562465131282806 0.07930086553096771 0.006380717735737562
v -0.03643057495355606 0.08197584748268127 0.008553565479815006
v -0.03643057495355606 0.08197584748268127 0.008553565479815006
v -0.036562465131282806 0.07930086553096771 0.006380717735737562
v -0.04021298885345459 0.0797635093331337 0.008961082436144352
v -0.03643057495355606 0.08197584748268127 0.008553565479815006
v -0.04021298885345459 0.0797635093331337 0.008961082436144352
v -0.0398983508348465 0.08291278034448624 0.010217650793492794
v -0.0398983508348465 0.08291278034448624 0.010217650793492794
v -0.04021298885345459 0.0797635093331337 0.008961082436144352
v -0.04744459316134453 0.07485156506299973 0.00985801499336958
v -0.0398983508348465 0.08291278034448624 0.010217650793492794
v -0.04744459316134453 0.07485156506299973 0.00985801499336958
v -0.047074783593416214 0.0778505802154541 0.011664111167192459
v -0.047074783593416214 0.0778505802154541 0.011664111167192459
v -0.04744459316134453 0.07485156506299973 0.00985801499336958
v -0.05416281521320343 0.06932944059371948 0.010854671709239483
v -0.047074783593416214 0.0778505802154541 0.011664111167192459
v -0.05416281521320343 0.06932944059371948 0.010854671709239483
v -0.053730133920907974 0.07221528887748718 0.01322095561772585
v -0.053730133920907974 0.07221528887748718 0.01322095561772585
v -0.05416281521320343 0.06932944059371948 0.010854671709239483
v -0.060300420969724655 0.06325449794530869 0.011939490213990211
v -0.053730133920907974 0.07221528887748718 0.01322095561772585
v -0.060300420969724655 0.06325449794530869 0.011939490213990211
v -0.05979682132601738 0.06606175005435944 0.014873936772346497
v -0.05979682132601738 0.06606175005435944 0.014873936772346497
v -0.060300420969724655 0.06325449794530869 0.011939490213990211
v -0.06579869985580444 0.05668749660253525 0.013100559823215008
v -0.05979682132601738 0.06606175005435944 0.014873936772346497
v -0.06579869985580444 0.05668749660253525 0.013100559823215008
v -0.06521710753440857 0.05944794416427612 0.01660834811627865
v -0.06521710753440857 0.05944794416427612 0.01660834811627865
v -0.06579869985580444 0.05668749660253525 0.013100559823215008
v -0.07061558216810226 0.04969266429543495 0.01432492770254612
v -0.06521710753440857 0.05944794416427612 0.01660834811627865
v -0.07061558216810226 0.04969266429543495 0.01432492770254612
v -0.06995229423046112 0.05243438482284546 0.018408263102173805
v -0.06995229423046112 0.05243438482284546 0.018408263102173805
v -0.07061558216810226 0.04969266429543495 0.01432492770254612
v -0.07471653074026108 0.042334459722042084 0.015599186532199383
v -0.08154857158660889 0.024203360080718994 0.005323691293597221
v -0.0785999447107315 0.03296501189470291 0.011102684773504734
v -0.07882380485534668 0.03212717920541763 0.004952696152031422
v -0.07882380485534668 0.03212717920541763 0.004952696152031422
v -0.0785999447107315 0.03296501189470291 0.011102684773504734
v -0.07516898959875107 0.04062425345182419 0.010299972258508205
v -0.07882380485534668 0.03212717920541763 0.004952696152031422
v -0.07516898959875107 0.04062425345182419 0.010299972258508205
v -0.07533106207847595 0.03976234793663025 0.004597220104187727
v -0.07533106207847595 0.03976234793663025 0.004597220104187727
v -0.07516898959875107 0.04062425345182419 0.010299972258508205
v -0.07099795341491699 0.04795219004154205 0.009532236494123936
v -0.07533106207847595 0.03976234793663025 0.004597220104187727
v -0.07099795341491699 0.04795219004154205 0.009532236494123936
v -0.07109840214252472 0.047035716474056244 0.004260950721800327
v -0.07109840214252472 0.047035716474056244 0.004260950721800327
v -0.07099795341491699 0.04795219004154205 0.009532236494123936
v -0.06611385941505432 0.05487951263785362 0.008810129947960377
v -0.07109840214252472 0.047035716474056244 0.004260950721800327
v -0.06611385941505432 0.05487951263785362 0.008810129947960377
v -0.06615893542766571 0.05387488380074501 0.003947422839701176
v -0.06615893542766571 0.05387488380074501 0.003947422839701176
v -0.06611385941505432 0.05487951263785362 0.008810129947960377
v -0.060555655509233475 0.061337199062108994 0.008143601007759571
v -0.06615893542766571 0.05387488380074501 0.003947422839701176
v -0.060555655509233475 0.061337199062108994 0.008143601007759571
v -0.060556355863809586 0.060210131108760834 0.003659680485725403
v -0.060556355863809586 0.060210131108760834 0.003659680485725403
v -0.060555655509233475 0.061337199062108994 0.008143601007759571
v -0.05436888337135315 0.06725730001926422 0.007542213890701532
v -0.060556355863809586 0.060210131108760834 0.003659680485725403
v -0.05436888337135315 0.06725730001926422 0.007542213890701532
v -0.05433998256921768 0.06597380340099335 0.0034005166962742805
v -0.05433998256921768 0.06597380340099335 0.0034005166962742805
v -0.05436888337135315 0.06725730001926422 0.007542213890701532
v -0.047613125294446945 0.07257647812366486 0.007014729548245668
v -0.05433998256921768 0.06597380340099335 0.0034005166962742805
v -0.047613125294446945 0.07257647812366486 0.007014729548245668
v -0.04757033288478851 0.07110410928726196 0.0031722416169941425
v -0.04757033288478851 0.07110410928726196 0.0031722416169941425
v -0.047613125294446945 0.07257647812366486 0.007014729548245668
v -0.04035504162311554 0.07723499834537506 0.006569674704223871
v -0.04757033288478851 0.07110410928726196 0.0031722416169941425
v -0.04035504162311554 0.07723499834537506 0.006569674704223871
v -0.040313467383384705 0.07554316520690918 0.0029770382679998875
v -0.040313467383384705 0.07554316520690918 0.0029770382679998875
v -0.04035504162311554 0.07723499834537506 0.006569674704223871
v -0.03267792984843254 0.08008649945259094 0.004730013199150562
v -0.040313467383384705 0.07554316520690918 0.0029770382679998875
v -0.03267792984843254 0.08008649945259094 0.004730013199150562
v -0.032645683735609055 0.0792427733540535 0.002817149506881833
v -0.032645683735609055 0.0792427733540535 0.002817149506881833
v -0.03267792984843254 0.08008649945259094 0.004730013199150562
v -0.02466684579849243 0.08310607075691223 0.004568943288177252
v -0.032645683735609055 0.0792427733540535 0.002817149506881833
v -0.02466684579849243 0.08310607075691223 0.004568943288177252
v -0.024647776037454605 0.0821605697274208 0.002695023315027356
v -0.024647776037454605 0.0821605697274208 0.002695023315027356
v -0.02466684579849243 0.08310607075691223 0.004568943288177252
v -0.016414163634181023 0.08531958609819412 0.004485145676881075
v -0.024647776037454605 0.0821605697274208 0.002695023315027356
v -0.016414163634181023 0.08531958609819412 0.004485145676881075
v -0.016407649964094162 0.08426754176616669 0.0026139242108911276
v -0.0785999447107315 0.03296501189470291 0.011102684773504734
v -0.07471653074026108 0.042334459722042084 0.015599186532199383
v -0.07516898959875107 0.04062425345182419 0.010299972258508205
v -0.07516898959875107 0.04062425345182419 0.010299972258508205
v -0.07471653074026108 0.042334459722042084 0.015599186532199383
v -0.07061558216810226 0.04969266429543495 0.01432492770254612
v -0.07516898959875107 0.04062425345182419 0.010299972258508205
v -0.07061558216810226 0.04969266429543495 0.01432492770254612
v -0.07099795341491699 0.04795219004154205 0.009532236494123936
v -0.07099795341491699 0.04795219004154205 0.009532236494123936
v -0.07061558216810226 0.04969266429543495 0.01432492770254612
v -0.06579869985580444 0.05668749660253525 0.013100559823215008
v -0.07099795341491699 0.04795219004154205 0.009532236494123936
v -0.06579869985580444 0.05668749660253525 0.013100559823215008
v -0.06611385941505432 0.05487951263785362 0.008810129947960377
v -0.06611385941505432 0.05487951263785362 0.008810129947960377
v -0.06579869985580444 0.05668749660253525 0.013100559823215008
v -0.060300420969724655 0.06325449794530869 0.011939490213990211
v -0.06611385941505432 0.05487951263785362 0.008810129947960377
v -0.060300420969724655 0.06325449794530869 0.011939490213990211
v -0.060555655509233475 0.061337199062108994 0.008143601007759571
v -0.060555655509233475 0.061337199062108994 0.008143601007759571
v -0.060300420969724655 0.06325449794530869 0.011939490213990211
v -0.05416281521320343 0.06932944059371948 0.010854671709239483
v -0.060555655509233475 0.061337199062108994 0.008143601007759571
v -0.05416281521320343 0.06932944059371948 0.010854671709239483
v -0.05436888337135315 0.06725730001926422 0.007542213890701532
v -0.05436888337135315 0.06725730001926422 0.007542213890701532
v -0.05416281521320343 0.06932944059371948 0.010854671709239483
v -0.04744459316134453 0.07485156506299973 0.00985801499336958
v -0.05436888337135315 0.06725730001926422 0.007542213890701532
v -0.04744459316134453 0.07485156506299973 0.00985801499336958
v -0.047613125294446945 0.07257647812366486 0.007014729548245668
v -0.047613125294446945 0.07257647812366486 0.007014729548245668
v -0.04744459316134453 0.07485156506299973 0.00985801499336958
v -0.04021298885345459 0.0797635093331337 0.008961082436144352
v -0.047613125294446945 0.07257647812366486 0.007014729548245668
v -0.04021298885345459 0.0797635093331337 0.008961082436144352
v -0.04035504162311554 0.07723499834537506 0.006569674704223871
v -0.04035504162311554 0.07723499834537506 0.006569674704223871
v -0.04021298885345459 0.0797635093331337 0.008961082436144352
v -0.036562465131282806 0.07930086553096771 0.006380717735737562
v -0.04035504162311554 0.07723499834537506 0.006569674704223871
v -0.036562465131282806 0.07930086553096771 0.006380717735737562
v -0.03267792984843254 0.08008649945259094 0.004730013199150562
v -0.03267792984843254 0.08008649945259094 0.004730013199150562
v -0.036562465131282806 0.07930086553096771 0.006380717735737562
v -0.03267486020922661 0.08118335902690887 0.006215556990355253
v -0.03267792984843254 0.08008649945259094 0.004730013199150562
v -0.03267486020922661 0.08118335902690887 0.006215556990355253
v -0.024658741429448128 0.08437856286764145 0.00596114294603467
v -0.024658741429448128 0.08437856286764145 0.00596114294603467
v -0.03267486020922661 0.08118335902690887 0.006215556990355253
v -0.02461981773376465 0.08589214086532593 0.00693418039008975
v -0.024658741429448128 0.08437856286764145 0.00596114294603467
v -0.02461981773376465 0.08589214086532593 0.00693418039008975
v -0.016369184479117393 0.08853396028280258 0.006629421375691891
v -0.016369184479117393 0.08853396028280258 0.006629421375691891
v -0.02461981773376465 0.08589214086532593 0.00693418039008975
v -0.01631675288081169 0.09041628241539001 0.006984239909797907
v -0.06995229423046112 0.05243438482284546 0.018408263102173805
v -0.06438668072223663 0.06295847147703171 0.019280416890978813
v -0.06521710753440857 0.05944794416427612 0.01660834811627865
v -0.06521710753440857 0.05944794416427612 0.01660834811627865
v -0.06438668072223663 0.06295847147703171 0.019280416890978813
v -0.05906267464160919 0.06952650099992752 0.016947666183114052
v -0.06521710753440857 0.05944794416427612 0.01660834811627865
v -0.05906267464160919 0.06952650099992752 0.016947666183114052
v -0.05979682132601738 0.06606175005435944 0.014873936772346497
v -0.05979682132601738 0.06606175005435944 0.014873936772346497
v -0.05906267464160919 0.06952650099992752 0.016947666183114052
v -0.05308862775564194 0.07565721869468689 0.01470631081610918
v -0.05979682132601738 0.06606175005435944 0.014873936772346497
v -0.05308862775564194 0.07565721869468689 0.01470631081610918
v -0.053730133920907974 0.07221528887748718 0.01322095561772585
v -0.053730133920907974 0.07221528887748718 0.01322095561772585
v -0.05308862775564194 0.07565721869468689 0.01470631081610918
v -0.04652106761932373 0.08129662275314331 0.012574458494782448
v -0.053730133920907974 0.07221528887748718 0.01322095561772585
v -0.04652106761932373 0.08129662275314331 0.012574458494782448
v -0.047074783593416214 0.0778505802154541 0.011664111167192459
v -0.047074783593416214 0.0778505802154541 0.011664111167192459
v -0.04652106761932373 0.08129662275314331 0.012574458494782448
v -0.03942758962512016 0.08639362454414368 0.010569644160568714
v -0.047074783593416214 0.0778505802154541 0.011664111167192459
v -0.03942758962512016 0.08639362454414368 0.010569644160568714
v -0.0398983508348465 0.08291278034448624 0.010217650793492794
v -0.0398983508348465 0.08291278034448624 0.010217650793492794
v -0.03942758962512016 0.08639362454414368 0.010569644160568714
v -0.031897690147161484 0.09090811014175415 0.008708546869456768
v -0.0398983508348465 0.08291278034448624 0.010217650793492794
v -0.031897690147161484 0.09090811014175415 0.008708546869456768
v -0.032287806272506714 0.08735789358615875 0.008895333856344223
v -0.032287806272506714 0.08735789358615875 0.008895333856344223
v -0.031897690147161484 0.09090811014175415 0.008708546869456768
v -0.02403046190738678 0.09480777382850647 0.007007707841694355
v -0.032287806272506714 0.08735789358615875 0.008895333856344223
v -0.02403046190738678 0.09480777382850647 0.007007707841694355
v -0.0243386123329401 0.09114939719438553 0.007711000740528107
v -0.0243386123329401 0.09114939719438553 0.007711000740528107
v -0.02403046190738678 0.09480777382850647 0.007007707841694355
v -0.015939952805638313 0.09808070212602615 0.005484100431203842
v -0.0243386123329401 0.09114939719438553 0.007711000740528107
v -0.015939952805638313 0.09808070212602615 0.005484100431203842
v -0.01615951955318451 0.09427002817392349 0.006679415702819824
v -0.01615951955318451 0.09427002817392349 0.006679415702819824
v -0.015939952805638313 0.09808070212602615 0.005484100431203842
v -0.007863199338316917 0.09671343117952347 0.0058156694285571575
v -0.01615951955318451 0.09427002817392349 0.006679415702819824
v -0.007863199338316917 0.09671343117952347 0.0058156694285571575
v -0.01631675288081169 0.09041628241539001 0.006984239909797907
v -0.01631675288081169 0.09041628241539001 0.006984239909797907
v -0.007863199338316917 0.09671343117952347 0.0058156694285571575
v -0.00795137882232666 0.09252502769231796 0.00660508731380105
v -0.01631675288081169 0.09041628241539001 0.006984239909797907
v -0.00795137882232666 0.09252502769231796 0.00660508731380105
v -0.016369184479117393 0.08853396028280258 0.006629421375691891
v -0.016369184479117393 0.08853396028280258 0.006629421375691891
v -0.00795137882232666 0.09252502769231796 0.00660508731380105
v -0.007982476614415646 0.09041298180818558 0.006463393568992615
v -0.016369184479117393 0.08853396028280258 0.006629421375691891
v -0.007982476614415646 0.09041298180818558 0.006463393568992615
v -0.01640222780406475 0.08679335564374924 0.005816344637423754
v -0.01640222780406475 0.08679335564374924 0.005816344637423754
v -0.007982476614415646 0.09041298180818558 0.006463393568992615
v -0.008003802970051765 0.08840922266244888 0.005791598465293646
v -0.01640222780406475 0.08679335564374924 0.005816344637423754
v -0.008003802970051765 0.08840922266244888 0.005791598465293646
v -0.016414163634181023 0.08531958609819412 0.004485145676881075
v -0.016414163634181023 0.08531958609819412 0.004485145676881075
v -0.008003802970051765 0.08840922266244888 0.005791598465293646
v -0.008014353923499584 0.08670593798160553 0.004485797602683306
v -0.016414163634181023 0.08531958609819412 0.004485145676881075
v -0.008014353923499584 0.08670593798160553 0.004485797602683306
v -0.016407649964094162 0.08426754176616669 0.0026139242108911276
v -0.016407649964094162 0.08426754176616669 0.0026139242108911276
v -0.008014353923499584 0.08670593798160553 0.004485797602683306
v -0.00801557395607233 0.0855419859290123 0.002577505772933364
v -0.016407649964094162 0.08426754176616669 0.0026139242108911276
v -0.00801557395607233 0.0855419859290123 0.002577505772933364
v -0.008250752463936806 0.08505719900131226 -4.872809995504213e-07
v -0.008250752463936806 0.08505719900131226 -4.872809995504213e-07
v -0.00801557395607233 0.0855419859290123 0.002577505772933364
v -0.008008567616343498 0.08506954461336136 -4.7369610456371447e-07
v -0.08440102636814117 0.010573179461061954 1.858668525756002e-07
v -0.08462291210889816 0.007784885820001364 0.006096851546317339
v -0.08348646014928818 0.01606464944779873 0.00570635637268424
v -0.08348646014928818 0.01606464944779873 0.00570635637268424
v -0.08462291210889816 0.007784885820001364 0.006096851546317339
v -0.08316274732351303 0.016925763338804245 0.01276958268135786
v -0.08348646014928818 0.01606464944779873 0.00570635637268424
v -0.08316274732351303 0.016925763338804245 0.01276958268135786
v -0.08126895874738693 0.02504323236644268 0.011929537169635296
v -0.08126895874738693 0.02504323236644268 0.011929537169635296
v -0.08316274732351303 0.016925763338804245 0.01276958268135786
v -0.08069032430648804 0.026776986196637154 0.018240589648485184
v -0.08126895874738693 0.02504323236644268 0.011929537169635296
v -0.08069032430648804 0.026776986196637154 0.018240589648485184
v -0.07808016240596771 0.03467555716633797 0.016909170895814896
v -0.07808016240596771 0.03467555716633797 0.016909170895814896
v -0.08069032430648804 0.026776986196637154 0.018240589648485184
v -0.07726038992404938 0.03744442015886307 0.022138390690088272
v -0.07808016240596771 0.03467555716633797 0.016909170895814896
v -0.07726038992404938 0.03744442015886307 0.022138390690088272
v -0.07397206872701645 0.045081060379743576 0.020257296040654182
v -0.07397206872701645 0.045081060379743576 0.020257296040654182
v -0.07726038992404938 0.03744442015886307 0.022138390690088272
v -0.07295246422290802 0.04873218759894371 0.024141913279891014
v -0.07397206872701645 0.045081060379743576 0.020257296040654182
v -0.07295246422290802 0.04873218759894371 0.024141913279891014
v -0.06902532279491425 0.05600884556770325 0.021685119718313217
v -0.06902532279491425 0.05600884556770325 0.021685119718313217
v -0.07295246422290802 0.04873218759894371 0.024141913279891014
v -0.06787223368883133 0.0603175163269043 0.0240862388163805
v -0.06902532279491425 0.05600884556770325 0.021685119718313217
v -0.06787223368883133 0.0603175163269043 0.0240862388163805
v -0.06334324181079865 0.06711988896131516 0.021087490022182465
v -0.06334324181079865 0.06711988896131516 0.021087490022182465
v -0.06787223368883133 0.0603175163269043 0.0240862388163805
v -0.06214158982038498 0.07180658727884293 0.021979156881570816
v -0.06334324181079865 0.06711988896131516 0.021087490022182465
v -0.06214158982038498 0.07180658727884293 0.021979156881570816
v -0.057055067270994186 0.07802911847829819 0.018531836569309235
v -0.057055067270994186 0.07802911847829819 0.018531836569309235
v -0.06214158982038498 0.07180658727884293 0.021979156881570816
v -0.05589484050869942 0.08279402554035187 0.018033798784017563
v -0.057055067270994186 0.07802911847829819 0.018531836569309235
v -0.05589484050869942 0.08279402554035187 0.018033798784017563
v -0.05029509589076042 0.0883646085858345 0.014280115254223347
v -0.05029509589076042 0.0883646085858345 0.014280115254223347
v -0.05589484050869942 0.08279402554035187 0.018033798784017563
v -0.05471930280327797 0.08765757083892822 0.01677093096077442
v -0.05029509589076042 0.0883646085858345 0.014280115254223347
v -0.05471930280327797 0.08765757083892822 0.01677093096077442
v -0.04825707897543907 0.09749636799097061 0.01049596257507801
v -0.006260002963244915 0.2045002281665802 -0.0675777792930603
v -0.002589735435321927 0.20450006425380707 -0.06793192774057388
v -0.006236231420189142 0.19543643295764923 -0.06733974069356918
v -0.006236231420189142 0.19543643295764923 -0.06733974069356918
v -0.002589735435321927 0.20450006425380707 -0.06793192774057388
v 0.00043624371755868196 0.19549188017845154 -0.06743757426738739
v -0.006236231420189142 0.19543643295764923 -0.06733974069356918
v 0.00043624371755868196 0.19549188017845154 -0.06743757426738739
v -0.00618873443454504 0.1858920156955719 -0.0658700242638588
v 0.00043624371755868196 0.19549188017845154 -0.06743757426738739
v 0.00043624371755868196 0.19053982198238373 -0.06712869554758072
v -0.00618873443454504 0.1858920156955719 -0.0658700242638588
v -0.00618873443454504 0.1858920156955719 -0.0658700242638588
v 0.00043624371755868196 0.19053982198238373 -0.06712869554758072
v 0.00043624371755868196 0.18612633645534515 -0.06600996106863022
v -0.00618873443454504 0.1858920156955719 -0.0658700242638588
v 0.00043624371755868196 0.18612633645534515 -0.06600996106863022
v -0.006160665303468704 0.17659839987754822 -0.06266601383686066
v -0.006160665303468704 0.17659839987754822 -0.06266601383686066
v 0.00043624371755868196 0.18612633645534515 -0.06600996106863022
v 0.00043624371755868196 0.1801154762506485 -0.0644863098859787
v -0.006160665303468704 0.17659839987754822 -0.06266601383686066
v 0.00043624371755868196 0.1801154762506485 -0.0644863098859787
v 0.00043624371755868196 0.17715273797512054 -0.06300944834947586
v -0.019396627321839333 0.20450051128864288 -0.0649467259645462
v -0.016538074240088463 0.20450055599212646 -0.065846286714077
v -0.01944001205265522 0.19517651200294495 -0.06457507610321045
v -0.01944001205265522 0.19517651200294495 -0.06457507610321045
v -0.016538074240088463 0.20450055599212646 -0.065846286714077
v -0.012888330966234207 0.19533562660217285 -0.06630199402570724
v -0.01944001205265522 0.19517651200294495 -0.06457507610321045
v -0.012888330966234207 0.19533562660217285 -0.06630199402570724
v -0.019390547648072243 0.18527556955814362 -0.06282778829336166
v -0.019390547648072243 0.18527556955814362 -0.06282778829336166
v -0.012888330966234207 0.19533562660217285 -0.06630199402570724
v -0.012828703969717026 0.18563027679920197 -0.06472130864858627
v -0.019390547648072243 0.18527556955814362 -0.06282778829336166
v -0.012828703969717026 0.18563027679920197 -0.06472130864858627
v -0.019369222223758698 0.1754399836063385 -0.059198226779699326
v -0.019369222223758698 0.1754399836063385 -0.059198226779699326
v -0.012828703969717026 0.18563027679920197 -0.06472130864858627
v -0.012797180563211441 0.17606671154499054 -0.061319828033447266
v -0.019369222223758698 0.1754399836063385 -0.059198226779699326
v -0.012797180563211441 0.17606671154499054 -0.061319828033447266
v -0.01936349831521511 0.16615433990955353 -0.05372350290417671
v -0.01936349831521511 0.16615433990955353 -0.05372350290417671
v -0.012797180563211441 0.17606671154499054 -0.061319828033447266
v -0.012779220938682556 0.1670941412448883 -0.05611954256892204
v -0.01936349831521511 0.16615433990955353 -0.05372350290417671
v -0.012779220938682556 0.1670941412448883 -0.05611954256892204
v -0.019377451390028 0.15764623880386353 -0.047069940716028214
v -0.012892279773950577 0.2045004665851593 -0.06658569723367691
v -0.009580343030393124 0.20450037717819214 -0.06725738942623138
v -0.012888330966234207 0.19533562660217285 -0.06630199402570724
v -0.012888330966234207 0.19533562660217285 -0.06630199402570724
v -0.009580343030393124 0.20450037717819214 -0.06725738942623138
v -0.006236231420189142 0.19543643295764923 -0.06733974069356918
v -0.012888330966234207 0.19533562660217285 -0.06630199402570724
v -0.006236231420189142 0.19543643295764923 -0.06733974069356918
v -0.012828703969717026 0.18563027679920197 -0.06472130864858627
v -0.012828703969717026 0.18563027679920197 -0.06472130864858627
v -0.006236231420189142 0.19543643295764923 -0.06733974069356918
v -0.00618873443454504 0.1858920156955719 -0.0658700242638588
v -0.012828703969717026 0.18563027679920197 -0.06472130864858627
v -0.00618873443454504 0.1858920156955719 -0.0658700242638588
v -0.012797180563211441 0.17606671154499054 -0.061319828033447266
v -0.012797180563211441 0.17606671154499054 -0.061319828033447266
v -0.00618873443454504 0.1858920156955719 -0.0658700242638588
v -0.006160665303468704 0.17659839987754822 -0.06266601383686066
v -0.012797180563211441 0.17606671154499054 -0.061319828033447266
v -0.006160665303468704 0.17659839987754822 -0.06266601383686066
v -0.012779220938682556 0.1670941412448883 -0.05611954256892204
v 0.00043624371755868196 0.168781578540802 -0.05853027477860451
v 0.00043624371755868196 0.16120217740535736 -0.052760060876607895
v -0.006129835732281208 0.16004067659378052 -0.051676053553819656
v 0.00043624371755868196 0.16994711756706238 -0.05941759794950485
v 0.00043624371755868196 0.168781578540802 -0.05853027477860451
v -0.006141455378383398 0.16794206202030182 -0.057752825319767
v -0.006141455378383398 0.16794206202030182 -0.057752825319767
v 0.00043624371755868196 0.168781578540802 -0.05853027477860451
v -0.006129835732281208 0.16004067659378052 -0.051676053553819656
v -0.006141455378383398 0.16794206202030182 -0.057752825319767
v -0.006129835732281208 0.16004067659378052 -0.051676053553819656
v -0.012774979695677757 0.15889671444892883 -0.04973437264561653
v -0.012774979695677757 0.15889671444892883 -0.04973437264561653
v -0.006129835732281208 0.16004067659378052 -0.051676053553819656
v -0.012811866588890553 0.1513231247663498 -0.042738623917102814
v -0.012774979695677757 0.15889671444892883 -0.04973437264561653
v -0.012811866588890553 0.1513231247663498 -0.042738623917102814
v -0.019449692219495773 0.1497696042060852 -0.03985258564352989
v -0.019449692219495773 0.1497696042060852 -0.03985258564352989
v -0.012811866588890553 0.1513231247663498 -0.042738623917102814
v -0.013118184171617031 0.13721343874931335 -0.028173010796308517
v 0.00043624371755868196 0.15894661843776703 -0.05104289948940277
v 0.00043624371755868196 0.15419231355190277 -0.04634033143520355
v -0.006140418816357851 0.1527363359928131 -0.044953253120183945
v -0.006140418816357851 0.1527363359928131 -0.044953253120183945
v 0.00043624371755868196 0.15419231355190277 -0.04634033143520355
v 0.00043624371755868196 0.1447799801826477 -0.0370304100215435
v 0.00043624371755868196 0.16120217740535736 -0.052760060876607895
v 0.00043624371755868196 0.15894661843776703 -0.05104289948940277
v -0.006129835732281208 0.16004067659378052 -0.051676053553819656
v -0.006129835732281208 0.16004067659378052 -0.051676053553819656
v 0.00043624371755868196 0.15894661843776703 -0.05104289948940277
v -0.006140418816357851 0.1527363359928131 -0.044953253120183945
v -0.006129835732281208 0.16004067659378052 -0.051676053553819656
v -0.006140418816357851 0.1527363359928131 -0.044953253120183945
v -0.012811866588890553 0.1513231247663498 -0.042738623917102814
v -0.012811866588890553 0.1513231247663498 -0.042738623917102814
v -0.006140418816357851 0.1527363359928131 -0.044953253120183945
v 0.00043624371755868196 0.1447799801826477 -0.0370304100215435
v -0.012811866588890553 0.1513231247663498 -0.042738623917102814
v 0.00043624371755868196 0.1447799801826477 -0.0370304100215435
v -0.013118184171617031 0.13721343874931335 -0.028173010796308517
v -0.013118184171617031 0.13721343874931335 -0.028173010796308517
v 0.00043624371755868196 0.1447799801826477 -0.0370304100215435
v 0.00043624371755868196 0.1408238708972931 -0.0327611118555069
v -0.013118184171617031 0.13721343874931335 -0.028173010796308517
v 0.00043624371755868196 0.1408238708972931 -0.0327611118555069
v 0.00043624371755868196 0.12786740064620972 -0.01877892017364502
v -0.025709588080644608 0.20450030267238617 -0.06267645210027695
v -0.02335445210337639 0.20450043678283691 -0.06370124220848083
v -0.02581147849559784 0.19496209919452667 -0.06217674911022186
v -0.02581147849559784 0.19496209919452667 -0.06217674911022186
v -0.02335445210337639 0.20450043678283691 -0.06370124220848083
v -0.01944001205265522 0.19517651200294495 -0.06457507610321045
v -0.02581147849559784 0.19496209919452667 -0.06217674911022186
v -0.01944001205265522 0.19517651200294495 -0.06457507610321045
v -0.02578035742044449 0.18483056128025055 -0.060212016105651855
v -0.02578035742044449 0.18483056128025055 -0.060212016105651855
v -0.01944001205265522 0.19517651200294495 -0.06457507610321045
v -0.019390547648072243 0.18527556955814362 -0.06282778829336166
v -0.02578035742044449 0.18483056128025055 -0.060212016105651855
v -0.019390547648072243 0.18527556955814362 -0.06282778829336166
v -0.025771191343665123 0.17471668124198914 -0.056327372789382935
v -0.025771191343665123 0.17471668124198914 -0.056327372789382935
v -0.019390547648072243 0.18527556955814362 -0.06282778829336166
v -0.019369222223758698 0.1754399836063385 -0.059198226779699326
v -0.025771191343665123 0.17471668124198914 -0.056327372789382935
v -0.019369222223758698 0.1754399836063385 -0.059198226779699326
v -0.02577877603471279 0.16511595249176025 -0.05059090256690979
v -0.02577877603471279 0.16511595249176025 -0.05059090256690979
v -0.019369222223758698 0.1754399836063385 -0.059198226779699326
v -0.01936349831521511 0.16615433990955353 -0.05372350290417671
v -0.02577877603471279 0.16511595249176025 -0.05059090256690979
v -0.01936349831521511 0.16615433990955353 -0.05372350290417671
v -0.025813352316617966 0.15627889335155487 -0.04370676726102829
v -0.025813352316617966 0.15627889335155487 -0.04370676726102829
v -0.01936349831521511 0.16615433990955353 -0.05372350290417671
v -0.019377451390028 0.15764623880386353 -0.047069940716028214
v -0.025813352316617966 0.15627889335155487 -0.04370676726102829
v -0.019377451390028 0.15764623880386353 -0.047069940716028214
v -0.025923343375325203 0.14806343615055084 -0.036316175013780594
v -0.03177037090063095 0.2044999748468399 -0.05979796126484871
v -0.029952993616461754 0.20450007915496826 -0.06083002686500549
v -0.03192484751343727 0.1946953684091568 -0.05913206562399864
v -0.03192484751343727 0.1946953684091568 -0.05913206562399864
v -0.029952993616461754 0.20450007915496826 -0.06083002686500549
v -0.02581147849559784 0.19496209919452667 -0.06217674911022186
v -0.03192484751343727 0.1946953684091568 -0.05913206562399864
v -0.02581147849559784 0.19496209919452667 -0.06217674911022186
v -0.03190677613019943 0.18429845571517944 -0.056905973702669144
v -0.03190677613019943 0.18429845571517944 -0.056905973702669144
v -0.02581147849559784 0.19496209919452667 -0.06217674911022186
v -0.02578035742044449 0.18483056128025055 -0.060212016105651855
v -0.03190677613019943 0.18429845571517944 -0.056905973702669144
v -0.02578035742044449 0.18483056128025055 -0.060212016105651855
v -0.03190067037940025 0.17389672994613647 -0.052744098007678986
v -0.03190067037940025 0.17389672994613647 -0.052744098007678986
v -0.02578035742044449 0.18483056128025055 -0.060212016105651855
v -0.025771191343665123 0.17471668124198914 -0.056327372789382935
v -0.03190067037940025 0.17389672994613647 -0.052744098007678986
v -0.025771191343665123 0.17471668124198914 -0.056327372789382935
v -0.031913310289382935 0.16397510468959808 -0.04675910621881485
v -0.031913310289382935 0.16397510468959808 -0.04675910621881485
v -0.025771191343665123 0.17471668124198914 -0.056327372789382935
v -0.02577877603471279 0.16511595249176025 -0.05059090256690979
v -0.031913310289382935 0.16397510468959808 -0.04675910621881485
v -0.02577877603471279 0.16511595249176025 -0.05059090256690979
v -0.031963106244802475 0.1547888070344925 -0.03967985883355141
v -0.031963106244802475 0.1547888070344925 -0.03967985883355141
v -0.02577877603471279 0.16511595249176025 -0.05059090256690979
v -0.025813352316617966 0.15627889335155487 -0.04370676726102829
v -0.031963106244802475 0.1547888070344925 -0.03967985883355141
v -0.025813352316617966 0.15627889335155487 -0.04370676726102829
v -0.03210705518722534 0.14619845151901245 -0.032160744071006775
v -0.03210705518722534 0.14619845151901245 -0.032160744071006775
v -0.025813352316617966 0.15627889335155487 -0.04370676726102829
v -0.025923343375325203 0.14806343615055084 -0.036316175013780594
v -0.03210705518722534 0.14619845151901245 -0.032160744071006775
v -0.025923343375325203 0.14806343615055084 -0.036316175013780594
v -0.026555214077234268 0.13265930116176605 -0.02138623036444187
v -0.043194010853767395 0.14200860261917114 -0.022198563441634178
v -0.038818713277578354 0.12707293033599854 -0.012546571902930737
v -0.04424062743782997 0.12391866743564606 -0.007446278352290392
v -0.04424062743782997 0.12391866743564606 -0.007446278352290392
v -0.038818713277578354 0.12707293033599854 -0.012546571902930737
v -0.03966706246137619 0.11874347180128098 -0.0056729973293840885
v -0.04424062743782997 0.12391866743564606 -0.007446278352290392
v -0.03966706246137619 0.11874347180128098 -0.0056729973293840885
v -0.04520631954073906 0.11507756263017654 -0.0007839722093194723
v -0.04520631954073906 0.11507756263017654 -0.0007839722093194723
v -0.03966706246137619 0.11874347180128098 -0.0056729973293840885
v -0.040827974677085876 0.11048675328493118 0.0006632981239818037
v -0.04520631954073906 0.11507756263017654 -0.0007839722093194723
v -0.040827974677085876 0.11048675328493118 0.0006632981239818037
v -0.04653057083487511 0.10632551461458206 0.0052393963560462
v -0.04653057083487511 0.10632551461458206 0.0052393963560462
v -0.040827974677085876 0.11048675328493118 0.0006632981239818037
v -0.04233406111598015 0.10214102268218994 0.006336089223623276
v -0.04653057083487511 0.10632551461458206 0.0052393963560462
v -0.04233406111598015 0.10214102268218994 0.006336089223623276
v -0.04825707897543907 0.09749636799097061 0.01049596257507801
v -0.04825707897543907 0.09749636799097061 0.01049596257507801
v -0.04233406111598015 0.10214102268218994 0.006336089223623276
v -0.04410210996866226 0.09350727498531342 0.010715212672948837
v -0.04825707897543907 0.09749636799097061 0.01049596257507801
v -0.04410210996866226 0.09350727498531342 0.010715212672948837
v -0.05029509589076042 0.0883646085858345 0.014280115254223347
v -0.05029509589076042 0.0883646085858345 0.014280115254223347
v -0.04410210996866226 0.09350727498531342 0.010715212672948837
v -0.05132007598876953 0.08384645730257034 0.015216768719255924
v -0.05029509589076042 0.0883646085858345 0.014280115254223347
v -0.05132007598876953 0.08384645730257034 0.015216768719255924
v -0.057055067270994186 0.07802911847829819 0.018531836569309235
v -0.057055067270994186 0.07802911847829819 0.018531836569309235
v -0.05132007598876953 0.08384645730257034 0.015216768719255924
v -0.058131854981184006 0.07355223596096039 0.01817401684820652
v -0.057055067270994186 0.07802911847829819 0.018531836569309235
v -0.058131854981184006 0.07355223596096039 0.01817401684820652
v -0.06334324181079865 0.06711988896131516 0.021087490022182465
v -0.06334324181079865 0.06711988896131516 0.021087490022182465
v -0.058131854981184006 0.07355223596096039 0.01817401684820652
v -0.06438668072223663 0.06295847147703171 0.019280416890978813
v -0.06334324181079865 0.06711988896131516 0.021087490022182465
v -0.06438668072223663 0.06295847147703171 0.019280416890978813
v -0.06902532279491425 0.05600884556770325 0.021685119718313217
v -0.06902532279491425 0.05600884556770325 0.021685119718313217
v -0.06438668072223663 0.06295847147703171 0.019280416890978813
v -0.06995229423046112 0.05243438482284546 0.018408263102173805
v -0.06902532279491425 0.05600884556770325 0.021685119718313217
v -0.06995229423046112 0.05243438482284546 0.018408263102173805
v -0.07397206872701645 0.045081060379743576 0.020257296040654182
v -0.07397206872701645 0.045081060379743576 0.020257296040654182
v -0.06995229423046112 0.05243438482284546 0.018408263102173805
v -0.07471653074026108 0.042334459722042084 0.015599186532199383
v -0.07397206872701645 0.045081060379743576 0.020257296040654182
v -0.07471653074026108 0.042334459722042084 0.015599186532199383
v -0.07808016240596771 0.03467555716633797 0.016909170895814896
v -0.07808016240596771 0.03467555716633797 0.016909170895814896
v -0.07471653074026108 0.042334459722042084 0.015599186532199383
v -0.0785999447107315 0.03296501189470291 0.011102684773504734
v -0.07808016240596771 0.03467555716633797 0.016909170895814896
v -0.0785999447107315 0.03296501189470291 0.011102684773504734
v -0.08126895874738693 0.02504323236644268 0.011929537169635296
v -0.08126895874738693 0.02504323236644268 0.011929537169635296
v -0.0785999447107315 0.03296501189470291 0.011102684773504734
v -0.08154857158660889 0.024203360080718994 0.005323691293597221
v -0.08126895874738693 0.02504323236644268 0.011929537169635296
v -0.08154857158660889 0.024203360080718994 0.005323691293597221
v -0.08348646014928818 0.01606464944779873 0.00570635637268424
v -0.08348646014928818 0.01606464944779873 0.00570635637268424
v -0.08154857158660889 0.024203360080718994 0.005323691293597221
v -0.08298413455486298 0.018718726933002472 2.399144420905941e-07
v -0.08348646014928818 0.01606464944779873 0.00570635637268424
v -0.08298413455486298 0.018718726933002472 2.399144420905941e-07
v -0.0834718570113182 0.015914874151349068 2.213102163750591e-07
v -0.026555214077234268 0.13265930116176605 -0.02138623036444187
v -0.032891590148210526 0.1299918293952942 -0.017206884920597076
v -0.03210705518722534 0.14619845151901245 -0.032160744071006775
v -0.03210705518722534 0.14619845151901245 -0.032160744071006775
v -0.032891590148210526 0.1299918293952942 -0.017206884920597076
v -0.0378948412835598 0.14417792856693268 -0.027435967698693275
v -0.03210705518722534 0.14619845151901245 -0.032160744071006775
v -0.0378948412835598 0.14417792856693268 -0.027435967698693275
v -0.031963106244802475 0.1547888070344925 -0.03967985883355141
v -0.031963106244802475 0.1547888070344925 -0.03967985883355141
v -0.0378948412835598 0.14417792856693268 -0.027435967698693275
v -0.03772515058517456 0.15317659080028534 -0.03504392132163048
v -0.031963106244802475 0.1547888070344925 -0.03967985883355141
v -0.03772515058517456 0.15317659080028534 -0.03504392132163048
v -0.031913310289382935 0.16397510468959808 -0.04675910621881485
v -0.031913310289382935 0.16397510468959808 -0.04675910621881485
v -0.03772515058517456 0.15317659080028534 -0.03504392132163048
v -0.03767118230462074 0.1627318263053894 -0.042285580188035965
v -0.031913310289382935 0.16397510468959808 -0.04675910621881485
v -0.03767118230462074 0.1627318263053894 -0.042285580188035965
v -0.03190067037940025 0.17389672994613647 -0.052744098007678986
v -0.03190067037940025 0.17389672994613647 -0.052744098007678986
v -0.03767118230462074 0.1627318263053894 -0.042285580188035965
v -0.03766844421625137 0.17298172414302826 -0.04850459098815918
v -0.03190067037940025 0.17389672994613647 -0.052744098007678986
v -0.03766844421625137 0.17298172414302826 -0.04850459098815918
v -0.03190677613019943 0.18429845571517944 -0.056905973702669144
v -0.03190677613019943 0.18429845571517944 -0.056905973702669144
v -0.03766844421625137 0.17298172414302826 -0.04850459098815918
v -0.03768867254257202 0.1836826056241989 -0.05295884981751442
v -0.03190677613019943 0.18429845571517944 -0.056905973702669144
v -0.03768867254257202 0.1836826056241989 -0.05295884981751442
v -0.03192484751343727 0.1946953684091568 -0.05913206562399864
v -0.03192484751343727 0.1946953684091568 -0.05913206562399864
v -0.03768867254257202 0.1836826056241989 -0.05295884981751442
v -0.03770913556218147 0.1943787783384323 -0.05547955632209778
v -0.03192484751343727 0.1946953684091568 -0.05913206562399864
v -0.03770913556218147 0.1943787783384323 -0.05547955632209778
v -0.03623729571700096 0.20449969172477722 -0.05726125091314316
v -0.03623729571700096 0.20449969172477722 -0.05726125091314316
v -0.03770913556218147 0.1943787783384323 -0.05547955632209778
v -0.037520550191402435 0.20449966192245483 -0.056339096277952194
v 0.00043624371755868196 0.17715273797512054 -0.06300944834947586
v 0.00043624371755868196 0.16994711756706238 -0.05941759794950485
v -0.006160665303468704 0.17659839987754822 -0.06266601383686066
v -0.006160665303468704 0.17659839987754822 -0.06266601383686066
v 0.00043624371755868196 0.16994711756706238 -0.05941759794950485
v -0.006141455378383398 0.16794206202030182 -0.057752825319767
v -0.006160665303468704 0.17659839987754822 -0.06266601383686066
v -0.006141455378383398 0.16794206202030182 -0.057752825319767
v -0.012779220938682556 0.1670941412448883 -0.05611954256892204
v -0.012779220938682556 0.1670941412448883 -0.05611954256892204
v -0.006141455378383398 0.16794206202030182 -0.057752825319767
v -0.012774979695677757 0.15889671444892883 -0.04973437264561653
v -0.012779220938682556 0.1670941412448883 -0.05611954256892204
v -0.012774979695677757 0.15889671444892883 -0.04973437264561653
v -0.019377451390028 0.15764623880386353 -0.047069940716028214
v -0.019377451390028 0.15764623880386353 -0.047069940716028214
v -0.012774979695677757 0.15889671444892883 -0.04973437264561653
v -0.019449692219495773 0.1497696042060852 -0.03985258564352989
v -0.019377451390028 0.15764623880386353 -0.047069940716028214
v -0.019449692219495773 0.1497696042060852 -0.03985258564352989
v -0.025923343375325203 0.14806343615055084 -0.036316175013780594
v -0.025923343375325203 0.14806343615055084 -0.036316175013780594
v -0.019449692219495773 0.1497696042060852 -0.03985258564352989
v -0.013118184171617031 0.13721343874931335 -0.028173010796308517
v -0.025923343375325203 0.14806343615055084 -0.036316175013780594
v -0.013118184171617031 0.13721343874931335 -0.028173010796308517
v -0.026555214077234268 0.13265930116176605 -0.02138623036444187
v -0.026555214077234268 0.13265930116176605 -0.02138623036444187
v -0.013118184171617031 0.13721343874931335 -0.028173010796308517
v -0.027148712426424026 0.12518754601478577 -0.014223244041204453
v -0.026555214077234268 0.13265930116176605 -0.02138623036444187
v -0.027148712426424026 0.12518754601478577 -0.014223244041204453
v -0.032891590148210526 0.1299918293952942 -0.017206884920597076
v -0.032891590148210526 0.1299918293952942 -0.017206884920597076
v -0.027148712426424026 0.12518754601478577 -0.014223244041204453
v -0.038818713277578354 0.12707293033599854 -0.012546571902930737
v -0.032891590148210526 0.1299918293952942 -0.017206884920597076
v -0.038818713277578354 0.12707293033599854 -0.012546571902930737
v -0.0378948412835598 0.14417792856693268 -0.027435967698693275
v -0.0378948412835598 0.14417792856693268 -0.027435967698693275
v -0.038818713277578354 0.12707293033599854 -0.012546571902930737
v -0.043194010853767395 0.14200860261917114 -0.022198563441634178
v -0.0378948412835598 0.14417792856693268 -0.027435967698693275
v -0.043194010853767395 0.14200860261917114 -0.022198563441634178
v -0.03772515058517456 0.15317659080028534 -0.03504392132163048
v -0.03772515058517456 0.15317659080028534 -0.03504392132163048
v -0.043194010853767395 0.14200860261917114 -0.022198563441634178
v -0.04301011189818382 0.15144526958465576 -0.029861221089959145
v -0.03772515058517456 0.15317659080028534 -0.03504392132163048
v -0.04301011189818382 0.15144526958465576 -0.029861221089959145
v -0.03767118230462074 0.1627318263053894 -0.042285580188035965
v -0.03767118230462074 0.1627318263053894 -0.042285580188035965
v -0.04301011189818382 0.15144526958465576 -0.029861221089959145
v -0.04296722635626793 0.1613875776529312 -0.03723553940653801
v -0.03767118230462074 0.1627318263053894 -0.042285580188035965
v -0.04296722635626793 0.1613875776529312 -0.03723553940653801
v -0.03766844421625137 0.17298172414302826 -0.04850459098815918
v -0.03766844421625137 0.17298172414302826 -0.04850459098815918
v -0.04296722635626793 0.1613875776529312 -0.03723553940653801
v -0.04299432784318924 0.17197401821613312 -0.0436725839972496
v -0.03766844421625137 0.17298172414302826 -0.04850459098815918
v -0.04299432784318924 0.17197401821613312 -0.0436725839972496
v -0.03768867254257202 0.1836826056241989 -0.05295884981751442
v -0.03768867254257202 0.1836826056241989 -0.05295884981751442
v -0.04299432784318924 0.17197401821613312 -0.0436725839972496
v -0.04305189475417137 0.18298651278018951 -0.04842670261859894
v -0.03768867254257202 0.1836826056241989 -0.05295884981751442
v -0.04305189475417137 0.18298651278018951 -0.04842670261859894
v -0.03770913556218147 0.1943787783384323 -0.05547955632209778
v -0.03770913556218147 0.1943787783384323 -0.05547955632209778
v -0.04305189475417137 0.18298651278018951 -0.04842670261859894
v -0.04309803247451782 0.194014772772789 -0.05126339942216873
v -0.03770913556218147 0.1943787783384323 -0.05547955632209778
v -0.04309803247451782 0.194014772772789 -0.05126339942216873
v -0.04213382676243782 0.20449954271316528 -0.05302396044135094
v -0.04213382676243782 0.20449954271316528 -0.05302396044135094
v -0.04309803247451782 0.194014772772789 -0.05126339942216873
v -0.04290559142827988 0.20449960231781006 -0.05233384296298027
v -0.0478706881403923 0.2045000046491623 -0.04781736060976982
v -0.047520607709884644 0.2044999748468399 -0.04820705205202103
v -0.04803624376654625 0.19360578060150146 -0.046536825597286224
v -0.04803624376654625 0.19360578060150146 -0.046536825597286224
v -0.047520607709884644 0.2044999748468399 -0.04820705205202103
v -0.04309803247451782 0.194014772772789 -0.05126339942216873
v -0.04803624376654625 0.19360578060150146 -0.046536825597286224
v -0.04309803247451782 0.194014772772789 -0.05126339942216873
v -0.04793887212872505 0.18221420049667358 -0.0433758869767189
v -0.04793887212872505 0.18221420049667358 -0.0433758869767189
v -0.04309803247451782 0.194014772772789 -0.05126339942216873
v -0.04305189475417137 0.18298651278018951 -0.04842670261859894
v -0.04793887212872505 0.18221420049667358 -0.0433758869767189
v -0.04305189475417137 0.18298651278018951 -0.04842670261859894
v -0.047819528728723526 0.17087708413600922 -0.03832273185253143
v -0.047819528728723526 0.17087708413600922 -0.03832273185253143
v -0.04305189475417137 0.18298651278018951 -0.04842670261859894
v -0.04299432784318924 0.17197401821613312 -0.0436725839972496
v -0.047819528728723526 0.17087708413600922 -0.03832273185253143
v -0.04299432784318924 0.17197401821613312 -0.0436725839972496
v -0.047741763293743134 0.1599459946155548 -0.0316852405667305
v -0.047741763293743134 0.1599459946155548 -0.0316852405667305
v -0.04299432784318924 0.17197401821613312 -0.0436725839972496
v -0.04296722635626793 0.1613875776529312 -0.03723553940653801
v -0.047741763293743134 0.1599459946155548 -0.0316852405667305
v -0.04296722635626793 0.1613875776529312 -0.03723553940653801
v -0.04775740206241608 0.14960117638111115 -0.024204708635807037
v -0.04775740206241608 0.14960117638111115 -0.024204708635807037
v -0.04296722635626793 0.1613875776529312 -0.03723553940653801
v -0.04301011189818382 0.15144526958465576 -0.029861221089959145
v -0.04775740206241608 0.14960117638111115 -0.024204708635807037
v -0.04301011189818382 0.15144526958465576 -0.029861221089959145
v -0.04794313386082649 0.1397017389535904 -0.01651523821055889
v -0.04794313386082649 0.1397017389535904 -0.01651523821055889
v -0.04301011189818382 0.15144526958465576 -0.029861221089959145
v -0.043194010853767395 0.14200860261917114 -0.022198563441634178
v -0.04794313386082649 0.1397017389535904 -0.01651523821055889
v -0.043194010853767395 0.14200860261917114 -0.022198563441634178
v -0.04836948215961456 0.13005787134170532 -0.009011278860270977
v -0.04836948215961456 0.13005787134170532 -0.009011278860270977
v -0.043194010853767395 0.14200860261917114 -0.022198563441634178
v -0.04424062743782997 0.12391866743564606 -0.007446278352290392
v -0.04836948215961456 0.13005787134170532 -0.009011278860270977
v -0.04424062743782997 0.12391866743564606 -0.007446278352290392
v -0.04909512400627136 0.12055215239524841 -0.0019547513220459223
v -0.04909512400627136 0.12055215239524841 -0.0019547513220459223
v -0.04424062743782997 0.12391866743564606 -0.007446278352290392
v -0.04520631954073906 0.11507756263017654 -0.0007839722093194723
v -0.04909512400627136 0.12055215239524841 -0.0019547513220459223
v -0.04520631954073906 0.11507756263017654 -0.0007839722093194723
v -0.05017169564962387 0.11114928126335144 0.004465095233172178
v -0.05017169564962387 0.11114928126335144 0.004465095233172178
v -0.04520631954073906 0.11507756263017654 -0.0007839722093194723
v -0.04653057083487511 0.10632551461458206 0.0052393963560462
v -0.05017169564962387 0.11114928126335144 0.004465095233172178
v -0.04653057083487511 0.10632551461458206 0.0052393963560462
v -0.051653310656547546 0.10184379667043686 0.010134189389646053
v -0.051653310656547546 0.10184379667043686 0.010134189389646053
v -0.04653057083487511 0.10632551461458206 0.0052393963560462
v -0.04825707897543907 0.09749636799097061 0.01049596257507801
v -0.051653310656547546 0.10184379667043686 0.010134189389646053
v -0.04825707897543907 0.09749636799097061 0.01049596257507801
v -0.053593602031469345 0.09247193485498428 0.01491540390998125
v -0.053593602031469345 0.09247193485498428 0.01491540390998125
v -0.04825707897543907 0.09749636799097061 0.01049596257507801
v -0.05471930280327797 0.08765757083892822 0.01677093096077442
v -0.053593602031469345 0.09247193485498428 0.01491540390998125
v -0.05471930280327797 0.08765757083892822 0.01677093096077442
v -0.059544406831264496 0.08198586851358414 0.021086832508444786
v -0.059544406831264496 0.08198586851358414 0.021086832508444786
v -0.05471930280327797 0.08765757083892822 0.01677093096077442
v -0.06085021793842316 0.07683300226926804 0.02195037715137005
v -0.059544406831264496 0.08198586851358414 0.021086832508444786
v -0.06085021793842316 0.07683300226926804 0.02195037715137005
v -0.06513667851686478 0.07051896303892136 0.02600259892642498
v -0.06513667851686478 0.07051896303892136 0.02600259892642498
v -0.06085021793842316 0.07683300226926804 0.02195037715137005
v -0.06655144691467285 0.06522221863269806 0.025533095002174377
v -0.06513667851686478 0.07051896303892136 0.02600259892642498
v -0.06655144691467285 0.06522221863269806 0.025533095002174377
v -0.0702669620513916 0.05831735208630562 0.029167817905545235
v -0.0702669620513916 0.05831735208630562 0.029167817905545235
v -0.06655144691467285 0.06522221863269806 0.025533095002174377
v -0.07169689983129501 0.05319325998425484 0.027147039771080017
v -0.0702669620513916 0.05831735208630562 0.029167817905545235
v -0.07169689983129501 0.05319325998425484 0.027147039771080017
v -0.07481154799461365 0.045789092779159546 0.030246568843722343
v -0.07481154799461365 0.045789092779159546 0.030246568843722343
v -0.07169689983129501 0.05319325998425484 0.027147039771080017
v -0.07615728676319122 0.04117807000875473 0.026630500331521034
v -0.07481154799461365 0.045789092779159546 0.030246568843722343
v -0.07615728676319122 0.04117807000875473 0.026630500331521034
v -0.0786343514919281 0.033392686396837234 0.029130766168236732
v -0.0786343514919281 0.033392686396837234 0.029130766168236732
v -0.07615728676319122 0.04117807000875473 0.026630500331521034
v -0.07980655878782272 0.029578331857919693 0.024034496396780014
v -0.0786343514919281 0.033392686396837234 0.029130766168236732
v -0.07980655878782272 0.029578331857919693 0.024034496396780014
v -0.08160744607448578 0.02153066359460354 0.02592899091541767
v -0.08160744607448578 0.02153066359460354 0.02592899091541767
v -0.07980655878782272 0.029578331857919693 0.024034496396780014
v -0.08253894001245499 0.01869565062224865 0.019579239189624786
v -0.08160744607448578 0.02153066359460354 0.02592899091541767
v -0.08253894001245499 0.01869565062224865 0.019579239189624786
v -0.08362069725990295 0.010486598126590252 0.020911138504743576
v -0.08362069725990295 0.010486598126590252 0.020911138504743576
v -0.08253894001245499 0.01869565062224865 0.019579239189624786
v -0.08427154272794724 0.008678487502038479 0.013611961156129837
v -0.08362069725990295 0.010486598126590252 0.020911138504743576
v -0.08427154272794724 0.008678487502038479 0.013611961156129837
v -0.08429712802171707 0.001980417175218463 0.01818733662366867
v -0.08429712802171707 0.001980417175218463 0.01818733662366867
v -0.08427154272794724 0.008678487502038479 0.013611961156129837
v -0.08438429981470108 0.0017326152883470058 0.017294680699706078
v -0.046392109245061874 -0.0720033049583435 0.02830684743821621
v -0.04657083377242088 -0.0718826875090599 0.028339168056845665
v -0.04659467563033104 -0.07216634601354599 0.02178632654249668
v -0.046392109245061874 -0.0720033049583435 0.02830684743821621
v -0.04659467563033104 -0.07216634601354599 0.02178632654249668
v -0.04645494744181633 -0.07245472818613052 0.014157130382955074
v -0.04659467563033104 -0.07216634601354599 0.02178632654249668
v -0.04659918695688248 -0.07219667732715607 0.01940227299928665
v -0.04645494744181633 -0.07245472818613052 0.014157130382955074
v -0.04645494744181633 -0.07245472818613052 0.014157130382955074
v -0.04659918695688248 -0.07219667732715607 0.01940227299928665
v -0.04660912603139877 -0.07226353138685226 0.014148532412946224
v -0.04645494744181633 -0.07245472818613052 0.014157130382955074
v -0.04660912603139877 -0.07226353138685226 0.014148532412946224
v -0.04645496606826782 -0.07245476543903351 0.014150148257613182
v -0.04645496606826782 -0.07245476543903351 0.014150148257613182
v -0.04660912603139877 -0.07226353138685226 0.014148532412946224
v -0.04663589224219322 -0.07244355231523514 3.8368986807202354e-12
v -0.04645496606826782 -0.07245476543903351 0.014150148257613182
v -0.04663589224219322 -0.07244355231523514 3.8368986807202354e-12
v -0.046493757516145706 -0.07253413647413254 3.7478861634738896e-15
v 0.06733615696430206 0.17407558858394623 0.006858982145786285
v 0.0675768181681633 0.17836444079875946 0.005168309435248375
v 0.0672176405787468 0.17836308479309082 0.012554207816720009
v 0.06830477714538574 0.19542452692985535 0.0006985359941609204
v 0.06831026822328568 0.19574277102947235 0.0006692848401144147
v 0.06789326667785645 0.19576424360275269 0.008358800783753395
v 0.04261871427297592 0.17856955528259277 0.05714687705039978
v 0.0426967516541481 0.17000000178813934 0.059242747724056244
v 0.04777057468891144 0.16999998688697815 0.05423832684755325
v 0.042514972388744354 0.19593662023544312 0.05461238697171211
v 0.04254292696714401 0.18900655210018158 0.05524406209588051
v 0.048056524246931076 0.18715043365955353 0.05040745437145233
v 0.04254292696714401 0.18900655210018158 0.05524406209588051
v 0.042555324733257294 0.18722066283226013 0.05555044859647751
v 0.048056524246931076 0.18715043365955353 0.05040745437145233
v 0.048056524246931076 0.18715043365955353 0.05040745437145233
v 0.042555324733257294 0.18722066283226013 0.05555044859647751
v 0.04255552217364311 0.18719255924224854 0.05555526912212372
v 0.048056524246931076 0.18715043365955353 0.05040745437145233
v 0.04255552217364311 0.18719255924224854 0.05555526912212372
v 0.0426047146320343 0.18010686337947845 0.056770894676446915
v 0.048162348568439484 0.1959032118320465 0.0493762232363224
v 0.04250048100948334 0.19952800869941711 0.05428503081202507
v 0.04251491650938988 0.19594968855381012 0.054611194878816605
v 0.048162348568439484 0.1959032118320465 0.0493762232363224
v 0.05329437553882599 0.19588011503219604 0.04360082745552063
v 0.053349923342466354 0.20449988543987274 0.043187808245420456
v 0.053349923342466354 0.20449988543987274 0.043187808245420456
v 0.048706721514463425 0.20449993014335632 0.04850954934954643
v 0.048162348568439484 0.1959032118320465 0.0493762232363224
v 0.048162348568439484 0.1959032118320465 0.0493762232363224
v 0.048706721514463425 0.20449993014335632 0.04850954934954643
v 0.048189256340265274 0.20449993014335632 0.048987776041030884
v 0.048162348568439484 0.1959032118320465 0.0493762232363224
v 0.048189256340265274 0.20449993014335632 0.048987776041030884
v 0.04250048100948334 0.19952800869941711 0.05428503081202507
v 0.04250048100948334 0.19952800869941711 0.05428503081202507
v 0.048189256340265274 0.20449993014335632 0.048987776041030884
v 0.04337038844823837 0.2044999897480011 0.05344124138355255
v 0.04250048100948334 0.19952800869941711 0.05428503081202507
v 0.04337038844823837 0.2044999897480011 0.05344124138355255
v 0.04248698428273201 0.2045000046491623 0.054163672029972076
v 0.05776578560471535 0.19585758447647095 0.03729607164859772
v 0.06151149421930313 0.1958349049091339 0.03053467348217964
v 0.06158130615949631 0.20449990034103394 0.030049048364162445
v 0.06158130615949631 0.20449990034103394 0.030049048364162445
v 0.05812076851725578 0.20449987053871155 0.036434054374694824
v 0.05776578560471535 0.19585758447647095 0.03729607164859772
v 0.05776578560471535 0.19585758447647095 0.03729607164859772
v 0.05812076851725578 0.20449987053871155 0.036434054374694824
v 0.05783280357718468 0.20449987053871155 0.03684878349304199
v 0.05776578560471535 0.19585758447647095 0.03729607164859772
v 0.05783280357718468 0.20449987053871155 0.03684878349304199
v 0.05329437553882599 0.19588011503219604 0.04360082745552063
v 0.05329437553882599 0.19588011503219604 0.04360082745552063
v 0.05783280357718468 0.20449987053871155 0.03684878349304199
v 0.05374851077795029 0.20449987053871155 0.04273097217082977
v 0.05329437553882599 0.19588011503219604 0.04360082745552063
v 0.05374851077795029 0.20449987053871155 0.04273097217082977
v 0.053349923342466354 0.20449988543987274 0.043187808245420456
v 0.06675110757350922 0.20449994504451752 0.015212004072964191
v 0.06466228514909744 0.20449991524219513 0.022589998319745064
v 0.06447383761405945 0.19581161439418793 0.023396868258714676
v 0.06447383761405945 0.19581161439418793 0.023396868258714676
v 0.06466228514909744 0.20449991524219513 0.022589998319745064
v 0.06454723328351974 0.20449991524219513 0.02287297323346138
v 0.06447383761405945 0.19581161439418793 0.023396868258714676
v 0.06454723328351974 0.20449991524219513 0.02287297323346138
v 0.06151149421930313 0.1958349049091339 0.03053467348217964
v 0.06151149421930313 0.1958349049091339 0.03053467348217964
v 0.06454723328351974 0.20449991524219513 0.02287297323346138
v 0.061774738132953644 0.20449990034103394 0.029692145064473152
v 0.06151149421930313 0.1958349049091339 0.03053467348217964
v 0.061774738132953644 0.20449990034103394 0.029692145064473152
v 0.06158130615949631 0.20449990034103394 0.030049048364162445
v 0.06801342964172363 0.2044999748468399 0.007649175822734833
v 0.06799574196338654 0.2044999748468399 0.00775512307882309
v 0.06789326667785645 0.19576424360275269 0.008358800783753395
v 0.06789326667785645 0.19576424360275269 0.008358800783753395
v 0.06799574196338654 0.2044999748468399 0.00775512307882309
v 0.06675110757350922 0.20449994504451752 0.015212004072964191
v 0.06789326667785645 0.19576424360275269 0.008358800783753395
v 0.06675110757350922 0.20449994504451752 0.015212004072964191
v 0.06661074608564377 0.19578786194324493 0.01597295142710209
v 0.06661074608564377 0.19578786194324493 0.01597295142710209
v 0.06675110757350922 0.20449994504451752 0.015212004072964191
v 0.06447383761405945 0.19581161439418793 0.023396868258714676
v 0.06843585520982742 0.2045000046491623 1.96335167856887e-06
v 0.06801342964172363 0.2044999748468399 0.007649175822734833
v 0.06842663884162903 0.20249104499816895 4.9026602937374264e-05
v 0.06842663884162903 0.20249104499816895 4.9026602937374264e-05
v 0.06801342964172363 0.2044999748468399 0.007649175822734833
v 0.06789326667785645 0.19576424360275269 0.008358800783753395
v 0.06842663884162903 0.20249104499816895 4.9026602937374264e-05
v 0.06789326667785645 0.19576424360275269 0.008358800783753395
v 0.06833275407552719 0.19704702496528625 0.0005494060460478067
v 0.06833275407552719 0.19704702496528625 0.0005494060460478067
v 0.06789326667785645 0.19576424360275269 0.008358800783753395
v 0.06831026822328568 0.19574277102947235 0.0006692848401144147
v 0.06767252832651138 0.18007010221481323 0.0044959355145692825
v 0.06799890846014023 0.18693561851978302 0.002468189923092723
v 0.06761305779218674 0.18695494532585144 0.010022507980465889
v 0.06761305779218674 0.18695494532585144 0.010022507980465889
v 0.06799890846014023 0.18693561851978302 0.002468189923092723
v 0.06804997473955154 0.1880098581314087 0.0021509078796952963
v 0.06761305779218674 0.18695494532585144 0.010022507980465889
v 0.06804997473955154 0.1880098581314087 0.0021509078796952963
v 0.06809087842702866 0.1892000436782837 0.0019177767680957913
v 0.06710746139287949 0.16999995708465576 0.008465598337352276
v 0.06733615696430206 0.17407558858394623 0.006858982145786285
v 0.0669843778014183 0.16999995708465576 0.01310725137591362
v 0.0669843778014183 0.16999995708465576 0.01310725137591362
v 0.06733615696430206 0.17407558858394623 0.006858982145786285
v 0.0672176405787468 0.17836308479309082 0.012554207816720009
v 0.0669843778014183 0.16999995708465576 0.01310725137591362
v 0.0672176405787468 0.17836308479309082 0.012554207816720009
v 0.06670240312814713 0.16999995708465576 0.0154317831620574
v 0.06545519828796387 0.16999995708465576 0.022911718115210533
v 0.06551740318536758 0.16999995708465576 0.022656897082924843
v 0.06598998606204987 0.178388774394989 0.019914820790290833
v 0.06598998606204987 0.178388774394989 0.019914820790290833
v 0.06551740318536758 0.16999995708465576 0.022656897082924843
v 0.06613071262836456 0.16999995708465576 0.020144803449511528
v 0.06598998606204987 0.178388774394989 0.019914820790290833
v 0.06613071262836456 0.16999995708465576 0.020144803449511528
v 0.0672176405787468 0.17836308479309082 0.012554207816720009
v 0.0672176405787468 0.17836308479309082 0.012554207816720009
v 0.06613071262836456 0.16999995708465576 0.020144803449511528
v 0.06666556000709534 0.16999995708465576 0.01573556289076805
v 0.0672176405787468 0.17836308479309082 0.012554207816720009
v 0.06666556000709534 0.16999995708465576 0.01573556289076805
v 0.06670240312814713 0.16999995708465576 0.0154317831620574
v 0.06545519828796387 0.16999995708465576 0.022911718115210533
v 0.06598998606204987 0.178388774394989 0.019914820790290833
v 0.06443513184785843 0.16999995708465576 0.027089901268482208
v 0.06443513184785843 0.16999995708465576 0.027089901268482208
v 0.06598998606204987 0.178388774394989 0.019914820790290833
v 0.06388809531927109 0.17841501533985138 0.027078157290816307
v 0.06443513184785843 0.16999995708465576 0.027089901268482208
v 0.06388809531927109 0.17841501533985138 0.027078157290816307
v 0.06345634162425995 0.16999995708465576 0.029681168496608734
v 0.06094859540462494 0.17844007909297943 0.03394165635108948
v 0.06182963028550148 0.16999997198581696 0.03398772329092026
v 0.06388809531927109 0.17841501533985138 0.027078157290816307
v 0.06388809531927109 0.17841501533985138 0.027078157290816307
v 0.06182963028550148 0.16999997198581696 0.03398772329092026
v 0.06337909400463104 0.16999997198581696 0.029885657131671906
v 0.06388809531927109 0.17841501533985138 0.027078157290816307
v 0.06337909400463104 0.16999997198581696 0.029885657131671906
v 0.06345634162425995 0.16999995708465576 0.029681168496608734
v 0.05693371966481209 0.16999997198581696 0.04276684671640396
v 0.05823478102684021 0.16999997198581696 0.04084399715065956
v 0.05754385516047478 0.18708796799182892 0.03851259872317314
v 0.05754385516047478 0.18708796799182892 0.03851259872317314
v 0.05823478102684021 0.16999997198581696 0.04084399715065956
v 0.06048097088932991 0.16999997198581696 0.03655995801091194
v 0.05754385516047478 0.18708796799182892 0.03851259872317314
v 0.06048097088932991 0.16999997198581696 0.03655995801091194
v 0.06094859540462494 0.17844007909297943 0.03394165635108948
v 0.06094859540462494 0.17844007909297943 0.03394165635108948
v 0.06048097088932991 0.16999997198581696 0.03655995801091194
v 0.060562171041965485 0.16999997198581696 0.036405086517333984
v 0.06094859540462494 0.17844007909297943 0.03394165635108948
v 0.060562171041965485 0.16999997198581696 0.036405086517333984
v 0.06182963028550148 0.16999997198581696 0.03398772329092026
v 0.052635833621025085 0.16999998688697815 0.04870036989450455
v 0.0541369691491127 0.16999998688697815 0.0469001941382885
v 0.05754385516047478 0.18708796799182892 0.03851259872317314
v 0.05754385516047478 0.18708796799182892 0.03851259872317314
v 0.0541369691491127 0.16999998688697815 0.0469001941382885
v 0.05686022341251373 0.16999997198581696 0.042875468730926514
v 0.05754385516047478 0.18708796799182892 0.03851259872317314
v 0.05686022341251373 0.16999997198581696 0.042875468730926514
v 0.05693371966481209 0.16999997198581696 0.04276684671640396
v 0.052635833621025085 0.16999998688697815 0.04870036989450455
v 0.05754385516047478 0.18708796799182892 0.03851259872317314
v 0.0525798425078392 0.16999998688697815 0.04876751825213432
v 0.0525798425078392 0.16999998688697815 0.04876751825213432
v 0.05754385516047478 0.18708796799182892 0.03851259872317314
v 0.05310927331447601 0.18711881339550018 0.044708769768476486
v 0.0525798425078392 0.16999998688697815 0.04876751825213432
v 0.05310927331447601 0.18711881339550018 0.044708769768476486
v 0.04916337877511978 0.16999998688697815 0.052864570170640945
v 0.04916337877511978 0.16999998688697815 0.052864570170640945
v 0.05310927331447601 0.18711881339550018 0.044708769768476486
v 0.048056524246931076 0.18715043365955353 0.05040745437145233
v 0.04916337877511978 0.16999998688697815 0.052864570170640945
v 0.048056524246931076 0.18715043365955353 0.05040745437145233
v 0.04777057468891144 0.16999998688697815 0.05423832684755325
v 0.04777057468891144 0.16999998688697815 0.05423832684755325
v 0.048056524246931076 0.18715043365955353 0.05040745437145233
v 0.0426047146320343 0.18010686337947845 0.056770894676446915
v 0.04777057468891144 0.16999998688697815 0.05423832684755325
v 0.0426047146320343 0.18010686337947845 0.056770894676446915
v 0.04261871427297592 0.17856955528259277 0.05714687705039978
v 0.0675768181681633 0.17836444079875946 0.005168309435248375
v 0.06767252832651138 0.18007010221481323 0.0044959355145692825
v 0.0672176405787468 0.17836308479309082 0.012554207816720009
v 0.0672176405787468 0.17836308479309082 0.012554207816720009
v 0.06767252832651138 0.18007010221481323 0.0044959355145692825
v 0.06761305779218674 0.18695494532585144 0.010022507980465889
v 0.0672176405787468 0.17836308479309082 0.012554207816720009
v 0.06761305779218674 0.18695494532585144 0.010022507980465889
v 0.06598998606204987 0.178388774394989 0.019914820790290833
v 0.06598998606204987 0.178388774394989 0.019914820790290833
v 0.06761305779218674 0.18695494532585144 0.010022507980465889
v 0.0663570836186409 0.18698877096176147 0.017530959099531174
v 0.06598998606204987 0.178388774394989 0.019914820790290833
v 0.0663570836186409 0.18698877096176147 0.017530959099531174
v 0.06388809531927109 0.17841501533985138 0.027078157290816307
v 0.06388809531927109 0.17841501533985138 0.027078157290816307
v 0.0663570836186409 0.18698877096176147 0.017530959099531174
v 0.06423458456993103 0.1870230734348297 0.024846678599715233
v 0.06388809531927109 0.17841501533985138 0.027078157290816307
v 0.06423458456993103 0.1870230734348297 0.024846678599715233
v 0.06094859540462494 0.17844007909297943 0.03394165635108948
v 0.06094859540462494 0.17844007909297943 0.03394165635108948
v 0.06423458456993103 0.1870230734348297 0.024846678599715233
v 0.06127769127488136 0.18705631792545319 0.03186947852373123
v 0.06094859540462494 0.17844007909297943 0.03394165635108948
v 0.06127769127488136 0.18705631792545319 0.03186947852373123
v 0.05754385516047478 0.18708796799182892 0.03851259872317314
v 0.04251491650938988 0.19594968855381012 0.054611194878816605
v 0.042514972388744354 0.19593662023544312 0.05461238697171211
v 0.048162348568439484 0.1959032118320465 0.0493762232363224
v 0.048162348568439484 0.1959032118320465 0.0493762232363224
v 0.042514972388744354 0.19593662023544312 0.05461238697171211
v 0.048056524246931076 0.18715043365955353 0.05040745437145233
v 0.048162348568439484 0.1959032118320465 0.0493762232363224
v 0.048056524246931076 0.18715043365955353 0.05040745437145233
v 0.05329437553882599 0.19588011503219604 0.04360082745552063
v 0.05329437553882599 0.19588011503219604 0.04360082745552063
v 0.048056524246931076 0.18715043365955353 0.05040745437145233
v 0.05310927331447601 0.18711881339550018 0.044708769768476486
v 0.05329437553882599 0.19588011503219604 0.04360082745552063
v 0.05310927331447601 0.18711881339550018 0.044708769768476486
v 0.05776578560471535 0.19585758447647095 0.03729607164859772
v 0.05776578560471535 0.19585758447647095 0.03729607164859772
v 0.05310927331447601 0.18711881339550018 0.044708769768476486
v 0.05754385516047478 0.18708796799182892 0.03851259872317314
v 0.05776578560471535 0.19585758447647095 0.03729607164859772
v 0.05754385516047478 0.18708796799182892 0.03851259872317314
v 0.06151149421930313 0.1958349049091339 0.03053467348217964
v 0.06151149421930313 0.1958349049091339 0.03053467348217964
v 0.05754385516047478 0.18708796799182892 0.03851259872317314
v 0.06127769127488136 0.18705631792545319 0.03186947852373123
v 0.06151149421930313 0.1958349049091339 0.03053467348217964
v 0.06127769127488136 0.18705631792545319 0.03186947852373123
v 0.06447383761405945 0.19581161439418793 0.023396868258714676
v 0.06447383761405945 0.19581161439418793 0.023396868258714676
v 0.06127769127488136 0.18705631792545319 0.03186947852373123
v 0.06423458456993103 0.1870230734348297 0.024846678599715233
v 0.06447383761405945 0.19581161439418793 0.023396868258714676
v 0.06423458456993103 0.1870230734348297 0.024846678599715233
v 0.06661074608564377 0.19578786194324493 0.01597295142710209
v 0.06661074608564377 0.19578786194324493 0.01597295142710209
v 0.06423458456993103 0.1870230734348297 0.024846678599715233
v 0.0663570836186409 0.18698877096176147 0.017530959099531174
v 0.06661074608564377 0.19578786194324493 0.01597295142710209
v 0.0663570836186409 0.18698877096176147 0.017530959099531174
v 0.06789326667785645 0.19576424360275269 0.008358800783753395
v 0.06789326667785645 0.19576424360275269 0.008358800783753395
v 0.0663570836186409 0.18698877096176147 0.017530959099531174
v 0.06761305779218674 0.18695494532585144 0.010022507980465889
v 0.06789326667785645 0.19576424360275269 0.008358800783753395
v 0.06761305779218674 0.18695494532585144 0.010022507980465889
v 0.06830477714538574 0.19542452692985535 0.0006985359941609204
v 0.06830477714538574 0.19542452692985535 0.0006985359941609204
v 0.06761305779218674 0.18695494532585144 0.010022507980465889
v 0.06809087842702866 0.1892000436782837 0.0019177767680957913
v 0.00043624371755868196 0.08886927366256714 0.005735416430979967
v 0.00043624371755868196 0.0892440602183342 0.005815164186060429
v 0.00887629110366106 0.08840922266244888 0.005791596602648497
v 0.00043624371755868196 0.09765712171792984 0.005453373305499554
v 0.00043624371755868196 0.09845373034477234 0.005049502942711115
v 0.008735686540603638 0.09671343117952347 0.0058156708255410194
v 0.00043624371755868196 0.09240086376667023 0.006486875470727682
v 0.00043624371755868196 0.09387480467557907 0.006197064649313688
v 0.00882386602461338 0.09252502024173737 0.00660508731380105
v 0.00043624371755868196 0.10456722974777222 0.0019500507041811943
v 0.00043624371755868196 0.1066875010728836 0.0003409820201341063
v 0.008474561385810375 0.10458327829837799 0.0019566339906305075
v 0.03675970807671547 0.10637684911489487 0.002461736323311925
v 0.04320654645562172 0.10214101523160934 0.006336091086268425
v 0.04497459903359413 0.09350726753473282 0.010715213604271412
v 0.04497459903359413 0.09350726753473282 0.010715213604271412
v 0.04320654645562172 0.10214101523160934 0.006336091086268425
v 0.05116758495569229 0.0883646085858345 0.014280116185545921
v 0.04511311277747154 0.12391865998506546 -0.00744627695530653
v 0.04996761307120323 0.12055214494466782 -0.0019547496922314167
v 0.05104418098926544 0.11114928126335144 0.00446509663015604
v 0.06742393225431442 0.06522221118211746 0.025533095002174377
v 0.06600916385650635 0.07051896303892136 0.02600259892642498
v 0.06961324065923691 0.06388697028160095 0.03016316518187523
v 0.05910389870405197 0.10261978209018707 0.015881959348917007
v 0.057824645191431046 0.1132795438170433 0.009999007917940617
v 0.06319504976272583 0.10542953014373779 0.022919071838259697
v 0.06471078842878342 0.12357288599014282 0.023221857845783234
v 0.06176421046257019 0.1293344497680664 0.009309910237789154
v 0.06186927109956741 0.15329763293266296 -0.0060554686933755875
v 0.06229310855269432 0.16568772494792938 -0.013301479630172253
v 0.06186927109956741 0.15329763293266296 -0.0060554686933755875
v 0.05643657594919205 0.15678881108760834 -0.019400672987103462
v 0.05296868830919266 0.16969498991966248 -0.03253260999917984
v 0.056670255959033966 0.16843269765377045 -0.02638137899339199
v 0.05282049626111984 0.1584113985300064 -0.025713661685585976
v 0.008172690868377686 0.20450027287006378 -0.06755758076906204
v 0.013773038052022457 0.2045004814863205 -0.06661614030599594
v 0.013760818168520927 0.19533562660217285 -0.06630199402570724
v 0.015215309336781502 0.20450052618980408 -0.06637369096279144
v 0.020276809111237526 0.20450051128864288 -0.06496307998895645
v 0.02031249925494194 0.19517651200294495 -0.06457507610321045
v 0.02211017906665802 0.2045004963874817 -0.06445212662220001
v 0.02658642828464508 0.20450030267238617 -0.06267950683832169
v 0.02668396756052971 0.19496209919452667 -0.06217674911022186
v 0.02876397781074047 0.2045001983642578 -0.06181718409061432
v 0.03264016658067703 0.2044999599456787 -0.05978703871369362
v 0.03279733657836914 0.1946953684091568 -0.05913206562399864
v 0.035114046186208725 0.20449981093406677 -0.05849134922027588
v 0.03837966546416283 0.20449966192245483 -0.05631484463810921
v 0.03858162462711334 0.1943787783384323 -0.05547955632209778
v 0.04107527807354927 0.20449954271316528 -0.05451824516057968
v 0.04373607784509659 0.20449966192245483 -0.05228164792060852
v 0.04397052153944969 0.1940147578716278 -0.05126339942216873
v 0.05728708580136299 0.19882382452487946 -0.036896973848342896
v 0.057247281074523926 0.19266416132450104 -0.03578232228755951
v 0.05334683880209923 0.1931544840335846 -0.04135627672076225
v 0.07128576934337616 0.05807705968618393 0.05652260407805443
v 0.07131306827068329 0.057913146913051605 0.05653684586286545
v 0.07009158283472061 0.06971219182014465 0.04447515681385994
v 0.07251003384590149 0.05128426477313042 0.05664511397480965
v 0.07273519784212112 0.05007188022136688 0.056633464992046356
v 0.07146203517913818 0.06280326098203659 0.04524407163262367
v 0.07383966445922852 0.04453149065375328 0.056141164153814316
v 0.07429570704698563 0.042292553931474686 0.05588572472333908
v 0.07299420982599258 0.05589566007256508 0.04536129906773567
v 0.08006975799798965 0.018490515649318695 0.0456344336271286
v 0.08110183477401733 0.01484863180667162 0.04226785898208618
v 0.08079364150762558 0.022237472236156464 0.0395553819835186
v 0.08549954742193222 0.008564528077840805 1.442070498569592e-07
v 0.08437564224004745 0.015921544283628464 2.3182712993730092e-07
v 0.08435895293951035 0.01606464758515358 0.005706350319087505
v 0.08417322486639023 0.017246564850211143 2.47607772507763e-07
v 0.08239580690860748 0.024084169417619705 1.4167592610192514e-07
v 0.08242105692625046 0.024203358218073845 0.005323685705661774
v 0.08196685463190079 0.02573433518409729 1.1611066952355031e-07
v 0.07962692528963089 0.032015472650527954 1.7886966574565122e-08
v 0.07969629019498825 0.03212717920541763 0.004952690564095974
v 0.07891995459794998 0.03391321375966072 -1.1789735410161484e-08
v 0.07610765099525452 0.039648495614528656 -2.4296608103213657e-07
v 0.07620355486869812 0.03976234421133995 0.004597214981913567
v 0.07529424130916595 0.04130733385682106 -3.0983005672169384e-07
v 0.07184812426567078 0.04690346121788025 3.565348549727787e-08
v 0.07197089493274689 0.047035716474056244 0.004260946065187454
v 0.07099717855453491 0.04828530177474022 1.2096307955289376e-07
v 0.06687306612730026 0.053698260337114334 2.1574794573098188e-07
v 0.06703142076730728 0.05387488380074501 0.003947418183088303
v 0.00043624371755868196 0.08589330315589905 0.002364963758736849
v 0.00043624371755868196 0.08602085709571838 0.002562079345807433
v 0.00888806115835905 0.0855419859290123 0.0025775020476430655
v 0.00888806115835905 0.0855419859290123 0.0025775020476430655
v 0.017280137166380882 0.08426754176616669 0.0026139207184314728
v 0.01724965311586857 0.08378852158784866 -6.228521556295163e-07
v 0.01724965311586857 0.08378852158784866 -6.228521556295163e-07
v 0.010444145649671555 0.08491197228431702 -5.58972885755793e-07
v 0.00888806115835905 0.0855419859290123 0.0025775020476430655
v 0.00888806115835905 0.0855419859290123 0.0025775020476430655
v 0.010444145649671555 0.08491197228431702 -5.58972885755793e-07
v 0.008877553977072239 0.08502411097288132 -4.588457613863284e-07
v 0.00888806115835905 0.0855419859290123 0.0025775020476430655
v 0.008877553977072239 0.08502411097288132 -4.588457613863284e-07
v 0.00043624371755868196 0.08589330315589905 0.002364963758736849
v 0.00043624371755868196 0.08589330315589905 0.002364963758736849
v 0.008877553977072239 0.08502411097288132 -4.588457613863284e-07
v 0.0026195021346211433 0.08547206223011017 -5.8868923957788866e-08
v 0.00043624371755868196 0.08589330315589905 0.002364963758736849
v 0.0026195021346211433 0.08547206223011017 -5.8868923957788866e-08
v 0.00043624371755868196 0.08550005406141281 7.592016614986138e-14
v 0.025520263239741325 0.08216056227684021 0.0026950198225677013
v 0.033518169075250626 0.0792427733540535 0.0028171457815915346
v 0.03343748673796654 0.0788545235991478 -1.9889867530764604e-08
v 0.03343748673796654 0.0788545235991478 -1.9889867530764604e-08
v 0.02630402334034443 0.08149375021457672 -2.534446821300662e-07
v 0.025520263239741325 0.08216056227684021 0.0026950198225677013
v 0.025520263239741325 0.08216056227684021 0.0026950198225677013
v 0.02630402334034443 0.08149375021457672 -2.534446821300662e-07
v 0.025462910532951355 0.08171630650758743 -2.930921425559063e-07
v 0.025520263239741325 0.08216056227684021 0.0026950198225677013
v 0.025462910532951355 0.08171630650758743 -2.930921425559063e-07
v 0.017280137166380882 0.08426754176616669 0.0026139207184314728
v 0.017280137166380882 0.08426754176616669 0.0026139207184314728
v 0.025462910532951355 0.08171630650758743 -2.930921425559063e-07
v 0.018264954909682274 0.08362092077732086 -6.323822390186251e-07
v 0.017280137166380882 0.08426754176616669 0.0026139207184314728
v 0.018264954909682274 0.08362092077732086 -6.323822390186251e-07
v 0.01724965311586857 0.08378852158784866 -6.228521556295163e-07
v 0.041185956448316574 0.07554316520690918 0.002977034542709589
v 0.040628112852573395 0.07546695321798325 -4.322645281717996e-07
v 0.033518169075250626 0.0792427733540535 0.0028171457815915346
v 0.033518169075250626 0.0792427733540535 0.0028171457815915346
v 0.040628112852573395 0.07546695321798325 -4.322645281717996e-07
v 0.03386368975043297 0.0786968395113945 -5.935728353279046e-09
v 0.033518169075250626 0.0792427733540535 0.0028171457815915346
v 0.03386368975043297 0.0786968395113945 -5.935728353279046e-09
v 0.03343748673796654 0.0788545235991478 -1.9889867530764604e-08
v 0.04844282194972038 0.07110410928726196 0.0031722376588732004
v 0.04723333567380905 0.07155993580818176 -6.83911025589623e-07
v 0.041185956448316574 0.07554316520690918 0.002977034542709589
v 0.041185956448316574 0.07554316520690918 0.002977034542709589
v 0.04723333567380905 0.07155993580818176 -6.83911025589623e-07
v 0.041077930480241776 0.0752008855342865 -4.4940173893337487e-07
v 0.041185956448316574 0.07554316520690918 0.002977034542709589
v 0.041077930480241776 0.0752008855342865 -4.4940173893337487e-07
v 0.040628112852573395 0.07546695321798325 -4.322645281717996e-07
v 0.05521246790885925 0.06597379595041275 0.0034005127381533384
v 0.053560905158519745 0.06699638813734055 -4.091951382179104e-07
v 0.04844282194972038 0.07110410928726196 0.0031722376588732004
v 0.04844282194972038 0.07110410928726196 0.0031722376588732004
v 0.053560905158519745 0.06699638813734055 -4.091951382179104e-07
v 0.04830008000135422 0.07079058140516281 -6.375975658556854e-07
v 0.04844282194972038 0.07110410928726196 0.0031722376588732004
v 0.04830008000135422 0.07079058140516281 -6.375975658556854e-07
v 0.04723333567380905 0.07155993580818176 -6.83911025589623e-07
v 0.06570591032505035 0.055230166763067245 2.425727529953292e-07
v 0.06124993413686752 0.05997786670923233 4.8607752489715494e-08
v 0.06142884120345116 0.060210131108760834 0.003659676294773817
v 0.06142884120345116 0.060210131108760834 0.003659676294773817
v 0.06124993413686752 0.05997786670923233 4.8607752489715494e-08
v 0.05967240780591965 0.06165866553783417 -2.0060499039686874e-08
v 0.06142884120345116 0.060210131108760834 0.003659676294773817
v 0.05967240780591965 0.06165866553783417 -2.0060499039686874e-08
v 0.05521246790885925 0.06597379595041275 0.0034005127381533384
v 0.05521246790885925 0.06597379595041275 0.0034005127381533384
v 0.05967240780591965 0.06165866553783417 -2.0060499039686874e-08
v 0.0550459548830986 0.06569936126470566 -3.1463829941458243e-07
v 0.05521246790885925 0.06597379595041275 0.0034005127381533384
v 0.0550459548830986 0.06569936126470566 -3.1463829941458243e-07
v 0.053560905158519745 0.06699638813734055 -4.091951382179104e-07
v 0.0859290286898613 1.0574132829788141e-05 -1.345481392966974e-09
v 0.0855477973818779 0.007603432983160019 1.2785322667241417e-07
v 0.08592184633016586 2.5044904759852216e-05 0.0010942287044599652
v 0.08592184633016586 2.5044904759852216e-05 0.0010942287044599652
v 0.0855477973818779 0.007603432983160019 1.2785322667241417e-07
v 0.08549540489912033 0.0077848853543400764 0.006096845027059317
v 0.08592184633016586 2.5044904759852216e-05 0.0010942287044599652
v 0.08549540489912033 0.0077848853543400764 0.006096845027059317
v 0.08579770475625992 0.00031689603929407895 0.006448602769523859
v 0.08579770475625992 0.00031689603929407895 0.006448602769523859
v 0.08549540489912033 0.0077848853543400764 0.006096845027059317
v 0.08573266118764877 0.00046980284969322383 0.009253868833184242
v 0.08573266118764877 0.00046980284969322383 0.009253868833184242
v 0.08549540489912033 0.0077848853543400764 0.006096845027059317
v 0.0851440355181694 0.008678486570715904 0.013611954636871815
v 0.08573266118764877 0.00046980284969322383 0.009253868833184242
v 0.0851440355181694 0.008678486570715904 0.013611954636871815
v 0.0856134444475174 0.0007834546850062907 0.011403985321521759
v 0.08449318259954453 0.010486596263945103 0.02091113291680813
v 0.08480372279882431 0.003011935157701373 0.022154631093144417
v 0.0851440355181694 0.008678486570715904 0.013611954636871815
v 0.0851440355181694 0.008678486570715904 0.013611954636871815
v 0.08480372279882431 0.003011935157701373 0.022154631093144417
v 0.0851580798625946 0.0020181171130388975 0.018178196623921394
v 0.0851580798625946 0.0020181171130388975 0.018178196623921394
v 0.08536916971206665 0.0014261179603636265 0.01580950804054737
v 0.0851440355181694 0.008678486570715904 0.013611954636871815
v 0.0851440355181694 0.008678486570715904 0.013611954636871815
v 0.08536916971206665 0.0014261179603636265 0.01580950804054737
v 0.08544963598251343 0.0012144215870648623 0.014358308166265488
v 0.0851440355181694 0.008678486570715904 0.013611954636871815
v 0.08544963598251343 0.0012144215870648623 0.014358308166265488
v 0.0856134444475174 0.0007834546850062907 0.011403985321521759
v 0.08356934040784836 0.00673062214627862 0.031015655025839806
v 0.08382663130760193 0.00593602703884244 0.029434261843562126
v 0.08353450149297714 0.013346666470170021 0.02780565433204174
v 0.08353450149297714 0.013346666470170021 0.02780565433204174
v 0.08382663130760193 0.00593602703884244 0.029434261843562126
v 0.08413173258304596 0.0049937935546040535 0.02755904011428356
v 0.08353450149297714 0.013346666470170021 0.02780565433204174
v 0.08413173258304596 0.0049937935546040535 0.02755904011428356
v 0.08449318259954453 0.010486596263945103 0.02091113291680813
v 0.08449318259954453 0.010486596263945103 0.02091113291680813
v 0.08413173258304596 0.0049937935546040535 0.02755904011428356
v 0.08447960019111633 0.003967855125665665 0.024761367589235306
v 0.08449318259954453 0.010486596263945103 0.02091113291680813
v 0.08447960019111633 0.003967855125665665 0.024761367589235306
v 0.08480372279882431 0.003011935157701373 0.022154631093144417
v 0.08356934040784836 0.00673062214627862 0.031015655025839806
v 0.08353450149297714 0.013346666470170021 0.02780565433204174
v 0.08323416113853455 0.00776572385802865 0.03307570144534111
v 0.08323416113853455 0.00776572385802865 0.03307570144534111
v 0.08353450149297714 0.013346666470170021 0.02780565433204174
v 0.0822860524058342 0.01727941818535328 0.03409010171890259
v 0.08323416113853455 0.00776572385802865 0.03307570144534111
v 0.0822860524058342 0.01727941818535328 0.03409010171890259
v 0.08258485049009323 0.009860560297966003 0.036249443888664246
v 0.08129362761974335 0.014171837829053402 0.04164222627878189
v 0.08233261108398438 0.01067435648292303 0.0374823696911335
v 0.0822860524058342 0.01727941818535328 0.03409010171890259
v 0.0822860524058342 0.01727941818535328 0.03409010171890259
v 0.08233261108398438 0.01067435648292303 0.0374823696911335
v 0.08246348053216934 0.01025213673710823 0.036842696368694305
v 0.0822860524058342 0.01727941818535328 0.03409010171890259
v 0.08246348053216934 0.01025213673710823 0.036842696368694305
v 0.08258485049009323 0.009860560297966003 0.036249443888664246
v 0.08079364150762558 0.022237472236156464 0.0395553819835186
v 0.08110183477401733 0.01484863180667162 0.04226785898208618
v 0.0822860524058342 0.01727941818535328 0.03409010171890259
v 0.0822860524058342 0.01727941818535328 0.03409010171890259
v 0.08110183477401733 0.01484863180667162 0.04226785898208618
v 0.08117209374904633 0.014600689522922039 0.042038656771183014
v 0.0822860524058342 0.01727941818535328 0.03409010171890259
v 0.08117209374904633 0.014600689522922039 0.042038656771183014
v 0.08129362761974335 0.014171837829053402 0.04164222627878189
v 0.07825490087270737 0.025354571640491486 0.05010494589805603
v 0.07882822304964066 0.023099686950445175 0.04891270026564598
v 0.07912765443325043 0.028088580816984177 0.04402157664299011
v 0.07912765443325043 0.028088580816984177 0.04402157664299011
v 0.07882822304964066 0.023099686950445175 0.04891270026564598
v 0.07944610714912415 0.020805789157748222 0.0472811684012413
v 0.07912765443325043 0.028088580816984177 0.04402157664299011
v 0.07944610714912415 0.020805789157748222 0.0472811684012413
v 0.08079364150762558 0.022237472236156464 0.0395553819835186
v 0.08079364150762558 0.022237472236156464 0.0395553819835186
v 0.07944610714912415 0.020805789157748222 0.0472811684012413
v 0.07974877208471298 0.01968217082321644 0.04648199677467346
v 0.08079364150762558 0.022237472236156464 0.0395553819835186
v 0.07974877208471298 0.01968217082321644 0.04648199677467346
v 0.08006975799798965 0.018490515649318695 0.0456344336271286
v 0.07825490087270737 0.025354571640491486 0.05010494589805603
v 0.07912765443325043 0.028088580816984177 0.04402157664299011
v 0.07771142572164536 0.02749205380678177 0.05123511329293251
v 0.07771142572164536 0.02749205380678177 0.05123511329293251
v 0.07912765443325043 0.028088580816984177 0.04402157664299011
v 0.07737314701080322 0.034628815948963165 0.04738360643386841
v 0.07771142572164536 0.02749205380678177 0.05123511329293251
v 0.07737314701080322 0.034628815948963165 0.04738360643386841
v 0.07734446227550507 0.028935302048921585 0.051998212933540344
v 0.07299420982599258 0.05589566007256508 0.04536129906773567
v 0.07429570704698563 0.042292553931474686 0.05588572472333908
v 0.07466036826372147 0.049029719084501266 0.044682007282972336
v 0.07466036826372147 0.049029719084501266 0.044682007282972336
v 0.07429570704698563 0.042292553931474686 0.05588572472333908
v 0.07438778877258301 0.041840482503175735 0.055834148079156876
v 0.07466036826372147 0.049029719084501266 0.044682007282972336
v 0.07438778877258301 0.041840482503175735 0.055834148079156876
v 0.07525938004255295 0.03788958117365837 0.0549301877617836
v 0.07525938004255295 0.03788958117365837 0.0549301877617836
v 0.07579831779003143 0.03544662520289421 0.054371245205402374
v 0.07466036826372147 0.049029719084501266 0.044682007282972336
v 0.07466036826372147 0.049029719084501266 0.044682007282972336
v 0.07579831779003143 0.03544662520289421 0.054371245205402374
v 0.07597265392541885 0.03471241891384125 0.05410366505384445
v 0.07466036826372147 0.049029719084501266 0.044682007282972336
v 0.07597265392541885 0.03471241891384125 0.05410366505384445
v 0.07737314701080322 0.034628815948963165 0.04738360643386841
v 0.07737314701080322 0.034628815948963165 0.04738360643386841
v 0.07597265392541885 0.03471241891384125 0.05410366505384445
v 0.07674437761306763 0.03146245330572128 0.05291922762989998
v 0.07737314701080322 0.034628815948963165 0.04738360643386841
v 0.07674437761306763 0.03146245330572128 0.05291922762989998
v 0.07734446227550507 0.028935302048921585 0.051998212933540344
v 0.07146203517913818 0.06280326098203659 0.04524407163262367
v 0.07273519784212112 0.05007188022136688 0.056633464992046356
v 0.07299420982599258 0.05589566007256508 0.04536129906773567
v 0.07299420982599258 0.05589566007256508 0.04536129906773567
v 0.07273519784212112 0.05007188022136688 0.056633464992046356
v 0.07298371195793152 0.048733796924352646 0.056620605289936066
v 0.07299420982599258 0.05589566007256508 0.04536129906773567
v 0.07298371195793152 0.048733796924352646 0.056620605289936066
v 0.07383966445922852 0.04453149065375328 0.056141164153814316
v 0.07009158283472061 0.06971219182014465 0.04447515681385994
v 0.07131306827068329 0.057913146913051605 0.05653684586286545
v 0.07146203517913818 0.06280326098203659 0.04524407163262367
v 0.07146203517913818 0.06280326098203659 0.04524407163262367
v 0.07131306827068329 0.057913146913051605 0.05653684586286545
v 0.07160984724760056 0.05613119527697563 0.05669168755412102
v 0.07146203517913818 0.06280326098203659 0.04524407163262367
v 0.07160984724760056 0.05613119527697563 0.05669168755412102
v 0.07251003384590149 0.05128426477313042 0.05664511397480965
v 0.06888910382986069 0.07661046087741852 0.043151501566171646
v 0.07004458457231522 0.06573871523141861 0.055704113095998764
v 0.07009158283472061 0.06971219182014465 0.04447515681385994
v 0.07009158283472061 0.06971219182014465 0.04447515681385994
v 0.07004458457231522 0.06573871523141861 0.055704113095998764
v 0.07029230147600174 0.06404206156730652 0.05600428208708763
v 0.07009158283472061 0.06971219182014465 0.04447515681385994
v 0.07029230147600174 0.06404206156730652 0.05600428208708763
v 0.07128576934337616 0.05807705968618393 0.05652260407805443
v 0.06893379241228104 0.07349934428930283 0.05424606055021286
v 0.06905941665172577 0.07248637825250626 0.05451033636927605
v 0.06888910382986069 0.07661046087741852 0.043151501566171646
v 0.06888910382986069 0.07661046087741852 0.043151501566171646
v 0.06905941665172577 0.07248637825250626 0.05451033636927605
v 0.06918905675411224 0.07159842550754547 0.054667431861162186
v 0.06888910382986069 0.07661046087741852 0.043151501566171646
v 0.06918905675411224 0.07159842550754547 0.054667431861162186
v 0.07004458457231522 0.06573871523141861 0.055704113095998764
v 0.06722098588943481 0.08868969231843948 0.04971481114625931
v 0.06760941445827484 0.08482449501752853 0.051025260239839554
v 0.06785140931606293 0.08348482102155685 0.0413401834666729
v 0.06785140931606293 0.08348482102155685 0.0413401834666729
v 0.06760941445827484 0.08482449501752853 0.051025260239839554
v 0.06795163452625275 0.08141903579235077 0.052179839462041855
v 0.06612180918455124 0.1034051850438118 0.04367198422551155
v 0.0662250965833664 0.10120260715484619 0.044725365936756134
v 0.06624560803174973 0.09709756076335907 0.03647736459970474
v 0.06624560803174973 0.09709756076335907 0.03647736459970474
v 0.0662250965833664 0.10120260715484619 0.044725365936756134
v 0.06648755818605423 0.09770740568637848 0.04616396129131317
v 0.06624560803174973 0.09709756076335907 0.03647736459970474
v 0.06648755818605423 0.09770740568637848 0.04616396129131317
v 0.06699833273887634 0.09090534597635269 0.04896362125873566
v 0.06567253172397614 0.11298535019159317 0.03909027576446533
v 0.06580094993114471 0.11024694889783859 0.04039991647005081
v 0.06521915644407272 0.11045968532562256 0.030307983979582787
v 0.06567253172397614 0.11298535019159317 0.03909027576446533
v 0.06521915644407272 0.11045968532562256 0.030307983979582787
v 0.06559352576732635 0.11768771708011627 0.03658457100391388
v 0.06578399986028671 0.14382147789001465 0.022062908858060837
v 0.0654623806476593 0.12549304962158203 0.0324254184961319
v 0.06471078842878342 0.12357288599014282 0.023221857845783234
v 0.06471078842878342 0.12357288599014282 0.023221857845783234
v 0.0654623806476593 0.12549304962158203 0.0324254184961319
v 0.06551261991262436 0.12250281870365143 0.03401879593729973
v 0.06471078842878342 0.12357288599014282 0.023221857845783234
v 0.06551261991262436 0.12250281870365143 0.03401879593729973
v 0.06559352576732635 0.11768771708011627 0.03658457100391388
v 0.0655512660741806 0.1626780927181244 0.00035593699431046844
v 0.06651417911052704 0.15959204733371735 0.013482210226356983
v 0.06496483087539673 0.1494942009449005 0.007803010288625956
v 0.06496483087539673 0.1494942009449005 0.007803010288625956
v 0.06651417911052704 0.15959204733371735 0.013482210226356983
v 0.06648014485836029 0.15899494290351868 0.013770016841590405
v 0.06496483087539673 0.1494942009449005 0.007803010288625956
v 0.06648014485836029 0.15899494290351868 0.013770016841590405
v 0.06646892428398132 0.15875039994716644 0.013903670944273472
v 0.06646892428398132 0.15875039994716644 0.013903670944273472
v 0.06591282039880753 0.14662937819957733 0.020528286695480347
v 0.06496483087539673 0.1494942009449005 0.007803010288625956
v 0.06496483087539673 0.1494942009449005 0.007803010288625956
v 0.06591282039880753 0.14662937819957733 0.020528286695480347
v 0.06586495041847229 0.1455860137939453 0.02109852246940136
v 0.06496483087539673 0.1494942009449005 0.007803010288625956
v 0.06586495041847229 0.1455860137939453 0.02109852246940136
v 0.06578399986028671 0.14382147789001465 0.022062908858060837
v 0.06767252832651138 0.18007010221481323 0.0044959355145692825
v 0.06628333032131195 0.17626649141311646 -0.0061047072522342205
v 0.06799890846014023 0.18693561851978302 0.002468189923092723
v 0.06799890846014023 0.18693561851978302 0.002468189923092723
v 0.06628333032131195 0.17626649141311646 -0.0061047072522342205
v 0.0669580027461052 0.19039122760295868 -0.01078047975897789
v 0.06799890846014023 0.18693561851978302 0.002468189923092723
v 0.0669580027461052 0.19039122760295868 -0.01078047975897789
v 0.06804997473955154 0.1880098581314087 0.0021509078796952963
v 0.06804997473955154 0.1880098581314087 0.0021509078796952963
v 0.0669580027461052 0.19039122760295868 -0.01078047975897789
v 0.06809087842702866 0.1892000436782837 0.0019177767680957913
v 0.06767252832651138 0.18007010221481323 0.0044959355145692825
v 0.0675768181681633 0.17836444079875946 0.005168309435248375
v 0.06628333032131195 0.17626649141311646 -0.0061047072522342205
v 0.06628333032131195 0.17626649141311646 -0.0061047072522342205
v 0.0675768181681633 0.17836444079875946 0.005168309435248375
v 0.06733615696430206 0.17407558858394623 0.006858982145786285
v 0.06628333032131195 0.17626649141311646 -0.0061047072522342205
v 0.06733615696430206 0.17407558858394623 0.006858982145786285
v 0.0655512660741806 0.1626780927181244 0.00035593699431046844
v 0.0655512660741806 0.1626780927181244 0.00035593699431046844
v 0.06733615696430206 0.17407558858394623 0.006858982145786285
v 0.06710746139287949 0.16999995708465576 0.008465598337352276
v 0.0655512660741806 0.1626780927181244 0.00035593699431046844
v 0.06710746139287949 0.16999995708465576 0.008465598337352276
v 0.06651417911052704 0.15959204733371735 0.013482210226356983
v 0.06842663884162903 0.20249104499816895 4.9026602937374264e-05
v 0.06833275407552719 0.19704702496528625 0.0005494060460478067
v 0.06717228144407272 0.19765780866146088 -0.012149333022534847
v 0.06717228144407272 0.19765780866146088 -0.012149333022534847
v 0.06833275407552719 0.19704702496528625 0.0005494060460478067
v 0.06831026822328568 0.19574277102947235 0.0006692848401144147
v 0.06717228144407272 0.19765780866146088 -0.012149333022534847
v 0.06831026822328568 0.19574277102947235 0.0006692848401144147
v 0.0669580027461052 0.19039122760295868 -0.01078047975897789
v 0.0669580027461052 0.19039122760295868 -0.01078047975897789
v 0.06831026822328568 0.19574277102947235 0.0006692848401144147
v 0.06830477714538574 0.19542452692985535 0.0006985359941609204
v 0.0669580027461052 0.19039122760295868 -0.01078047975897789
v 0.06830477714538574 0.19542452692985535 0.0006985359941609204
v 0.06809087842702866 0.1892000436782837 0.0019177767680957913
v 0.06834179908037186 0.2044999897480011 -0.0035699293948709965
v 0.06843585520982742 0.2045000046491623 1.96335167856887e-06
v 0.06842663884162903 0.20249104499816895 4.9026602937374264e-05
v 0.06347989290952682 0.2045000046491623 -0.02548193745315075
v 0.06601149588823318 0.2044999599456787 -0.01799219474196434
v 0.06717228144407272 0.19765780866146088 -0.012149333022534847
v 0.06717228144407272 0.19765780866146088 -0.012149333022534847
v 0.06601149588823318 0.2044999599456787 -0.01799219474196434
v 0.06716421246528625 0.20449994504451752 -0.012687362730503082
v 0.06717228144407272 0.19765780866146088 -0.012149333022534847
v 0.06716421246528625 0.20449994504451752 -0.012687362730503082
v 0.06842663884162903 0.20249104499816895 4.9026602937374264e-05
v 0.06842663884162903 0.20249104499816895 4.9026602937374264e-05
v 0.06716421246528625 0.20449994504451752 -0.012687362730503082
v 0.06756629794836044 0.20449994504451752 -0.010836953297257423
v 0.06842663884162903 0.20249104499816895 4.9026602937374264e-05
v 0.06756629794836044 0.20449994504451752 -0.010836953297257423
v 0.06834179908037186 0.2044999897480011 -0.0035699293948709965
v 0.05334683880209923 0.1931544840335846 -0.04135627672076225
v 0.05625351890921593 0.20450043678283691 -0.03883574903011322
v 0.05728708580136299 0.19882382452487946 -0.036896973848342896
v 0.05728708580136299 0.19882382452487946 -0.036896973848342896
v 0.05625351890921593 0.20450043678283691 -0.03883574903011322
v 0.05714833363890648 0.20450037717819214 -0.03738299384713173
v 0.05728708580136299 0.19882382452487946 -0.036896973848342896
v 0.05714833363890648 0.20450037717819214 -0.03738299384713173
v 0.060231611132621765 0.20450016856193542 -0.0323772206902504
v 0.047154951840639114 0.20449979603290558 -0.04940783232450485
v 0.048709552735090256 0.2045000046491623 -0.04778397083282471
v 0.04890872910618782 0.19360578060150146 -0.046536825597286224
v 0.04890872910618782 0.19360578060150146 -0.046536825597286224
v 0.048709552735090256 0.2045000046491623 -0.04778397083282471
v 0.05182996392250061 0.20450039207935333 -0.04452454298734665
v 0.04890872910618782 0.19360578060150146 -0.046536825597286224
v 0.05182996392250061 0.20450039207935333 -0.04452454298734665
v 0.05334683880209923 0.1931544840335846 -0.04135627672076225
v 0.05334683880209923 0.1931544840335846 -0.04135627672076225
v 0.05182996392250061 0.20450039207935333 -0.04452454298734665
v 0.05318106338381767 0.20450040698051453 -0.04278699681162834
v 0.05334683880209923 0.1931544840335846 -0.04135627672076225
v 0.05318106338381767 0.20450040698051453 -0.04278699681162834
v 0.05625351890921593 0.20450043678283691 -0.03883574903011322
v 0.057247281074523926 0.19266416132450104 -0.03578232228755951
v 0.05697758495807648 0.18045920133590698 -0.03199859336018562
v 0.05334683880209923 0.1931544840335846 -0.04135627672076225
v 0.05334683880209923 0.1931544840335846 -0.04135627672076225
v 0.05697758495807648 0.18045920133590698 -0.03199859336018562
v 0.053173113614320755 0.18136999011039734 -0.03787582367658615
v 0.05334683880209923 0.1931544840335846 -0.04135627672076225
v 0.053173113614320755 0.18136999011039734 -0.03787582367658615
v 0.04890872910618782 0.19360578060150146 -0.046536825597286224
v 0.04890872910618782 0.19360578060150146 -0.046536825597286224
v 0.053173113614320755 0.18136999011039734 -0.03787582367658615
v 0.04881136119365692 0.18221420049667358 -0.043375883251428604
v 0.04388260096311569 0.15144526958465576 -0.029861219227313995
v 0.0438397116959095 0.1613875776529312 -0.03723553940653801
v 0.048614248633384705 0.1599459946155548 -0.0316852368414402
v 0.048614248633384705 0.1599459946155548 -0.0316852368414402
v 0.0438397116959095 0.1613875776529312 -0.03723553940653801
v 0.048692017793655396 0.17087708413600922 -0.03832273185253143
v 0.048614248633384705 0.1599459946155548 -0.0316852368414402
v 0.048692017793655396 0.17087708413600922 -0.03832273185253143
v 0.05296868830919266 0.16969498991966248 -0.03253260999917984
v 0.06345073133707047 0.19826921820640564 -0.024981951341032982
v 0.06331729143857956 0.19158139824867249 -0.023700404912233353
v 0.060578059405088425 0.1921384036540985 -0.0298764668405056
v 0.060578059405088425 0.1921384036540985 -0.0298764668405056
v 0.06331729143857956 0.19158139824867249 -0.023700404912233353
v 0.06282904744148254 0.1784607172012329 -0.019396226853132248
v 0.060578059405088425 0.1921384036540985 -0.0298764668405056
v 0.06282904744148254 0.1784607172012329 -0.019396226853132248
v 0.06020018458366394 0.179487407207489 -0.025815896689891815
v 0.06020018458366394 0.179487407207489 -0.025815896689891815
v 0.06282904744148254 0.1784607172012329 -0.019396226853132248
v 0.06229310855269432 0.16568772494792938 -0.013301479630172253
v 0.06020018458366394 0.179487407207489 -0.025815896689891815
v 0.06229310855269432 0.16568772494792938 -0.013301479630172253
v 0.056670255959033966 0.16843269765377045 -0.02638137899339199
v 0.056670255959033966 0.16843269765377045 -0.02638137899339199
v 0.06229310855269432 0.16568772494792938 -0.013301479630172253
v 0.05643657594919205 0.15678881108760834 -0.019400672987103462
v 0.056670255959033966 0.16843269765377045 -0.02638137899339199
v 0.05643657594919205 0.15678881108760834 -0.019400672987103462
v 0.05282049626111984 0.1584113985300064 -0.025713661685585976
v 0.06186927109956741 0.15329763293266296 -0.0060554686933755875
v 0.06176421046257019 0.1293344497680664 0.009309910237789154
v 0.05643657594919205 0.15678881108760834 -0.019400672987103462
v 0.05643657594919205 0.15678881108760834 -0.019400672987103462
v 0.06176421046257019 0.1293344497680664 0.009309910237789154
v 0.05651060864329338 0.13472434878349304 -0.004087244160473347
v 0.05643657594919205 0.15678881108760834 -0.019400672987103462
v 0.05651060864329338 0.13472434878349304 -0.004087244160473347
v 0.05282049626111984 0.1584113985300064 -0.025713661685585976
v 0.06578399986028671 0.14382147789001465 0.022062908858060837
v 0.06471078842878342 0.12357288599014282 0.023221857845783234
v 0.06496483087539673 0.1494942009449005 0.007803010288625956
v 0.06496483087539673 0.1494942009449005 0.007803010288625956
v 0.06471078842878342 0.12357288599014282 0.023221857845783234
v 0.06186927109956741 0.15329763293266296 -0.0060554686933755875
v 0.06496483087539673 0.1494942009449005 0.007803010288625956
v 0.06186927109956741 0.15329763293266296 -0.0060554686933755875
v 0.0655512660741806 0.1626780927181244 0.00035593699431046844
v 0.0655512660741806 0.1626780927181244 0.00035593699431046844
v 0.06186927109956741 0.15329763293266296 -0.0060554686933755875
v 0.06229310855269432 0.16568772494792938 -0.013301479630172253
v 0.0655512660741806 0.1626780927181244 0.00035593699431046844
v 0.06229310855269432 0.16568772494792938 -0.013301479630172253
v 0.06628333032131195 0.17626649141311646 -0.0061047072522342205
v 0.06628333032131195 0.17626649141311646 -0.0061047072522342205
v 0.06229310855269432 0.16568772494792938 -0.013301479630172253
v 0.06282904744148254 0.1784607172012329 -0.019396226853132248
v 0.06628333032131195 0.17626649141311646 -0.0061047072522342205
v 0.06282904744148254 0.1784607172012329 -0.019396226853132248
v 0.0669580027461052 0.19039122760295868 -0.01078047975897789
v 0.0669580027461052 0.19039122760295868 -0.01078047975897789
v 0.06282904744148254 0.1784607172012329 -0.019396226853132248
v 0.06331729143857956 0.19158139824867249 -0.023700404912233353
v 0.0669580027461052 0.19039122760295868 -0.01078047975897789
v 0.06331729143857956 0.19158139824867249 -0.023700404912233353
v 0.06717228144407272 0.19765780866146088 -0.012149333022534847
v 0.06717228144407272 0.19765780866146088 -0.012149333022534847
v 0.06331729143857956 0.19158139824867249 -0.023700404912233353
v 0.06345073133707047 0.19826921820640564 -0.024981951341032982
v 0.06717228144407272 0.19765780866146088 -0.012149333022534847
v 0.06345073133707047 0.19826921820640564 -0.024981951341032982
v 0.06347989290952682 0.2045000046491623 -0.02548193745315075
v 0.04881562292575836 0.1397017240524292 -0.01651523821055889
v 0.052968934178352356 0.13726957142353058 -0.010455021634697914
v 0.05342043563723564 0.12708623707294464 -0.003021459560841322
v 0.05342043563723564 0.12708623707294464 -0.003021459560841322
v 0.052968934178352356 0.13726957142353058 -0.010455021634697914
v 0.05697939917445183 0.12398034334182739 0.003265669336542487
v 0.05342043563723564 0.12708623707294464 -0.003021459560841322
v 0.05697939917445183 0.12398034334182739 0.003265669336542487
v 0.057824645191431046 0.1132795438170433 0.009999007917940617
v 0.057824645191431046 0.1132795438170433 0.009999007917940617
v 0.05697939917445183 0.12398034334182739 0.003265669336542487
v 0.06225303187966347 0.11742507666349411 0.016503356397151947
v 0.057824645191431046 0.1132795438170433 0.009999007917940617
v 0.06225303187966347 0.11742507666349411 0.016503356397151947
v 0.06319504976272583 0.10542953014373779 0.022919071838259697
v 0.06319504976272583 0.10542953014373779 0.022919071838259697
v 0.06225303187966347 0.11742507666349411 0.016503356397151947
v 0.06521915644407272 0.11045968532562256 0.030307983979582787
v 0.04511311277747154 0.12391865998506546 -0.00744627695530653
v 0.04924197122454643 0.13005787134170532 -0.009011277928948402
v 0.04996761307120323 0.12055214494466782 -0.0019547496922314167
v 0.04996761307120323 0.12055214494466782 -0.0019547496922314167
v 0.04924197122454643 0.13005787134170532 -0.009011277928948402
v 0.05420927703380585 0.11699787527322769 0.0038773813284933567
v 0.04996761307120323 0.12055214494466782 -0.0019547496922314167
v 0.05420927703380585 0.11699787527322769 0.0038773813284933567
v 0.05104418098926544 0.11114928126335144 0.00446509663015604
v 0.05104418098926544 0.11114928126335144 0.00446509663015604
v 0.05420927703380585 0.11699787527322769 0.0038773813284933567
v 0.0553903803229332 0.10698741674423218 0.01003403589129448
v 0.054466091096401215 0.09247193485498428 0.014915404841303825
v 0.059168752282857895 0.08709883689880371 0.019567295908927917
v 0.05559179186820984 0.08765756338834763 0.01677093096077442
v 0.05559179186820984 0.08765756338834763 0.01677093096077442
v 0.059168752282857895 0.08709883689880371 0.019567295908927917
v 0.06041689217090607 0.08198586106300354 0.021086832508444786
v 0.06961324065923691 0.06388697028160095 0.03016316518187523
v 0.06600916385650635 0.07051896303892136 0.02600259892642498
v 0.06807669997215271 0.06965480744838715 0.03020024299621582
v 0.06807669997215271 0.06965480744838715 0.03020024299621582
v 0.06600916385650635 0.07051896303892136 0.02600259892642498
v 0.06458171457052231 0.07597482949495316 0.0255725160241127
v 0.06807669997215271 0.06965480744838715 0.03020024299621582
v 0.06458171457052231 0.07597482949495316 0.0255725160241127
v 0.06661151349544525 0.07542561739683151 0.029455436393618584
v 0.06580094993114471 0.11024694889783859 0.04039991647005081
v 0.06612180918455124 0.1034051850438118 0.04367198422551155
v 0.06521915644407272 0.11045968532562256 0.030307983979582787
v 0.06521915644407272 0.11045968532562256 0.030307983979582787
v 0.06612180918455124 0.1034051850438118 0.04367198422551155
v 0.06624560803174973 0.09709756076335907 0.03647736459970474
v 0.06521915644407272 0.11045968532562256 0.030307983979582787
v 0.06624560803174973 0.09709756076335907 0.03647736459970474
v 0.06319504976272583 0.10542953014373779 0.022919071838259697
v 0.06319504976272583 0.10542953014373779 0.022919071838259697
v 0.06624560803174973 0.09709756076335907 0.03647736459970474
v 0.06465104222297668 0.09335999190807343 0.028261085972189903
v 0.06319504976272583 0.10542953014373779 0.022919071838259697
v 0.06465104222297668 0.09335999190807343 0.028261085972189903
v 0.05910389870405197 0.10261978209018707 0.015881959348917007
v 0.05910389870405197 0.10261978209018707 0.015881959348917007
v 0.06465104222297668 0.09335999190807343 0.028261085972189903
v 0.06409507244825363 0.08677207678556442 0.026414578780531883
v 0.05910389870405197 0.10261978209018707 0.015881959348917007
v 0.06409507244825363 0.08677207678556442 0.026414578780531883
v 0.060880232602357864 0.09203913807868958 0.020753663033246994
v 0.060880232602357864 0.09203913807868958 0.020753663033246994
v 0.06409507244825363 0.08677207678556442 0.026414578780531883
v 0.06321931630373001 0.08140749484300613 0.024423299357295036
v 0.06172270327806473 0.07683299481868744 0.021950379014015198
v 0.06301407516002655 0.07180657982826233 0.021979156881570816
v 0.05792755261063576 0.07802911847829819 0.018531836569309235
v 0.06421573460102081 0.06711988896131516 0.021087488159537315
v 0.0652591660618782 0.06295847147703171 0.019280415028333664
v 0.05993516370654106 0.06952649354934692 0.016947666183114052
v 0.06608960032463074 0.05944794416427612 0.0166083462536335
v 0.06667118519544601 0.05668749287724495 0.013100557029247284
v 0.061172906309366226 0.06325449794530869 0.011939487420022488
v 0.06687306612730026 0.053698260337114334 2.1574794573098188e-07
v 0.06570591032505035 0.055230166763067245 2.425727529953292e-07
v 0.06703142076730728 0.05387488380074501 0.003947418183088303
v 0.06703142076730728 0.05387488380074501 0.003947418183088303
v 0.06570591032505035 0.055230166763067245 2.425727529953292e-07
v 0.06142884120345116 0.060210131108760834 0.003659676294773817
v 0.06703142076730728 0.05387488380074501 0.003947418183088303
v 0.06142884120345116 0.060210131108760834 0.003659676294773817
v 0.06698634475469589 0.05487951263785362 0.008810126222670078
v 0.07610765099525452 0.039648495614528656 -2.4296608103213657e-07
v 0.07529424130916595 0.04130733385682106 -3.0983005672169384e-07
v 0.07620355486869812 0.03976234421133995 0.004597214981913567
v 0.07620355486869812 0.03976234421133995 0.004597214981913567
v 0.07529424130916595 0.04130733385682106 -3.0983005672169384e-07
v 0.07197089493274689 0.047035716474056244 0.004260946065187454
v 0.07620355486869812 0.03976234421133995 0.004597214981913567
v 0.07197089493274689 0.047035716474056244 0.004260946065187454
v 0.07604147493839264 0.04062425345182419 0.010299968533217907
v 0.07604147493839264 0.04062425345182419 0.010299968533217907
v 0.07197089493274689 0.047035716474056244 0.004260946065187454
v 0.07187043875455856 0.04795219004154205 0.009532231837511063
v 0.07604147493839264 0.04062425345182419 0.010299968533217907
v 0.07187043875455856 0.04795219004154205 0.009532231837511063
v 0.07558902353048325 0.042334455996751785 0.01559918187558651
v 0.07558902353048325 0.042334455996751785 0.01559918187558651
v 0.07187043875455856 0.04795219004154205 0.009532231837511063
v 0.07148806750774384 0.04969266057014465 0.014324923977255821
v 0.07558902353048325 0.042334455996751785 0.01559918187558651
v 0.07148806750774384 0.04969266057014465 0.014324923977255821
v 0.07484455406665802 0.04508105665445328 0.020257292315363884
v 0.07484455406665802 0.04508105665445328 0.020257292315363884
v 0.07148806750774384 0.04969266057014465 0.014324923977255821
v 0.07082477957010269 0.05243438482284546 0.018408261239528656
v 0.07484455406665802 0.04508105665445328 0.020257292315363884
v 0.07082477957010269 0.05243438482284546 0.018408261239528656
v 0.07382495701313019 0.04873218387365341 0.024141911417245865
v 0.07382495701313019 0.04873218387365341 0.024141911417245865
v 0.07082477957010269 0.05243438482284546 0.018408261239528656
v 0.06989780813455582 0.05600884184241295 0.021685117855668068
v 0.07382495701313019 0.04873218387365341 0.024141911417245865
v 0.06989780813455582 0.05600884184241295 0.021685117855668068
v 0.07256939262151718 0.05319325625896454 0.027147037908434868
v 0.07256939262151718 0.05319325625896454 0.027147037908434868
v 0.06989780813455582 0.05600884184241295 0.021685117855668068
v 0.0687447264790535 0.060317512601614 0.02408623695373535
v 0.07256939262151718 0.05319325625896454 0.027147037908434868
v 0.0687447264790535 0.060317512601614 0.02408623695373535
v 0.07113944739103317 0.05831734836101532 0.029167816042900085
v 0.07962692528963089 0.032015472650527954 1.7886966574565122e-08
v 0.07891995459794998 0.03391321375966072 -1.1789735410161484e-08
v 0.07969629019498825 0.03212717920541763 0.004952690564095974
v 0.07969629019498825 0.03212717920541763 0.004952690564095974
v 0.07891995459794998 0.03391321375966072 -1.1789735410161484e-08
v 0.07620355486869812 0.03976234421133995 0.004597214981913567
v 0.07969629019498825 0.03212717920541763 0.004952690564095974
v 0.07620355486869812 0.03976234421133995 0.004597214981913567
v 0.07947243750095367 0.03296500816941261 0.011102680116891861
v 0.07947243750095367 0.03296500816941261 0.011102680116891861
v 0.07620355486869812 0.03976234421133995 0.004597214981913567
v 0.07604147493839264 0.04062425345182419 0.010299968533217907
v 0.07947243750095367 0.03296500816941261 0.011102680116891861
v 0.07604147493839264 0.04062425345182419 0.010299968533217907
v 0.07895265519618988 0.03467555716633797 0.016909167170524597
v 0.07895265519618988 0.03467555716633797 0.016909167170524597
v 0.07604147493839264 0.04062425345182419 0.010299968533217907
v 0.07558902353048325 0.042334455996751785 0.01559918187558651
v 0.07895265519618988 0.03467555716633797 0.016909167170524597
v 0.07558902353048325 0.042334455996751785 0.01559918187558651
v 0.07813288271427155 0.03744442015886307 0.022138386964797974
v 0.07813288271427155 0.03744442015886307 0.022138386964797974
v 0.07558902353048325 0.042334455996751785 0.01559918187558651
v 0.07484455406665802 0.04508105665445328 0.020257292315363884
v 0.07813288271427155 0.03744442015886307 0.022138386964797974
v 0.07484455406665802 0.04508105665445328 0.020257292315363884
v 0.0770297721028328 0.04117806628346443 0.026630496606230736
v 0.0770297721028328 0.04117806628346443 0.026630496606230736
v 0.07484455406665802 0.04508105665445328 0.020257292315363884
v 0.07382495701313019 0.04873218387365341 0.024141911417245865
v 0.0770297721028328 0.04117806628346443 0.026630496606230736
v 0.07382495701313019 0.04873218387365341 0.024141911417245865
v 0.07568404078483582 0.04578908905386925 0.030246566981077194
v 0.07568404078483582 0.04578908905386925 0.030246566981077194
v 0.07382495701313019 0.04873218387365341 0.024141911417245865
v 0.07256939262151718 0.05319325625896454 0.027147037908434868
v 0.07568404078483582 0.04578908905386925 0.030246566981077194
v 0.07256939262151718 0.05319325625896454 0.027147037908434868
v 0.07416003942489624 0.05112621188163757 0.032857827842235565
v 0.07416003942489624 0.05112621188163757 0.032857827842235565
v 0.07256939262151718 0.05319325625896454 0.027147037908434868
v 0.07113944739103317 0.05831734836101532 0.029167816042900085
v 0.07416003942489624 0.05112621188163757 0.032857827842235565
v 0.07113944739103317 0.05831734836101532 0.029167816042900085
v 0.07253929227590561 0.056964289397001266 0.03440564125776291
v 0.06668539345264435 0.08128868788480759 0.03227108716964722
v 0.06794121116399765 0.07524953037500381 0.033694855868816376
v 0.06661151349544525 0.07542561739683151 0.029455436393618584
v 0.06661151349544525 0.07542561739683151 0.029455436393618584
v 0.06794121116399765 0.07524953037500381 0.033694855868816376
v 0.06935815513134003 0.06917235255241394 0.03463780879974365
v 0.06661151349544525 0.07542561739683151 0.029455436393618584
v 0.06935815513134003 0.06917235255241394 0.03463780879974365
v 0.06807669997215271 0.06965480744838715 0.03020024299621582
v 0.06807669997215271 0.06965480744838715 0.03020024299621582
v 0.06935815513134003 0.06917235255241394 0.03463780879974365
v 0.07091078907251358 0.0630478635430336 0.03494371473789215
v 0.06807669997215271 0.06965480744838715 0.03020024299621582
v 0.07091078907251358 0.0630478635430336 0.03494371473789215
v 0.06961324065923691 0.06388697028160095 0.03016316518187523
v 0.06699833273887634 0.09090534597635269 0.04896362125873566
v 0.06722098588943481 0.08868969231843948 0.04971481114625931
v 0.06624560803174973 0.09709756076335907 0.03647736459970474
v 0.06624560803174973 0.09709756076335907 0.03647736459970474
v 0.06722098588943481 0.08868969231843948 0.04971481114625931
v 0.06785140931606293 0.08348482102155685 0.0413401834666729
v 0.06624560803174973 0.09709756076335907 0.03647736459970474
v 0.06785140931606293 0.08348482102155685 0.0413401834666729
v 0.06465104222297668 0.09335999190807343 0.028261085972189903
v 0.06465104222297668 0.09335999190807343 0.028261085972189903
v 0.06785140931606293 0.08348482102155685 0.0413401834666729
v 0.06668539345264435 0.08128868788480759 0.03227108716964722
v 0.06465104222297668 0.09335999190807343 0.028261085972189903
v 0.06668539345264435 0.08128868788480759 0.03227108716964722
v 0.06409507244825363 0.08677207678556442 0.026414578780531883
v 0.06409507244825363 0.08677207678556442 0.026414578780531883
v 0.06668539345264435 0.08128868788480759 0.03227108716964722
v 0.06661151349544525 0.07542561739683151 0.029455436393618584
v 0.06409507244825363 0.08677207678556442 0.026414578780531883
v 0.06661151349544525 0.07542561739683151 0.029455436393618584
v 0.06321931630373001 0.08140749484300613 0.024423299357295036
v 0.06321931630373001 0.08140749484300613 0.024423299357295036
v 0.06661151349544525 0.07542561739683151 0.029455436393618584
v 0.06458171457052231 0.07597482949495316 0.0255725160241127
v 0.07466036826372147 0.049029719084501266 0.044682007282972336
v 0.07091078907251358 0.0630478635430336 0.03494371473789215
v 0.07299420982599258 0.05589566007256508 0.04536129906773567
v 0.07299420982599258 0.05589566007256508 0.04536129906773567
v 0.07091078907251358 0.0630478635430336 0.03494371473789215
v 0.06935815513134003 0.06917235255241394 0.03463780879974365
v 0.07299420982599258 0.05589566007256508 0.04536129906773567
v 0.06935815513134003 0.06917235255241394 0.03463780879974365
v 0.07146203517913818 0.06280326098203659 0.04524407163262367
v 0.07146203517913818 0.06280326098203659 0.04524407163262367
v 0.06935815513134003 0.06917235255241394 0.03463780879974365
v 0.06794121116399765 0.07524953037500381 0.033694855868816376
v 0.07146203517913818 0.06280326098203659 0.04524407163262367
v 0.06794121116399765 0.07524953037500381 0.033694855868816376
v 0.07009158283472061 0.06971219182014465 0.04447515681385994
v 0.07009158283472061 0.06971219182014465 0.04447515681385994
v 0.06794121116399765 0.07524953037500381 0.033694855868816376
v 0.06668539345264435 0.08128868788480759 0.03227108716964722
v 0.07009158283472061 0.06971219182014465 0.04447515681385994
v 0.06668539345264435 0.08128868788480759 0.03227108716964722
v 0.06888910382986069 0.07661046087741852 0.043151501566171646
v 0.06888910382986069 0.07661046087741852 0.043151501566171646
v 0.06668539345264435 0.08128868788480759 0.03227108716964722
v 0.06785140931606293 0.08348482102155685 0.0413401834666729
v 0.06888910382986069 0.07661046087741852 0.043151501566171646
v 0.06785140931606293 0.08348482102155685 0.0413401834666729
v 0.06893379241228104 0.07349934428930283 0.05424606055021286
v 0.06893379241228104 0.07349934428930283 0.05424606055021286
v 0.06785140931606293 0.08348482102155685 0.0413401834666729
v 0.06795163452625275 0.08141903579235077 0.052179839462041855
v 0.08239580690860748 0.024084169417619705 1.4167592610192514e-07
v 0.08196685463190079 0.02573433518409729 1.1611066952355031e-07
v 0.08242105692625046 0.024203358218073845 0.005323685705661774
v 0.08242105692625046 0.024203358218073845 0.005323685705661774
v 0.08196685463190079 0.02573433518409729 1.1611066952355031e-07
v 0.07969629019498825 0.03212717920541763 0.004952690564095974
v 0.08242105692625046 0.024203358218073845 0.005323685705661774
v 0.07969629019498825 0.03212717920541763 0.004952690564095974
v 0.0821414440870285 0.02504323236644268 0.011929532513022423
v 0.0821414440870285 0.02504323236644268 0.011929532513022423
v 0.07969629019498825 0.03212717920541763 0.004952690564095974
v 0.07947243750095367 0.03296500816941261 0.011102680116891861
v 0.0821414440870285 0.02504323236644268 0.011929532513022423
v 0.07947243750095367 0.03296500816941261 0.011102680116891861
v 0.0815628170967102 0.026776984333992004 0.018240584060549736
v 0.0815628170967102 0.026776984333992004 0.018240584060549736
v 0.07947243750095367 0.03296500816941261 0.011102680116891861
v 0.07895265519618988 0.03467555716633797 0.016909167170524597
v 0.0815628170967102 0.026776984333992004 0.018240584060549736
v 0.07895265519618988 0.03467555716633797 0.016909167170524597
v 0.0806790441274643 0.029578329995274544 0.024034492671489716
v 0.0806790441274643 0.029578329995274544 0.024034492671489716
v 0.07895265519618988 0.03467555716633797 0.016909167170524597
v 0.07813288271427155 0.03744442015886307 0.022138386964797974
v 0.0806790441274643 0.029578329995274544 0.024034492671489716
v 0.07813288271427155 0.03744442015886307 0.022138386964797974
v 0.07950683683156967 0.033392682671546936 0.029130762442946434
v 0.07950683683156967 0.033392682671546936 0.029130762442946434
v 0.07813288271427155 0.03744442015886307 0.022138386964797974
v 0.0770297721028328 0.04117806628346443 0.026630496606230736
v 0.07950683683156967 0.033392682671546936 0.029130762442946434
v 0.0770297721028328 0.04117806628346443 0.026630496606230736
v 0.07808846235275269 0.03814295306801796 0.03336193785071373
v 0.07808846235275269 0.03814295306801796 0.03336193785071373
v 0.0770297721028328 0.04117806628346443 0.026630496606230736
v 0.07568404078483582 0.04578908905386925 0.030246566981077194
v 0.07808846235275269 0.03814295306801796 0.03336193785071373
v 0.07568404078483582 0.04578908905386925 0.030246566981077194
v 0.07649064809083939 0.043678488582372665 0.03657836467027664
v 0.07649064809083939 0.043678488582372665 0.03657836467027664
v 0.07568404078483582 0.04578908905386925 0.030246566981077194
v 0.07416003942489624 0.05112621188163757 0.032857827842235565
v 0.07649064809083939 0.043678488582372665 0.03657836467027664
v 0.07416003942489624 0.05112621188163757 0.032857827842235565
v 0.07479729503393173 0.049773260951042175 0.03870465233922005
v 0.07479729503393173 0.049773260951042175 0.03870465233922005
v 0.07416003942489624 0.05112621188163757 0.032857827842235565
v 0.07253929227590561 0.056964289397001266 0.03440564125776291
v 0.08437564224004745 0.015921544283628464 2.3182712993730092e-07
v 0.08417322486639023 0.017246564850211143 2.47607772507763e-07
v 0.08435895293951035 0.01606464758515358 0.005706350319087505
v 0.08435895293951035 0.01606464758515358 0.005706350319087505
v 0.08417322486639023 0.017246564850211143 2.47607772507763e-07
v 0.08242105692625046 0.024203358218073845 0.005323685705661774
v 0.08435895293951035 0.01606464758515358 0.005706350319087505
v 0.08242105692625046 0.024203358218073845 0.005323685705661774
v 0.0840352326631546 0.016925761476159096 0.012769577093422413
v 0.0840352326631546 0.016925761476159096 0.012769577093422413
v 0.08242105692625046 0.024203358218073845 0.005323685705661774
v 0.0821414440870285 0.02504323236644268 0.011929532513022423
v 0.0840352326631546 0.016925761476159096 0.012769577093422413
v 0.0821414440870285 0.02504323236644268 0.011929532513022423
v 0.08341142535209656 0.0186956487596035 0.01957923360168934
v 0.08341142535209656 0.0186956487596035 0.01957923360168934
v 0.0821414440870285 0.02504323236644268 0.011929532513022423
v 0.0815628170967102 0.026776984333992004 0.018240584060549736
v 0.08341142535209656 0.0186956487596035 0.01957923360168934
v 0.0815628170967102 0.026776984333992004 0.018240584060549736
v 0.08247993141412735 0.02153066173195839 0.025928987190127373
v 0.08247993141412735 0.02153066173195839 0.025928987190127373
v 0.0815628170967102 0.026776984333992004 0.018240584060549736
v 0.0806790441274643 0.029578329995274544 0.024034492671489716
v 0.08247993141412735 0.02153066173195839 0.025928987190127373
v 0.0806790441274643 0.029578329995274544 0.024034492671489716
v 0.08125787228345871 0.02541467174887657 0.03162349388003349
v 0.08125787228345871 0.02541467174887657 0.03162349388003349
v 0.0806790441274643 0.029578329995274544 0.024034492671489716
v 0.07950683683156967 0.033392682671546936 0.029130762442946434
v 0.08125787228345871 0.02541467174887657 0.03162349388003349
v 0.07950683683156967 0.033392682671546936 0.029130762442946434
v 0.0797891840338707 0.030283967033028603 0.03647172078490257
v 0.0797891840338707 0.030283967033028603 0.03647172078490257
v 0.07950683683156967 0.033392682671546936 0.029130762442946434
v 0.07808846235275269 0.03814295306801796 0.03336193785071373
v 0.0797891840338707 0.030283967033028603 0.03647172078490257
v 0.07808846235275269 0.03814295306801796 0.03336193785071373
v 0.07814262062311172 0.03599405288696289 0.04030677303671837
v 0.07814262062311172 0.03599405288696289 0.04030677303671837
v 0.07808846235275269 0.03814295306801796 0.03336193785071373
v 0.07649064809083939 0.043678488582372665 0.03657836467027664
v 0.07814262062311172 0.03599405288696289 0.04030677303671837
v 0.07649064809083939 0.043678488582372665 0.03657836467027664
v 0.07640326768159866 0.04232567921280861 0.04303765669465065
v 0.07640326768159866 0.04232567921280861 0.04303765669465065
v 0.07649064809083939 0.043678488582372665 0.03657836467027664
v 0.07479729503393173 0.049773260951042175 0.03870465233922005
v 0.0855477973818779 0.007603432983160019 1.2785322667241417e-07
v 0.08549954742193222 0.008564528077840805 1.442070498569592e-07
v 0.08549540489912033 0.0077848853543400764 0.006096845027059317
v 0.08549540489912033 0.0077848853543400764 0.006096845027059317
v 0.08549954742193222 0.008564528077840805 1.442070498569592e-07
v 0.08435895293951035 0.01606464758515358 0.005706350319087505
v 0.08549540489912033 0.0077848853543400764 0.006096845027059317
v 0.08435895293951035 0.01606464758515358 0.005706350319087505
v 0.0851440355181694 0.008678486570715904 0.013611954636871815
v 0.0851440355181694 0.008678486570715904 0.013611954636871815
v 0.08435895293951035 0.01606464758515358 0.005706350319087505
v 0.0840352326631546 0.016925761476159096 0.012769577093422413
v 0.0851440355181694 0.008678486570715904 0.013611954636871815
v 0.0840352326631546 0.016925761476159096 0.012769577093422413
v 0.08449318259954453 0.010486596263945103 0.02091113291680813
v 0.08449318259954453 0.010486596263945103 0.02091113291680813
v 0.0840352326631546 0.016925761476159096 0.012769577093422413
v 0.08341142535209656 0.0186956487596035 0.01957923360168934
v 0.08449318259954453 0.010486596263945103 0.02091113291680813
v 0.08341142535209656 0.0186956487596035 0.01957923360168934
v 0.08353450149297714 0.013346666470170021 0.02780565433204174
v 0.08353450149297714 0.013346666470170021 0.02780565433204174
v 0.08341142535209656 0.0186956487596035 0.01957923360168934
v 0.08247993141412735 0.02153066173195839 0.025928987190127373
v 0.08353450149297714 0.013346666470170021 0.02780565433204174
v 0.08247993141412735 0.02153066173195839 0.025928987190127373
v 0.0822860524058342 0.01727941818535328 0.03409010171890259
v 0.0822860524058342 0.01727941818535328 0.03409010171890259
v 0.08247993141412735 0.02153066173195839 0.025928987190127373
v 0.08125787228345871 0.02541467174887657 0.03162349388003349
v 0.0822860524058342 0.01727941818535328 0.03409010171890259
v 0.08125787228345871 0.02541467174887657 0.03162349388003349
v 0.08079364150762558 0.022237472236156464 0.0395553819835186
v 0.08079364150762558 0.022237472236156464 0.0395553819835186
v 0.08125787228345871 0.02541467174887657 0.03162349388003349
v 0.0797891840338707 0.030283967033028603 0.03647172078490257
v 0.08079364150762558 0.022237472236156464 0.0395553819835186
v 0.0797891840338707 0.030283967033028603 0.03647172078490257
v 0.07912765443325043 0.028088580816984177 0.04402157664299011
v 0.07912765443325043 0.028088580816984177 0.04402157664299011
v 0.0797891840338707 0.030283967033028603 0.03647172078490257
v 0.07814262062311172 0.03599405288696289 0.04030677303671837
v 0.07912765443325043 0.028088580816984177 0.04402157664299011
v 0.07814262062311172 0.03599405288696289 0.04030677303671837
v 0.07737314701080322 0.034628815948963165 0.04738360643386841
v 0.07737314701080322 0.034628815948963165 0.04738360643386841
v 0.07814262062311172 0.03599405288696289 0.04030677303671837
v 0.07640326768159866 0.04232567921280861 0.04303765669465065
v 0.07737314701080322 0.034628815948963165 0.04738360643386841
v 0.07640326768159866 0.04232567921280861 0.04303765669465065
v 0.07466036826372147 0.049029719084501266 0.044682007282972336
v 0.07466036826372147 0.049029719084501266 0.044682007282972336
v 0.07640326768159866 0.04232567921280861 0.04303765669465065
v 0.07479729503393173 0.049773260951042175 0.03870465233922005
v 0.07466036826372147 0.049029719084501266 0.044682007282972336
v 0.07479729503393173 0.049773260951042175 0.03870465233922005
v 0.07091078907251358 0.0630478635430336 0.03494371473789215
v 0.07091078907251358 0.0630478635430336 0.03494371473789215
v 0.07479729503393173 0.049773260951042175 0.03870465233922005
v 0.07253929227590561 0.056964289397001266 0.03440564125776291
v 0.07091078907251358 0.0630478635430336 0.03494371473789215
v 0.07253929227590561 0.056964289397001266 0.03440564125776291
v 0.06961324065923691 0.06388697028160095 0.03016316518187523
v 0.06961324065923691 0.06388697028160095 0.03016316518187523
v 0.07253929227590561 0.056964289397001266 0.03440564125776291
v 0.07113944739103317 0.05831734836101532 0.029167816042900085
v 0.06961324065923691 0.06388697028160095 0.03016316518187523
v 0.07113944739103317 0.05831734836101532 0.029167816042900085
v 0.06742393225431442 0.06522221118211746 0.025533095002174377
v 0.06742393225431442 0.06522221118211746 0.025533095002174377
v 0.07113944739103317 0.05831734836101532 0.029167816042900085
v 0.0687447264790535 0.060317512601614 0.02408623695373535
v 0.00043624371755868196 0.11422283202409744 -0.005477831233292818
v 0.00043624371755868196 0.121062271296978 -0.012111622840166092
v 0.015285525470972061 0.11649544537067413 -0.00723848445340991
v 0.02883574739098549 0.11774308979511261 -0.007418242283165455
v 0.04170046001672745 0.11048675328493118 0.0006632997537963092
v 0.03675970807671547 0.10637684911489487 0.002461736323311925
v 0.03675970807671547 0.10637684911489487 0.002461736323311925
v 0.04170046001672745 0.11048675328493118 0.0006632997537963092
v 0.04320654645562172 0.10214101523160934 0.006336091086268425
v 0.04320654645562172 0.10214101523160934 0.006336091086268425
v 0.04170046001672745 0.11048675328493118 0.0006632997537963092
v 0.04912956804037094 0.09749636799097061 0.010495963506400585
v 0.04320654645562172 0.10214101523160934 0.006336091086268425
v 0.04912956804037094 0.09749636799097061 0.010495963506400585
v 0.05116758495569229 0.0883646085858345 0.014280116185545921
v 0.04497459903359413 0.09350726753473282 0.010715213604271412
v 0.03825344145298004 0.0981869176030159 0.007364044431596994
v 0.03675970807671547 0.10637684911489487 0.002461736323311925
v 0.03675970807671547 0.10637684911489487 0.002461736323311925
v 0.03825344145298004 0.0981869176030159 0.007364044431596994
v 0.02988257072865963 0.11018498986959457 -0.0011047932785004377
v 0.03675970807671547 0.10637684911489487 0.002461736323311925
v 0.02988257072865963 0.11018498986959457 -0.0011047932785004377
v 0.02883574739098549 0.11774308979511261 -0.007418242283165455
v 0.02883574739098549 0.11774308979511261 -0.007418242283165455
v 0.02988257072865963 0.11018498986959457 -0.0011047932785004377
v 0.015285525470972061 0.11649544537067413 -0.00723848445340991
v 0.02883574739098549 0.11774308979511261 -0.007418242283165455
v 0.015285525470972061 0.11649544537067413 -0.00723848445340991
v 0.014733513817191124 0.12349922209978104 -0.013926801271736622
v 0.014733513817191124 0.12349922209978104 -0.013926801271736622
v 0.015285525470972061 0.11649544537067413 -0.00723848445340991
v 0.00043624371755868196 0.121062271296978 -0.012111622840166092
v 0.014733513817191124 0.12349922209978104 -0.013926801271736622
v 0.00043624371755868196 0.121062271296978 -0.012111622840166092
v 0.00043624371755868196 0.12725593149662018 -0.01811904087662697
v 0.00043624371755868196 0.10456722974777222 0.0019500507041811943
v 0.008474561385810375 0.10458327829837799 0.0019566339906305075
v 0.00043624371755868196 0.09845373034477234 0.005049502942711115
v 0.03109719790518284 0.1023792028427124 0.004249184392392635
v 0.03227599710226059 0.09461729228496552 0.007812795229256153
v 0.02361113205552101 0.10606785118579865 0.0013920203782618046
v 0.02361113205552101 0.10606785118579865 0.0013920203782618046
v 0.03227599710226059 0.09461729228496552 0.007812795229256153
v 0.024517934769392014 0.09851987659931183 0.005646727047860622
v 0.02361113205552101 0.10606785118579865 0.0013920203782618046
v 0.024517934769392014 0.09851987659931183 0.005646727047860622
v 0.015919353812932968 0.10925847291946411 -0.001188326976262033
v 0.015919353812932968 0.10925847291946411 -0.001188326976262033
v 0.024517934769392014 0.09851987659931183 0.005646727047860622
v 0.01654312014579773 0.10183974355459213 0.0036885389126837254
v 0.00043624371755868196 0.0892440602183342 0.005815164186060429
v 0.00043624371755868196 0.0915641263127327 0.0063088336028158665
v 0.00885496474802494 0.09041298180818558 0.0064633931033313274
v 0.00043624371755868196 0.08886927366256714 0.005735416430979967
v 0.00887629110366106 0.08840922266244888 0.005791596602648497
v 0.00043624371755868196 0.08743678778409958 0.004750230349600315
v 0.008886841125786304 0.08670593798160553 0.004485795274376869
v 0.00043624371755868196 0.08730679750442505 0.004549350123852491
v 0.00043624371755868196 0.08743678778409958 0.004750230349600315
v 0.03730306401848793 0.08197584748268127 0.008553564548492432
v 0.03342432156205177 0.08401846885681152 0.008175230585038662
v 0.03316029533743858 0.08735789358615875 0.008895333856344223
v 0.03316029533743858 0.08735789358615875 0.008895333856344223
v 0.03342432156205177 0.08401846885681152 0.008175230585038662
v 0.02542472817003727 0.0875767394900322 0.007512035313993692
v 0.03316029533743858 0.08735789358615875 0.008895333856344223
v 0.02542472817003727 0.0875767394900322 0.007512035313993692
v 0.025211099535226822 0.09114939719438553 0.007711001206189394
v 0.025211099535226822 0.09114939719438553 0.007711001206189394
v 0.02542472817003727 0.0875767394900322 0.007512035313993692
v 0.01718924008309841 0.09041628241539001 0.006984239909797907
v 0.025211099535226822 0.09114939719438553 0.007711001206189394
v 0.01718924008309841 0.09041628241539001 0.006984239909797907
v 0.01703200675547123 0.09427002817392349 0.0066794161684811115
v 0.01703200675547123 0.09427002817392349 0.0066794161684811115
v 0.01718924008309841 0.09041628241539001 0.006984239909797907
v 0.00882386602461338 0.09252502024173737 0.00660508731380105
v 0.01703200675547123 0.09427002817392349 0.0066794161684811115
v 0.00882386602461338 0.09252502024173737 0.00660508731380105
v 0.008735686540603638 0.09671343117952347 0.0058156708255410194
v 0.008735686540603638 0.09671343117952347 0.0058156708255410194
v 0.00882386602461338 0.09252502024173737 0.00660508731380105
v 0.00043624371755868196 0.09387480467557907 0.006197064649313688
v 0.008735686540603638 0.09671343117952347 0.0058156708255410194
v 0.00043624371755868196 0.09387480467557907 0.006197064649313688
v 0.00043624371755868196 0.09765712171792984 0.005453373305499554
v 0.00043624371755868196 0.08743678778409958 0.004750230349600315
v 0.00887629110366106 0.08840922266244888 0.005791596602648497
v 0.008886841125786304 0.08670593798160553 0.004485795274376869
v 0.008886841125786304 0.08670593798160553 0.004485795274376869
v 0.00887629110366106 0.08840922266244888 0.005791596602648497
v 0.01727471500635147 0.08679335564374924 0.005816343240439892
v 0.008886841125786304 0.08670593798160553 0.004485795274376869
v 0.01727471500635147 0.08679335564374924 0.005816343240439892
v 0.017286650836467743 0.08531958609819412 0.004485143348574638
v 0.017286650836467743 0.08531958609819412 0.004485143348574638
v 0.01727471500635147 0.08679335564374924 0.005816343240439892
v 0.025531228631734848 0.08437856286764145 0.005961141083389521
v 0.017286650836467743 0.08531958609819412 0.004485143348574638
v 0.025531228631734848 0.08437856286764145 0.005961141083389521
v 0.025539333000779152 0.08310606330633163 0.004568940494209528
v 0.025539333000779152 0.08310606330633163 0.004568940494209528
v 0.025531228631734848 0.08437856286764145 0.005961141083389521
v 0.03354734554886818 0.08118335157632828 0.006215554662048817
v 0.025539333000779152 0.08310606330633163 0.004568940494209528
v 0.03354734554886818 0.08118335157632828 0.006215554662048817
v 0.03355041891336441 0.08008649200201035 0.0047300104051828384
v 0.00043624371755868196 0.0892440602183342 0.005815164186060429
v 0.00885496474802494 0.09041298180818558 0.0064633931033313274
v 0.00887629110366106 0.08840922266244888 0.005791596602648497
v 0.00887629110366106 0.08840922266244888 0.005791596602648497
v 0.00885496474802494 0.09041298180818558 0.0064633931033313274
v 0.017241671681404114 0.08853396028280258 0.006629420444369316
v 0.00887629110366106 0.08840922266244888 0.005791596602648497
v 0.017241671681404114 0.08853396028280258 0.006629420444369316
v 0.01727471500635147 0.08679335564374924 0.005816343240439892
v 0.01727471500635147 0.08679335564374924 0.005816343240439892
v 0.017241671681404114 0.08853396028280258 0.006629420444369316
v 0.02549230493605137 0.08589214086532593 0.006934178993105888
v 0.01727471500635147 0.08679335564374924 0.005816343240439892
v 0.02549230493605137 0.08589214086532593 0.006934178993105888
v 0.025531228631734848 0.08437856286764145 0.005961141083389521
v 0.025531228631734848 0.08437856286764145 0.005961141083389521
v 0.02549230493605137 0.08589214086532593 0.006934178993105888
v 0.03350451961159706 0.08250267803668976 0.007365446072071791
v 0.025531228631734848 0.08437856286764145 0.005961141083389521
v 0.03350451961159706 0.08250267803668976 0.007365446072071791
v 0.03354734554886818 0.08118335157632828 0.006215554662048817
v 0.06172270327806473 0.07683299481868744 0.021950379014015198
v 0.05792755261063576 0.07802911847829819 0.018531836569309235
v 0.05676732584834099 0.08279401808977127 0.018033798784017563
v 0.05676732584834099 0.08279401808977127 0.018033798784017563
v 0.05792755261063576 0.07802911847829819 0.018531836569309235
v 0.0521925613284111 0.08384644985198975 0.015216768719255924
v 0.05676732584834099 0.08279401808977127 0.018033798784017563
v 0.0521925613284111 0.08384644985198975 0.015216768719255924
v 0.05116758495569229 0.0883646085858345 0.014280116185545921
v 0.05116758495569229 0.0883646085858345 0.014280116185545921
v 0.0521925613284111 0.08384644985198975 0.015216768719255924
v 0.04586229473352432 0.08921559900045395 0.012058181688189507
v 0.05116758495569229 0.0883646085858345 0.014280116185545921
v 0.04586229473352432 0.08921559900045395 0.012058181688189507
v 0.04497459903359413 0.09350726753473282 0.010715213604271412
v 0.04497459903359413 0.09350726753473282 0.010715213604271412
v 0.04586229473352432 0.08921559900045395 0.012058181688189507
v 0.03900303319096565 0.09409613907337189 0.009079495444893837
v 0.04497459903359413 0.09350726753473282 0.010715213604271412
v 0.03900303319096565 0.09409613907337189 0.009079495444893837
v 0.03825344145298004 0.0981869176030159 0.007364044431596994
v 0.06421573460102081 0.06711988896131516 0.021087488159537315
v 0.05993516370654106 0.06952649354934692 0.016947666183114052
v 0.059004344046115875 0.07355223596096039 0.01817401498556137
v 0.059004344046115875 0.07355223596096039 0.01817401498556137
v 0.05993516370654106 0.06952649354934692 0.016947666183114052
v 0.05396111309528351 0.07565721869468689 0.014706309884786606
v 0.059004344046115875 0.07355223596096039 0.01817401498556137
v 0.05396111309528351 0.07565721869468689 0.014706309884786606
v 0.05314237251877785 0.07956475764513016 0.01536871399730444
v 0.05314237251877785 0.07956475764513016 0.01536871399730444
v 0.05396111309528351 0.07565721869468689 0.014706309884786606
v 0.0473935566842556 0.08129662275314331 0.012574458494782448
v 0.05314237251877785 0.07956475764513016 0.01536871399730444
v 0.0473935566842556 0.08129662275314331 0.012574458494782448
v 0.04668485000729561 0.08510865271091461 0.012693086639046669
v 0.04668485000729561 0.08510865271091461 0.012693086639046669
v 0.0473935566842556 0.08129662275314331 0.012574458494782448
v 0.040300074964761734 0.08639361709356308 0.010569644160568714
v 0.04668485000729561 0.08510865271091461 0.012693086639046669
v 0.040300074964761734 0.08639361709356308 0.010569644160568714
v 0.03969893977046013 0.09013786166906357 0.010167943313717842
v 0.03969893977046013 0.09013786166906357 0.010167943313717842
v 0.040300074964761734 0.08639361709356308 0.010569644160568714
v 0.03277017921209335 0.09090811014175415 0.008708546869456768
v 0.03969893977046013 0.09013786166906357 0.010167943313717842
v 0.03277017921209335 0.09090811014175415 0.008708546869456768
v 0.03227599710226059 0.09461729228496552 0.007812795229256153
v 0.03227599710226059 0.09461729228496552 0.007812795229256153
v 0.03277017921209335 0.09090811014175415 0.008708546869456768
v 0.0249029491096735 0.09480777382850647 0.00700770877301693
v 0.03227599710226059 0.09461729228496552 0.007812795229256153
v 0.0249029491096735 0.09480777382850647 0.00700770877301693
v 0.024517934769392014 0.09851987659931183 0.005646727047860622
v 0.024517934769392014 0.09851987659931183 0.005646727047860622
v 0.0249029491096735 0.09480777382850647 0.00700770877301693
v 0.016812440007925034 0.09808070212602615 0.005484101362526417
v 0.024517934769392014 0.09851987659931183 0.005646727047860622
v 0.016812440007925034 0.09808070212602615 0.005484101362526417
v 0.01654312014579773 0.10183974355459213 0.0036885389126837254
v 0.01654312014579773 0.10183974355459213 0.0036885389126837254
v 0.016812440007925034 0.09808070212602615 0.005484101362526417
v 0.008474561385810375 0.10458327829837799 0.0019566339906305075
v 0.01654312014579773 0.10183974355459213 0.0036885389126837254
v 0.008474561385810375 0.10458327829837799 0.0019566339906305075
v 0.015919353812932968 0.10925847291946411 -0.001188326976262033
v 0.015919353812932968 0.10925847291946411 -0.001188326976262033
v 0.008474561385810375 0.10458327829837799 0.0019566339906305075
v 0.00043624371755868196 0.1066875010728836 0.0003409820201341063
v 0.015919353812932968 0.10925847291946411 -0.001188326976262033
v 0.00043624371755868196 0.1066875010728836 0.0003409820201341063
v 0.00043624371755868196 0.11374762654304504 -0.005016916897147894
v 0.00043624371755868196 0.11374762654304504 -0.005016916897147894
v 0.00043624371755868196 0.11422283202409744 -0.005477831233292818
v 0.015919353812932968 0.10925847291946411 -0.001188326976262033
v 0.015919353812932968 0.10925847291946411 -0.001188326976262033
v 0.00043624371755868196 0.11422283202409744 -0.005477831233292818
v 0.015285525470972061 0.11649544537067413 -0.00723848445340991
v 0.015919353812932968 0.10925847291946411 -0.001188326976262033
v 0.015285525470972061 0.11649544537067413 -0.00723848445340991
v 0.02361113205552101 0.10606785118579865 0.0013920203782618046
v 0.02361113205552101 0.10606785118579865 0.0013920203782618046
v 0.015285525470972061 0.11649544537067413 -0.00723848445340991
v 0.02988257072865963 0.11018498986959457 -0.0011047932785004377
v 0.02361113205552101 0.10606785118579865 0.0013920203782618046
v 0.02988257072865963 0.11018498986959457 -0.0011047932785004377
v 0.03109719790518284 0.1023792028427124 0.004249184392392635
v 0.03109719790518284 0.1023792028427124 0.004249184392392635
v 0.02988257072865963 0.11018498986959457 -0.0011047932785004377
v 0.03825344145298004 0.0981869176030159 0.007364044431596994
v 0.03109719790518284 0.1023792028427124 0.004249184392392635
v 0.03825344145298004 0.0981869176030159 0.007364044431596994
v 0.03227599710226059 0.09461729228496552 0.007812795229256153
v 0.03227599710226059 0.09461729228496552 0.007812795229256153
v 0.03825344145298004 0.0981869176030159 0.007364044431596994
v 0.03900303319096565 0.09409613907337189 0.009079495444893837
v 0.03227599710226059 0.09461729228496552 0.007812795229256153
v 0.03900303319096565 0.09409613907337189 0.009079495444893837
v 0.03969893977046013 0.09013786166906357 0.010167943313717842
v 0.03969893977046013 0.09013786166906357 0.010167943313717842
v 0.03900303319096565 0.09409613907337189 0.009079495444893837
v 0.04586229473352432 0.08921559900045395 0.012058181688189507
v 0.03969893977046013 0.09013786166906357 0.010167943313717842
v 0.04586229473352432 0.08921559900045395 0.012058181688189507
v 0.04668485000729561 0.08510865271091461 0.012693086639046669
v 0.04668485000729561 0.08510865271091461 0.012693086639046669
v 0.04586229473352432 0.08921559900045395 0.012058181688189507
v 0.0521925613284111 0.08384644985198975 0.015216768719255924
v 0.04668485000729561 0.08510865271091461 0.012693086639046669
v 0.0521925613284111 0.08384644985198975 0.015216768719255924
v 0.05314237251877785 0.07956475764513016 0.01536871399730444
v 0.05314237251877785 0.07956475764513016 0.01536871399730444
v 0.0521925613284111 0.08384644985198975 0.015216768719255924
v 0.05792755261063576 0.07802911847829819 0.018531836569309235
v 0.05314237251877785 0.07956475764513016 0.01536871399730444
v 0.05792755261063576 0.07802911847829819 0.018531836569309235
v 0.059004344046115875 0.07355223596096039 0.01817401498556137
v 0.059004344046115875 0.07355223596096039 0.01817401498556137
v 0.05792755261063576 0.07802911847829819 0.018531836569309235
v 0.06301407516002655 0.07180657982826233 0.021979156881570816
v 0.059004344046115875 0.07355223596096039 0.01817401498556137
v 0.06301407516002655 0.07180657982826233 0.021979156881570816
v 0.06421573460102081 0.06711988896131516 0.021087488159537315
v 0.04122753068804741 0.07723499089479446 0.006569672375917435
v 0.03743495047092438 0.07930085808038712 0.006380715407431126
v 0.03730306401848793 0.08197584748268127 0.008553564548492432
v 0.04122753068804741 0.07723499089479446 0.006569672375917435
v 0.03355041891336441 0.08008649200201035 0.0047300104051828384
v 0.03743495047092438 0.07930085808038712 0.006380715407431126
v 0.03743495047092438 0.07930085808038712 0.006380715407431126
v 0.03355041891336441 0.08008649200201035 0.0047300104051828384
v 0.03354734554886818 0.08118335157632828 0.006215554662048817
v 0.03743495047092438 0.07930085808038712 0.006380715407431126
v 0.03354734554886818 0.08118335157632828 0.006215554662048817
v 0.03730306401848793 0.08197584748268127 0.008553564548492432
v 0.03730306401848793 0.08197584748268127 0.008553564548492432
v 0.03354734554886818 0.08118335157632828 0.006215554662048817
v 0.03350451961159706 0.08250267803668976 0.007365446072071791
v 0.03730306401848793 0.08197584748268127 0.008553564548492432
v 0.03350451961159706 0.08250267803668976 0.007365446072071791
v 0.03342432156205177 0.08401846885681152 0.008175230585038662
v 0.03342432156205177 0.08401846885681152 0.008175230585038662
v 0.03350451961159706 0.08250267803668976 0.007365446072071791
v 0.02549230493605137 0.08589214086532593 0.006934178993105888
v 0.03342432156205177 0.08401846885681152 0.008175230585038662
v 0.02549230493605137 0.08589214086532593 0.006934178993105888
v 0.02542472817003727 0.0875767394900322 0.007512035313993692
v 0.02542472817003727 0.0875767394900322 0.007512035313993692
v 0.02549230493605137 0.08589214086532593 0.006934178993105888
v 0.017241671681404114 0.08853396028280258 0.006629420444369316
v 0.02542472817003727 0.0875767394900322 0.007512035313993692
v 0.017241671681404114 0.08853396028280258 0.006629420444369316
v 0.01718924008309841 0.09041628241539001 0.006984239909797907
v 0.01718924008309841 0.09041628241539001 0.006984239909797907
v 0.017241671681404114 0.08853396028280258 0.006629420444369316
v 0.00885496474802494 0.09041298180818558 0.0064633931033313274
v 0.01718924008309841 0.09041628241539001 0.006984239909797907
v 0.00885496474802494 0.09041298180818558 0.0064633931033313274
v 0.00882386602461338 0.09252502024173737 0.00660508731380105
v 0.00882386602461338 0.09252502024173737 0.00660508731380105
v 0.00885496474802494 0.09041298180818558 0.0064633931033313274
v 0.00043624371755868196 0.0915641263127327 0.0063088336028158665
v 0.00882386602461338 0.09252502024173737 0.00660508731380105
v 0.00043624371755868196 0.0915641263127327 0.0063088336028158665
v 0.00043624371755868196 0.09240086376667023 0.006486875470727682
v 0.06608960032463074 0.05944794416427612 0.0166083462536335
v 0.061172906309366226 0.06325449794530869 0.011939487420022488
v 0.06066931039094925 0.06606174260377884 0.014873934909701347
v 0.06066931039094925 0.06606174260377884 0.014873934909701347
v 0.061172906309366226 0.06325449794530869 0.011939487420022488
v 0.0550353042781353 0.06932944059371948 0.010854669846594334
v 0.06066931039094925 0.06606174260377884 0.014873934909701347
v 0.0550353042781353 0.06932944059371948 0.010854669846594334
v 0.054602622985839844 0.07221528887748718 0.013220954686403275
v 0.054602622985839844 0.07221528887748718 0.013220954686403275
v 0.0550353042781353 0.06932944059371948 0.010854669846594334
v 0.0483170822262764 0.07485156506299973 0.00985801313072443
v 0.054602622985839844 0.07221528887748718 0.013220954686403275
v 0.0483170822262764 0.07485156506299973 0.00985801313072443
v 0.047947268933057785 0.0778505802154541 0.011664110235869884
v 0.047947268933057785 0.0778505802154541 0.011664110235869884
v 0.0483170822262764 0.07485156506299973 0.00985801313072443
v 0.04108547419309616 0.0797635018825531 0.008961081504821777
v 0.047947268933057785 0.0778505802154541 0.011664110235869884
v 0.04108547419309616 0.0797635018825531 0.008961081504821777
v 0.04077083617448807 0.08291278034448624 0.010217650793492794
v 0.06698634475469589 0.05487951263785362 0.008810126222670078
v 0.06142884120345116 0.060210131108760834 0.003659676294773817
v 0.061428144574165344 0.061337199062108994 0.008143598213791847
v 0.061428144574165344 0.061337199062108994 0.008143598213791847
v 0.06142884120345116 0.060210131108760834 0.003659676294773817
v 0.05521246790885925 0.06597379595041275 0.0034005127381533384
v 0.061428144574165344 0.061337199062108994 0.008143598213791847
v 0.05521246790885925 0.06597379595041275 0.0034005127381533384
v 0.05524137243628502 0.06725730001926422 0.007542210631072521
v 0.05524137243628502 0.06725730001926422 0.007542210631072521
v 0.05521246790885925 0.06597379595041275 0.0034005127381533384
v 0.04844282194972038 0.07110410928726196 0.0031722376588732004
v 0.05524137243628502 0.06725730001926422 0.007542210631072521
v 0.04844282194972038 0.07110410928726196 0.0031722376588732004
v 0.048485610634088516 0.07257647067308426 0.0070147267542779446
v 0.048485610634088516 0.07257647067308426 0.0070147267542779446
v 0.04844282194972038 0.07110410928726196 0.0031722376588732004
v 0.041185956448316574 0.07554316520690918 0.002977034542709589
v 0.048485610634088516 0.07257647067308426 0.0070147267542779446
v 0.041185956448316574 0.07554316520690918 0.002977034542709589
v 0.04122753068804741 0.07723499089479446 0.006569672375917435
v 0.04122753068804741 0.07723499089479446 0.006569672375917435
v 0.041185956448316574 0.07554316520690918 0.002977034542709589
v 0.033518169075250626 0.0792427733540535 0.0028171457815915346
v 0.04122753068804741 0.07723499089479446 0.006569672375917435
v 0.033518169075250626 0.0792427733540535 0.0028171457815915346
v 0.03355041891336441 0.08008649200201035 0.0047300104051828384
v 0.03355041891336441 0.08008649200201035 0.0047300104051828384
v 0.033518169075250626 0.0792427733540535 0.0028171457815915346
v 0.025520263239741325 0.08216056227684021 0.0026950198225677013
v 0.03355041891336441 0.08008649200201035 0.0047300104051828384
v 0.025520263239741325 0.08216056227684021 0.0026950198225677013
v 0.025539333000779152 0.08310606330633163 0.004568940494209528
v 0.025539333000779152 0.08310606330633163 0.004568940494209528
v 0.025520263239741325 0.08216056227684021 0.0026950198225677013
v 0.017280137166380882 0.08426754176616669 0.0026139207184314728
v 0.025539333000779152 0.08310606330633163 0.004568940494209528
v 0.017280137166380882 0.08426754176616669 0.0026139207184314728
v 0.017286650836467743 0.08531958609819412 0.004485143348574638
v 0.017286650836467743 0.08531958609819412 0.004485143348574638
v 0.017280137166380882 0.08426754176616669 0.0026139207184314728
v 0.00888806115835905 0.0855419859290123 0.0025775020476430655
v 0.017286650836467743 0.08531958609819412 0.004485143348574638
v 0.00888806115835905 0.0855419859290123 0.0025775020476430655
v 0.008886841125786304 0.08670593798160553 0.004485795274376869
v 0.008886841125786304 0.08670593798160553 0.004485795274376869
v 0.00888806115835905 0.0855419859290123 0.0025775020476430655
v 0.00043624371755868196 0.08602085709571838 0.002562079345807433
v 0.008886841125786304 0.08670593798160553 0.004485795274376869
v 0.00043624371755868196 0.08602085709571838 0.002562079345807433
v 0.00043624371755868196 0.08730679750442505 0.004549350123852491
v 0.03316029533743858 0.08735789358615875 0.008895333856344223
v 0.04077083617448807 0.08291278034448624 0.010217650793492794
v 0.03730306401848793 0.08197584748268127 0.008553564548492432
v 0.03730306401848793 0.08197584748268127 0.008553564548492432
v 0.04077083617448807 0.08291278034448624 0.010217650793492794
v 0.04108547419309616 0.0797635018825531 0.008961081504821777
v 0.03730306401848793 0.08197584748268127 0.008553564548492432
v 0.04108547419309616 0.0797635018825531 0.008961081504821777
v 0.04122753068804741 0.07723499089479446 0.006569672375917435
v 0.04122753068804741 0.07723499089479446 0.006569672375917435
v 0.04108547419309616 0.0797635018825531 0.008961081504821777
v 0.0483170822262764 0.07485156506299973 0.00985801313072443
v 0.04122753068804741 0.07723499089479446 0.006569672375917435
v 0.0483170822262764 0.07485156506299973 0.00985801313072443
v 0.048485610634088516 0.07257647067308426 0.0070147267542779446
v 0.048485610634088516 0.07257647067308426 0.0070147267542779446
v 0.0483170822262764 0.07485156506299973 0.00985801313072443
v 0.0550353042781353 0.06932944059371948 0.010854669846594334
v 0.048485610634088516 0.07257647067308426 0.0070147267542779446
v 0.0550353042781353 0.06932944059371948 0.010854669846594334
v 0.05524137243628502 0.06725730001926422 0.007542210631072521
v 0.05524137243628502 0.06725730001926422 0.007542210631072521
v 0.0550353042781353 0.06932944059371948 0.010854669846594334
v 0.061172906309366226 0.06325449794530869 0.011939487420022488
v 0.05524137243628502 0.06725730001926422 0.007542210631072521
v 0.061172906309366226 0.06325449794530869 0.011939487420022488
v 0.061428144574165344 0.061337199062108994 0.008143598213791847
v 0.061428144574165344 0.061337199062108994 0.008143598213791847
v 0.061172906309366226 0.06325449794530869 0.011939487420022488
v 0.06667118519544601 0.05668749287724495 0.013100557029247284
v 0.061428144574165344 0.061337199062108994 0.008143598213791847
v 0.06667118519544601 0.05668749287724495 0.013100557029247284
v 0.06698634475469589 0.05487951263785362 0.008810126222670078
v 0.00043624371755868196 0.09845373034477234 0.005049502942711115
v 0.008474561385810375 0.10458327829837799 0.0019566339906305075
v 0.008735686540603638 0.09671343117952347 0.0058156708255410194
v 0.008735686540603638 0.09671343117952347 0.0058156708255410194
v 0.008474561385810375 0.10458327829837799 0.0019566339906305075
v 0.016812440007925034 0.09808070212602615 0.005484101362526417
v 0.008735686540603638 0.09671343117952347 0.0058156708255410194
v 0.016812440007925034 0.09808070212602615 0.005484101362526417
v 0.01703200675547123 0.09427002817392349 0.0066794161684811115
v 0.01703200675547123 0.09427002817392349 0.0066794161684811115
v 0.016812440007925034 0.09808070212602615 0.005484101362526417
v 0.0249029491096735 0.09480777382850647 0.00700770877301693
v 0.01703200675547123 0.09427002817392349 0.0066794161684811115
v 0.0249029491096735 0.09480777382850647 0.00700770877301693
v 0.025211099535226822 0.09114939719438553 0.007711001206189394
v 0.025211099535226822 0.09114939719438553 0.007711001206189394
v 0.0249029491096735 0.09480777382850647 0.00700770877301693
v 0.03277017921209335 0.09090811014175415 0.008708546869456768
v 0.025211099535226822 0.09114939719438553 0.007711001206189394
v 0.03277017921209335 0.09090811014175415 0.008708546869456768
v 0.03316029533743858 0.08735789358615875 0.008895333856344223
v 0.03316029533743858 0.08735789358615875 0.008895333856344223
v 0.03277017921209335 0.09090811014175415 0.008708546869456768
v 0.040300074964761734 0.08639361709356308 0.010569644160568714
v 0.03316029533743858 0.08735789358615875 0.008895333856344223
v 0.040300074964761734 0.08639361709356308 0.010569644160568714
v 0.04077083617448807 0.08291278034448624 0.010217650793492794
v 0.04077083617448807 0.08291278034448624 0.010217650793492794
v 0.040300074964761734 0.08639361709356308 0.010569644160568714
v 0.0473935566842556 0.08129662275314331 0.012574458494782448
v 0.04077083617448807 0.08291278034448624 0.010217650793492794
v 0.0473935566842556 0.08129662275314331 0.012574458494782448
v 0.047947268933057785 0.0778505802154541 0.011664110235869884
v 0.047947268933057785 0.0778505802154541 0.011664110235869884
v 0.0473935566842556 0.08129662275314331 0.012574458494782448
v 0.05396111309528351 0.07565721869468689 0.014706309884786606
v 0.047947268933057785 0.0778505802154541 0.011664110235869884
v 0.05396111309528351 0.07565721869468689 0.014706309884786606
v 0.054602622985839844 0.07221528887748718 0.013220954686403275
v 0.054602622985839844 0.07221528887748718 0.013220954686403275
v 0.05396111309528351 0.07565721869468689 0.014706309884786606
v 0.05993516370654106 0.06952649354934692 0.016947666183114052
v 0.054602622985839844 0.07221528887748718 0.013220954686403275
v 0.05993516370654106 0.06952649354934692 0.016947666183114052
v 0.06066931039094925 0.06606174260377884 0.014873934909701347
v 0.06066931039094925 0.06606174260377884 0.014873934909701347
v 0.05993516370654106 0.06952649354934692 0.016947666183114052
v 0.0652591660618782 0.06295847147703171 0.019280415028333664
v 0.06066931039094925 0.06606174260377884 0.014873934909701347
v 0.0652591660618782 0.06295847147703171 0.019280415028333664
v 0.06608960032463074 0.05944794416427612 0.0166083462536335
v 0.00043624371755868196 0.2045000046491623 -0.06799943745136261
v 0.007138253655284643 0.2045002281665802 -0.06761666387319565
v 0.00043624371755868196 0.19549188017845154 -0.06743757426738739
v 0.00043624371755868196 0.19549188017845154 -0.06743757426738739
v 0.007138253655284643 0.2045002281665802 -0.06761666387319565
v 0.0071087186224758625 0.19543643295764923 -0.06733974069356918
v 0.00043624371755868196 0.19549188017845154 -0.06743757426738739
v 0.0071087186224758625 0.19543643295764923 -0.06733974069356918
v 0.00043624371755868196 0.19053982198238373 -0.06712869554758072
v 0.00043624371755868196 0.19053982198238373 -0.06712869554758072
v 0.0071087186224758625 0.19543643295764923 -0.06733974069356918
v 0.00706122163683176 0.1858920156955719 -0.0658700242638588
v 0.0070331525057554245 0.17659839987754822 -0.06266601383686066
v 0.00043624371755868196 0.1801154762506485 -0.0644863098859787
v 0.00706122163683176 0.1858920156955719 -0.0658700242638588
v 0.00706122163683176 0.1858920156955719 -0.0658700242638588
v 0.00043624371755868196 0.1801154762506485 -0.0644863098859787
v 0.00043624371755868196 0.18612633645534515 -0.06600996106863022
v 0.00706122163683176 0.1858920156955719 -0.0658700242638588
v 0.00043624371755868196 0.18612633645534515 -0.06600996106863022
v 0.00043624371755868196 0.19053982198238373 -0.06712869554758072
v 0.007013943046331406 0.16794206202030182 -0.057752825319767
v 0.00043624371755868196 0.16994711756706238 -0.05941759794950485
v 0.0070331525057554245 0.17659839987754822 -0.06266601383686066
v 0.0070331525057554245 0.17659839987754822 -0.06266601383686066
v 0.00043624371755868196 0.16994711756706238 -0.05941759794950485
v 0.00043624371755868196 0.17715273797512054 -0.06300944834947586
v 0.0070331525057554245 0.17659839987754822 -0.06266601383686066
v 0.00043624371755868196 0.17715273797512054 -0.06300944834947586
v 0.00043624371755868196 0.1801154762506485 -0.0644863098859787
v 0.00043624371755868196 0.12725593149662018 -0.01811904087662697
v 0.00043624371755868196 0.12786740064620972 -0.01877891831099987
v 0.014733513817191124 0.12349922209978104 -0.013926801271736622
v 0.014733513817191124 0.12349922209978104 -0.013926801271736622
v 0.00043624371755868196 0.12786740064620972 -0.01877891831099987
v 0.00043624371755868196 0.1408238708972931 -0.0327611081302166
v 0.014733513817191124 0.12349922209978104 -0.013926801271736622
v 0.00043624371755868196 0.1408238708972931 -0.0327611081302166
v 0.013990672305226326 0.13721343874931335 -0.028173008933663368
v 0.013990672305226326 0.13721343874931335 -0.028173008933663368
v 0.00043624371755868196 0.1408238708972931 -0.0327611081302166
v 0.013684354722499847 0.1513231247663498 -0.042738623917102814
v 0.007138253655284643 0.2045002281665802 -0.06761666387319565
v 0.008172690868377686 0.20450027287006378 -0.06755758076906204
v 0.0071087186224758625 0.19543643295764923 -0.06733974069356918
v 0.0071087186224758625 0.19543643295764923 -0.06733974069356918
v 0.008172690868377686 0.20450027287006378 -0.06755758076906204
v 0.013760818168520927 0.19533562660217285 -0.06630199402570724
v 0.0071087186224758625 0.19543643295764923 -0.06733974069356918
v 0.013760818168520927 0.19533562660217285 -0.06630199402570724
v 0.00706122163683176 0.1858920156955719 -0.0658700242638588
v 0.00706122163683176 0.1858920156955719 -0.0658700242638588
v 0.013760818168520927 0.19533562660217285 -0.06630199402570724
v 0.013701191172003746 0.18563027679920197 -0.06472130864858627
v 0.00706122163683176 0.1858920156955719 -0.0658700242638588
v 0.013701191172003746 0.18563027679920197 -0.06472130864858627
v 0.0070331525057554245 0.17659839987754822 -0.06266601383686066
v 0.0070331525057554245 0.17659839987754822 -0.06266601383686066
v 0.013701191172003746 0.18563027679920197 -0.06472130864858627
v 0.013669668696820736 0.17606671154499054 -0.061319828033447266
v 0.0070331525057554245 0.17659839987754822 -0.06266601383686066
v 0.013669668696820736 0.17606671154499054 -0.061319828033447266
v 0.007013943046331406 0.16794206202030182 -0.057752825319767
v 0.007013943046331406 0.16794206202030182 -0.057752825319767
v 0.013669668696820736 0.17606671154499054 -0.061319828033447266
v 0.013651708140969276 0.1670941412448883 -0.05611954256892204
v 0.007013943046331406 0.16794206202030182 -0.057752825319767
v 0.013651708140969276 0.1670941412448883 -0.05611954256892204
v 0.007002322934567928 0.16004067659378052 -0.051676053553819656
v 0.007002322934567928 0.16004067659378052 -0.051676053553819656
v 0.013651708140969276 0.1670941412448883 -0.05611954256892204
v 0.013647467829287052 0.15889671444892883 -0.04973437264561653
v 0.007002322934567928 0.16004067659378052 -0.051676053553819656
v 0.013647467829287052 0.15889671444892883 -0.04973437264561653
v 0.007012906484305859 0.1527363359928131 -0.044953253120183945
v 0.007012906484305859 0.1527363359928131 -0.044953253120183945
v 0.013647467829287052 0.15889671444892883 -0.04973437264561653
v 0.013684354722499847 0.1513231247663498 -0.042738623917102814
v 0.007012906484305859 0.1527363359928131 -0.044953253120183945
v 0.013684354722499847 0.1513231247663498 -0.042738623917102814
v 0.00043624371755868196 0.1447799801826477 -0.0370304100215435
v 0.00043624371755868196 0.1447799801826477 -0.0370304100215435
v 0.013684354722499847 0.1513231247663498 -0.042738623917102814
v 0.00043624371755868196 0.1408238708972931 -0.0327611081302166
v 0.00043624371755868196 0.1447799801826477 -0.0370304100215435
v 0.00043624371755868196 0.15419231355190277 -0.04634033143520355
v 0.007012906484305859 0.1527363359928131 -0.044953253120183945
v 0.007012906484305859 0.1527363359928131 -0.044953253120183945
v 0.00043624371755868196 0.15419231355190277 -0.04634033143520355
v 0.00043624371755868196 0.15894661843776703 -0.05104289948940277
v 0.007012906484305859 0.1527363359928131 -0.044953253120183945
v 0.00043624371755868196 0.15894661843776703 -0.05104289948940277
v 0.007002322934567928 0.16004067659378052 -0.051676053553819656
v 0.007002322934567928 0.16004067659378052 -0.051676053553819656
v 0.00043624371755868196 0.15894661843776703 -0.05104289948940277
v 0.00043624371755868196 0.16120217740535736 -0.052760060876607895
v 0.007002322934567928 0.16004067659378052 -0.051676053553819656
v 0.00043624371755868196 0.16120217740535736 -0.052760060876607895
v 0.007013943046331406 0.16794206202030182 -0.057752825319767
v 0.007013943046331406 0.16794206202030182 -0.057752825319767
v 0.00043624371755868196 0.16120217740535736 -0.052760060876607895
v 0.00043624371755868196 0.168781578540802 -0.05853027477860451
v 0.007013943046331406 0.16794206202030182 -0.057752825319767
v 0.00043624371755868196 0.168781578540802 -0.05853027477860451
v 0.00043624371755868196 0.16994711756706238 -0.05941759794950485
v 0.04053955152630806 0.11874346435070038 -0.005672995932400227
v 0.028021199628710747 0.12518754601478577 -0.014223242178559303
v 0.0337640754878521 0.1299918293952942 -0.017206883057951927
v 0.0337640754878521 0.1299918293952942 -0.017206883057951927
v 0.028021199628710747 0.12518754601478577 -0.014223242178559303
v 0.02742770127952099 0.13265930116176605 -0.021386228501796722
v 0.0337640754878521 0.1299918293952942 -0.017206883057951927
v 0.02742770127952099 0.13265930116176605 -0.021386228501796722
v 0.026795830577611923 0.14806342124938965 -0.036316175013780594
v 0.026795830577611923 0.14806342124938965 -0.036316175013780594
v 0.02742770127952099 0.13265930116176605 -0.021386228501796722
v 0.020322179421782494 0.1497696042060852 -0.039852581918239594
v 0.026795830577611923 0.14806342124938965 -0.036316175013780594
v 0.020322179421782494 0.1497696042060852 -0.039852581918239594
v 0.026685841381549835 0.15627889335155487 -0.04370676353573799
v 0.026685841381549835 0.15627889335155487 -0.04370676353573799
v 0.020322179421782494 0.1497696042060852 -0.039852581918239594
v 0.02024993859231472 0.15764623880386353 -0.047069940716028214
v 0.026685841381549835 0.15627889335155487 -0.04370676353573799
v 0.02024993859231472 0.15764623880386353 -0.047069940716028214
v 0.02665126323699951 0.16511595249176025 -0.05059090256690979
v 0.02665126323699951 0.16511595249176025 -0.05059090256690979
v 0.02024993859231472 0.15764623880386353 -0.047069940716028214
v 0.02023598551750183 0.16615433990955353 -0.05372350290417671
v 0.02665126323699951 0.16511595249176025 -0.05059090256690979
v 0.02023598551750183 0.16615433990955353 -0.05372350290417671
v 0.026643678545951843 0.17471668124198914 -0.056327369064092636
v 0.026643678545951843 0.17471668124198914 -0.056327369064092636
v 0.02023598551750183 0.16615433990955353 -0.05372350290417671
v 0.020241709426045418 0.1754399836063385 -0.059198226779699326
v 0.026643678545951843 0.17471668124198914 -0.056327369064092636
v 0.020241709426045418 0.1754399836063385 -0.059198226779699326
v 0.02665284462273121 0.18483056128025055 -0.060212016105651855
v 0.02665284462273121 0.18483056128025055 -0.060212016105651855
v 0.020241709426045418 0.1754399836063385 -0.059198226779699326
v 0.020263034850358963 0.18527555465698242 -0.06282778829336166
v 0.02665284462273121 0.18483056128025055 -0.060212016105651855
v 0.020263034850358963 0.18527555465698242 -0.06282778829336166
v 0.02668396756052971 0.19496209919452667 -0.06217674911022186
v 0.02668396756052971 0.19496209919452667 -0.06217674911022186
v 0.020263034850358963 0.18527555465698242 -0.06282778829336166
v 0.02031249925494194 0.19517651200294495 -0.06457507610321045
v 0.02668396756052971 0.19496209919452667 -0.06217674911022186
v 0.02031249925494194 0.19517651200294495 -0.06457507610321045
v 0.02211017906665802 0.2045004963874817 -0.06445212662220001
v 0.02211017906665802 0.2045004963874817 -0.06445212662220001
v 0.02031249925494194 0.19517651200294495 -0.06457507610321045
v 0.020276809111237526 0.20450051128864288 -0.06496307998895645
v 0.04373607784509659 0.20449966192245483 -0.05228164792060852
v 0.047154951840639114 0.20449979603290558 -0.04940783232450485
v 0.04397052153944969 0.1940147578716278 -0.05126339942216873
v 0.04397052153944969 0.1940147578716278 -0.05126339942216873
v 0.047154951840639114 0.20449979603290558 -0.04940783232450485
v 0.04890872910618782 0.19360578060150146 -0.046536825597286224
v 0.04397052153944969 0.1940147578716278 -0.05126339942216873
v 0.04890872910618782 0.19360578060150146 -0.046536825597286224
v 0.04392438381910324 0.18298651278018951 -0.04842670261859894
v 0.04392438381910324 0.18298651278018951 -0.04842670261859894
v 0.04890872910618782 0.19360578060150146 -0.046536825597286224
v 0.04881136119365692 0.18221420049667358 -0.043375883251428604
v 0.04392438381910324 0.18298651278018951 -0.04842670261859894
v 0.04881136119365692 0.18221420049667358 -0.043375883251428604
v 0.04386681690812111 0.17197400331497192 -0.0436725839972496
v 0.03264016658067703 0.2044999599456787 -0.05978703871369362
v 0.035114046186208725 0.20449981093406677 -0.05849134922027588
v 0.03279733657836914 0.1946953684091568 -0.05913206562399864
v 0.03279733657836914 0.1946953684091568 -0.05913206562399864
v 0.035114046186208725 0.20449981093406677 -0.05849134922027588
v 0.03858162462711334 0.1943787783384323 -0.05547955632209778
v 0.03279733657836914 0.1946953684091568 -0.05913206562399864
v 0.03858162462711334 0.1943787783384323 -0.05547955632209778
v 0.0327792651951313 0.18429845571517944 -0.056905973702669144
v 0.0327792651951313 0.18429845571517944 -0.056905973702669144
v 0.03858162462711334 0.1943787783384323 -0.05547955632209778
v 0.03856115788221359 0.18368259072303772 -0.05295884981751442
v 0.0327792651951313 0.18429845571517944 -0.056905973702669144
v 0.03856115788221359 0.18368259072303772 -0.05295884981751442
v 0.03277315944433212 0.17389672994613647 -0.052744098007678986
v 0.03277315944433212 0.17389672994613647 -0.052744098007678986
v 0.03856115788221359 0.18368259072303772 -0.05295884981751442
v 0.03854093328118324 0.17298172414302826 -0.04850459098815918
v 0.03277315944433212 0.17389672994613647 -0.052744098007678986
v 0.03854093328118324 0.17298172414302826 -0.04850459098815918
v 0.032785799354314804 0.16397510468959808 -0.04675910621881485
v 0.032785799354314804 0.16397510468959808 -0.04675910621881485
v 0.03854093328118324 0.17298172414302826 -0.04850459098815918
v 0.038543667644262314 0.1627318263053894 -0.042285580188035965
v 0.032785799354314804 0.16397510468959808 -0.04675910621881485
v 0.038543667644262314 0.1627318263053894 -0.042285580188035965
v 0.032835595309734344 0.1547888070344925 -0.03967985883355141
v 0.032835595309734344 0.1547888070344925 -0.03967985883355141
v 0.038543667644262314 0.1627318263053894 -0.042285580188035965
v 0.03859763592481613 0.15317659080028534 -0.03504392132163048
v 0.032835595309734344 0.1547888070344925 -0.03967985883355141
v 0.03859763592481613 0.15317659080028534 -0.03504392132163048
v 0.03297954425215721 0.14619843661785126 -0.032160744071006775
v 0.03297954425215721 0.14619843661785126 -0.032160744071006775
v 0.03859763592481613 0.15317659080028534 -0.03504392132163048
v 0.03876733034849167 0.14417792856693268 -0.027435965836048126
v 0.03297954425215721 0.14619843661785126 -0.032160744071006775
v 0.03876733034849167 0.14417792856693268 -0.027435965836048126
v 0.039691198617219925 0.12707293033599854 -0.012546570971608162
v 0.039691198617219925 0.12707293033599854 -0.012546570971608162
v 0.03876733034849167 0.14417792856693268 -0.027435965836048126
v 0.04511311277747154 0.12391865998506546 -0.00744627695530653
v 0.039691198617219925 0.12707293033599854 -0.012546570971608162
v 0.04511311277747154 0.12391865998506546 -0.00744627695530653
v 0.04607880860567093 0.11507755517959595 -0.0007839706377126276
v 0.04607880860567093 0.11507755517959595 -0.0007839706377126276
v 0.04511311277747154 0.12391865998506546 -0.00744627695530653
v 0.05104418098926544 0.11114928126335144 0.00446509663015604
v 0.04607880860567093 0.11507755517959595 -0.0007839706377126276
v 0.05104418098926544 0.11114928126335144 0.00446509663015604
v 0.052525799721479416 0.10184378921985626 0.010134191252291203
v 0.052525799721479416 0.10184378921985626 0.010134191252291203
v 0.05104418098926544 0.11114928126335144 0.00446509663015604
v 0.0553903803229332 0.10698741674423218 0.01003403589129448
v 0.052525799721479416 0.10184378921985626 0.010134191252291203
v 0.0553903803229332 0.10698741674423218 0.01003403589129448
v 0.057023100554943085 0.09707189351320267 0.015316375531256199
v 0.05296868830919266 0.16969498991966248 -0.03253260999917984
v 0.05282049626111984 0.1584113985300064 -0.025713661685585976
v 0.048614248633384705 0.1599459946155548 -0.0316852368414402
v 0.048614248633384705 0.1599459946155548 -0.0316852368414402
v 0.05282049626111984 0.1584113985300064 -0.025713661685585976
v 0.048629891127347946 0.14960117638111115 -0.024204708635807037
v 0.048614248633384705 0.1599459946155548 -0.0316852368414402
v 0.048629891127347946 0.14960117638111115 -0.024204708635807037
v 0.04388260096311569 0.15144526958465576 -0.029861219227313995
v 0.06559352576732635 0.11768771708011627 0.03658457100391388
v 0.06521915644407272 0.11045968532562256 0.030307983979582787
v 0.06471078842878342 0.12357288599014282 0.023221857845783234
v 0.06471078842878342 0.12357288599014282 0.023221857845783234
v 0.06521915644407272 0.11045968532562256 0.030307983979582787
v 0.06225303187966347 0.11742507666349411 0.016503356397151947
v 0.06471078842878342 0.12357288599014282 0.023221857845783234
v 0.06225303187966347 0.11742507666349411 0.016503356397151947
v 0.06176421046257019 0.1293344497680664 0.009309910237789154
v 0.06176421046257019 0.1293344497680664 0.009309910237789154
v 0.06225303187966347 0.11742507666349411 0.016503356397151947
v 0.05697939917445183 0.12398034334182739 0.003265669336542487
v 0.06176421046257019 0.1293344497680664 0.009309910237789154
v 0.05697939917445183 0.12398034334182739 0.003265669336542487
v 0.05651060864329338 0.13472434878349304 -0.004087244160473347
v 0.05651060864329338 0.13472434878349304 -0.004087244160473347
v 0.05697939917445183 0.12398034334182739 0.003265669336542487
v 0.052968934178352356 0.13726957142353058 -0.010455021634697914
v 0.05651060864329338 0.13472434878349304 -0.004087244160473347
v 0.052968934178352356 0.13726957142353058 -0.010455021634697914
v 0.05282049626111984 0.1584113985300064 -0.025713661685585976
v 0.05282049626111984 0.1584113985300064 -0.025713661685585976
v 0.052968934178352356 0.13726957142353058 -0.010455021634697914
v 0.04881562292575836 0.1397017240524292 -0.01651523821055889
v 0.05282049626111984 0.1584113985300064 -0.025713661685585976
v 0.04881562292575836 0.1397017240524292 -0.01651523821055889
v 0.048629891127347946 0.14960117638111115 -0.024204708635807037
v 0.048629891127347946 0.14960117638111115 -0.024204708635807037
v 0.04881562292575836 0.1397017240524292 -0.01651523821055889
v 0.044066496193408966 0.14200860261917114 -0.022198563441634178
v 0.048629891127347946 0.14960117638111115 -0.024204708635807037
v 0.044066496193408966 0.14200860261917114 -0.022198563441634178
v 0.04388260096311569 0.15144526958465576 -0.029861219227313995
v 0.02658642828464508 0.20450030267238617 -0.06267950683832169
v 0.02876397781074047 0.2045001983642578 -0.06181718409061432
v 0.02668396756052971 0.19496209919452667 -0.06217674911022186
v 0.02668396756052971 0.19496209919452667 -0.06217674911022186
v 0.02876397781074047 0.2045001983642578 -0.06181718409061432
v 0.03279733657836914 0.1946953684091568 -0.05913206562399864
v 0.02668396756052971 0.19496209919452667 -0.06217674911022186
v 0.03279733657836914 0.1946953684091568 -0.05913206562399864
v 0.02665284462273121 0.18483056128025055 -0.060212016105651855
v 0.02665284462273121 0.18483056128025055 -0.060212016105651855
v 0.03279733657836914 0.1946953684091568 -0.05913206562399864
v 0.0327792651951313 0.18429845571517944 -0.056905973702669144
v 0.02665284462273121 0.18483056128025055 -0.060212016105651855
v 0.0327792651951313 0.18429845571517944 -0.056905973702669144
v 0.026643678545951843 0.17471668124198914 -0.056327369064092636
v 0.026643678545951843 0.17471668124198914 -0.056327369064092636
v 0.0327792651951313 0.18429845571517944 -0.056905973702669144
v 0.03277315944433212 0.17389672994613647 -0.052744098007678986
v 0.026643678545951843 0.17471668124198914 -0.056327369064092636
v 0.03277315944433212 0.17389672994613647 -0.052744098007678986
v 0.02665126323699951 0.16511595249176025 -0.05059090256690979
v 0.02665126323699951 0.16511595249176025 -0.05059090256690979
v 0.03277315944433212 0.17389672994613647 -0.052744098007678986
v 0.032785799354314804 0.16397510468959808 -0.04675910621881485
v 0.02665126323699951 0.16511595249176025 -0.05059090256690979
v 0.032785799354314804 0.16397510468959808 -0.04675910621881485
v 0.026685841381549835 0.15627889335155487 -0.04370676353573799
v 0.026685841381549835 0.15627889335155487 -0.04370676353573799
v 0.032785799354314804 0.16397510468959808 -0.04675910621881485
v 0.032835595309734344 0.1547888070344925 -0.03967985883355141
v 0.026685841381549835 0.15627889335155487 -0.04370676353573799
v 0.032835595309734344 0.1547888070344925 -0.03967985883355141
v 0.026795830577611923 0.14806342124938965 -0.036316175013780594
v 0.026795830577611923 0.14806342124938965 -0.036316175013780594
v 0.032835595309734344 0.1547888070344925 -0.03967985883355141
v 0.03297954425215721 0.14619843661785126 -0.032160744071006775
v 0.026795830577611923 0.14806342124938965 -0.036316175013780594
v 0.03297954425215721 0.14619843661785126 -0.032160744071006775
v 0.0337640754878521 0.1299918293952942 -0.017206883057951927
v 0.0337640754878521 0.1299918293952942 -0.017206883057951927
v 0.03297954425215721 0.14619843661785126 -0.032160744071006775
v 0.039691198617219925 0.12707293033599854 -0.012546570971608162
v 0.0337640754878521 0.1299918293952942 -0.017206883057951927
v 0.039691198617219925 0.12707293033599854 -0.012546570971608162
v 0.04053955152630806 0.11874346435070038 -0.005672995932400227
v 0.04053955152630806 0.11874346435070038 -0.005672995932400227
v 0.039691198617219925 0.12707293033599854 -0.012546570971608162
v 0.04607880860567093 0.11507755517959595 -0.0007839706377126276
v 0.04053955152630806 0.11874346435070038 -0.005672995932400227
v 0.04607880860567093 0.11507755517959595 -0.0007839706377126276
v 0.04740305617451668 0.10632551461458206 0.005239397753030062
v 0.04740305617451668 0.10632551461458206 0.005239397753030062
v 0.04607880860567093 0.11507755517959595 -0.0007839706377126276
v 0.052525799721479416 0.10184378921985626 0.010134191252291203
v 0.04740305617451668 0.10632551461458206 0.005239397753030062
v 0.052525799721479416 0.10184378921985626 0.010134191252291203
v 0.054466091096401215 0.09247193485498428 0.014915404841303825
v 0.054466091096401215 0.09247193485498428 0.014915404841303825
v 0.052525799721479416 0.10184378921985626 0.010134191252291203
v 0.057023100554943085 0.09707189351320267 0.015316375531256199
v 0.054466091096401215 0.09247193485498428 0.014915404841303825
v 0.057023100554943085 0.09707189351320267 0.015316375531256199
v 0.059168752282857895 0.08709883689880371 0.019567295908927917
v 0.0438397116959095 0.1613875776529312 -0.03723553940653801
v 0.04386681690812111 0.17197400331497192 -0.0436725839972496
v 0.048692017793655396 0.17087708413600922 -0.03832273185253143
v 0.048692017793655396 0.17087708413600922 -0.03832273185253143
v 0.04386681690812111 0.17197400331497192 -0.0436725839972496
v 0.04881136119365692 0.18221420049667358 -0.043375883251428604
v 0.048692017793655396 0.17087708413600922 -0.03832273185253143
v 0.04881136119365692 0.18221420049667358 -0.043375883251428604
v 0.05296868830919266 0.16969498991966248 -0.03253260999917984
v 0.05296868830919266 0.16969498991966248 -0.03253260999917984
v 0.04881136119365692 0.18221420049667358 -0.043375883251428604
v 0.053173113614320755 0.18136999011039734 -0.03787582367658615
v 0.05296868830919266 0.16969498991966248 -0.03253260999917984
v 0.053173113614320755 0.18136999011039734 -0.03787582367658615
v 0.056670255959033966 0.16843269765377045 -0.02638137899339199
v 0.056670255959033966 0.16843269765377045 -0.02638137899339199
v 0.053173113614320755 0.18136999011039734 -0.03787582367658615
v 0.05697758495807648 0.18045920133590698 -0.03199859336018562
v 0.056670255959033966 0.16843269765377045 -0.02638137899339199
v 0.05697758495807648 0.18045920133590698 -0.03199859336018562
v 0.06020018458366394 0.179487407207489 -0.025815896689891815
v 0.06020018458366394 0.179487407207489 -0.025815896689891815
v 0.05697758495807648 0.18045920133590698 -0.03199859336018562
v 0.057247281074523926 0.19266416132450104 -0.03578232228755951
v 0.06020018458366394 0.179487407207489 -0.025815896689891815
v 0.057247281074523926 0.19266416132450104 -0.03578232228755951
v 0.060578059405088425 0.1921384036540985 -0.0298764668405056
v 0.060578059405088425 0.1921384036540985 -0.0298764668405056
v 0.057247281074523926 0.19266416132450104 -0.03578232228755951
v 0.05728708580136299 0.19882382452487946 -0.036896973848342896
v 0.060578059405088425 0.1921384036540985 -0.0298764668405056
v 0.05728708580136299 0.19882382452487946 -0.036896973848342896
v 0.06345073133707047 0.19826921820640564 -0.024981951341032982
v 0.06345073133707047 0.19826921820640564 -0.024981951341032982
v 0.05728708580136299 0.19882382452487946 -0.036896973848342896
v 0.060231611132621765 0.20450016856193542 -0.0323772206902504
v 0.06345073133707047 0.19826921820640564 -0.024981951341032982
v 0.060231611132621765 0.20450016856193542 -0.0323772206902504
v 0.06347989290952682 0.2045000046491623 -0.02548193745315075
v 0.013773038052022457 0.2045004814863205 -0.06661614030599594
v 0.015215309336781502 0.20450052618980408 -0.06637369096279144
v 0.013760818168520927 0.19533562660217285 -0.06630199402570724
v 0.013760818168520927 0.19533562660217285 -0.06630199402570724
v 0.015215309336781502 0.20450052618980408 -0.06637369096279144
v 0.02031249925494194 0.19517651200294495 -0.06457507610321045
v 0.013760818168520927 0.19533562660217285 -0.06630199402570724
v 0.02031249925494194 0.19517651200294495 -0.06457507610321045
v 0.013701191172003746 0.18563027679920197 -0.06472130864858627
v 0.013701191172003746 0.18563027679920197 -0.06472130864858627
v 0.02031249925494194 0.19517651200294495 -0.06457507610321045
v 0.020263034850358963 0.18527555465698242 -0.06282778829336166
v 0.013701191172003746 0.18563027679920197 -0.06472130864858627
v 0.020263034850358963 0.18527555465698242 -0.06282778829336166
v 0.013669668696820736 0.17606671154499054 -0.061319828033447266
v 0.013669668696820736 0.17606671154499054 -0.061319828033447266
v 0.020263034850358963 0.18527555465698242 -0.06282778829336166
v 0.020241709426045418 0.1754399836063385 -0.059198226779699326
v 0.013669668696820736 0.17606671154499054 -0.061319828033447266
v 0.020241709426045418 0.1754399836063385 -0.059198226779699326
v 0.013651708140969276 0.1670941412448883 -0.05611954256892204
v 0.013651708140969276 0.1670941412448883 -0.05611954256892204
v 0.020241709426045418 0.1754399836063385 -0.059198226779699326
v 0.02023598551750183 0.16615433990955353 -0.05372350290417671
v 0.013651708140969276 0.1670941412448883 -0.05611954256892204
v 0.02023598551750183 0.16615433990955353 -0.05372350290417671
v 0.013647467829287052 0.15889671444892883 -0.04973437264561653
v 0.013647467829287052 0.15889671444892883 -0.04973437264561653
v 0.02023598551750183 0.16615433990955353 -0.05372350290417671
v 0.02024993859231472 0.15764623880386353 -0.047069940716028214
v 0.013647467829287052 0.15889671444892883 -0.04973437264561653
v 0.02024993859231472 0.15764623880386353 -0.047069940716028214
v 0.013684354722499847 0.1513231247663498 -0.042738623917102814
v 0.013684354722499847 0.1513231247663498 -0.042738623917102814
v 0.02024993859231472 0.15764623880386353 -0.047069940716028214
v 0.020322179421782494 0.1497696042060852 -0.039852581918239594
v 0.013684354722499847 0.1513231247663498 -0.042738623917102814
v 0.020322179421782494 0.1497696042060852 -0.039852581918239594
v 0.013990672305226326 0.13721343874931335 -0.028173008933663368
v 0.013990672305226326 0.13721343874931335 -0.028173008933663368
v 0.020322179421782494 0.1497696042060852 -0.039852581918239594
v 0.02742770127952099 0.13265930116176605 -0.021386228501796722
v 0.013990672305226326 0.13721343874931335 -0.028173008933663368
v 0.02742770127952099 0.13265930116176605 -0.021386228501796722
v 0.014733513817191124 0.12349922209978104 -0.013926801271736622
v 0.014733513817191124 0.12349922209978104 -0.013926801271736622
v 0.02742770127952099 0.13265930116176605 -0.021386228501796722
v 0.028021199628710747 0.12518754601478577 -0.014223242178559303
v 0.014733513817191124 0.12349922209978104 -0.013926801271736622
v 0.028021199628710747 0.12518754601478577 -0.014223242178559303
v 0.02883574739098549 0.11774308979511261 -0.007418242283165455
v 0.02883574739098549 0.11774308979511261 -0.007418242283165455
v 0.028021199628710747 0.12518754601478577 -0.014223242178559303
v 0.04053955152630806 0.11874346435070038 -0.005672995932400227
v 0.02883574739098549 0.11774308979511261 -0.007418242283165455
v 0.04053955152630806 0.11874346435070038 -0.005672995932400227
v 0.04170046001672745 0.11048675328493118 0.0006632997537963092
v 0.04170046001672745 0.11048675328493118 0.0006632997537963092
v 0.04053955152630806 0.11874346435070038 -0.005672995932400227
v 0.04740305617451668 0.10632551461458206 0.005239397753030062
v 0.04170046001672745 0.11048675328493118 0.0006632997537963092
v 0.04740305617451668 0.10632551461458206 0.005239397753030062
v 0.04912956804037094 0.09749636799097061 0.010495963506400585
v 0.04912956804037094 0.09749636799097061 0.010495963506400585
v 0.04740305617451668 0.10632551461458206 0.005239397753030062
v 0.054466091096401215 0.09247193485498428 0.014915404841303825
v 0.04912956804037094 0.09749636799097061 0.010495963506400585
v 0.054466091096401215 0.09247193485498428 0.014915404841303825
v 0.05116758495569229 0.0883646085858345 0.014280116185545921
v 0.05116758495569229 0.0883646085858345 0.014280116185545921
v 0.054466091096401215 0.09247193485498428 0.014915404841303825
v 0.05559179186820984 0.08765756338834763 0.01677093096077442
v 0.05116758495569229 0.0883646085858345 0.014280116185545921
v 0.05559179186820984 0.08765756338834763 0.01677093096077442
v 0.05676732584834099 0.08279401808977127 0.018033798784017563
v 0.05676732584834099 0.08279401808977127 0.018033798784017563
v 0.05559179186820984 0.08765756338834763 0.01677093096077442
v 0.06041689217090607 0.08198586106300354 0.021086832508444786
v 0.05676732584834099 0.08279401808977127 0.018033798784017563
v 0.06041689217090607 0.08198586106300354 0.021086832508444786
v 0.06172270327806473 0.07683299481868744 0.021950379014015198
v 0.07184812426567078 0.04690346121788025 3.565348549727787e-08
v 0.07099717855453491 0.04828530177474022 1.2096307955289376e-07
v 0.07197089493274689 0.047035716474056244 0.004260946065187454
v 0.07197089493274689 0.047035716474056244 0.004260946065187454
v 0.07099717855453491 0.04828530177474022 1.2096307955289376e-07
v 0.06703142076730728 0.05387488380074501 0.003947418183088303
v 0.07197089493274689 0.047035716474056244 0.004260946065187454
v 0.06703142076730728 0.05387488380074501 0.003947418183088303
v 0.07187043875455856 0.04795219004154205 0.009532231837511063
v 0.07187043875455856 0.04795219004154205 0.009532231837511063
v 0.06703142076730728 0.05387488380074501 0.003947418183088303
v 0.06698634475469589 0.05487951263785362 0.008810126222670078
v 0.07187043875455856 0.04795219004154205 0.009532231837511063
v 0.06698634475469589 0.05487951263785362 0.008810126222670078
v 0.07148806750774384 0.04969266057014465 0.014324923977255821
v 0.07148806750774384 0.04969266057014465 0.014324923977255821
v 0.06698634475469589 0.05487951263785362 0.008810126222670078
v 0.06667118519544601 0.05668749287724495 0.013100557029247284
v 0.07148806750774384 0.04969266057014465 0.014324923977255821
v 0.06667118519544601 0.05668749287724495 0.013100557029247284
v 0.07082477957010269 0.05243438482284546 0.018408261239528656
v 0.07082477957010269 0.05243438482284546 0.018408261239528656
v 0.06667118519544601 0.05668749287724495 0.013100557029247284
v 0.06608960032463074 0.05944794416427612 0.0166083462536335
v 0.07082477957010269 0.05243438482284546 0.018408261239528656
v 0.06608960032463074 0.05944794416427612 0.0166083462536335
v 0.06989780813455582 0.05600884184241295 0.021685117855668068
v 0.06989780813455582 0.05600884184241295 0.021685117855668068
v 0.06608960032463074 0.05944794416427612 0.0166083462536335
v 0.0652591660618782 0.06295847147703171 0.019280415028333664
v 0.06989780813455582 0.05600884184241295 0.021685117855668068
v 0.0652591660618782 0.06295847147703171 0.019280415028333664
v 0.0687447264790535 0.060317512601614 0.02408623695373535
v 0.0687447264790535 0.060317512601614 0.02408623695373535
v 0.0652591660618782 0.06295847147703171 0.019280415028333664
v 0.06421573460102081 0.06711988896131516 0.021087488159537315
v 0.0687447264790535 0.060317512601614 0.02408623695373535
v 0.06421573460102081 0.06711988896131516 0.021087488159537315
v 0.06742393225431442 0.06522221118211746 0.025533095002174377
v 0.06742393225431442 0.06522221118211746 0.025533095002174377
v 0.06421573460102081 0.06711988896131516 0.021087488159537315
v 0.06301407516002655 0.07180657982826233 0.021979156881570816
v 0.06742393225431442 0.06522221118211746 0.025533095002174377
v 0.06301407516002655 0.07180657982826233 0.021979156881570816
v 0.06600916385650635 0.07051896303892136 0.02600259892642498
v 0.06600916385650635 0.07051896303892136 0.02600259892642498
v 0.06301407516002655 0.07180657982826233 0.021979156881570816
v 0.06172270327806473 0.07683299481868744 0.021950379014015198
v 0.06600916385650635 0.07051896303892136 0.02600259892642498
v 0.06172270327806473 0.07683299481868744 0.021950379014015198
v 0.06458171457052231 0.07597482949495316 0.0255725160241127
v 0.06458171457052231 0.07597482949495316 0.0255725160241127
v 0.06172270327806473 0.07683299481868744 0.021950379014015198
v 0.06041689217090607 0.08198586106300354 0.021086832508444786
v 0.06458171457052231 0.07597482949495316 0.0255725160241127
v 0.06041689217090607 0.08198586106300354 0.021086832508444786
v 0.06321931630373001 0.08140749484300613 0.024423299357295036
v 0.06321931630373001 0.08140749484300613 0.024423299357295036
v 0.06041689217090607 0.08198586106300354 0.021086832508444786
v 0.059168752282857895 0.08709883689880371 0.019567295908927917
v 0.06321931630373001 0.08140749484300613 0.024423299357295036
v 0.059168752282857895 0.08709883689880371 0.019567295908927917
v 0.060880232602357864 0.09203913807868958 0.020753663033246994
v 0.060880232602357864 0.09203913807868958 0.020753663033246994
v 0.059168752282857895 0.08709883689880371 0.019567295908927917
v 0.057023100554943085 0.09707189351320267 0.015316375531256199
v 0.060880232602357864 0.09203913807868958 0.020753663033246994
v 0.057023100554943085 0.09707189351320267 0.015316375531256199
v 0.05910389870405197 0.10261978209018707 0.015881959348917007
v 0.05910389870405197 0.10261978209018707 0.015881959348917007
v 0.057023100554943085 0.09707189351320267 0.015316375531256199
v 0.0553903803229332 0.10698741674423218 0.01003403589129448
v 0.05910389870405197 0.10261978209018707 0.015881959348917007
v 0.0553903803229332 0.10698741674423218 0.01003403589129448
v 0.057824645191431046 0.1132795438170433 0.009999007917940617
v 0.057824645191431046 0.1132795438170433 0.009999007917940617
v 0.0553903803229332 0.10698741674423218 0.01003403589129448
v 0.05420927703380585 0.11699787527322769 0.0038773813284933567
v 0.057824645191431046 0.1132795438170433 0.009999007917940617
v 0.05420927703380585 0.11699787527322769 0.0038773813284933567
v 0.05342043563723564 0.12708623707294464 -0.003021459560841322
v 0.05342043563723564 0.12708623707294464 -0.003021459560841322
v 0.05420927703380585 0.11699787527322769 0.0038773813284933567
v 0.04924197122454643 0.13005787134170532 -0.009011277928948402
v 0.05342043563723564 0.12708623707294464 -0.003021459560841322
v 0.04924197122454643 0.13005787134170532 -0.009011277928948402
v 0.04881562292575836 0.1397017240524292 -0.01651523821055889
v 0.04881562292575836 0.1397017240524292 -0.01651523821055889
v 0.04924197122454643 0.13005787134170532 -0.009011277928948402
v 0.04511311277747154 0.12391865998506546 -0.00744627695530653
v 0.04881562292575836 0.1397017240524292 -0.01651523821055889
v 0.04511311277747154 0.12391865998506546 -0.00744627695530653
v 0.044066496193408966 0.14200860261917114 -0.022198563441634178
v 0.044066496193408966 0.14200860261917114 -0.022198563441634178
v 0.04511311277747154 0.12391865998506546 -0.00744627695530653
v 0.03876733034849167 0.14417792856693268 -0.027435965836048126
v 0.044066496193408966 0.14200860261917114 -0.022198563441634178
v 0.03876733034849167 0.14417792856693268 -0.027435965836048126
v 0.04388260096311569 0.15144526958465576 -0.029861219227313995
v 0.04388260096311569 0.15144526958465576 -0.029861219227313995
v 0.03876733034849167 0.14417792856693268 -0.027435965836048126
v 0.03859763592481613 0.15317659080028534 -0.03504392132163048
v 0.04388260096311569 0.15144526958465576 -0.029861219227313995
v 0.03859763592481613 0.15317659080028534 -0.03504392132163048
v 0.0438397116959095 0.1613875776529312 -0.03723553940653801
v 0.0438397116959095 0.1613875776529312 -0.03723553940653801
v 0.03859763592481613 0.15317659080028534 -0.03504392132163048
v 0.038543667644262314 0.1627318263053894 -0.042285580188035965
v 0.0438397116959095 0.1613875776529312 -0.03723553940653801
v 0.038543667644262314 0.1627318263053894 -0.042285580188035965
v 0.04386681690812111 0.17197400331497192 -0.0436725839972496
v 0.04386681690812111 0.17197400331497192 -0.0436725839972496
v 0.038543667644262314 0.1627318263053894 -0.042285580188035965
v 0.03854093328118324 0.17298172414302826 -0.04850459098815918
v 0.04386681690812111 0.17197400331497192 -0.0436725839972496
v 0.03854093328118324 0.17298172414302826 -0.04850459098815918
v 0.04392438381910324 0.18298651278018951 -0.04842670261859894
v 0.04392438381910324 0.18298651278018951 -0.04842670261859894
v 0.03854093328118324 0.17298172414302826 -0.04850459098815918
v 0.03856115788221359 0.18368259072303772 -0.05295884981751442
v 0.04392438381910324 0.18298651278018951 -0.04842670261859894
v 0.03856115788221359 0.18368259072303772 -0.05295884981751442
v 0.04397052153944969 0.1940147578716278 -0.05126339942216873
v 0.04397052153944969 0.1940147578716278 -0.05126339942216873
v 0.03856115788221359 0.18368259072303772 -0.05295884981751442
v 0.03858162462711334 0.1943787783384323 -0.05547955632209778
v 0.04397052153944969 0.1940147578716278 -0.05126339942216873
v 0.03858162462711334 0.1943787783384323 -0.05547955632209778
v 0.04107527807354927 0.20449954271316528 -0.05451824516057968
v 0.04107527807354927 0.20449954271316528 -0.05451824516057968
v 0.03858162462711334 0.1943787783384323 -0.05547955632209778
v 0.03837966546416283 0.20449966192245483 -0.05631484463810921
v 0.08196685463190079 0.02573433518409729 1.1611066952355031e-07
v 0.08239580690860748 0.024084169417619705 1.4167592610192514e-07
v 0.024481885135173798 0.0068415747955441475 9.272500113839368e-17
v -0.008250752463936806 0.08505719900131226 -4.872809995504213e-07
v -0.008008567616343498 0.08506954461336136 -4.7369610456371447e-07
v -0.0041574942879378796 0.02457432821393013 3.0811422335138663e-17
v 0.041077930480241776 0.0752008855342865 -4.4940173893337487e-07
v 0.04723333567380905 0.07155993580818176 -6.83911025589623e-07
v 0.01359704788774252 0.021255427971482277 4.239929627472052e-17
v 0.01359704788774252 0.021255427971482277 4.239929627472052e-17
v 0.04723333567380905 0.07155993580818176 -6.83911025589623e-07
v 0.04830008000135422 0.07079058140516281 -6.375975658556854e-07
v 0.02630402334034443 0.08149375021457672 -2.534446821300662e-07
v 0.03343748673796654 0.0788545235991478 -1.9889867530764604e-08
v 0.01359704788774252 0.021255427971482277 4.239929627472052e-17
v 0.0792345330119133 -0.033568087965250015 2.3381457771338304e-16
v 0.0758194550871849 -0.04077448323369026 2.58975559062674e-16
v 0.02281532622873783 -0.011143459007143974 1.55519404871287e-16
v 0.07099717855453491 0.04828530177474022 1.2096307955289376e-07
v 0.07184812426567078 0.04690346121788025 3.565348549727787e-08
v 0.020386673510074615 0.015065865591168404 6.401004159599106e-17
v 0.020386673510074615 0.015065865591168404 6.401004159599106e-17
v 0.07184812426567078 0.04690346121788025 3.565348549727787e-08
v 0.07529424130916595 0.04130733385682106 -3.0983005672169384e-07
v 0.07529424130916595 0.04130733385682106 -3.0983005672169384e-07
v 0.07610765099525452 0.039648495614528656 -2.4296608103213657e-07
v 0.020386673510074615 0.015065865591168404 6.401004159599106e-17
v 0.020386673510074615 0.015065865591168404 6.401004159599106e-17
v 0.07610765099525452 0.039648495614528656 -2.4296608103213657e-07
v 0.07891995459794998 0.03391321375966072 -1.1789735410161484e-08
v 0.020386673510074615 0.015065865591168404 6.401004159599106e-17
v 0.07891995459794998 0.03391321375966072 -1.1789735410161484e-08
v 0.024481885135173798 0.0068415747955441475 9.272500113839368e-17
v 0.024481885135173798 0.0068415747955441475 9.272500113839368e-17
v 0.07891995459794998 0.03391321375966072 -1.1789735410161484e-08
v 0.07962692528963089 0.032015472650527954 1.7886966574565122e-08
v 0.024481885135173798 0.0068415747955441475 9.272500113839368e-17
v 0.07962692528963089 0.032015472650527954 1.7886966574565122e-08
v 0.08196685463190079 0.02573433518409729 1.1611066952355031e-07
v -0.024590520188212395 0.08172549307346344 -3.08520725411654e-07
v -0.0041574942879378796 0.02457432821393013 3.0811422335138663e-17
v -0.03159404546022415 0.07927557826042175 -4.1312793186421e-09
v -0.03159404546022415 0.07927557826042175 -4.1312793186421e-09
v -0.0041574942879378796 0.02457432821393013 3.0811422335138663e-17
v -0.03255244344472885 0.07883129268884659 -5.356555021762688e-08
v -0.024590520188212395 0.08172549307346344 -3.08520725411654e-07
v -0.02395840734243393 0.08194661140441895 -3.3599386028981826e-07
v -0.0041574942879378796 0.02457432821393013 3.0811422335138663e-17
v -0.0041574942879378796 0.02457432821393013 3.0811422335138663e-17
v -0.02395840734243393 0.08194661140441895 -3.3599386028981826e-07
v -0.01617051474750042 0.08387209475040436 -6.563316787833173e-07
v -0.0041574942879378796 0.02457432821393013 3.0811422335138663e-17
v -0.01617051474750042 0.08387209475040436 -6.563316787833173e-07
v -0.008250752463936806 0.08505719900131226 -4.872809995504213e-07
v 0.0635199025273323 -0.05832469090819359 3.2025180182140183e-16
v 0.06019790470600128 -0.06198009103536606 3.330145766332744e-16
v 0.017278634011745453 -0.01847522333264351 1.8111813020074105e-16
v -0.008008567616343498 0.08506954461336136 -4.7369610456371447e-07
v 0.00043624371755868196 0.08550005406141281 7.592016614986138e-14
v -0.0041574942879378796 0.02457432821393013 3.0811422335138663e-17
v -0.0041574942879378796 0.02457432821393013 3.0811422335138663e-17
v 0.00043624371755868196 0.08550005406141281 7.592016614986138e-14
v 0.0026195021346211433 0.08547206223011017 -5.8868923957788866e-08
v -0.0041574942879378796 0.02457432821393013 3.0811422335138663e-17
v 0.0026195021346211433 0.08547206223011017 -5.8868923957788866e-08
v 0.0050299814902246 0.02457432821393013 3.0811422335138663e-17
v 0.0050299814902246 0.02457432821393013 3.0811422335138663e-17
v 0.0026195021346211433 0.08547206223011017 -5.8868923957788866e-08
v 0.008877553977072239 0.08502411097288132 -4.588457613863284e-07
v 0.0050299814902246 0.02457432821393013 3.0811422335138663e-17
v 0.008877553977072239 0.08502411097288132 -4.588457613863284e-07
v 0.010444145649671555 0.08491197228431702 -5.58972885755793e-07
v -0.03255244344472885 0.07883129268884659 -5.356555021762688e-08
v -0.0041574942879378796 0.02457432821393013 3.0811422335138663e-17
v -0.039373379200696945 0.07566925138235092 -4.053903808198811e-07
v -0.039373379200696945 0.07566925138235092 -4.053903808198811e-07
v -0.0041574942879378796 0.02457432821393013 3.0811422335138663e-17
v -0.012724560685455799 0.021255427971482277 4.239929627472052e-17
v -0.039373379200696945 0.07566925138235092 -4.053903808198811e-07
v -0.012724560685455799 0.021255427971482277 4.239929627472052e-17
v -0.040196742862463 0.07518593221902847 -4.388741388083872e-07
v -0.019514186307787895 0.015065865591168404 6.401004159599106e-17
v -0.06598950177431107 0.053687773644924164 2.1664550331479404e-07
v -0.06403983384370804 0.05615490302443504 1.8780258415063145e-07
v -0.08439742773771286 -0.010172268375754356 1.0661255345212339e-07
v -0.0846238061785698 -0.008685765787959099 8.734296841339528e-08
v -0.024457110092043877 -0.0023067090660333633 1.246660577139817e-16
v 0.04830008000135422 0.07079058140516281 -6.375975658556854e-07
v 0.053560905158519745 0.06699638813734055 -4.091951382179104e-07
v 0.01359704788774252 0.021255427971482277 4.239929627472052e-17
v 0.01359704788774252 0.021255427971482277 4.239929627472052e-17
v 0.053560905158519745 0.06699638813734055 -4.091951382179104e-07
v 0.0550459548830986 0.06569936126470566 -3.1463829941458243e-07
v 0.01359704788774252 0.021255427971482277 4.239929627472052e-17
v 0.0550459548830986 0.06569936126470566 -3.1463829941458243e-07
v 0.05967240780591965 0.06165866553783417 -2.0060499039686874e-08
v 0.05967240780591965 0.06165866553783417 -2.0060499039686874e-08
v 0.06124993413686752 0.05997786670923233 4.8607752489715494e-08
v 0.01359704788774252 0.021255427971482277 4.239929627472052e-17
v 0.01359704788774252 0.021255427971482277 4.239929627472052e-17
v 0.06124993413686752 0.05997786670923233 4.8607752489715494e-08
v 0.06570591032505035 0.055230166763067245 2.425727529953292e-07
v 0.01359704788774252 0.021255427971482277 4.239929627472052e-17
v 0.06570591032505035 0.055230166763067245 2.425727529953292e-07
v 0.020386673510074615 0.015065865591168404 6.401004159599106e-17
v 0.020386673510074615 0.015065865591168404 6.401004159599106e-17
v 0.06570591032505035 0.055230166763067245 2.425727529953292e-07
v 0.06687306612730026 0.053698260337114334 2.1574794573098188e-07
v 0.020386673510074615 0.015065865591168404 6.401004159599106e-17
v 0.06687306612730026 0.053698260337114334 2.1574794573098188e-07
v 0.07099717855453491 0.04828530177474022 1.2096307955289376e-07
v 0.010444145649671555 0.08491197228431702 -5.58972885755793e-07
v 0.01724965311586857 0.08378852158784866 -6.228521556295163e-07
v 0.0050299814902246 0.02457432821393013 3.0811422335138663e-17
v 0.0050299814902246 0.02457432821393013 3.0811422335138663e-17
v 0.01724965311586857 0.08378852158784866 -6.228521556295163e-07
v 0.018264954909682274 0.08362092077732086 -6.323822390186251e-07
v 0.0050299814902246 0.02457432821393013 3.0811422335138663e-17
v 0.018264954909682274 0.08362092077732086 -6.323822390186251e-07
v 0.01359704788774252 0.021255427971482277 4.239929627472052e-17
v 0.01359704788774252 0.021255427971482277 4.239929627472052e-17
v 0.018264954909682274 0.08362092077732086 -6.323822390186251e-07
v 0.025462910532951355 0.08171630650758743 -2.930921425559063e-07
v 0.01359704788774252 0.021255427971482277 4.239929627472052e-17
v 0.025462910532951355 0.08171630650758743 -2.930921425559063e-07
v 0.02630402334034443 0.08149375021457672 -2.534446821300662e-07
v 0.03343748673796654 0.0788545235991478 -1.9889867530764604e-08
v 0.03386368975043297 0.0786968395113945 -5.935728353279046e-09
v 0.01359704788774252 0.021255427971482277 4.239929627472052e-17
v 0.01359704788774252 0.021255427971482277 4.239929627472052e-17
v 0.03386368975043297 0.0786968395113945 -5.935728353279046e-09
v 0.040628112852573395 0.07546695321798325 -4.322645281717996e-07
v 0.01359704788774252 0.021255427971482277 4.239929627472052e-17
v 0.040628112852573395 0.07546695321798325 -4.322645281717996e-07
v 0.041077930480241776 0.0752008855342865 -4.4940173893337487e-07
v -0.052723467350006104 0.06696857511997223 -4.0613880969431193e-07
v -0.0474243201315403 0.0707859992980957 -6.341168159451627e-07
v -0.012724560685455799 0.021255427971482277 4.239929627472052e-17
v -0.012724560685455799 0.021255427971482277 4.239929627472052e-17
v -0.0474243201315403 0.0707859992980957 -6.341168159451627e-07
v -0.04624517261981964 0.07163543999195099 -6.848457587693701e-07
v -0.012724560685455799 0.021255427971482277 4.239929627472052e-17
v -0.04624517261981964 0.07163543999195099 -6.848457587693701e-07
v -0.040196742862463 0.07518593221902847 -4.388741388083872e-07
v -0.07360928505659103 0.0427473746240139 -3.3031017210305436e-07
v -0.07094565778970718 0.046882640570402145 1.8843062221662876e-08
v -0.019514186307787895 0.015065865591168404 6.401004159599106e-17
v -0.019514186307787895 0.015065865591168404 6.401004159599106e-17
v -0.07094565778970718 0.046882640570402145 1.8843062221662876e-08
v -0.06908706575632095 0.04976808652281761 2.624701664899476e-07
v -0.019514186307787895 0.015065865591168404 6.401004159599106e-17
v -0.06908706575632095 0.04976808652281761 2.624701664899476e-07
v -0.06598950177431107 0.053687773644924164 2.1664550331479404e-07
v -0.08440102636814117 0.010573179461061954 1.858668525756002e-07
v -0.0834718570113182 0.015914874151349068 2.213102163750591e-07
v -0.023609397932887077 0.0068415747955441475 9.272500113839368e-17
v -0.08439742773771286 -0.010172268375754356 1.0661255345212339e-07
v -0.024457110092043877 -0.0023067090660333633 1.246660577139817e-16
v -0.0832618698477745 -0.017628716304898262 2.0327074423676095e-07
v -0.0030543652828782797 -0.0854325070977211 4.148982310261929e-16
v -0.011840041726827621 -0.0846661925315857 4.1222266570405336e-16
v 0.00043624371755868196 -0.02500000037252903 2.0389926660560267e-16
v -0.011840041726827621 -0.0846661925315857 4.1222266570405336e-16
v -0.01186708826571703 -0.08466120809316635 4.1220524858907545e-16
v 0.00043624371755868196 -0.02500000037252903 2.0389926660560267e-16
v 0.00043624371755868196 -0.02500000037252903 2.0389926660560267e-16
v -0.01186708826571703 -0.08466120809316635 4.1220524858907545e-16
v -0.020507551729679108 -0.08306825160980225 4.066434979085057e-16
v 0.00043624371755868196 -0.02500000037252903 2.0389926660560267e-16
v -0.020507551729679108 -0.08306825160980225 4.066434979085057e-16
v -0.008594797924160957 -0.023311804980039597 1.98004962849007e-16
v 0.009467285126447678 -0.023311804980039597 1.98004962849007e-16
v 0.03150257468223572 -0.0800633430480957 3.961518831260179e-16
v 0.024800840765237808 -0.08212359994649887 4.0334525749101586e-16
v 0.009467285126447678 -0.023311804980039597 1.98004962849007e-16
v 0.012733560055494308 -0.08460215479135513 4.1199907547575783e-16
v 0.005719294305890799 -0.08534717559814453 4.146003136567758e-16
v 0.08239580690860748 0.024084169417619705 1.4167592610192514e-07
v 0.08417322486639023 0.017246564850211143 2.47607772507763e-07
v 0.024481885135173798 0.0068415747955441475 9.272500113839368e-17
v 0.024481885135173798 0.0068415747955441475 9.272500113839368e-17
v 0.08417322486639023 0.017246564850211143 2.47607772507763e-07
v 0.08437564224004745 0.015921544283628464 2.3182712993730092e-07
v 0.024481885135173798 0.0068415747955441475 9.272500113839368e-17
v 0.08437564224004745 0.015921544283628464 2.3182712993730092e-07
v 0.08549954742193222 0.008564528077840805 1.442070498569592e-07
v -0.06403983384370804 0.05615490302443504 1.8780258415063145e-07
v -0.06038840487599373 0.059987396001815796 4.3408551420043295e-08
v -0.019514186307787895 0.015065865591168404 6.401004159599106e-17
v -0.019514186307787895 0.015065865591168404 6.401004159599106e-17
v -0.06038840487599373 0.059987396001815796 4.3408551420043295e-08
v -0.05875504016876221 0.061701755970716476 -2.118216002600093e-08
v -0.019514186307787895 0.015065865591168404 6.401004159599106e-17
v -0.05875504016876221 0.061701755970716476 -2.118216002600093e-08
v -0.012724560685455799 0.021255427971482277 4.239929627472052e-17
v -0.012724560685455799 0.021255427971482277 4.239929627472052e-17
v -0.05875504016876221 0.061701755970716476 -2.118216002600093e-08
v -0.0541749931871891 0.06570108979940414 -3.1349719620266114e-07
v -0.012724560685455799 0.021255427971482277 4.239929627472052e-17
v -0.0541749931871891 0.06570108979940414 -3.1349719620266114e-07
v -0.052723467350006104 0.06696857511997223 -4.0613880969431193e-07
v -0.08076950162649155 0.026742443442344666 9.217158236651812e-08
v -0.07873110473155975 0.03200532868504524 8.20862400274791e-09
v -0.023609397932887077 0.0068415747955441475 9.272500113839368e-17
v -0.023609397932887077 0.0068415747955441475 9.272500113839368e-17
v -0.07873110473155975 0.03200532868504524 8.20862400274791e-09
v -0.07758507132530212 0.03496425971388817 -3.899747369473516e-08
v -0.023609397932887077 0.0068415747955441475 9.272500113839368e-17
v -0.07758507132530212 0.03496425971388817 -3.899747369473516e-08
v -0.019514186307787895 0.015065865591168404 6.401004159599106e-17
v -0.019514186307787895 0.015065865591168404 6.401004159599106e-17
v -0.07758507132530212 0.03496425971388817 -3.899747369473516e-08
v -0.07520166039466858 0.03963010385632515 -2.1363443636346346e-07
v -0.019514186307787895 0.015065865591168404 6.401004159599106e-17
v -0.07520166039466858 0.03963010385632515 -2.1363443636346346e-07
v -0.07360928505659103 0.0427473746240139 -3.3031017210305436e-07
v -0.0846238061785698 -0.008685765787959099 8.734296841339528e-08
v -0.08505656570196152 1.1034963790734764e-05 -8.737372492184647e-10
v -0.024457110092043877 -0.0023067090660333633 1.246660577139817e-16
v -0.024457110092043877 -0.0023067090660333633 1.246660577139817e-16
v -0.08505656570196152 1.1034963790734764e-05 -8.737372492184647e-10
v -0.08502469211816788 0.0023470569867640734 1.7279750963439255e-08
v -0.024457110092043877 -0.0023067090660333633 1.246660577139817e-16
v -0.08502469211816788 0.0023470569867640734 1.7279750963439255e-08
v -0.023609397932887077 0.0068415747955441475 9.272500113839368e-17
v -0.023609397932887077 0.0068415747955441475 9.272500113839368e-17
v -0.08502469211816788 0.0023470569867640734 1.7279750963439255e-08
v -0.08462654054164886 0.007598640397191048 1.24906307519268e-07
v -0.023609397932887077 0.0068415747955441475 9.272500113839368e-17
v -0.08462654054164886 0.007598640397191048 1.24906307519268e-07
v -0.08440102636814117 0.010573179461061954 1.858668525756002e-07
v -0.0834718570113182 0.015914874151349068 2.213102163750591e-07
v -0.08298413455486298 0.018718726933002472 2.399144420905941e-07
v -0.023609397932887077 0.0068415747955441475 9.272500113839368e-17
v -0.023609397932887077 0.0068415747955441475 9.272500113839368e-17
v -0.08298413455486298 0.018718726933002472 2.399144420905941e-07
v -0.08150491863489151 0.024077992886304855 1.4123283165190514e-07
v -0.023609397932887077 0.0068415747955441475 9.272500113839368e-17
v -0.08150491863489151 0.024077992886304855 1.4123283165190514e-07
v -0.08076950162649155 0.026742443442344666 9.217158236651812e-08
v 0.009467285126447678 -0.023311804980039597 1.98004962849007e-16
v 0.005719294305890799 -0.08534717559814453 4.146003136567758e-16
v 0.00043624371755868196 -0.02500000037252903 2.0389926660560267e-16
v 0.00043624371755868196 -0.02500000037252903 2.0389926660560267e-16
v 0.005719294305890799 -0.08534717559814453 4.146003136567758e-16
v 0.0004351244424469769 -0.08539856970310211 4.147797522926957e-16
v 0.00043624371755868196 -0.02500000037252903 2.0389926660560267e-16
v 0.0004351244424469769 -0.08539856970310211 4.147797522926957e-16
v -0.0030543652828782797 -0.0854325070977211 4.148982310261929e-16
v 0.0635199025273323 -0.05832469090819359 3.2025180182140183e-16
v 0.017278634011745453 -0.01847522333264351 1.8111813020074105e-16
v 0.06598002463579178 -0.05561766028404236 3.108002376190239e-16
v 0.06598002463579178 -0.05561766028404236 3.108002376190239e-16
v 0.017278634011745453 -0.01847522333264351 1.8111813020074105e-16
v 0.02281532622873783 -0.011143459007143974 1.55519404871287e-16
v 0.06598002463579178 -0.05561766028404236 3.108002376190239e-16
v 0.02281532622873783 -0.011143459007143974 1.55519404871287e-16
v 0.07020919024944305 -0.04992678761482239 2.9093067109123055e-16
v 0.08549954742193222 0.008564528077840805 1.442070498569592e-07
v 0.0855477973818779 0.007603432983160019 1.2785322667241417e-07
v 0.024481885135173798 0.0068415747955441475 9.272500113839368e-17
v 0.024481885135173798 0.0068415747955441475 9.272500113839368e-17
v 0.0855477973818779 0.007603432983160019 1.2785322667241417e-07
v 0.0859290286898613 1.0574132829788141e-05 -1.345481392966974e-09
v 0.024481885135173798 0.0068415747955441475 9.272500113839368e-17
v 0.0859290286898613 1.0574132829788141e-05 -1.345481392966974e-09
v 0.025329597294330597 -0.0023067090660333633 1.246660577139817e-16
v 0.025329597294330597 -0.0023067090660333633 1.246660577139817e-16
v 0.0859290286898613 1.0574132829788141e-05 -1.345481392966974e-09
v 0.08550729602575302 -0.008599008433520794 1.466355115622471e-16
v 0.025329597294330597 -0.0023067090660333633 1.246660577139817e-16
v 0.08550729602575302 -0.008599008433520794 1.466355115622471e-16
v 0.0852731317281723 -0.010172823444008827 1.5213045251910215e-16
v 0.025329597294330597 -0.0023067090660333633 1.246660577139817e-16
v 0.0821412205696106 -0.025466427206993103 2.0552778009092767e-16
v 0.02281532622873783 -0.011143459007143974 1.55519404871287e-16
v 0.02281532622873783 -0.011143459007143974 1.55519404871287e-16
v 0.0821412205696106 -0.025466427206993103 2.0552778009092767e-16
v 0.08016917109489441 -0.03096301108598709 2.2471900557686835e-16
v 0.02281532622873783 -0.011143459007143974 1.55519404871287e-16
v 0.08016917109489441 -0.03096301108598709 2.2471900557686835e-16
v 0.0792345330119133 -0.033568087965250015 2.3381457771338304e-16
v 0.024800840765237808 -0.08212359994649887 4.0334525749101586e-16
v 0.023094940930604935 -0.08264803141355515 4.0517630449496325e-16
v 0.009467285126447678 -0.023311804980039597 1.98004962849007e-16
v 0.009467285126447678 -0.023311804980039597 1.98004962849007e-16
v 0.023094940930604935 -0.08264803141355515 4.0517630449496325e-16
v 0.014424550347030163 -0.08442254364490509 4.1137197992721403e-16
v 0.009467285126447678 -0.023311804980039597 1.98004962849007e-16
v 0.014424550347030163 -0.08442254364490509 4.1137197992721403e-16
v 0.012733560055494308 -0.08460215479135513 4.1199907547575783e-16
v 0.0758194550871849 -0.04077448323369026 2.58975559062674e-16
v 0.07557298243045807 -0.04129459336400032 2.6079151829224844e-16
v 0.02281532622873783 -0.011143459007143974 1.55519404871287e-16
v 0.02281532622873783 -0.011143459007143974 1.55519404871287e-16
v 0.07557298243045807 -0.04129459336400032 2.6079151829224844e-16
v 0.07112869620323181 -0.04868948087096214 2.86610644241556e-16
v 0.02281532622873783 -0.011143459007143974 1.55519404871287e-16
v 0.07112869620323181 -0.04868948087096214 2.86610644241556e-16
v 0.07020919024944305 -0.04992678761482239 2.9093067109123055e-16
v 0.0852731317281723 -0.010172823444008827 1.5213045251910215e-16
v 0.08424261212348938 -0.01709902100265026 1.7631315051898382e-16
v 0.025329597294330597 -0.0023067090660333633 1.246660577139817e-16
v 0.025329597294330597 -0.0023067090660333633 1.246660577139817e-16
v 0.08424261212348938 -0.01709902100265026 1.7631315051898382e-16
v 0.08333432674407959 -0.020715653896331787 1.8894054564308352e-16
v 0.025329597294330597 -0.0023067090660333633 1.246660577139817e-16
v 0.08333432674407959 -0.020715653896331787 1.8894054564308352e-16
v 0.0821412205696106 -0.025466427206993103 2.0552778009092767e-16
v -0.07016141712665558 -0.04883715882897377 1.6812479941563652e-07
v -0.07409016788005829 -0.042415227741003036 8.152280628337394e-09
v -0.02194283902645111 -0.011143459007143974 1.55519404871287e-16
v -0.02194283902645111 -0.011143459007143974 1.55519404871287e-16
v -0.07409016788005829 -0.042415227741003036 8.152280628337394e-09
v -0.07490716874599457 -0.04075455665588379 2.090857265102386e-08
v -0.02194283902645111 -0.011143459007143974 1.55519404871287e-16
v -0.07490716874599457 -0.04075455665588379 2.090857265102386e-08
v -0.07785782217979431 -0.03475695475935936 6.697862175997216e-08
v 0.06019790470600128 -0.06198009103536606 3.330145766332744e-16
v 0.055888183414936066 -0.06587473303079605 3.4661263181025813e-16
v 0.017278634011745453 -0.01847522333264351 1.8111813020074105e-16
v 0.017278634011745453 -0.01847522333264351 1.8111813020074105e-16
v 0.055888183414936066 -0.06587473303079605 3.4661263181025813e-16
v 0.05383799970149994 -0.0677274540066719 3.5308136948888e-16
v 0.017278634011745453 -0.01847522333264351 1.8111813020074105e-16
v 0.05383799970149994 -0.0677274540066719 3.5308136948888e-16
v 0.009467285126447678 -0.023311804980039597 1.98004962849007e-16
v 0.009467285126447678 -0.023311804980039597 1.98004962849007e-16
v 0.05383799970149994 -0.0677274540066719 3.5308136948888e-16
v 0.04750834032893181 -0.07244358211755753 3.770454001100765e-12
v 0.009467285126447678 -0.023311804980039597 1.98004962849007e-16
v 0.04750834032893181 -0.07244358211755753 3.770454001100765e-12
v 0.04736620560288429 -0.07253415882587433 3.798189332628954e-15
v 0.04736620560288429 -0.07253415882587433 3.798189332628954e-15
v 0.039599575102329254 -0.07669076323509216 3.8437658991196625e-16
v 0.009467285126447678 -0.023311804980039597 1.98004962849007e-16
v 0.009467285126447678 -0.023311804980039597 1.98004962849007e-16
v 0.039599575102329254 -0.07669076323509216 3.8437658991196625e-16
v 0.03641900792717934 -0.07801553606987 3.8900202507868517e-16
v 0.009467285126447678 -0.023311804980039597 1.98004962849007e-16
v 0.03641900792717934 -0.07801553606987 3.8900202507868517e-16
v 0.03150257468223572 -0.0800633430480957 3.961518831260179e-16
v -0.07785782217979431 -0.03475695475935936 6.697862175997216e-08
v -0.07927665114402771 -0.030954396352171898 1.2459484821647493e-07
v -0.02194283902645111 -0.011143459007143974 1.55519404871287e-16
v -0.02194283902645111 -0.011143459007143974 1.55519404871287e-16
v -0.07927665114402771 -0.030954396352171898 1.2459484821647493e-07
v -0.08099475502967834 -0.026349741965532303 1.9436440368281183e-07
v -0.02194283902645111 -0.011143459007143974 1.55519404871287e-16
v -0.08099475502967834 -0.026349741965532303 1.9436440368281183e-07
v -0.024457110092043877 -0.0023067090660333633 1.246660577139817e-16
v -0.024457110092043877 -0.0023067090660333633 1.246660577139817e-16
v -0.08099475502967834 -0.026349741965532303 1.9436440368281183e-07
v -0.08245973289012909 -0.020714348182082176 2.0011954404708376e-07
v -0.024457110092043877 -0.0023067090660333633 1.246660577139817e-16
v -0.08245973289012909 -0.020714348182082176 2.0011954404708376e-07
v -0.0832618698477745 -0.017628716304898262 2.0327074423676095e-07
v -0.05924671143293381 -0.06205672025680542 2.780710701699718e-07
v -0.06263861060142517 -0.058316901326179504 2.996492014517571e-07
v -0.016406146809458733 -0.01847522333264351 1.8111813020074105e-16
v -0.016406146809458733 -0.01847522333264351 1.8111813020074105e-16
v -0.06263861060142517 -0.058316901326179504 2.996492014517571e-07
v -0.06531661003828049 -0.0553642101585865 3.1668579936194874e-07
v -0.016406146809458733 -0.01847522333264351 1.8111813020074105e-16
v -0.06531661003828049 -0.0553642101585865 3.1668579936194874e-07
v -0.02194283902645111 -0.011143459007143974 1.55519404871287e-16
v -0.02194283902645111 -0.011143459007143974 1.55519404871287e-16
v -0.06531661003828049 -0.0553642101585865 3.1668579936194874e-07
v -0.06934690475463867 -0.04993448778986931 1.931009023792285e-07
v -0.02194283902645111 -0.011143459007143974 1.55519404871287e-16
v -0.06934690475463867 -0.04993448778986931 1.931009023792285e-07
v -0.07016141712665558 -0.04883715882897377 1.6812479941563652e-07
v -0.03709261864423752 -0.0774465799331665 3.87015521059137e-16
v -0.04451802745461464 -0.07368370145559311 3.738775106516308e-16
v -0.016406146809458733 -0.01847522333264351 1.8111813020074105e-16
v -0.016406146809458733 -0.01847522333264351 1.8111813020074105e-16
v -0.04451802745461464 -0.07368370145559311 3.738775106516308e-16
v -0.046493757516145706 -0.07253413647413254 3.7478861634738896e-15
v -0.016406146809458733 -0.01847522333264351 1.8111813020074105e-16
v -0.046493757516145706 -0.07253413647413254 3.7478861634738896e-15
v -0.04663589224219322 -0.07244355231523514 3.8368986807202354e-12
v -0.020507551729679108 -0.08306825160980225 4.066434979085057e-16
v -0.023920565843582153 -0.08209113031625748 4.032318874249818e-16
v -0.008594797924160957 -0.023311804980039597 1.98004962849007e-16
v -0.008594797924160957 -0.023311804980039597 1.98004962849007e-16
v -0.023920565843582153 -0.08209113031625748 4.032318874249818e-16
v -0.028945503756403923 -0.08065252751111984 3.98209034987323e-16
v -0.008594797924160957 -0.023311804980039597 1.98004962849007e-16
v -0.028945503756403923 -0.08065252751111984 3.98209034987323e-16
v -0.016406146809458733 -0.01847522333264351 1.8111813020074105e-16
v -0.016406146809458733 -0.01847522333264351 1.8111813020074105e-16
v -0.028945503756403923 -0.08065252751111984 3.98209034987323e-16
v -0.03556177020072937 -0.07804898172616959 3.8911878327650825e-16
v -0.016406146809458733 -0.01847522333264351 1.8111813020074105e-16
v -0.03556177020072937 -0.07804898172616959 3.8911878327650825e-16
v -0.03709261864423752 -0.0774465799331665 3.87015521059137e-16
v -0.04663589224219322 -0.07244355231523514 3.8368986807202354e-12
v -0.052534740418195724 -0.06807489693164825 9.208952889139255e-08
v -0.016406146809458733 -0.01847522333264351 1.8111813020074105e-16
v -0.016406146809458733 -0.01847522333264351 1.8111813020074105e-16
v -0.052534740418195724 -0.06807489693164825 9.208952889139255e-08
v -0.05500384420156479 -0.06586101651191711 1.6050572071435454e-07
v -0.016406146809458733 -0.01847522333264351 1.8111813020074105e-16
v -0.05500384420156479 -0.06586101651191711 1.6050572071435454e-07
v -0.05924671143293381 -0.06205672025680542 2.780710701699718e-07
v 0.047444090247154236 -0.07188212871551514 0.028339318931102753
v 0.04726536571979523 -0.07200275361537933 0.028306996449828148
v 0.047474492341279984 -0.07217731326818466 0.01940053142607212
v 0.047474492341279984 -0.07217731326818466 0.01940053142607212
v 0.04726536571979523 -0.07200275361537933 0.028306996449828148
v 0.047326404601335526 -0.07242652773857117 0.014149393886327744
v 0.04736620560288429 -0.07253415882587433 3.798189332628954e-15
v 0.04750834032893181 -0.07244358211755753 3.770454001100765e-12
v 0.04733383655548096 -0.07247811555862427 0.012425768189132214
v 0.04733383655548096 -0.07247811555862427 0.012425768189132214
v 0.04750834032893181 -0.07244358211755753 3.770454001100765e-12
v 0.04749229550361633 -0.07235001027584076 0.014149697497487068
v 0.04733383655548096 -0.07247811555862427 0.012425768189132214
v 0.04749229550361633 -0.07235001027584076 0.014149697497487068
v 0.047326404601335526 -0.07242652773857117 0.014149393886327744
v 0.047326404601335526 -0.07242652773857117 0.014149393886327744
v 0.04749229550361633 -0.07235001027584076 0.014149697497487068
v 0.047492265701293945 -0.07234983146190643 0.014176135882735252
v 0.047326404601335526 -0.07242652773857117 0.014149393886327744
v 0.047492265701293945 -0.07234983146190643 0.014176135882735252
v 0.047474492341279984 -0.07217731326818466 0.01940053142607212
v -0.04255020618438721 0.1192842572927475 0.07956219464540482
v -0.04204048216342926 0.11983417719602585 0.07970954477787018
v -0.04235100746154785 0.13197501003742218 0.07380353659391403
v -0.04235100746154785 0.13197501003742218 0.07380353659391403
v -0.04204048216342926 0.11983417719602585 0.07970954477787018
v -0.04179774224758148 0.13979418575763702 0.07060052454471588
v -0.04235100746154785 0.13197501003742218 0.07380353659391403
v -0.04179774224758148 0.13979418575763702 0.07060052454471588
v -0.04223020374774933 0.13967113196849823 0.0703112855553627
v -0.04223020374774933 0.13967113196849823 0.0703112855553627
v -0.04179774224758148 0.13979418575763702 0.07060052454471588
v -0.04179697483778 0.13987210392951965 0.07056863605976105
v -0.04223020374774933 0.13967113196849823 0.0703112855553627
v -0.04179697483778 0.13987210392951965 0.07056863605976105
v -0.04216587543487549 0.1442006677389145 0.06848832219839096
v -0.04216587543487549 0.1442006677389145 0.06848832219839096
v -0.04179697483778 0.13987210392951965 0.07056863605976105
v -0.04175317659974098 0.14430701732635498 0.06875371187925339
v -0.04216587543487549 0.1442006677389145 0.06848832219839096
v -0.04175317659974098 0.14430701732635498 0.06875371187925339
v -0.04205973818898201 0.15167412161827087 0.0654805600643158
v -0.04205973818898201 0.15167412161827087 0.0654805600643158
v -0.04175317659974098 0.14430701732635498 0.06875371187925339
v -0.04166224226355553 0.15351472795009613 0.06498558819293976
v -0.04205973818898201 0.15167412161827087 0.0654805600643158
v -0.04166224226355553 0.15351472795009613 0.06498558819293976
v -0.04201197624206543 0.1550372987985611 0.06412701308727264
v -0.04201197624206543 0.1550372987985611 0.06412701308727264
v -0.04166224226355553 0.15351472795009613 0.06498558819293976
v -0.041634827852249146 0.15706609189510345 0.06375376880168915
v -0.04201197624206543 0.1550372987985611 0.06412701308727264
v -0.041634827852249146 0.15706609189510345 0.06375376880168915
v -0.04198714718222618 0.15697190165519714 0.06347893923521042
v -0.04198714718222618 0.15697190165519714 0.06347893923521042
v -0.041634827852249146 0.15706609189510345 0.06375376880168915
v -0.041605278849601746 0.16089420020580292 0.062425971031188965
v -0.04198714718222618 0.15697190165519714 0.06347893923521042
v -0.041605278849601746 0.16089420020580292 0.062425971031188965
v -0.04185605049133301 0.1671873778104782 0.06005688011646271
v -0.04182438924908638 0.17000000178813934 0.05924263596534729
v -0.0418250747025013 0.1699359118938446 0.059260617941617966
v -0.04154188185930252 0.17005576193332672 0.059451065957546234
v -0.04154188185930252 0.17005576193332672 0.059451065957546234
v -0.0418250747025013 0.1699359118938446 0.059260617941617966
v -0.04185605049133301 0.1671873778104782 0.06005688011646271
v -0.04154188185930252 0.17005576193332672 0.059451065957546234
v -0.04185605049133301 0.1671873778104782 0.06005688011646271
v -0.041566334664821625 0.16593916714191437 0.06067609041929245
v -0.041566334664821625 0.16593916714191437 0.06067609041929245
v -0.04185605049133301 0.1671873778104782 0.06005688011646271
v -0.041605278849601746 0.16089420020580292 0.062425971031188965
v -0.041644785553216934 0.19458170235157013 0.05461889132857323
v -0.04148956388235092 0.19376066327095032 0.05489625036716461
v -0.0414930023252964 0.19595666229724884 0.05470973253250122
v -0.041697729378938675 0.1846545934677124 0.05591118708252907
v -0.0414961501955986 0.18261517584323883 0.056499507278203964
v -0.04148992896080017 0.1872486025094986 0.05573777109384537
v -0.0414961501955986 0.18261517584323883 0.056499507278203964
v -0.041697729378938675 0.1846545934677124 0.05591118708252907
v -0.04149825498461723 0.18104834854602814 0.05675709247589111
v -0.04149825498461723 0.18104834854602814 0.05675709247589111
v -0.041697729378938675 0.1846545934677124 0.05591118708252907
v -0.04174758866429329 0.17857636511325836 0.05718700587749481
v -0.04149825498461723 0.18104834854602814 0.05675709247589111
v -0.04174758866429329 0.17857636511325836 0.05718700587749481
v -0.041507914662361145 0.178614541888237 0.05735354870557785
v -0.041507914662361145 0.178614541888237 0.05735354870557785
v -0.04174758866429329 0.17857636511325836 0.05718700587749481
v -0.0417795330286026 0.1746821105480194 0.058004409074783325
v -0.041507914662361145 0.178614541888237 0.05735354870557785
v -0.0417795330286026 0.1746821105480194 0.058004409074783325
v -0.04153556376695633 0.17164793610572815 0.05906086787581444
v -0.04153556376695633 0.17164793610572815 0.05906086787581444
v -0.0417795330286026 0.1746821105480194 0.058004409074783325
v -0.04182438924908638 0.17000000178813934 0.05924263596534729
v -0.04153556376695633 0.17164793610572815 0.05906086787581444
v -0.04182438924908638 0.17000000178813934 0.05924263596534729
v -0.04154188185930252 0.17005576193332672 0.059451065957546234
v -0.04148956388235092 0.19376066327095032 0.05489625036716461
v -0.041644785553216934 0.19458170235157013 0.05461889132857323
v -0.041485052555799484 0.19087812304496765 0.05514108017086983
v -0.041485052555799484 0.19087812304496765 0.05514108017086983
v -0.041644785553216934 0.19458170235157013 0.05461889132857323
v -0.04168403521180153 0.18722198903560638 0.05557696521282196
v -0.041485052555799484 0.19087812304496765 0.05514108017086983
v -0.04168403521180153 0.18722198903560638 0.05557696521282196
v -0.04148992896080017 0.1872486025094986 0.05573777109384537
v -0.04148992896080017 0.1872486025094986 0.05573777109384537
v -0.04168403521180153 0.18722198903560638 0.05557696521282196
v -0.04168418422341347 0.18719379603862762 0.055580638349056244
v -0.04148992896080017 0.1872486025094986 0.05573777109384537
v -0.04168418422341347 0.18719379603862762 0.055580638349056244
v -0.041697729378938675 0.1846545934677124 0.05591118708252907
v -0.041511278599500656 0.2045000046491623 0.054243043065071106
v -0.04161449149250984 0.2045000046491623 0.054163675755262375
v -0.04149949923157692 0.20010505616664886 0.054357387125492096
v -0.04149949923157692 0.20010505616664886 0.054357387125492096
v -0.04161449149250984 0.2045000046491623 0.054163675755262375
v -0.04164062812924385 0.19594252109527588 0.05455643683671951
v -0.04149949923157692 0.20010505616664886 0.054357387125492096
v -0.04164062812924385 0.19594252109527588 0.05455643683671951
v -0.0414930023252964 0.19595666229724884 0.05470973253250122
v -0.0414930023252964 0.19595666229724884 0.05470973253250122
v -0.04164062812924385 0.19594252109527588 0.05455643683671951
v -0.041640669107437134 0.19592924416065216 0.05455704405903816
v -0.0414930023252964 0.19595666229724884 0.05470973253250122
v -0.041640669107437134 0.19592924416065216 0.05455704405903816
v -0.041644785553216934 0.19458170235157013 0.05461889132857323
v 0.0019686666782945395 0.2045000046491623 0.06798459589481354
v 0.009648332372307777 0.2045000046491623 0.06740187108516693
v 0.0027429526671767235 0.2045000046491623 0.02489335462450981
v -0.014629621990025043 0.2045000046491623 -0.01995043084025383
v -0.04213382676243782 0.20449954271316528 -0.05302396044135094
v -0.04290559142827988 0.20449960231781006 -0.05233384296298027
v 0.024675415828824043 0.2045000046491623 0.06372494995594025
v 0.031792089343070984 0.2045000046491623 0.06068816035985947
v 0.011579702608287334 0.2045000046491623 0.022379081696271896
v -0.05261334031820297 0.2045004665851593 -0.042538080364465714
v -0.056290917098522186 0.20450036227703094 -0.037387583404779434
v -0.02081918530166149 0.2045000046491623 -0.01316080428659916
v -0.06248725578188896 0.2045000195503235 -0.02551971562206745
v -0.024138083681464195 0.2045000046491623 -0.00459373788908124
v -0.06063375622034073 0.20450006425380707 -0.02990388125181198
v -0.06063375622034073 0.20450006425380707 -0.02990388125181198
v -0.024138083681464195 0.2045000046491623 -0.00459373788908124
v -0.02081918530166149 0.2045000046491623 -0.01316080428659916
v -0.06063375622034073 0.20450006425380707 -0.02990388125181198
v -0.02081918530166149 0.2045000046491623 -0.01316080428659916
v -0.057023461908102036 0.20450034737586975 -0.03636164963245392
v -0.057023461908102036 0.20450034737586975 -0.03636164963245392
v -0.02081918530166149 0.2045000046491623 -0.01316080428659916
v -0.056290917098522186 0.20450036227703094 -0.037387583404779434
v -0.06248725578188896 0.2045000195503235 -0.02551971562206745
v -0.06356608122587204 0.2044999897480011 -0.02296791411936283
v -0.024138083681464195 0.2045000046491623 -0.00459373788908124
v -0.024138083681464195 0.2045000046491623 -0.00459373788908124
v -0.06356608122587204 0.2044999897480011 -0.02296791411936283
v -0.0657920241355896 0.20449994504451752 -0.015416886657476425
v -0.024138083681464195 0.2045000046491623 -0.00459373788908124
v -0.0657920241355896 0.20449994504451752 -0.015416886657476425
v -0.06626266986131668 0.2044999599456787 -0.012685684487223625
v -0.02335445210337639 0.20450043678283691 -0.06370124220848083
v -0.025709588080644608 0.20450030267238617 -0.06267645210027695
v -0.006405331194400787 0.2045000046491623 -0.024045640602707863
v -0.006405331194400787 0.2045000046491623 -0.024045640602707863
v -0.03623729571700096 0.20449969172477722 -0.05726125091314316
v -0.014629621990025043 0.2045000046491623 -0.01995043084025383
v -0.014629621990025043 0.2045000046491623 -0.01995043084025383
v -0.03623729571700096 0.20449969172477722 -0.05726125091314316
v -0.037520550191402435 0.20449966192245483 -0.056339096277952194
v -0.014629621990025043 0.2045000046491623 -0.01995043084025383
v -0.037520550191402435 0.20449966192245483 -0.056339096277952194
v -0.04213382676243782 0.20449954271316528 -0.05302396044135094
v 0.035114046186208725 0.20449981093406677 -0.05849134922027588
v 0.03264016658067703 0.2044999599456787 -0.05978703871369362
v 0.011579702608287334 0.2045000046491623 -0.022379081696271896
v -0.006405331194400787 0.2045000046491623 0.024045640602707863
v -0.020968226715922356 0.2045000046491623 0.06467416882514954
v -0.013462177477777004 0.2045000046491623 0.06661330908536911
v -0.025709588080644608 0.20450030267238617 -0.06267645210027695
v -0.029952993616461754 0.20450007915496826 -0.06083002686500549
v -0.006405331194400787 0.2045000046491623 -0.024045640602707863
v -0.006405331194400787 0.2045000046491623 -0.024045640602707863
v -0.029952993616461754 0.20450007915496826 -0.06083002686500549
v -0.03177037090063095 0.2044999748468399 -0.05979796126484871
v -0.006405331194400787 0.2045000046491623 -0.024045640602707863
v -0.03177037090063095 0.2044999748468399 -0.05979796126484871
v -0.03623729571700096 0.20449969172477722 -0.05726125091314316
v -0.009580343030393124 0.20450037717819214 -0.06725738942623138
v -0.012892279773950577 0.2045004665851593 -0.06658569723367691
v -0.006405331194400787 0.2045000046491623 -0.024045640602707863
v 0.008172690868377686 0.20450027287006378 -0.06755758076906204
v 0.007138253655284643 0.2045002281665802 -0.06761666387319565
v 0.0027429526671767235 0.2045000046491623 -0.02489335462450981
v 0.06801342964172363 0.2044999748468399 0.007649175822734833
v 0.06843585520982742 0.2045000046491623 1.96335167856887e-06
v 0.025436243042349815 0.2045000046491623 -5.958802139155526e-16
v 0.025436243042349815 0.2045000046491623 -5.958802139155526e-16
v 0.06843585520982742 0.2045000046491623 1.96335167856887e-06
v 0.06834179908037186 0.2044999897480011 -0.0035699293948709965
v 0.06601149588823318 0.2044999599456787 -0.01799219474196434
v 0.02374804951250553 0.2045000046491623 -0.009031041525304317
v 0.025436243042349815 0.2045000046491623 -5.958802139155526e-16
v -0.035065583884716034 0.2045000046491623 0.05845613777637482
v -0.03197290748357773 0.2045000046491623 0.06002619490027428
v -0.014629621990025043 0.2045000046491623 0.01995043084025383
v -0.014629621990025043 0.2045000046491623 0.01995043084025383
v -0.03197290748357773 0.2045000046491623 0.06002619490027428
v -0.028199469670653343 0.2045000046491623 0.061941854655742645
v -0.014629621990025043 0.2045000046491623 0.01995043084025383
v -0.028199469670653343 0.2045000046491623 0.061941854655742645
v -0.006405331194400787 0.2045000046491623 0.024045640602707863
v -0.006405331194400787 0.2045000046491623 0.024045640602707863
v -0.028199469670653343 0.2045000046491623 0.061941854655742645
v -0.021649662405252457 0.2045000046491623 0.06441669166088104
v -0.006405331194400787 0.2045000046491623 0.024045640602707863
v -0.021649662405252457 0.2045000046491623 0.06441669166088104
v -0.020968226715922356 0.2045000046491623 0.06467416882514954
v -0.0473099984228611 0.20449993014335632 0.04904166981577873
v -0.04161449149250984 0.2045000046491623 0.054163675755262375
v -0.014629621990025043 0.2045000046491623 0.01995043084025383
v -0.014629621990025043 0.2045000046491623 0.01995043084025383
v -0.04161449149250984 0.2045000046491623 0.054163675755262375
v -0.041511278599500656 0.2045000046491623 0.054243043065071106
v -0.014629621990025043 0.2045000046491623 0.01995043084025383
v -0.041511278599500656 0.2045000046491623 0.054243043065071106
v -0.035065583884716034 0.2045000046491623 0.05845613777637482
v -0.0635438784956932 0.20449991524219513 0.023293279111385345
v -0.06071096658706665 0.20449990034103394 0.030052246525883675
v -0.02081918530166149 0.2045000046491623 0.01316080428659916
v -0.02081918530166149 0.2045000046491623 0.01316080428659916
v -0.06071096658706665 0.20449990034103394 0.030052246525883675
v -0.060579776763916016 0.20449990034103394 0.03036525286734104
v -0.02081918530166149 0.2045000046491623 0.01316080428659916
v -0.060579776763916016 0.20449990034103394 0.03036525286734104
v -0.056970514357089996 0.20449987053871155 0.03685741126537323
v -0.024138083681464195 0.2045000046491623 -0.00459373788908124
v -0.06755398213863373 0.2044999897480011 0.0011422751704230905
v -0.024138083681464195 0.2045000046491623 0.00459373788908124
v -0.024138083681464195 0.2045000046491623 0.00459373788908124
v -0.06755398213863373 0.2044999897480011 0.0011422751704230905
v -0.06709867715835571 0.2044999748468399 0.00775399524718523
v -0.024138083681464195 0.2045000046491623 0.00459373788908124
v -0.06709867715835571 0.2044999748468399 0.00775399524718523
v -0.06705483794212341 0.2044999599456787 0.008390574716031551
v -0.04290559142827988 0.20449960231781006 -0.05233384296298027
v -0.047520607709884644 0.2044999748468399 -0.04820705205202103
v -0.014629621990025043 0.2045000046491623 -0.01995043084025383
v -0.014629621990025043 0.2045000046491623 -0.01995043084025383
v -0.047520607709884644 0.2044999748468399 -0.04820705205202103
v -0.0478706881403923 0.2045000046491623 -0.04781736060976982
v -0.014629621990025043 0.2045000046491623 -0.01995043084025383
v -0.0478706881403923 0.2045000046491623 -0.04781736060976982
v -0.02081918530166149 0.2045000046491623 -0.01316080428659916
v -0.02081918530166149 0.2045000046491623 -0.01316080428659916
v -0.0478706881403923 0.2045000046491623 -0.04781736060976982
v -0.05235731974244118 0.2045004516839981 -0.04282306879758835
v -0.02081918530166149 0.2045000046491623 -0.01316080428659916
v -0.05235731974244118 0.2045004516839981 -0.04282306879758835
v -0.05261334031820297 0.2045004665851593 -0.042538080364465714
v 0.007138253655284643 0.2045002281665802 -0.06761666387319565
v 0.00043624371755868196 0.2045000046491623 -0.06799943745136261
v 0.0027429526671767235 0.2045000046491623 -0.02489335462450981
v 0.0027429526671767235 0.2045000046491623 -0.02489335462450981
v 0.00043624371755868196 0.2045000046491623 -0.06799943745136261
v -0.002589735435321927 0.20450006425380707 -0.06793192774057388
v 0.0027429526671767235 0.2045000046491623 -0.02489335462450981
v -0.002589735435321927 0.20450006425380707 -0.06793192774057388
v -0.006405331194400787 0.2045000046491623 -0.024045640602707863
v -0.006405331194400787 0.2045000046491623 -0.024045640602707863
v -0.002589735435321927 0.20450006425380707 -0.06793192774057388
v -0.006260002963244915 0.2045002281665802 -0.0675777792930603
v -0.006405331194400787 0.2045000046491623 -0.024045640602707863
v -0.006260002963244915 0.2045002281665802 -0.0675777792930603
v -0.009580343030393124 0.20450037717819214 -0.06725738942623138
v -0.012892279773950577 0.2045004665851593 -0.06658569723367691
v -0.016538074240088463 0.20450055599212646 -0.065846286714077
v -0.006405331194400787 0.2045000046491623 -0.024045640602707863
v -0.006405331194400787 0.2045000046491623 -0.024045640602707863
v -0.016538074240088463 0.20450055599212646 -0.065846286714077
v -0.019396627321839333 0.20450051128864288 -0.0649467259645462
v -0.006405331194400787 0.2045000046491623 -0.024045640602707863
v -0.019396627321839333 0.20450051128864288 -0.0649467259645462
v -0.02335445210337639 0.20450043678283691 -0.06370124220848083
v 0.05625351890921593 0.20450043678283691 -0.03883574903011322
v 0.05318106338381767 0.20450040698051453 -0.04278699681162834
v 0.018911466002464294 0.2045000046491623 -0.016842391341924667
v 0.06834179908037186 0.2044999897480011 -0.0035699293948709965
v 0.06756629794836044 0.20449994504451752 -0.010836953297257423
v 0.025436243042349815 0.2045000046491623 -5.958802139155526e-16
v 0.025436243042349815 0.2045000046491623 -5.958802139155526e-16
v 0.06756629794836044 0.20449994504451752 -0.010836953297257423
v 0.06716421246528625 0.20449994504451752 -0.012687362730503082
v 0.025436243042349815 0.2045000046491623 -5.958802139155526e-16
v 0.06716421246528625 0.20449994504451752 -0.012687362730503082
v 0.06601149588823318 0.2044999599456787 -0.01799219474196434
v 0.05812076851725578 0.20449987053871155 0.036434054374694824
v 0.06158130615949631 0.20449990034103394 0.030049048364162445
v 0.02374804951250553 0.2045000046491623 0.009031041525304317
v 0.02374804951250553 0.2045000046491623 0.009031041525304317
v 0.06158130615949631 0.20449990034103394 0.030049048364162445
v 0.061774738132953644 0.20449990034103394 0.029692145064473152
v 0.02374804951250553 0.2045000046491623 0.009031041525304317
v 0.061774738132953644 0.20449990034103394 0.029692145064473152
v 0.06454723328351974 0.20449991524219513 0.02287297323346138
v 0.031792089343070984 0.2045000046491623 0.06068816035985947
v 0.0328703410923481 0.2045000046491623 0.0600801445543766
v 0.011579702608287334 0.2045000046491623 0.022379081696271896
v 0.011579702608287334 0.2045000046491623 0.022379081696271896
v 0.0328703410923481 0.2045000046491623 0.0600801445543766
v 0.038510702550411224 0.2045000046491623 0.05689960718154907
v 0.011579702608287334 0.2045000046491623 0.022379081696271896
v 0.038510702550411224 0.2045000046491623 0.05689960718154907
v 0.042383771389722824 0.2045000046491623 0.05424303933978081
v 0.042383771389722824 0.2045000046491623 0.05424303933978081
v 0.04248698428273201 0.2045000046491623 0.054163672029972076
v 0.011579702608287334 0.2045000046491623 0.022379081696271896
v 0.011579702608287334 0.2045000046491623 0.022379081696271896
v 0.04248698428273201 0.2045000046491623 0.054163672029972076
v 0.04337038844823837 0.2044999897480011 0.05344124138355255
v 0.011579702608287334 0.2045000046491623 0.022379081696271896
v 0.04337038844823837 0.2044999897480011 0.05344124138355255
v 0.018911466002464294 0.2045000046491623 0.016842391341924667
v 0.018911466002464294 0.2045000046491623 0.016842391341924667
v 0.04337038844823837 0.2044999897480011 0.05344124138355255
v 0.048189256340265274 0.20449993014335632 0.048987776041030884
v 0.018911466002464294 0.2045000046491623 0.016842391341924667
v 0.048189256340265274 0.20449993014335632 0.048987776041030884
v 0.048706721514463425 0.20449993014335632 0.04850954934954643
v 0.009648332372307777 0.2045000046491623 0.06740187108516693
v 0.011614239774644375 0.2045000046491623 0.06703359633684158
v 0.0027429526671767235 0.2045000046491623 0.02489335462450981
v 0.0027429526671767235 0.2045000046491623 0.02489335462450981
v 0.011614239774644375 0.2045000046491623 0.06703359633684158
v 0.01725212298333645 0.2045000046491623 0.06597746163606644
v 0.0027429526671767235 0.2045000046491623 0.02489335462450981
v 0.01725212298333645 0.2045000046491623 0.06597746163606644
v 0.011579702608287334 0.2045000046491623 0.022379081696271896
v 0.011579702608287334 0.2045000046491623 0.022379081696271896
v 0.01725212298333645 0.2045000046491623 0.06597746163606644
v 0.022514687851071358 0.2045000046491623 0.06438059359788895
v 0.011579702608287334 0.2045000046491623 0.022379081696271896
v 0.022514687851071358 0.2045000046491623 0.06438059359788895
v 0.024675415828824043 0.2045000046491623 0.06372494995594025
v -0.013462177477777004 0.2045000046491623 0.06661330908536911
v -0.010741089470684528 0.2045000046491623 0.06700664758682251
v -0.006405331194400787 0.2045000046491623 0.024045640602707863
v -0.006405331194400787 0.2045000046491623 0.024045640602707863
v -0.010741089470684528 0.2045000046491623 0.06700664758682251
v -0.005762543063610792 0.2045000046491623 0.06772631406784058
v -0.006405331194400787 0.2045000046491623 0.024045640602707863
v -0.005762543063610792 0.2045000046491623 0.06772631406784058
v 0.0027429526671767235 0.2045000046491623 0.02489335462450981
v 0.0027429526671767235 0.2045000046491623 0.02489335462450981
v -0.005762543063610792 0.2045000046491623 0.06772631406784058
v 0.00043849923531524837 0.2045000046491623 0.06793347746133804
v 0.0027429526671767235 0.2045000046491623 0.02489335462450981
v 0.00043849923531524837 0.2045000046491623 0.06793347746133804
v 0.0019686666782945395 0.2045000046491623 0.06798459589481354
v -0.06626266986131668 0.2044999599456787 -0.012685684487223625
v -0.06713259220123291 0.2044999599456787 -0.007637381553649902
v -0.024138083681464195 0.2045000046491623 -0.00459373788908124
v -0.024138083681464195 0.2045000046491623 -0.00459373788908124
v -0.06713259220123291 0.2044999599456787 -0.007637381553649902
v -0.06756336987018585 0.2045000046491623 1.9633464489743346e-06
v -0.024138083681464195 0.2045000046491623 -0.00459373788908124
v -0.06756336987018585 0.2045000046491623 1.9633464489743346e-06
v -0.06755398213863373 0.2044999897480011 0.0011422751704230905
v 0.06601149588823318 0.2044999599456787 -0.01799219474196434
v 0.06347989290952682 0.2045000046491623 -0.02548193745315075
v 0.02374804951250553 0.2045000046491623 -0.009031041525304317
v 0.02374804951250553 0.2045000046491623 -0.009031041525304317
v 0.06347989290952682 0.2045000046491623 -0.02548193745315075
v 0.060231611132621765 0.20450016856193542 -0.0323772206902504
v 0.02374804951250553 0.2045000046491623 -0.009031041525304317
v 0.060231611132621765 0.20450016856193542 -0.0323772206902504
v 0.018911466002464294 0.2045000046491623 -0.016842391341924667
v 0.018911466002464294 0.2045000046491623 -0.016842391341924667
v 0.060231611132621765 0.20450016856193542 -0.0323772206902504
v 0.05714833363890648 0.20450037717819214 -0.03738299384713173
v 0.018911466002464294 0.2045000046491623 -0.016842391341924667
v 0.05714833363890648 0.20450037717819214 -0.03738299384713173
v 0.05625351890921593 0.20450043678283691 -0.03883574903011322
v -0.056970514357089996 0.20449987053871155 0.03685741126537323
v -0.05685437098145485 0.20449987053871155 0.037066321820020676
v -0.02081918530166149 0.2045000046491623 0.01316080428659916
v -0.02081918530166149 0.2045000046491623 0.01316080428659916
v -0.05685437098145485 0.20449987053871155 0.037066321820020676
v -0.0524134635925293 0.20449988543987274 0.04331781342625618
v -0.02081918530166149 0.2045000046491623 0.01316080428659916
v -0.0524134635925293 0.20449988543987274 0.04331781342625618
v -0.014629621990025043 0.2045000046491623 0.01995043084025383
v -0.014629621990025043 0.2045000046491623 0.01995043084025383
v -0.0524134635925293 0.20449988543987274 0.04331781342625618
v -0.04733763262629509 0.20449993014335632 0.04901067912578583
v -0.014629621990025043 0.2045000046491623 0.01995043084025383
v -0.04733763262629509 0.20449993014335632 0.04901067912578583
v -0.0473099984228611 0.20449993014335632 0.04904166981577873
v -0.06705483794212341 0.2044999599456787 0.008390574716031551
v -0.06580572575330734 0.20449994504451752 0.015408901497721672
v -0.024138083681464195 0.2045000046491623 0.00459373788908124
v -0.024138083681464195 0.2045000046491623 0.00459373788908124
v -0.06580572575330734 0.20449994504451752 0.015408901497721672
v -0.06571116298437119 0.20449994504451752 0.01594023033976555
v -0.024138083681464195 0.2045000046491623 0.00459373788908124
v -0.06571116298437119 0.20449994504451752 0.01594023033976555
v -0.02081918530166149 0.2045000046491623 0.01316080428659916
v -0.02081918530166149 0.2045000046491623 0.01316080428659916
v -0.06571116298437119 0.20449994504451752 0.01594023033976555
v -0.06366786360740662 0.20449991524219513 0.022872619330883026
v -0.02081918530166149 0.2045000046491623 0.01316080428659916
v -0.06366786360740662 0.20449991524219513 0.022872619330883026
v -0.0635438784956932 0.20449991524219513 0.023293279111385345
v 0.03264016658067703 0.2044999599456787 -0.05978703871369362
v 0.02876397781074047 0.2045001983642578 -0.06181718409061432
v 0.011579702608287334 0.2045000046491623 -0.022379081696271896
v 0.011579702608287334 0.2045000046491623 -0.022379081696271896
v 0.02876397781074047 0.2045001983642578 -0.06181718409061432
v 0.02658642828464508 0.20450030267238617 -0.06267950683832169
v 0.011579702608287334 0.2045000046491623 -0.022379081696271896
v 0.02658642828464508 0.20450030267238617 -0.06267950683832169
v 0.02211017906665802 0.2045004963874817 -0.06445212662220001
v 0.05318106338381767 0.20450040698051453 -0.04278699681162834
v 0.05182996392250061 0.20450039207935333 -0.04452454298734665
v 0.018911466002464294 0.2045000046491623 -0.016842391341924667
v 0.018911466002464294 0.2045000046491623 -0.016842391341924667
v 0.05182996392250061 0.20450039207935333 -0.04452454298734665
v 0.048709552735090256 0.2045000046491623 -0.04778397083282471
v 0.018911466002464294 0.2045000046491623 -0.016842391341924667
v 0.048709552735090256 0.2045000046491623 -0.04778397083282471
v 0.047154951840639114 0.20449979603290558 -0.04940783232450485
v 0.06454723328351974 0.20449991524219513 0.02287297323346138
v 0.06466228514909744 0.20449991524219513 0.022589998319745064
v 0.02374804951250553 0.2045000046491623 0.009031041525304317
v 0.02374804951250553 0.2045000046491623 0.009031041525304317
v 0.06466228514909744 0.20449991524219513 0.022589998319745064
v 0.06675110757350922 0.20449994504451752 0.015212004072964191
v 0.02374804951250553 0.2045000046491623 0.009031041525304317
v 0.06675110757350922 0.20449994504451752 0.015212004072964191
v 0.025436243042349815 0.2045000046491623 -5.958802139155526e-16
v 0.025436243042349815 0.2045000046491623 -5.958802139155526e-16
v 0.06675110757350922 0.20449994504451752 0.015212004072964191
v 0.06799574196338654 0.2044999748468399 0.00775512307882309
v 0.025436243042349815 0.2045000046491623 -5.958802139155526e-16
v 0.06799574196338654 0.2044999748468399 0.00775512307882309
v 0.06801342964172363 0.2044999748468399 0.007649175822734833
v 0.02211017906665802 0.2045004963874817 -0.06445212662220001
v 0.020276809111237526 0.20450051128864288 -0.06496307998895645
v 0.011579702608287334 0.2045000046491623 -0.022379081696271896
v 0.011579702608287334 0.2045000046491623 -0.022379081696271896
v 0.020276809111237526 0.20450051128864288 -0.06496307998895645
v 0.015215309336781502 0.20450052618980408 -0.06637369096279144
v 0.011579702608287334 0.2045000046491623 -0.022379081696271896
v 0.015215309336781502 0.20450052618980408 -0.06637369096279144
v 0.0027429526671767235 0.2045000046491623 -0.02489335462450981
v 0.0027429526671767235 0.2045000046491623 -0.02489335462450981
v 0.015215309336781502 0.20450052618980408 -0.06637369096279144
v 0.013773038052022457 0.2045004814863205 -0.06661614030599594
v 0.0027429526671767235 0.2045000046491623 -0.02489335462450981
v 0.013773038052022457 0.2045004814863205 -0.06661614030599594
v 0.008172690868377686 0.20450027287006378 -0.06755758076906204
v 0.047154951840639114 0.20449979603290558 -0.04940783232450485
v 0.04373607784509659 0.20449966192245483 -0.05228164792060852
v 0.018911466002464294 0.2045000046491623 -0.016842391341924667
v 0.018911466002464294 0.2045000046491623 -0.016842391341924667
v 0.04373607784509659 0.20449966192245483 -0.05228164792060852
v 0.04107527807354927 0.20449954271316528 -0.05451824516057968
v 0.018911466002464294 0.2045000046491623 -0.016842391341924667
v 0.04107527807354927 0.20449954271316528 -0.05451824516057968
v 0.011579702608287334 0.2045000046491623 -0.022379081696271896
v 0.011579702608287334 0.2045000046491623 -0.022379081696271896
v 0.04107527807354927 0.20449954271316528 -0.05451824516057968
v 0.03837966546416283 0.20449966192245483 -0.05631484463810921
v 0.011579702608287334 0.2045000046491623 -0.022379081696271896
v 0.03837966546416283 0.20449966192245483 -0.05631484463810921
v 0.035114046186208725 0.20449981093406677 -0.05849134922027588
v 0.048706721514463425 0.20449993014335632 0.04850954934954643
v 0.053349923342466354 0.20449988543987274 0.043187808245420456
v 0.018911466002464294 0.2045000046491623 0.016842391341924667
v 0.018911466002464294 0.2045000046491623 0.016842391341924667
v 0.053349923342466354 0.20449988543987274 0.043187808245420456
v 0.05374851077795029 0.20449987053871155 0.04273097217082977
v 0.018911466002464294 0.2045000046491623 0.016842391341924667
v 0.05374851077795029 0.20449987053871155 0.04273097217082977
v 0.02374804951250553 0.2045000046491623 0.009031041525304317
v 0.02374804951250553 0.2045000046491623 0.009031041525304317
v 0.05374851077795029 0.20449987053871155 0.04273097217082977
v 0.05783280357718468 0.20449987053871155 0.03684878349304199
v 0.02374804951250553 0.2045000046491623 0.009031041525304317
v 0.05783280357718468 0.20449987053871155 0.03684878349304199
v 0.05812076851725578 0.20449987053871155 0.036434054374694824
v 0.04236080124974251 0.18724103271961212 0.05570400878787041
v 0.04236061871051788 0.1855027675628662 0.05592748895287514
v 0.04255552217364311 0.18719255924224854 0.05555526912212372
v 0.04255552217364311 0.18719255924224854 0.05555526912212372
v 0.04236061871051788 0.1855027675628662 0.05592748895287514
v 0.0426047146320343 0.18010686337947845 0.056770894676446915
v 0.04236061871051788 0.1855027675628662 0.05592748895287514
v 0.04236944392323494 0.18262510001659393 0.0565350316464901
v 0.0426047146320343 0.18010686337947845 0.056770894676446915
v 0.0426047146320343 0.18010686337947845 0.056770894676446915
v 0.04236944392323494 0.18262510001659393 0.0565350316464901
v 0.04238172620534897 0.1786179393529892 0.0573810338973999
v 0.0426047146320343 0.18010686337947845 0.056770894676446915
v 0.04238172620534897 0.1786179393529892 0.0573810338973999
v 0.04261871427297592 0.17856955528259277 0.05714687705039978
v 0.04261871427297592 0.17856955528259277 0.05714687705039978
v 0.04238172620534897 0.1786179393529892 0.0573810338973999
v 0.0423940010368824 0.17461463809013367 0.05822622403502464
v 0.04261871427297592 0.17856955528259277 0.05714687705039978
v 0.0423940010368824 0.17461463809013367 0.05822622403502464
v 0.0426967516541481 0.17000000178813934 0.059242747724056244
v 0.0426967516541481 0.17000000178813934 0.059242747724056244
v 0.0423940010368824 0.17461463809013367 0.05822622403502464
v 0.04240720719099045 0.17163971066474915 0.05902557820081711
v 0.0426967516541481 0.17000000178813934 0.059242747724056244
v 0.04240720719099045 0.17163971066474915 0.05902557820081711
v 0.042414240539073944 0.17005576193332672 0.05945117771625519
v 0.04255552217364311 0.18719255924224854 0.05555526912212372
v 0.042555324733257294 0.18722066283226013 0.05555044859647751
v 0.04236080124974251 0.18724103271961212 0.05570400878787041
v 0.04236080124974251 0.18724103271961212 0.05570400878787041
v 0.042555324733257294 0.18722066283226013 0.05555044859647751
v 0.04254292696714401 0.18900655210018158 0.05524406209588051
v 0.04236080124974251 0.18724103271961212 0.05570400878787041
v 0.04254292696714401 0.18900655210018158 0.05524406209588051
v 0.04236147552728653 0.19376018643379211 0.05486588552594185
v 0.04236147552728653 0.19376018643379211 0.05486588552594185
v 0.04254292696714401 0.18900655210018158 0.05524406209588051
v 0.042514972388744354 0.19593662023544312 0.05461238697171211
v 0.04236147552728653 0.19376018643379211 0.05486588552594185
v 0.042514972388744354 0.19593662023544312 0.05461238697171211
v 0.04236161708831787 0.1951272338628769 0.05469013378024101
v 0.04236161708831787 0.1951272338628769 0.05469013378024101
v 0.042514972388744354 0.19593662023544312 0.05461238697171211
v 0.04236356541514397 0.195950448513031 0.054650865495204926
v 0.04248698428273201 0.2045000046491623 0.054163672029972076
v 0.042383771389722824 0.2045000046491623 0.05424303933978081
v 0.04250048100948334 0.19952800869941711 0.05428503081202507
v 0.04250048100948334 0.19952800869941711 0.05428503081202507
v 0.042383771389722824 0.2045000046491623 0.05424303933978081
v 0.04236356541514397 0.195950448513031 0.054650865495204926
v 0.04250048100948334 0.19952800869941711 0.05428503081202507
v 0.04236356541514397 0.195950448513031 0.054650865495204926
v 0.04251491650938988 0.19594968855381012 0.054611194878816605
v 0.04251491650938988 0.19594968855381012 0.054611194878816605
v 0.04236356541514397 0.195950448513031 0.054650865495204926
v 0.042514972388744354 0.19593662023544312 0.05461238697171211
v 0.04280292987823486 0.12829463183879852 0.0757615938782692
v 0.04291112720966339 0.11983656138181686 0.07971018552780151
v 0.04342091083526611 0.11928663402795792 0.07956283539533615
v 0.04260758310556412 0.1456943303346634 0.06809692084789276
v 0.04262331873178482 0.14429278671741486 0.06871430575847626
v 0.04304000362753868 0.14419913291931152 0.06847769021987915
v 0.04304000362753868 0.14419913291931152 0.06847769021987915
v 0.04262331873178482 0.14429278671741486 0.06871430575847626
v 0.04267256706953049 0.13990595936775208 0.0706467404961586
v 0.04304000362753868 0.14419913291931152 0.06847769021987915
v 0.04267256706953049 0.13990595936775208 0.0706467404961586
v 0.043198734521865845 0.13332808017730713 0.07309942692518234
v 0.043198734521865845 0.13332808017730713 0.07309942692518234
v 0.04267256706953049 0.13990595936775208 0.0706467404961586
v 0.04280292987823486 0.12829463183879852 0.0757615938782692
v 0.043198734521865845 0.13332808017730713 0.07309942692518234
v 0.04280292987823486 0.12829463183879852 0.0757615938782692
v 0.04322059825062752 0.1319461613893509 0.07373553514480591
v 0.04322059825062752 0.1319461613893509 0.07373553514480591
v 0.04280292987823486 0.12829463183879852 0.0757615938782692
v 0.04342091083526611 0.11928663402795792 0.07956283539533615
v 0.04279908910393715 0.16121429204940796 0.06195278465747833
v 0.0426967516541481 0.17000000178813934 0.059242747724056244
v 0.042414240539073944 0.17005576193332672 0.05945117771625519
v 0.04304000362753868 0.14419913291931152 0.06847769021987915
v 0.0429704524576664 0.1489623636007309 0.06645264476537704
v 0.04260758310556412 0.1456943303346634 0.06809692084789276
v 0.04260758310556412 0.1456943303346634 0.06809692084789276
v 0.0429704524576664 0.1489623636007309 0.06645264476537704
v 0.042932651937007904 0.1516648828983307 0.06546007096767426
v 0.04260758310556412 0.1456943303346634 0.06809692084789276
v 0.042932651937007904 0.1516648828983307 0.06546007096767426
v 0.04250612109899521 0.15706095099449158 0.06373172998428345
v 0.04250612109899521 0.15706095099449158 0.06373172998428345
v 0.042932651937007904 0.1516648828983307 0.06546007096767426
v 0.04285825788974762 0.15698407590389252 0.06350644677877426
v 0.04250612109899521 0.15706095099449158 0.06373172998428345
v 0.04285825788974762 0.15698407590389252 0.06350644677877426
v 0.04248616099357605 0.15929721295833588 0.06287292391061783
v 0.04248616099357605 0.15929721295833588 0.06287292391061783
v 0.04285825788974762 0.15698407590389252 0.06350644677877426
v 0.04279908910393715 0.16121429204940796 0.06195278465747833
v 0.04248616099357605 0.15929721295833588 0.06287292391061783
v 0.04279908910393715 0.16121429204940796 0.06195278465747833
v 0.0424756184220314 0.16087409853935242 0.062371399253606796
v 0.0424756184220314 0.16087409853935242 0.062371399253606796
v 0.04279908910393715 0.16121429204940796 0.06195278465747833
v 0.042414240539073944 0.17005576193332672 0.05945117771625519
v -0.04485732316970825 0.029450932517647743 0.11424393206834793
v -0.04483342543244362 0.03058643825352192 0.11396487057209015
v -0.0494212731719017 0.03495078533887863 0.10760477930307388
v -0.05653040483593941 0.07375140488147736 0.0847621038556099
v -0.05270194634795189 0.06901318579912186 0.09187988191843033
v -0.05188693478703499 0.09672251343727112 0.08049283921718597
v -0.0794234350323677 0.006307476665824652 0.04929075390100479
v -0.07958107441663742 0.002471958054229617 0.04826280102133751
v -0.07767152786254883 0.010119077749550343 0.055510859936475754
v -0.05629236623644829 -0.06395909935235977 0.030460529029369354
v -0.0549556240439415 -0.06516207754611969 0.030138486996293068
v -0.054790861904621124 -0.06402398645877838 0.041076093912124634
v -0.04705348238348961 -0.07056953012943268 0.042807769030332565
v -0.054790861904621124 -0.06402398645877838 0.041076093912124634
v -0.047055378556251526 -0.07072360068559647 0.041750259697437286
v -0.047055378556251526 -0.07072360068559647 0.041750259697437286
v -0.054790861904621124 -0.06402398645877838 0.041076093912124634
v -0.0549556240439415 -0.06516207754611969 0.030138486996293068
v -0.047055378556251526 -0.07072360068559647 0.041750259697437286
v -0.0549556240439415 -0.06516207754611969 0.030138486996293068
v -0.04706282168626785 -0.07164670526981354 0.03147996589541435
v -0.04706282168626785 -0.07164670526981354 0.03147996589541435
v -0.0549556240439415 -0.06516207754611969 0.030138486996293068
v -0.05032626911997795 -0.06932815909385681 0.02902321144938469
v -0.04706282168626785 -0.07164670526981354 0.03147996589541435
v -0.05032626911997795 -0.06932815909385681 0.02902321144938469
v -0.04706848785281181 -0.07183234393596649 0.028449369594454765
v -0.04706848785281181 -0.07183234393596649 0.028449369594454765
v -0.05032626911997795 -0.06932815909385681 0.02902321144938469
v -0.04706871509552002 -0.07183776050806046 0.028351206332445145
v -0.0683092549443245 -0.04830876365303993 0.034655746072530746
v -0.06648854166269302 -0.051440030336380005 0.033816736191511154
v -0.06196543201804161 -0.05637909844517708 0.0391525961458683
v -0.06196543201804161 -0.05637909844517708 0.0391525961458683
v -0.06648854166269302 -0.051440030336380005 0.033816736191511154
v -0.06217686086893082 -0.05733904615044594 0.032235343009233475
v -0.06196543201804161 -0.05637909844517708 0.0391525961458683
v -0.06217686086893082 -0.05733904615044594 0.032235343009233475
v -0.06174991652369499 -0.05792316794395447 0.03207875043153763
v -0.07666144520044327 -0.028654225170612335 0.03992219269275665
v -0.074051633477211 -0.03665055334568024 0.037779465317726135
v -0.07252795994281769 -0.034990716725587845 0.04789535328745842
v -0.07252795994281769 -0.034990716725587845 0.04789535328745842
v -0.074051633477211 -0.03665055334568024 0.037779465317726135
v -0.07336229830980301 -0.038192376494407654 0.0373663529753685
v -0.07252795994281769 -0.034990716725587845 0.04789535328745842
v -0.07336229830980301 -0.038192376494407654 0.0373663529753685
v -0.07118667662143707 -0.043058596551418304 0.03606249764561653
v -0.07707644253969193 -0.02677675150334835 0.04042523354291916
v -0.0766204446554184 -0.025041954591870308 0.04497474059462547
v -0.07840635627508163 -0.02076007053256035 0.042037319391965866
v -0.07840635627508163 -0.02076007053256035 0.042037319391965866
v -0.0766204446554184 -0.025041954591870308 0.04497474059462547
v -0.0787789449095726 -0.017823202535510063 0.04282428324222565
v -0.07930158078670502 -0.013703548349440098 0.04392818361520767
v -0.0787789449095726 -0.017823202535510063 0.04282428324222565
v -0.07511026412248611 -0.019172949716448784 0.05592925101518631
v -0.07511026412248611 -0.019172949716448784 0.05592925101518631
v -0.0787789449095726 -0.017823202535510063 0.04282428324222565
v -0.0766204446554184 -0.025041954591870308 0.04497474059462547
v -0.07511026412248611 -0.019172949716448784 0.05592925101518631
v -0.0766204446554184 -0.025041954591870308 0.04497474059462547
v -0.07252795994281769 -0.034990716725587845 0.04789535328745842
v -0.07252795994281769 -0.034990716725587845 0.04789535328745842
v -0.0766204446554184 -0.025041954591870308 0.04497474059462547
v -0.07707644253969193 -0.02677675150334835 0.04042523354291916
v -0.07252795994281769 -0.034990716725587845 0.04789535328745842
v -0.07707644253969193 -0.02677675150334835 0.04042523354291916
v -0.07666144520044327 -0.028654225170612335 0.03992219269275665
v -0.07794693857431412 -0.008631506934762001 0.0520084984600544
v -0.07982394844293594 -0.0034373747184872627 0.046679046005010605
v -0.07947065681219101 -0.012370778247714043 0.04428531229496002
v -0.07353319227695465 0.02999965287744999 0.06457074731588364
v -0.076051265001297 0.029202571138739586 0.05542438477277756
v -0.07556963711977005 0.019546236842870712 0.061069175601005554
v -0.07556963711977005 0.019546236842870712 0.061069175601005554
v -0.076051265001297 0.029202571138739586 0.05542438477277756
v -0.078163743019104 0.017240673303604126 0.05221995711326599
v -0.07556963711977005 0.019546236842870712 0.061069175601005554
v -0.078163743019104 0.017240673303604126 0.05221995711326599
v -0.07767152786254883 0.010119077749550343 0.055510859936475754
v -0.07767152786254883 0.010119077749550343 0.055510859936475754
v -0.078163743019104 0.017240673303604126 0.05221995711326599
v -0.07819236814975739 0.01707855984568596 0.05217652767896652
v -0.07767152786254883 0.010119077749550343 0.055510859936475754
v -0.07819236814975739 0.01707855984568596 0.05217652767896652
v -0.0794234350323677 0.006307476665824652 0.04929075390100479
v -0.06988281011581421 0.05219360813498497 0.06589462608098984
v -0.07188741862773895 0.04804570600390434 0.06047354266047478
v -0.07162264734506607 0.04101046174764633 0.06608841568231583
v -0.07162264734506607 0.04101046174764633 0.06608841568231583
v -0.07188741862773895 0.04804570600390434 0.06047354266047478
v -0.07229165732860565 0.04629775136709213 0.06000548601150513
v -0.07162264734506607 0.04101046174764633 0.06608841568231583
v -0.07229165732860565 0.04629775136709213 0.06000548601150513
v -0.07353319227695465 0.02999965287744999 0.06457074731588364
v -0.07353319227695465 0.02999965287744999 0.06457074731588364
v -0.07229165732860565 0.04629775136709213 0.06000548601150513
v -0.07391238212585449 0.03892822936177254 0.0580306276679039
v -0.07353319227695465 0.02999965287744999 0.06457074731588364
v -0.07391238212585449 0.03892822936177254 0.0580306276679039
v -0.076051265001297 0.029202571138739586 0.05542438477277756
v -0.06866549700498581 0.06150997802615166 0.0640803724527359
v -0.06993432343006134 0.056490931659936905 0.06273495405912399
v -0.06988281011581421 0.05219360813498497 0.06589462608098984
v -0.06988281011581421 0.05219360813498497 0.06589462608098984
v -0.06993432343006134 0.056490931659936905 0.06273495405912399
v -0.07007427513599396 0.05588577687740326 0.0625729113817215
v -0.06988281011581421 0.05219360813498497 0.06589462608098984
v -0.07007427513599396 0.05588577687740326 0.0625729113817215
v -0.07188741862773895 0.04804570600390434 0.06047354266047478
v -0.0660247802734375 0.06704229861497879 0.0697237178683281
v -0.06535492837429047 0.07421379536390305 0.06748594343662262
v -0.06588242202997208 0.07251892238855362 0.06703146547079086
v -0.06274334341287613 0.08260498195886612 0.06973603367805481
v -0.06313635408878326 0.07222376763820648 0.07410499453544617
v -0.06238044425845146 0.08354256302118301 0.06998718529939651
v -0.06238044425845146 0.08354256302118301 0.06998718529939651
v -0.06313635408878326 0.07222376763820648 0.07410499453544617
v -0.059768982231616974 0.07889032363891602 0.07738607376813889
v -0.06238044425845146 0.08354256302118301 0.06998718529939651
v -0.059768982231616974 0.07889032363891602 0.07738607376813889
v -0.06219891458749771 0.08401156216859818 0.07011280953884125
v -0.05188693478703499 0.09672251343727112 0.08049283921718597
v -0.05567311495542526 0.09910071641206741 0.07415525615215302
v -0.05653040483593941 0.07375140488147736 0.0847621038556099
v -0.05653040483593941 0.07375140488147736 0.0847621038556099
v -0.05567311495542526 0.09910071641206741 0.07415525615215302
v -0.059111420065164566 0.09198833256959915 0.07224953919649124
v -0.05653040483593941 0.07375140488147736 0.0847621038556099
v -0.059111420065164566 0.09198833256959915 0.07224953919649124
v -0.059768982231616974 0.07889032363891602 0.07738607376813889
v -0.059768982231616974 0.07889032363891602 0.07738607376813889
v -0.059111420065164566 0.09198833256959915 0.07224953919649124
v -0.059197306632995605 0.09176643937826157 0.07219010591506958
v -0.059768982231616974 0.07889032363891602 0.07738607376813889
v -0.059197306632995605 0.09176643937826157 0.07219010591506958
v -0.06219891458749771 0.08401156216859818 0.07011280953884125
v -0.05174591392278671 0.10614603757858276 0.07604378461837769
v -0.05467323213815689 0.10116904228925705 0.074709452688694
v -0.05188693478703499 0.09672251343727112 0.08049283921718597
v -0.05188693478703499 0.09672251343727112 0.08049283921718597
v -0.05467323213815689 0.10116904228925705 0.074709452688694
v -0.05530279129743576 0.09986675530672073 0.07436051219701767
v -0.05188693478703499 0.09672251343727112 0.08049283921718597
v -0.05530279129743576 0.09986675530672073 0.07436051219701767
v -0.05567311495542526 0.09910071641206741 0.07415525615215302
v -0.05174591392278671 0.10614603757858276 0.07604378461837769
v -0.05188693478703499 0.09672251343727112 0.08049283921718597
v -0.04966963455080986 0.10967610031366348 0.07699019461870193
v -0.04966963455080986 0.10967610031366348 0.07699019461870193
v -0.05188693478703499 0.09672251343727112 0.08049283921718597
v -0.04362435266375542 0.09257350862026215 0.09174326062202454
v -0.04966963455080986 0.10967610031366348 0.07699019461870193
v -0.04362435266375542 0.09257350862026215 0.09174326062202454
v -0.043150000274181366 0.119066022336483 0.07950366288423538
v -0.044202569872140884 0.06143798306584358 0.10469502210617065
v -0.04416289180517197 0.06346358358860016 0.10395357757806778
v -0.04840487614274025 0.06479056924581528 0.09873638302087784
v -0.04840487614274025 0.06479056924581528 0.09873638302087784
v -0.04416289180517197 0.06346358358860016 0.10395357757806778
v -0.04406945779919624 0.0682334154844284 0.10220764577388763
v -0.04840487614274025 0.06479056924581528 0.09873638302087784
v -0.04406945779919624 0.0682334154844284 0.10220764577388763
v -0.05270194634795189 0.06901318579912186 0.09187988191843033
v -0.04406945779919624 0.0682334154844284 0.10220764577388763
v -0.043887291103601456 0.0781274288892746 0.09805786609649658
v -0.05270194634795189 0.06901318579912186 0.09187988191843033
v -0.05270194634795189 0.06901318579912186 0.09187988191843033
v -0.043887291103601456 0.0781274288892746 0.09805786609649658
v -0.04373183101415634 0.08657099306583405 0.09451643377542496
v -0.05270194634795189 0.06901318579912186 0.09187988191843033
v -0.04373183101415634 0.08657099306583405 0.09451643377542496
v -0.05188693478703499 0.09672251343727112 0.08049283921718597
v -0.05188693478703499 0.09672251343727112 0.08049283921718597
v -0.04373183101415634 0.08657099306583405 0.09451643377542496
v -0.043648604303598404 0.09121909737586975 0.09236900508403778
v -0.05188693478703499 0.09672251343727112 0.08049283921718597
v -0.043648604303598404 0.09121909737586975 0.09236900508403778
v -0.04362435266375542 0.09257350862026215 0.09174326062202454
v -0.04887545853853226 0.05001112073659897 0.10366992652416229
v -0.044461704790592194 0.048451196402311325 0.10913071781396866
v -0.044347986578941345 0.05401437357068062 0.10741234570741653
v -0.04483342543244362 0.03058643825352192 0.11396487057209015
v -0.04478227347135544 0.033016886562108994 0.11336755007505417
v -0.0494212731719017 0.03495078533887863 0.10760477930307388
v -0.0494212731719017 0.03495078533887863 0.10760477930307388
v -0.04478227347135544 0.033016886562108994 0.11336755007505417
v -0.04460537061095238 0.04142284765839577 0.11130166798830032
v -0.0494212731719017 0.03495078533887863 0.10760477930307388
v -0.04460537061095238 0.04142284765839577 0.11130166798830032
v -0.04887545853853226 0.05001112073659897 0.10366992652416229
v -0.04887545853853226 0.05001112073659897 0.10366992652416229
v -0.04460537061095238 0.04142284765839577 0.11130166798830032
v -0.04450847953557968 0.046162787824869156 0.10983757674694061
v -0.04887545853853226 0.05001112073659897 0.10366992652416229
v -0.04450847953557968 0.046162787824869156 0.10983757674694061
v -0.044461704790592194 0.048451196402311325 0.10913071781396866
v -0.04485732316970825 0.029450932517647743 0.11424393206834793
v -0.0494212731719017 0.03495078533887863 0.10760477930307388
v -0.045090451836586 0.018517229706048965 0.11617573350667953
v -0.045090451836586 0.018517229706048965 0.11617573350667953
v -0.0494212731719017 0.03495078533887863 0.10760477930307388
v -0.05003281310200691 0.019620057195425034 0.11019095033407211
v -0.045090451836586 0.018517229706048965 0.11617573350667953
v -0.05003281310200691 0.019620057195425034 0.11019095033407211
v -0.045119136571884155 0.017216963693499565 0.11630846560001373
v -0.0455293208360672 -0.0011211847886443138 0.11736387014389038
v -0.04547955468297005 0.001077250693924725 0.11732307076454163
v -0.05069340765476227 0.004112865310162306 0.11094853281974792
v -0.04547955468297005 0.001077250693924725 0.11732307076454163
v -0.04530799761414528 0.008655683137476444 0.1171824261546135
v -0.05069340765476227 0.004112865310162306 0.11094853281974792
v -0.05069340765476227 0.004112865310162306 0.11094853281974792
v -0.04530799761414528 0.008655683137476444 0.1171824261546135
v -0.045296091586351395 0.009195473045110703 0.11712732166051865
v -0.05069340765476227 0.004112865310162306 0.11094853281974792
v -0.045296091586351395 0.009195473045110703 0.11712732166051865
v -0.05003281310200691 0.019620057195425034 0.11019095033407211
v -0.05003281310200691 0.019620057195425034 0.11019095033407211
v -0.045296091586351395 0.009195473045110703 0.11712732166051865
v -0.04517492279410362 0.014688071794807911 0.11656662076711655
v -0.05003281310200691 0.019620057195425034 0.11019095033407211
v -0.04517492279410362 0.014688071794807911 0.11656662076711655
v -0.045119136571884155 0.017216963693499565 0.11630846560001373
v -0.0457177497446537 -0.009422902017831802 0.1167096495628357
v -0.045677755028009415 -0.007660763803869486 0.11695887893438339
v -0.05103438347578049 -0.0036310413852334023 0.11044628173112869
v -0.05103438347578049 -0.0036310413852334023 0.11044628173112869
v -0.045677755028009415 -0.007660763803869486 0.11695887893438339
v -0.0456649549305439 -0.0070968628861010075 0.11699379980564117
v -0.05103438347578049 -0.0036310413852334023 0.11044628173112869
v -0.0456649549305439 -0.0070968628861010075 0.11699379980564117
v -0.05069340765476227 0.004112865310162306 0.11094853281974792
v -0.05069340765476227 0.004112865310162306 0.11094853281974792
v -0.0456649549305439 -0.0070968628861010075 0.11699379980564117
v -0.04553549364209175 -0.001393207348883152 0.11734702438116074
v -0.05069340765476227 0.004112865310162306 0.11094853281974792
v -0.04553549364209175 -0.001393207348883152 0.11734702438116074
v -0.0455293208360672 -0.0011211847886443138 0.11736387014389038
v -0.0457177497446537 -0.009422902017831802 0.1167096495628357
v -0.05103438347578049 -0.0036310413852334023 0.11044628173112869
v -0.04584050923585892 -0.014831490814685822 0.11594468355178833
v -0.04584050923585892 -0.014831490814685822 0.11594468355178833
v -0.05103438347578049 -0.0036310413852334023 0.11044628173112869
v -0.051377225667238235 -0.011290507391095161 0.10923430323600769
v -0.04584050923585892 -0.014831490814685822 0.11594468355178833
v -0.051377225667238235 -0.011290507391095161 0.10923430323600769
v -0.04584922641515732 -0.015212411060929298 0.11585135757923126
v -0.04607546329498291 -0.025103891268372536 0.11314670741558075
v -0.0460321418941021 -0.023206127807497978 0.11383117735385895
v -0.05171799659729004 -0.018771851435303688 0.10722106695175171
v -0.05171799659729004 -0.018771851435303688 0.10722106695175171
v -0.0460321418941021 -0.023206127807497978 0.11383117735385895
v -0.04601994901895523 -0.022672096267342567 0.11402378231287003
v -0.05171799659729004 -0.018771851435303688 0.10722106695175171
v -0.04601994901895523 -0.022672096267342567 0.11402378231287003
v -0.051377225667238235 -0.011290507391095161 0.10923430323600769
v -0.051377225667238235 -0.011290507391095161 0.10923430323600769
v -0.04601994901895523 -0.022672096267342567 0.11402378231287003
v -0.04589825123548508 -0.01735447160899639 0.11532656848430634
v -0.051377225667238235 -0.011290507391095161 0.10923430323600769
v -0.04589825123548508 -0.01735447160899639 0.11532656848430634
v -0.04584922641515732 -0.015212411060929298 0.11585135757923126
v -0.04607546329498291 -0.025103891268372536 0.11314670741558075
v -0.05171799659729004 -0.018771851435303688 0.10722106695175171
v -0.046158645302057266 -0.028747621923685074 0.11183252930641174
v -0.046158645302057266 -0.028747621923685074 0.11183252930641174
v -0.05171799659729004 -0.018771851435303688 0.10722106695175171
v -0.0520535372197628 -0.025952279567718506 0.1043367013335228
v -0.046158645302057266 -0.028747621923685074 0.11183252930641174
v -0.0520535372197628 -0.025952279567718506 0.1043367013335228
v -0.04620900750160217 -0.03095819428563118 0.11078561842441559
v -0.052382033318281174 -0.032688207924366 0.10054986923933029
v -0.046405207365751266 -0.039485130459070206 0.10597919672727585
v -0.046401504427194595 -0.03932368755340576 0.10610409080982208
v -0.046401504427194595 -0.03932368755340576 0.10610409080982208
v -0.046376071870326996 -0.038224224001169205 0.10676959902048111
v -0.052382033318281174 -0.032688207924366 0.10054986923933029
v -0.052382033318281174 -0.032688207924366 0.10054986923933029
v -0.046376071870326996 -0.038224224001169205 0.10676959902048111
v -0.046275101602077484 -0.03385934978723526 0.10941165685653687
v -0.052382033318281174 -0.032688207924366 0.10054986923933029
v -0.046275101602077484 -0.03385934978723526 0.10941165685653687
v -0.0520535372197628 -0.025952279567718506 0.1043367013335228
v -0.0520535372197628 -0.025952279567718506 0.1043367013335228
v -0.046275101602077484 -0.03385934978723526 0.10941165685653687
v -0.04624488204717636 -0.03253275156021118 0.11003991961479187
v -0.0520535372197628 -0.025952279567718506 0.1043367013335228
v -0.04624488204717636 -0.03253275156021118 0.11003991961479187
v -0.04620900750160217 -0.03095819428563118 0.11078561842441559
v -0.046405207365751266 -0.039485130459070206 0.10597919672727585
v -0.052382033318281174 -0.032688207924366 0.10054986923933029
v -0.04652531445026398 -0.0447198748588562 0.10192965716123581
v -0.04652531445026398 -0.0447198748588562 0.10192965716123581
v -0.052382033318281174 -0.032688207924366 0.10054986923933029
v -0.052703093737363815 -0.0388389490544796 0.09589358419179916
v -0.04652531445026398 -0.0447198748588562 0.10192965716123581
v -0.052703093737363815 -0.0388389490544796 0.09589358419179916
v -0.046529997140169144 -0.04492539167404175 0.1017303392291069
v -0.0466742068529129 -0.05127205327153206 0.09507125616073608
v -0.04666157066822052 -0.050712697207927704 0.09574452042579651
v -0.053016435354948044 -0.044297873973846436 0.09046147018671036
v -0.053016435354948044 -0.044297873973846436 0.09046147018671036
v -0.04666157066822052 -0.050712697207927704 0.09574452042579651
v -0.046625539660453796 -0.0491173155605793 0.09766480326652527
v -0.053016435354948044 -0.044297873973846436 0.09046147018671036
v -0.046625539660453796 -0.0491173155605793 0.09766480326652527
v -0.052703093737363815 -0.0388389490544796 0.09589358419179916
v -0.052703093737363815 -0.0388389490544796 0.09589358419179916
v -0.046625539660453796 -0.0491173155605793 0.09766480326652527
v -0.04654887318611145 -0.04575364664196968 0.10092705488204956
v -0.052703093737363815 -0.0388389490544796 0.09589358419179916
v -0.04654887318611145 -0.04575364664196968 0.10092705488204956
v -0.046529997140169144 -0.04492539167404175 0.1017303392291069
v -0.0466742068529129 -0.05127205327153206 0.09507125616073608
v -0.053016435354948044 -0.044297873973846436 0.09046147018671036
v -0.04672424867749214 -0.05348790064454079 0.09240415692329407
v -0.04672424867749214 -0.05348790064454079 0.09240415692329407
v -0.053016435354948044 -0.044297873973846436 0.09046147018671036
v -0.05332094058394432 -0.04901804402470589 0.08438786119222641
v -0.04672424867749214 -0.05348790064454079 0.09240415692329407
v -0.05332094058394432 -0.04901804402470589 0.08438786119222641
v -0.04677319899201393 -0.05571894347667694 0.08908915519714355
v -0.04686525836586952 -0.06000897288322449 0.0815882757306099
v -0.04686165601015091 -0.05983951315283775 0.08190295100212097
v -0.05361427739262581 -0.053004082292318344 0.07781427353620529
v -0.05361427739262581 -0.053004082292318344 0.07781427353620529
v -0.04686165601015091 -0.05983951315283775 0.08190295100212097
v -0.04680071771144867 -0.056973256170749664 0.08722543716430664
v -0.05361427739262581 -0.053004082292318344 0.07781427353620529
v -0.04680071771144867 -0.056973256170749664 0.08722543716430664
v -0.05332094058394432 -0.04901804402470589 0.08438786119222641
v -0.05332094058394432 -0.04901804402470589 0.08438786119222641
v -0.04680071771144867 -0.056973256170749664 0.08722543716430664
v -0.04678047075867653 -0.056050386279821396 0.08859668672084808
v -0.05332094058394432 -0.04901804402470589 0.08438786119222641
v -0.04678047075867653 -0.056050386279821396 0.08859668672084808
v -0.04677319899201393 -0.05571894347667694 0.08908915519714355
v -0.04686525836586952 -0.06000897288322449 0.0815882757306099
v -0.05361427739262581 -0.053004082292318344 0.07781427353620529
v -0.04688011109828949 -0.06070757657289505 0.08029100298881531
v -0.04688011109828949 -0.06070757657289505 0.08029100298881531
v -0.05361427739262581 -0.053004082292318344 0.07781427353620529
v -0.05389321595430374 -0.056303370743989944 0.07086876779794693
v -0.04688011109828949 -0.06070757657289505 0.08029100298881531
v -0.05389321595430374 -0.056303370743989944 0.07086876779794693
v -0.04692957550287247 -0.06314907968044281 0.07441044598817825
v -0.046980734914541245 -0.06579573452472687 0.06658079475164413
v -0.046980276703834534 -0.0657714381814003 0.06665877252817154
v -0.05415396764874458 -0.058983054012060165 0.06365364044904709
v -0.05415396764874458 -0.058983054012060165 0.06365364044904709
v -0.046980276703834534 -0.0657714381814003 0.06665877252817154
v -0.046946413815021515 -0.06398022174835205 0.07240858674049377
v -0.05415396764874458 -0.058983054012060165 0.06365364044904709
v -0.046946413815021515 -0.06398022174835205 0.07240858674049377
v -0.05389321595430374 -0.056303370743989944 0.07086876779794693
v -0.05389321595430374 -0.056303370743989944 0.07086876779794693
v -0.046946413815021515 -0.06398022174835205 0.07240858674049377
v -0.04693124443292618 -0.06323139369487762 0.07421219348907471
v -0.05389321595430374 -0.056303370743989944 0.07086876779794693
v -0.04693124443292618 -0.06323139369487762 0.07421219348907471
v -0.04692957550287247 -0.06314907968044281 0.07441044598817825
v -0.046980734914541245 -0.06579573452472687 0.06658079475164413
v -0.05415396764874458 -0.058983054012060165 0.06365364044904709
v -0.04699879139661789 -0.0667508989572525 0.06351471692323685
v -0.04699879139661789 -0.0667508989572525 0.06351471692323685
v -0.05415396764874458 -0.058983054012060165 0.06365364044904709
v -0.054392728954553604 -0.06111606955528259 0.0562470406293869
v -0.04699879139661789 -0.0667508989572525 0.06351471692323685
v -0.054392728954553604 -0.06111606955528259 0.0562470406293869
v -0.04701515659689903 -0.06779942661523819 0.058782149106264114
v -0.04705348238348961 -0.07056953012943268 0.042807769030332565
v -0.04705331474542618 -0.07055580615997314 0.04290192574262619
v -0.054790861904621124 -0.06402398645877838 0.041076093912124634
v -0.054790861904621124 -0.06402398645877838 0.041076093912124634
v -0.04705331474542618 -0.07055580615997314 0.04290192574262619
v -0.0470353364944458 -0.06909243762493134 0.052946094423532486
v -0.054790861904621124 -0.06402398645877838 0.041076093912124634
v -0.0470353364944458 -0.06909243762493134 0.052946094423532486
v -0.054392728954553604 -0.06111606955528259 0.0562470406293869
v -0.054392728954553604 -0.06111606955528259 0.0562470406293869
v -0.0470353364944458 -0.06909243762493134 0.052946094423532486
v -0.04701525717973709 -0.06780599802732468 0.05875248461961746
v -0.054392728954553604 -0.06111606955528259 0.0562470406293869
v -0.04701525717973709 -0.06780599802732468 0.05875248461961746
v -0.04701515659689903 -0.06779942661523819 0.058782149106264114
v -0.0533103421330452 0.054834332317113876 0.09662821143865585
v -0.057240478694438934 0.060227591544389725 0.0893486961722374
v -0.05404546856880188 0.0403994619846344 0.10043662786483765
v -0.05404546856880188 0.0403994619846344 0.10043662786483765
v -0.057240478694438934 0.060227591544389725 0.0893486961722374
v -0.05812038108706474 0.046465639024972916 0.09305360913276672
v -0.05404546856880188 0.0403994619846344 0.10043662786483765
v -0.05812038108706474 0.046465639024972916 0.09305360913276672
v -0.054891351610422134 0.025718245655298233 0.10298410803079605
v -0.054891351610422134 0.025718245655298233 0.10298410803079605
v -0.05812038108706474 0.046465639024972916 0.09305360913276672
v -0.059150781482458115 0.03247429057955742 0.09558390825986862
v -0.054891351610422134 0.025718245655298233 0.10298410803079605
v -0.059150781482458115 0.03247429057955742 0.09558390825986862
v -0.05582008883357048 0.010873799212276936 0.10383205115795135
v -0.05582008883357048 0.010873799212276936 0.10383205115795135
v -0.059150781482458115 0.03247429057955742 0.09558390825986862
v -0.060297224670648575 0.018326621502637863 0.09654199331998825
v -0.05582008883357048 0.010873799212276936 0.10383205115795135
v -0.060297224670648575 0.018326621502637863 0.09654199331998825
v -0.056302983313798904 0.0034573206212371588 0.1034405380487442
v -0.056302983313798904 0.0034573206212371588 0.1034405380487442
v -0.060297224670648575 0.018326621502637863 0.09654199331998825
v -0.06150835379958153 0.004238976165652275 0.0953981801867485
v -0.057240478694438934 0.060227591544389725 0.0893486961722374
v -0.06054362654685974 0.06606651842594147 0.08183403313159943
v -0.05812038108706474 0.046465639024972916 0.09305360913276672
v -0.05812038108706474 0.046465639024972916 0.09305360913276672
v -0.06054362654685974 0.06606651842594147 0.08183403313159943
v -0.06152329593896866 0.05301694944500923 0.08545799553394318
v -0.05812038108706474 0.046465639024972916 0.09305360913276672
v -0.06152329593896866 0.05301694944500923 0.08545799553394318
v -0.059150781482458115 0.03247429057955742 0.09558390825986862
v -0.059150781482458115 0.03247429057955742 0.09558390825986862
v -0.06152329593896866 0.05301694944500923 0.08545799553394318
v -0.06268840283155441 0.039749350398778915 0.08799230307340622
v -0.059150781482458115 0.03247429057955742 0.09558390825986862
v -0.06268840283155441 0.039749350398778915 0.08799230307340622
v -0.060297224670648575 0.018326621502637863 0.09654199331998825
v -0.060297224670648575 0.018326621502637863 0.09654199331998825
v -0.06268840283155441 0.039749350398778915 0.08799230307340622
v -0.0640026107430458 0.02632751874625683 0.08907999098300934
v -0.060297224670648575 0.018326621502637863 0.09654199331998825
v -0.0640026107430458 0.02632751874625683 0.08907999098300934
v -0.06150835379958153 0.004238976165652275 0.0953981801867485
v -0.06150835379958153 0.004238976165652275 0.0953981801867485
v -0.0640026107430458 0.02632751874625683 0.08907999098300934
v -0.06541086733341217 0.012938152067363262 0.08824891597032547
v -0.06150835379958153 0.004238976165652275 0.0953981801867485
v -0.06541086733341217 0.012938152067363262 0.08824891597032547
v -0.062120191752910614 -0.002641700441017747 0.09384871274232864
v -0.062120191752910614 -0.002641700441017747 0.09384871274232864
v -0.06541086733341217 0.012938152067363262 0.08824891597032547
v -0.06613080203533173 0.006376666482537985 0.08694495260715485
v -0.062120191752910614 -0.002641700441017747 0.09384871274232864
v -0.06613080203533173 0.006376666482537985 0.08694495260715485
v -0.06272976845502853 -0.009293142706155777 0.09156211465597153
v -0.06272976845502853 -0.009293142706155777 0.09156211465597153
v -0.06613080203533173 0.006376666482537985 0.08694495260715485
v -0.06685417890548706 7.844036190363113e-06 0.08497098088264465
v -0.06272976845502853 -0.009293142706155777 0.09156211465597153
v -0.06685417890548706 7.844036190363113e-06 0.08497098088264465
v -0.06333635747432709 -0.015601432882249355 0.08850729465484619
v -0.06333635747432709 -0.015601432882249355 0.08850729465484619
v -0.06685417890548706 7.844036190363113e-06 0.08497098088264465
v -0.0675799697637558 -0.006069357506930828 0.08229595422744751
v -0.06333635747432709 -0.015601432882249355 0.08850729465484619
v -0.0675799697637558 -0.006069357506930828 0.08229595422744751
v -0.06394238024950027 -0.02145201340317726 0.08470120280981064
v -0.06394238024950027 -0.02145201340317726 0.08470120280981064
v -0.0675799697637558 -0.006069357506930828 0.08229595422744751
v -0.06831027567386627 -0.01175371278077364 0.07892849296331406
v -0.06394238024950027 -0.02145201340317726 0.08470120280981064
v -0.06831027567386627 -0.01175371278077364 0.07892849296331406
v -0.064549520611763 -0.02675323560833931 0.08020700514316559
v -0.064549520611763 -0.02675323560833931 0.08020700514316559
v -0.06831027567386627 -0.01175371278077364 0.07892849296331406
v -0.0690460205078125 -0.01696125604212284 0.07491613924503326
v -0.064549520611763 -0.02675323560833931 0.08020700514316559
v -0.0690460205078125 -0.01696125604212284 0.07491613924503326
v -0.06515579670667648 -0.031455717980861664 0.07511939108371735
v -0.06515579670667648 -0.031455717980861664 0.07511939108371735
v -0.0690460205078125 -0.01696125604212284 0.07491613924503326
v -0.06978365033864975 -0.02164136990904808 0.0703335627913475
v -0.06515579670667648 -0.031455717980861664 0.07511939108371735
v -0.06978365033864975 -0.02164136990904808 0.0703335627913475
v -0.06575487554073334 -0.035547107458114624 0.06954079121351242
v -0.06575487554073334 -0.035547107458114624 0.06954079121351242
v -0.06978365033864975 -0.02164136990904808 0.0703335627913475
v -0.07051441073417664 -0.02577304095029831 0.06526374816894531
v -0.06575487554073334 -0.035547107458114624 0.06954079121351242
v -0.07051441073417664 -0.02577304095029831 0.06526374816894531
v -0.06633689999580383 -0.03904664143919945 0.06356754899024963
v -0.06633689999580383 -0.03904664143919945 0.06356754899024963
v -0.07051441073417664 -0.02577304095029831 0.06526374816894531
v -0.07122544944286346 -0.029361186549067497 0.05978747084736824
v -0.06633689999580383 -0.03904664143919945 0.06356754899024963
v -0.07122544944286346 -0.029361186549067497 0.05978747084736824
v -0.0674024373292923 -0.044417910277843475 0.05075085163116455
v -0.07060323655605316 -0.04436356946825981 0.035712845623493195
v -0.0683092549443245 -0.04830876365303993 0.034655746072530746
v -0.06826309114694595 -0.04791206866502762 0.03717384487390518
v -0.06826309114694595 -0.04791206866502762 0.03717384487390518
v -0.0683092549443245 -0.04830876365303993 0.034655746072530746
v -0.06196543201804161 -0.05637909844517708 0.0391525961458683
v -0.06826309114694595 -0.04791206866502762 0.03717384487390518
v -0.06196543201804161 -0.05637909844517708 0.0391525961458683
v -0.0674024373292923 -0.044417910277843475 0.05075085163116455
v -0.06196543201804161 -0.05637909844517708 0.0391525961458683
v -0.06132103130221367 -0.053173765540122986 0.0535348579287529
v -0.0674024373292923 -0.044417910277843475 0.05075085163116455
v -0.0674024373292923 -0.044417910277843475 0.05075085163116455
v -0.06132103130221367 -0.053173765540122986 0.0535348579287529
v -0.06093724071979523 -0.050890397280454636 0.06050724908709526
v -0.0674024373292923 -0.044417910277843475 0.05075085163116455
v -0.06093724071979523 -0.050890397280454636 0.06050724908709526
v -0.06633689999580383 -0.03904664143919945 0.06356754899024963
v -0.06633689999580383 -0.03904664143919945 0.06356754899024963
v -0.06093724071979523 -0.050890397280454636 0.06050724908709526
v -0.06052201986312866 -0.04807611182332039 0.0672614797949791
v -0.06633689999580383 -0.03904664143919945 0.06356754899024963
v -0.06052201986312866 -0.04807611182332039 0.0672614797949791
v -0.06575487554073334 -0.035547107458114624 0.06954079121351242
v -0.06575487554073334 -0.035547107458114624 0.06954079121351242
v -0.06052201986312866 -0.04807611182332039 0.0672614797949791
v -0.06008351594209671 -0.04467334598302841 0.07372449338436127
v -0.06575487554073334 -0.035547107458114624 0.06954079121351242
v -0.06008351594209671 -0.04467334598302841 0.07372449338436127
v -0.06515579670667648 -0.031455717980861664 0.07511939108371735
v -0.06515579670667648 -0.031455717980861664 0.07511939108371735
v -0.06008351594209671 -0.04467334598302841 0.07372449338436127
v -0.05962977930903435 -0.04063085839152336 0.07980437576770782
v -0.06515579670667648 -0.031455717980861664 0.07511939108371735
v -0.05962977930903435 -0.04063085839152336 0.07980437576770782
v -0.064549520611763 -0.02675323560833931 0.08020700514316559
v -0.064549520611763 -0.02675323560833931 0.08020700514316559
v -0.05962977930903435 -0.04063085839152336 0.07980437576770782
v -0.05916744843125343 -0.035915251821279526 0.08538903295993805
v -0.064549520611763 -0.02675323560833931 0.08020700514316559
v -0.05916744843125343 -0.035915251821279526 0.08538903295993805
v -0.06394238024950027 -0.02145201340317726 0.08470120280981064
v -0.06394238024950027 -0.02145201340317726 0.08470120280981064
v -0.05916744843125343 -0.035915251821279526 0.08538903295993805
v -0.058700721710920334 -0.03053034469485283 0.09035652130842209
v -0.06394238024950027 -0.02145201340317726 0.08470120280981064
v -0.058700721710920334 -0.03053034469485283 0.09035652130842209
v -0.06333635747432709 -0.015601432882249355 0.08850729465484619
v -0.06333635747432709 -0.015601432882249355 0.08850729465484619
v -0.058700721710920334 -0.03053034469485283 0.09035652130842209
v -0.058230772614479065 -0.024524284526705742 0.09459225833415985
v -0.06333635747432709 -0.015601432882249355 0.08850729465484619
v -0.058230772614479065 -0.024524284526705742 0.09459225833415985
v -0.06272976845502853 -0.009293142706155777 0.09156211465597153
v -0.06272976845502853 -0.009293142706155777 0.09156211465597153
v -0.058230772614479065 -0.024524284526705742 0.09459225833415985
v -0.05775630474090576 -0.017996275797486305 0.09801772236824036
v -0.06272976845502853 -0.009293142706155777 0.09156211465597153
v -0.05775630474090576 -0.017996275797486305 0.09801772236824036
v -0.062120191752910614 -0.002641700441017747 0.09384871274232864
v -0.062120191752910614 -0.002641700441017747 0.09384871274232864
v -0.05775630474090576 -0.017996275797486305 0.09801772236824036
v -0.057275738567113876 -0.011074031703174114 0.10060782730579376
v -0.062120191752910614 -0.002641700441017747 0.09384871274232864
v -0.057275738567113876 -0.011074031703174114 0.10060782730579376
v -0.06150835379958153 0.004238976165652275 0.0953981801867485
v -0.06150835379958153 0.004238976165652275 0.0953981801867485
v -0.057275738567113876 -0.011074031703174114 0.10060782730579376
v -0.0567900650203228 -0.003886342281475663 0.10239376127719879
v -0.06150835379958153 0.004238976165652275 0.0953981801867485
v -0.0567900650203228 -0.003886342281475663 0.10239376127719879
v -0.056302983313798904 0.0034573206212371588 0.1034405380487442
v -0.06174991652369499 -0.05792316794395447 0.03207875043153763
v -0.05629236623644829 -0.06395909935235977 0.030460529029369354
v -0.06196543201804161 -0.05637909844517708 0.0391525961458683
v -0.06196543201804161 -0.05637909844517708 0.0391525961458683
v -0.05629236623644829 -0.06395909935235977 0.030460529029369354
v -0.054790861904621124 -0.06402398645877838 0.041076093912124634
v -0.06196543201804161 -0.05637909844517708 0.0391525961458683
v -0.054790861904621124 -0.06402398645877838 0.041076093912124634
v -0.06132103130221367 -0.053173765540122986 0.0535348579287529
v -0.06132103130221367 -0.053173765540122986 0.0535348579287529
v -0.054790861904621124 -0.06402398645877838 0.041076093912124634
v -0.054392728954553604 -0.06111606955528259 0.0562470406293869
v -0.06132103130221367 -0.053173765540122986 0.0535348579287529
v -0.054392728954553604 -0.06111606955528259 0.0562470406293869
v -0.06093724071979523 -0.050890397280454636 0.06050724908709526
v -0.06093724071979523 -0.050890397280454636 0.06050724908709526
v -0.054392728954553604 -0.06111606955528259 0.0562470406293869
v -0.05415396764874458 -0.058983054012060165 0.06365364044904709
v -0.06093724071979523 -0.050890397280454636 0.06050724908709526
v -0.05415396764874458 -0.058983054012060165 0.06365364044904709
v -0.06052201986312866 -0.04807611182332039 0.0672614797949791
v -0.06052201986312866 -0.04807611182332039 0.0672614797949791
v -0.05415396764874458 -0.058983054012060165 0.06365364044904709
v -0.05389321595430374 -0.056303370743989944 0.07086876779794693
v -0.06052201986312866 -0.04807611182332039 0.0672614797949791
v -0.05389321595430374 -0.056303370743989944 0.07086876779794693
v -0.06008351594209671 -0.04467334598302841 0.07372449338436127
v -0.06008351594209671 -0.04467334598302841 0.07372449338436127
v -0.05389321595430374 -0.056303370743989944 0.07086876779794693
v -0.05361427739262581 -0.053004082292318344 0.07781427353620529
v -0.06008351594209671 -0.04467334598302841 0.07372449338436127
v -0.05361427739262581 -0.053004082292318344 0.07781427353620529
v -0.05962977930903435 -0.04063085839152336 0.07980437576770782
v -0.05962977930903435 -0.04063085839152336 0.07980437576770782
v -0.05361427739262581 -0.053004082292318344 0.07781427353620529
v -0.05332094058394432 -0.04901804402470589 0.08438786119222641
v -0.05962977930903435 -0.04063085839152336 0.07980437576770782
v -0.05332094058394432 -0.04901804402470589 0.08438786119222641
v -0.05916744843125343 -0.035915251821279526 0.08538903295993805
v -0.05916744843125343 -0.035915251821279526 0.08538903295993805
v -0.05332094058394432 -0.04901804402470589 0.08438786119222641
v -0.053016435354948044 -0.044297873973846436 0.09046147018671036
v -0.05916744843125343 -0.035915251821279526 0.08538903295993805
v -0.053016435354948044 -0.044297873973846436 0.09046147018671036
v -0.058700721710920334 -0.03053034469485283 0.09035652130842209
v -0.058700721710920334 -0.03053034469485283 0.09035652130842209
v -0.053016435354948044 -0.044297873973846436 0.09046147018671036
v -0.052703093737363815 -0.0388389490544796 0.09589358419179916
v -0.058700721710920334 -0.03053034469485283 0.09035652130842209
v -0.052703093737363815 -0.0388389490544796 0.09589358419179916
v -0.058230772614479065 -0.024524284526705742 0.09459225833415985
v -0.058230772614479065 -0.024524284526705742 0.09459225833415985
v -0.052703093737363815 -0.0388389490544796 0.09589358419179916
v -0.052382033318281174 -0.032688207924366 0.10054986923933029
v -0.058230772614479065 -0.024524284526705742 0.09459225833415985
v -0.052382033318281174 -0.032688207924366 0.10054986923933029
v -0.05775630474090576 -0.017996275797486305 0.09801772236824036
v -0.05775630474090576 -0.017996275797486305 0.09801772236824036
v -0.052382033318281174 -0.032688207924366 0.10054986923933029
v -0.0520535372197628 -0.025952279567718506 0.1043367013335228
v -0.05775630474090576 -0.017996275797486305 0.09801772236824036
v -0.0520535372197628 -0.025952279567718506 0.1043367013335228
v -0.057275738567113876 -0.011074031703174114 0.10060782730579376
v -0.057275738567113876 -0.011074031703174114 0.10060782730579376
v -0.0520535372197628 -0.025952279567718506 0.1043367013335228
v -0.05171799659729004 -0.018771851435303688 0.10722106695175171
v -0.057275738567113876 -0.011074031703174114 0.10060782730579376
v -0.05171799659729004 -0.018771851435303688 0.10722106695175171
v -0.0567900650203228 -0.003886342281475663 0.10239376127719879
v -0.0567900650203228 -0.003886342281475663 0.10239376127719879
v -0.05171799659729004 -0.018771851435303688 0.10722106695175171
v -0.051377225667238235 -0.011290507391095161 0.10923430323600769
v -0.0567900650203228 -0.003886342281475663 0.10239376127719879
v -0.051377225667238235 -0.011290507391095161 0.10923430323600769
v -0.056302983313798904 0.0034573206212371588 0.1034405380487442
v -0.056302983313798904 0.0034573206212371588 0.1034405380487442
v -0.051377225667238235 -0.011290507391095161 0.10923430323600769
v -0.05103438347578049 -0.0036310413852334023 0.11044628173112869
v -0.056302983313798904 0.0034573206212371588 0.1034405380487442
v -0.05103438347578049 -0.0036310413852334023 0.11044628173112869
v -0.05582008883357048 0.010873799212276936 0.10383205115795135
v -0.05582008883357048 0.010873799212276936 0.10383205115795135
v -0.05103438347578049 -0.0036310413852334023 0.11044628173112869
v -0.05069340765476227 0.004112865310162306 0.11094853281974792
v -0.05582008883357048 0.010873799212276936 0.10383205115795135
v -0.05069340765476227 0.004112865310162306 0.11094853281974792
v -0.054891351610422134 0.025718245655298233 0.10298410803079605
v -0.054891351610422134 0.025718245655298233 0.10298410803079605
v -0.05069340765476227 0.004112865310162306 0.11094853281974792
v -0.05003281310200691 0.019620057195425034 0.11019095033407211
v -0.054891351610422134 0.025718245655298233 0.10298410803079605
v -0.05003281310200691 0.019620057195425034 0.11019095033407211
v -0.05404546856880188 0.0403994619846344 0.10043662786483765
v -0.05404546856880188 0.0403994619846344 0.10043662786483765
v -0.05003281310200691 0.019620057195425034 0.11019095033407211
v -0.0494212731719017 0.03495078533887863 0.10760477930307388
v -0.05404546856880188 0.0403994619846344 0.10043662786483765
v -0.0494212731719017 0.03495078533887863 0.10760477930307388
v -0.0533103421330452 0.054834332317113876 0.09662821143865585
v -0.0533103421330452 0.054834332317113876 0.09662821143865585
v -0.0494212731719017 0.03495078533887863 0.10760477930307388
v -0.04887545853853226 0.05001112073659897 0.10366992652416229
v -0.06588242202997208 0.07251892238855362 0.06703146547079086
v -0.0665491446852684 0.06988159567117691 0.06632449477910995
v -0.0660247802734375 0.06704229861497879 0.0697237178683281
v -0.0660247802734375 0.06704229861497879 0.0697237178683281
v -0.0665491446852684 0.06988159567117691 0.06632449477910995
v -0.0683513730764389 0.06275255233049393 0.06441346555948257
v -0.0660247802734375 0.06704229861497879 0.0697237178683281
v -0.0683513730764389 0.06275255233049393 0.06441346555948257
v -0.06731421500444412 0.055295899510383606 0.07232187688350677
v -0.06731421500444412 0.055295899510383606 0.07232187688350677
v -0.0683513730764389 0.06275255233049393 0.06441346555948257
v -0.06866549700498581 0.06150997802615166 0.0640803724527359
v -0.06731421500444412 0.055295899510383606 0.07232187688350677
v -0.06866549700498581 0.06150997802615166 0.0640803724527359
v -0.06881759315729141 0.04339064285159111 0.07371940463781357
v -0.06881759315729141 0.04339064285159111 0.07371940463781357
v -0.06866549700498581 0.06150997802615166 0.0640803724527359
v -0.06988281011581421 0.05219360813498497 0.06589462608098984
v -0.06881759315729141 0.04339064285159111 0.07371940463781357
v -0.06988281011581421 0.05219360813498497 0.06589462608098984
v -0.07049062848091125 0.03145859017968178 0.07356075197458267
v -0.07049062848091125 0.03145859017968178 0.07356075197458267
v -0.06988281011581421 0.05219360813498497 0.06589462608098984
v -0.07162264734506607 0.04101046174764633 0.06608841568231583
v -0.07049062848091125 0.03145859017968178 0.07356075197458267
v -0.07162264734506607 0.04101046174764633 0.06608841568231583
v -0.07227957248687744 0.019792960956692696 0.07144567370414734
v -0.07227957248687744 0.019792960956692696 0.07144567370414734
v -0.07162264734506607 0.04101046174764633 0.06608841568231583
v -0.07353319227695465 0.02999965287744999 0.06457074731588364
v -0.07227957248687744 0.019792960956692696 0.07144567370414734
v -0.07353319227695465 0.02999965287744999 0.06457074731588364
v -0.07320546358823776 0.014208709821105003 0.06955376267433167
v -0.07320546358823776 0.014208709821105003 0.06955376267433167
v -0.07353319227695465 0.02999965287744999 0.06457074731588364
v -0.07556963711977005 0.019546236842870712 0.061069175601005554
v -0.07320546358823776 0.014208709821105003 0.06955376267433167
v -0.07556963711977005 0.019546236842870712 0.061069175601005554
v -0.07414928823709488 0.008887119591236115 0.06708654016256332
v -0.07414928823709488 0.008887119591236115 0.06708654016256332
v -0.07556963711977005 0.019546236842870712 0.061069175601005554
v -0.0751068964600563 0.0038964080158621073 0.0640595555305481
v -0.0751068964600563 0.0038964080158621073 0.0640595555305481
v -0.07556963711977005 0.019546236842870712 0.061069175601005554
v -0.07767152786254883 0.010119077749550343 0.055510859936475754
v -0.0751068964600563 0.0038964080158621073 0.0640595555305481
v -0.07767152786254883 0.010119077749550343 0.055510859936475754
v -0.07606925070285797 -0.0007103154784999788 0.060507070273160934
v -0.07606925070285797 -0.0007103154784999788 0.060507070273160934
v -0.07767152786254883 0.010119077749550343 0.055510859936475754
v -0.07958107441663742 0.002471958054229617 0.04826280102133751
v -0.07606925070285797 -0.0007103154784999788 0.060507070273160934
v -0.07958107441663742 0.002471958054229617 0.04826280102133751
v -0.07794693857431412 -0.008631506934762001 0.0520084984600544
v -0.07794693857431412 -0.008631506934762001 0.0520084984600544
v -0.07958107441663742 0.002471958054229617 0.04826280102133751
v -0.07961208373308182 0.0017174390377476811 0.0480605810880661
v -0.07794693857431412 -0.008631506934762001 0.0520084984600544
v -0.07961208373308182 0.0017174390377476811 0.0480605810880661
v -0.07982394844293594 -0.0034373747184872627 0.046679046005010605
v -0.07947065681219101 -0.012370778247714043 0.04428531229496002
v -0.07930158078670502 -0.013703548349440098 0.04392818361520767
v -0.07794693857431412 -0.008631506934762001 0.0520084984600544
v -0.07794693857431412 -0.008631506934762001 0.0520084984600544
v -0.07930158078670502 -0.013703548349440098 0.04392818361520767
v -0.07511026412248611 -0.019172949716448784 0.05592925101518631
v -0.07794693857431412 -0.008631506934762001 0.0520084984600544
v -0.07511026412248611 -0.019172949716448784 0.05592925101518631
v -0.07606925070285797 -0.0007103154784999788 0.060507070273160934
v -0.07606925070285797 -0.0007103154784999788 0.060507070273160934
v -0.07511026412248611 -0.019172949716448784 0.05592925101518631
v -0.07343557476997375 -0.011342965997755527 0.06545653939247131
v -0.07606925070285797 -0.0007103154784999788 0.060507070273160934
v -0.07343557476997375 -0.011342965997755527 0.06545653939247131
v -0.0751068964600563 0.0038964080158621073 0.0640595555305481
v -0.0751068964600563 0.0038964080158621073 0.0640595555305481
v -0.07343557476997375 -0.011342965997755527 0.06545653939247131
v -0.07257898151874542 -0.006694885436445475 0.06952688097953796
v -0.0751068964600563 0.0038964080158621073 0.0640595555305481
v -0.07257898151874542 -0.006694885436445475 0.06952688097953796
v -0.07414928823709488 0.008887119591236115 0.06708654016256332
v -0.07414928823709488 0.008887119591236115 0.06708654016256332
v -0.07257898151874542 -0.006694885436445475 0.06952688097953796
v -0.07172618806362152 -0.0015910634538158774 0.0730496495962143
v -0.07414928823709488 0.008887119591236115 0.06708654016256332
v -0.07172618806362152 -0.0015910634538158774 0.0730496495962143
v -0.07320546358823776 0.014208709821105003 0.06955376267433167
v -0.07320546358823776 0.014208709821105003 0.06955376267433167
v -0.07172618806362152 -0.0015910634538158774 0.0730496495962143
v -0.07088308781385422 0.003916643094271421 0.07597030699253082
v -0.07320546358823776 0.014208709821105003 0.06955376267433167
v -0.07088308781385422 0.003916643094271421 0.07597030699253082
v -0.07227957248687744 0.019792960956692696 0.07144567370414734
v -0.07088308781385422 0.003916643094271421 0.07597030699253082
v -0.07005073130130768 0.009752076119184494 0.07825717329978943
v -0.07227957248687744 0.019792960956692696 0.07144567370414734
v -0.07227957248687744 0.019792960956692696 0.07144567370414734
v -0.07005073130130768 0.009752076119184494 0.07825717329978943
v -0.06922843307256699 0.015827523544430733 0.07991020381450653
v -0.07227957248687744 0.019792960956692696 0.07144567370414734
v -0.06922843307256699 0.015827523544430733 0.07991020381450653
v -0.07049062848091125 0.03145859017968178 0.07356075197458267
v -0.07049062848091125 0.03145859017968178 0.07356075197458267
v -0.06922843307256699 0.015827523544430733 0.07991020381450653
v -0.06841810792684555 0.022059069946408272 0.08096043020486832
v -0.07049062848091125 0.03145859017968178 0.07356075197458267
v -0.06841810792684555 0.022059069946408272 0.08096043020486832
v -0.06881759315729141 0.04339064285159111 0.07371940463781357
v -0.06881759315729141 0.04339064285159111 0.07371940463781357
v -0.06841810792684555 0.022059069946408272 0.08096043020486832
v -0.06685592234134674 0.03472834825515747 0.08146210014820099
v -0.06881759315729141 0.04339064285159111 0.07371940463781357
v -0.06685592234134674 0.03472834825515747 0.08146210014820099
v -0.06731421500444412 0.055295899510383606 0.07232187688350677
v -0.06731421500444412 0.055295899510383606 0.07232187688350677
v -0.06685592234134674 0.03472834825515747 0.08146210014820099
v -0.06542296707630157 0.047400739043951035 0.08022692799568176
v -0.06731421500444412 0.055295899510383606 0.07232187688350677
v -0.06542296707630157 0.047400739043951035 0.08022692799568176
v -0.0660247802734375 0.06704229861497879 0.0697237178683281
v -0.0660247802734375 0.06704229861497879 0.0697237178683281
v -0.06542296707630157 0.047400739043951035 0.08022692799568176
v -0.0641719326376915 0.059917643666267395 0.07766900956630707
v -0.0660247802734375 0.06704229861497879 0.0697237178683281
v -0.0641719326376915 0.059917643666267395 0.07766900956630707
v -0.06535492837429047 0.07421379536390305 0.06748594343662262
v -0.06535492837429047 0.07421379536390305 0.06748594343662262
v -0.0641719326376915 0.059917643666267395 0.07766900956630707
v -0.06313635408878326 0.07222376763820648 0.07410499453544617
v -0.06535492837429047 0.07421379536390305 0.06748594343662262
v -0.06313635408878326 0.07222376763820648 0.07410499453544617
v -0.06453916430473328 0.07683490216732025 0.06818879395723343
v -0.06453916430473328 0.07683490216732025 0.06818879395723343
v -0.06313635408878326 0.07222376763820648 0.07410499453544617
v -0.06274334341287613 0.08260498195886612 0.06973603367805481
v -0.07060323655605316 -0.04436356946825981 0.035712845623493195
v -0.06826309114694595 -0.04791206866502762 0.03717384487390518
v -0.07118667662143707 -0.043058596551418304 0.03606249764561653
v -0.07118667662143707 -0.043058596551418304 0.03606249764561653
v -0.06826309114694595 -0.04791206866502762 0.03717384487390518
v -0.0674024373292923 -0.044417910277843475 0.05075085163116455
v -0.07118667662143707 -0.043058596551418304 0.03606249764561653
v -0.0674024373292923 -0.044417910277843475 0.05075085163116455
v -0.07252795994281769 -0.034990716725587845 0.04789535328745842
v -0.07252795994281769 -0.034990716725587845 0.04789535328745842
v -0.0674024373292923 -0.044417910277843475 0.05075085163116455
v -0.07122544944286346 -0.029361186549067497 0.05978747084736824
v -0.07252795994281769 -0.034990716725587845 0.04789535328745842
v -0.07122544944286346 -0.029361186549067497 0.05978747084736824
v -0.07511026412248611 -0.019172949716448784 0.05592925101518631
v -0.07511026412248611 -0.019172949716448784 0.05592925101518631
v -0.07122544944286346 -0.029361186549067497 0.05978747084736824
v -0.07051441073417664 -0.02577304095029831 0.06526374816894531
v -0.07511026412248611 -0.019172949716448784 0.05592925101518631
v -0.07051441073417664 -0.02577304095029831 0.06526374816894531
v -0.07343557476997375 -0.011342965997755527 0.06545653939247131
v -0.07343557476997375 -0.011342965997755527 0.06545653939247131
v -0.07051441073417664 -0.02577304095029831 0.06526374816894531
v -0.06978365033864975 -0.02164136990904808 0.0703335627913475
v -0.07343557476997375 -0.011342965997755527 0.06545653939247131
v -0.06978365033864975 -0.02164136990904808 0.0703335627913475
v -0.07257898151874542 -0.006694885436445475 0.06952688097953796
v -0.07257898151874542 -0.006694885436445475 0.06952688097953796
v -0.06978365033864975 -0.02164136990904808 0.0703335627913475
v -0.0690460205078125 -0.01696125604212284 0.07491613924503326
v -0.07257898151874542 -0.006694885436445475 0.06952688097953796
v -0.0690460205078125 -0.01696125604212284 0.07491613924503326
v -0.07172618806362152 -0.0015910634538158774 0.0730496495962143
v -0.07172618806362152 -0.0015910634538158774 0.0730496495962143
v -0.0690460205078125 -0.01696125604212284 0.07491613924503326
v -0.06831027567386627 -0.01175371278077364 0.07892849296331406
v -0.07172618806362152 -0.0015910634538158774 0.0730496495962143
v -0.06831027567386627 -0.01175371278077364 0.07892849296331406
v -0.07088308781385422 0.003916643094271421 0.07597030699253082
v -0.07088308781385422 0.003916643094271421 0.07597030699253082
v -0.06831027567386627 -0.01175371278077364 0.07892849296331406
v -0.0675799697637558 -0.006069357506930828 0.08229595422744751
v -0.07088308781385422 0.003916643094271421 0.07597030699253082
v -0.0675799697637558 -0.006069357506930828 0.08229595422744751
v -0.07005073130130768 0.009752076119184494 0.07825717329978943
v -0.07005073130130768 0.009752076119184494 0.07825717329978943
v -0.0675799697637558 -0.006069357506930828 0.08229595422744751
v -0.06685417890548706 7.844036190363113e-06 0.08497098088264465
v -0.07005073130130768 0.009752076119184494 0.07825717329978943
v -0.06685417890548706 7.844036190363113e-06 0.08497098088264465
v -0.06922843307256699 0.015827523544430733 0.07991020381450653
v -0.06922843307256699 0.015827523544430733 0.07991020381450653
v -0.06685417890548706 7.844036190363113e-06 0.08497098088264465
v -0.06613080203533173 0.006376666482537985 0.08694495260715485
v -0.06922843307256699 0.015827523544430733 0.07991020381450653
v -0.06613080203533173 0.006376666482537985 0.08694495260715485
v -0.06841810792684555 0.022059069946408272 0.08096043020486832
v -0.06841810792684555 0.022059069946408272 0.08096043020486832
v -0.06613080203533173 0.006376666482537985 0.08694495260715485
v -0.06541086733341217 0.012938152067363262 0.08824891597032547
v -0.06841810792684555 0.022059069946408272 0.08096043020486832
v -0.06541086733341217 0.012938152067363262 0.08824891597032547
v -0.06685592234134674 0.03472834825515747 0.08146210014820099
v -0.06685592234134674 0.03472834825515747 0.08146210014820099
v -0.06541086733341217 0.012938152067363262 0.08824891597032547
v -0.0640026107430458 0.02632751874625683 0.08907999098300934
v -0.06685592234134674 0.03472834825515747 0.08146210014820099
v -0.0640026107430458 0.02632751874625683 0.08907999098300934
v -0.06542296707630157 0.047400739043951035 0.08022692799568176
v -0.06542296707630157 0.047400739043951035 0.08022692799568176
v -0.0640026107430458 0.02632751874625683 0.08907999098300934
v -0.06268840283155441 0.039749350398778915 0.08799230307340622
v -0.06542296707630157 0.047400739043951035 0.08022692799568176
v -0.06268840283155441 0.039749350398778915 0.08799230307340622
v -0.0641719326376915 0.059917643666267395 0.07766900956630707
v -0.0641719326376915 0.059917643666267395 0.07766900956630707
v -0.06268840283155441 0.039749350398778915 0.08799230307340622
v -0.06152329593896866 0.05301694944500923 0.08545799553394318
v -0.0641719326376915 0.059917643666267395 0.07766900956630707
v -0.06152329593896866 0.05301694944500923 0.08545799553394318
v -0.06313635408878326 0.07222376763820648 0.07410499453544617
v -0.06313635408878326 0.07222376763820648 0.07410499453544617
v -0.06152329593896866 0.05301694944500923 0.08545799553394318
v -0.06054362654685974 0.06606651842594147 0.08183403313159943
v -0.06313635408878326 0.07222376763820648 0.07410499453544617
v -0.06054362654685974 0.06606651842594147 0.08183403313159943
v -0.059768982231616974 0.07889032363891602 0.07738607376813889
v -0.059768982231616974 0.07889032363891602 0.07738607376813889
v -0.06054362654685974 0.06606651842594147 0.08183403313159943
v -0.057240478694438934 0.060227591544389725 0.0893486961722374
v -0.059768982231616974 0.07889032363891602 0.07738607376813889
v -0.057240478694438934 0.060227591544389725 0.0893486961722374
v -0.05653040483593941 0.07375140488147736 0.0847621038556099
v -0.05653040483593941 0.07375140488147736 0.0847621038556099
v -0.057240478694438934 0.060227591544389725 0.0893486961722374
v -0.0533103421330452 0.054834332317113876 0.09662821143865585
v -0.05653040483593941 0.07375140488147736 0.0847621038556099
v -0.0533103421330452 0.054834332317113876 0.09662821143865585
v -0.05270194634795189 0.06901318579912186 0.09187988191843033
v -0.05270194634795189 0.06901318579912186 0.09187988191843033
v -0.0533103421330452 0.054834332317113876 0.09662821143865585
v -0.04887545853853226 0.05001112073659897 0.10366992652416229
v -0.05270194634795189 0.06901318579912186 0.09187988191843033
v -0.04887545853853226 0.05001112073659897 0.10366992652416229
v -0.04840487614274025 0.06479056924581528 0.09873638302087784
v -0.04840487614274025 0.06479056924581528 0.09873638302087784
v -0.04887545853853226 0.05001112073659897 0.10366992652416229
v -0.044347986578941345 0.05401437357068062 0.10741234570741653
v -0.04840487614274025 0.06479056924581528 0.09873638302087784
v -0.044347986578941345 0.05401437357068062 0.10741234570741653
v -0.044202569872140884 0.06143798306584358 0.10469502210617065
v -0.052851416170597076 -0.0667998269200325 0.02970186434686184
v -0.05478439852595329 -0.06487960368394852 0.030216507613658905
v -0.05499612167477608 -0.06564100086688995 0.018493684008717537
v -0.07474951446056366 -0.03350865840911865 0.03862234950065613
v -0.07606612890958786 -0.028882693499326706 0.0398612916469574
v -0.07744749635457993 -0.02529999241232872 0.03900156915187836
v -0.054189156740903854 0.10103655606508255 0.07467366009950638
v -0.055554721504449844 0.10233896225690842 0.07224955409765244
v -0.05564798042178154 0.09830398112535477 0.07394096255302429
v -0.08474941551685333 0.0007575719500891864 0.011407319456338882
v -0.08480978012084961 0.0005963795119896531 0.01043403148651123
v -0.08416955918073654 -0.009463063441216946 0.012433222495019436
v -0.08416955918073654 -0.009463063441216946 0.012433222495019436
v -0.08480978012084961 0.0005963795119896531 0.01043403148651123
v -0.08492624759674072 0.000314062723191455 0.006447360850870609
v -0.08439742773771286 -0.010172268375754356 1.0661255345212339e-07
v -0.08502736687660217 6.897468847455457e-05 0.0029864078387618065
v -0.0846238061785698 -0.008685765787959099 8.734296841339528e-08
v -0.0846238061785698 -0.008685765787959099 8.734296841339528e-08
v -0.08502736687660217 6.897468847455457e-05 0.0029864078387618065
v -0.08505656570196152 1.1034963790734764e-05 -8.737372492184647e-10
v -0.08391712605953217 0.003060647752135992 0.02207864820957184
v -0.08429712802171707 0.001980417175218463 0.01818733662366867
v -0.08372116088867188 -0.008289337158203125 0.019717933610081673
v -0.08372116088867188 -0.008289337158203125 0.019717933610081673
v -0.08429712802171707 0.001980417175218463 0.01818733662366867
v -0.08438429981470108 0.0017326152883470058 0.017294680699706078
v -0.08372116088867188 -0.008289337158203125 0.019717933610081673
v -0.08438429981470108 0.0017326152883470058 0.017294680699706078
v -0.08456683158874512 0.0012451630318537354 0.014351419173181057
v -0.08361256867647171 0.003948951605707407 0.024766569957137108
v -0.08376124501228333 0.0035037738271057606 0.023674920201301575
v -0.08305086940526962 -0.006418350152671337 0.026825036853551865
v -0.08305086940526962 -0.006418350152671337 0.026825036853551865
v -0.08376124501228333 0.0035037738271057606 0.023674920201301575
v -0.08391712605953217 0.003060647752135992 0.02207864820957184
v -0.08198483288288116 0.008965772576630116 0.03502758592367172
v -0.08270061016082764 0.0067170970141887665 0.03101884014904499
v -0.0821656882762909 -0.0037803680170327425 0.03363880515098572
v -0.0821656882762909 -0.0037803680170327425 0.03363880515098572
v -0.08270061016082764 0.0067170970141887665 0.03101884014904499
v -0.08295532315969467 0.005916910711675882 0.02959233708679676
v -0.0821656882762909 -0.0037803680170327425 0.03363880515098572
v -0.08295532315969467 0.005916910711675882 0.02959233708679676
v -0.08297170698642731 0.00586785888299346 0.029472053050994873
v -0.08198483288288116 0.008965772576630116 0.03502758592367172
v -0.08108684420585632 -0.0003422729787416756 0.0400276742875576
v -0.08171050250530243 0.009870216250419617 0.03623728081583977
v -0.08171050250530243 0.009870216250419617 0.03623728081583977
v -0.08108684420585632 -0.0003422729787416756 0.0400276742875576
v -0.08158165961503983 0.010294993408024311 0.036805421113967896
v -0.08158165961503983 0.010294993408024311 0.036805421113967896
v -0.08108684420585632 -0.0003422729787416756 0.0400276742875576
v -0.0808643251657486 0.012659982778131962 0.039968594908714294
v -0.0808643251657486 0.012659982778131962 0.039968594908714294
v -0.08108684420585632 -0.0003422729787416756 0.0400276742875576
v -0.07984897494316101 0.0038940159138292074 0.04585414379835129
v -0.0808643251657486 0.012659982778131962 0.039968594908714294
v -0.07984897494316101 0.0038940159138292074 0.04585414379835129
v -0.08029017597436905 0.014650573953986168 0.04198875650763512
v -0.0786021500825882 0.010321996174752712 0.05036556348204613
v -0.07887236773967743 0.01970830373466015 0.04644988849759102
v -0.07961005717515945 0.017008602619171143 0.04438181594014168
v -0.0786021500825882 0.010321996174752712 0.05036556348204613
v -0.07961005717515945 0.017008602619171143 0.04438181594014168
v -0.07866177707910538 0.009883686900138855 0.050248101353645325
v -0.07887236773967743 0.01970830373466015 0.04644988849759102
v -0.0786021500825882 0.010321996174752712 0.05036556348204613
v -0.0785730704665184 0.020803630352020264 0.04728895053267479
v -0.0785730704665184 0.020803630352020264 0.04728895053267479
v -0.0786021500825882 0.010321996174752712 0.05036556348204613
v -0.07733798772096634 0.01961512863636017 0.0528559684753418
v -0.0785730704665184 0.020803630352020264 0.04728895053267479
v -0.07733798772096634 0.01961512863636017 0.0528559684753418
v -0.07823959738016129 0.022024037316441536 0.0482238307595253
v -0.07823959738016129 0.022024037316441536 0.0482238307595253
v -0.07733798772096634 0.01961512863636017 0.0528559684753418
v -0.077381432056427 0.02535722404718399 0.05010520666837692
v -0.077381432056427 0.02535722404718399 0.05010520666837692
v -0.07733798772096634 0.01961512863636017 0.0528559684753418
v -0.07720109820365906 0.020621461793780327 0.05312564969062805
v -0.077381432056427 0.02535722404718399 0.05010520666837692
v -0.07720109820365906 0.020621461793780327 0.05312564969062805
v -0.07683951407670975 0.02746206521987915 0.051293257623910904
v -0.07683951407670975 0.02746206521987915 0.051293257623910904
v -0.07720109820365906 0.020621461793780327 0.05312564969062805
v -0.07590625435113907 0.027233531698584557 0.05489683151245117
v -0.07683951407670975 0.02746206521987915 0.051293257623910904
v -0.07590625435113907 0.027233531698584557 0.05489683151245117
v -0.0767720639705658 0.027724040672183037 0.05144112929701805
v -0.07444451004266739 0.034697841852903366 0.056896306574344635
v -0.07523775100708008 0.03409407287836075 0.053958285599946976
v -0.07590625435113907 0.027233531698584557 0.05489683151245117
v -0.07590625435113907 0.027233531698584557 0.05489683151245117
v -0.07523775100708008 0.03409407287836075 0.053958285599946976
v -0.07587097585201263 0.03146512061357498 0.05291943624615669
v -0.07590625435113907 0.027233531698584557 0.05489683151245117
v -0.07587097585201263 0.03146512061357498 0.05291943624615669
v -0.0767720639705658 0.027724040672183037 0.05144112929701805
v -0.07342950999736786 0.04230181872844696 0.0558328814804554
v -0.07382956892251968 0.04037416726350784 0.05556571111083031
v -0.073094941675663 0.04078147932887077 0.05852679908275604
v -0.073094941675663 0.04078147932887077 0.05852679908275604
v -0.07382956892251968 0.04037416726350784 0.05556571111083031
v -0.07428207248449326 0.0355273075401783 0.0571184977889061
v -0.07428207248449326 0.0355273075401783 0.0571184977889061
v -0.07382956892251968 0.04037416726350784 0.05556571111083031
v -0.07438620924949646 0.03789171576499939 0.05493031442165375
v -0.07428207248449326 0.0355273075401783 0.0571184977889061
v -0.07438620924949646 0.03789171576499939 0.05493031442165375
v -0.07444451004266739 0.034697841852903366 0.056896306574344635
v -0.07444451004266739 0.034697841852903366 0.056896306574344635
v -0.07438620924949646 0.03789171576499939 0.05493031442165375
v -0.07510075718164444 0.0347050316631794 0.05411466211080551
v -0.07444451004266739 0.034697841852903366 0.056896306574344635
v -0.07510075718164444 0.0347050316631794 0.05411466211080551
v -0.07523775100708008 0.03409407287836075 0.053958285599946976
v -0.07175581157207489 0.04670841619372368 0.060115426778793335
v -0.07242120057344437 0.04716034606099129 0.056506261229515076
v -0.073094941675663 0.04078147932887077 0.05852679908275604
v -0.073094941675663 0.04078147932887077 0.05852679908275604
v -0.07242120057344437 0.04716034606099129 0.056506261229515076
v -0.07296635955572128 0.04453350976109505 0.05614218860864639
v -0.073094941675663 0.04078147932887077 0.05852679908275604
v -0.07296635955572128 0.04453350976109505 0.05614218860864639
v -0.07342950999736786 0.04230181872844696 0.0558328814804554
v -0.07056960463523865 0.051788028329610825 0.061476320028305054
v -0.07103868573904037 0.05444381758570671 0.05673990771174431
v -0.07143565267324448 0.04812540486454964 0.060495227575302124
v -0.07143565267324448 0.04812540486454964 0.060495227575302124
v -0.07103868573904037 0.05444381758570671 0.05673990771174431
v -0.07163798809051514 0.051286522299051285 0.056638624519109726
v -0.07143565267324448 0.04812540486454964 0.060495227575302124
v -0.07163798809051514 0.051286522299051285 0.056638624519109726
v -0.07175581157207489 0.04670841619372368 0.060115426778793335
v -0.07175581157207489 0.04670841619372368 0.060115426778793335
v -0.07163798809051514 0.051286522299051285 0.056638624519109726
v -0.07186789810657501 0.05007530748844147 0.05659976974129677
v -0.07175581157207489 0.04670841619372368 0.060115426778793335
v -0.07186789810657501 0.05007530748844147 0.05659976974129677
v -0.07242120057344437 0.04716034606099129 0.056506261229515076
v -0.0684516504406929 0.07056491822004318 0.054914362728595734
v -0.06917925924062729 0.06573636084794998 0.05567454174160957
v -0.06830000877380371 0.06351876258850098 0.06261846423149109
v -0.06830000877380371 0.06351876258850098 0.06261846423149109
v -0.06917925924062729 0.06573636084794998 0.05567454174160957
v -0.06970608979463577 0.06224023178219795 0.05622494965791702
v -0.06830000877380371 0.06351876258850098 0.06261846423149109
v -0.06970608979463577 0.06224023178219795 0.05622494965791702
v -0.06929833441972733 0.057164356112480164 0.06291645020246506
v -0.06929833441972733 0.057164356112480164 0.06291645020246506
v -0.06970608979463577 0.06224023178219795 0.05622494965791702
v -0.07041756808757782 0.058077700436115265 0.05649988725781441
v -0.06929833441972733 0.057164356112480164 0.06291645020246506
v -0.07041756808757782 0.058077700436115265 0.05649988725781441
v -0.07056960463523865 0.051788028329610825 0.061476320028305054
v -0.07056960463523865 0.051788028329610825 0.061476320028305054
v -0.07041756808757782 0.058077700436115265 0.05649988725781441
v -0.07044559717178345 0.057913701981306076 0.056510720402002335
v -0.07056960463523865 0.051788028329610825 0.061476320028305054
v -0.07044559717178345 0.057913701981306076 0.056510720402002335
v -0.07103868573904037 0.05444381758570671 0.05673990771174431
v -0.06673894822597504 0.08482334017753601 0.05101838335394859
v -0.06730570644140244 0.07945183664560318 0.05275510996580124
v -0.06661130487918854 0.07779639959335327 0.05910228565335274
v -0.06661130487918854 0.07779639959335327 0.05910228565335274
v -0.06730570644140244 0.07945183664560318 0.05275510996580124
v -0.0680743083357811 0.07349126040935516 0.054203350096940994
v -0.06661130487918854 0.07779639959335327 0.05910228565335274
v -0.0680743083357811 0.07349126040935516 0.054203350096940994
v -0.06830000877380371 0.06351876258850098 0.06261846423149109
v -0.06830000877380371 0.06351876258850098 0.06261846423149109
v -0.0680743083357811 0.07349126040935516 0.054203350096940994
v -0.06831882148981094 0.07159505784511566 0.05466407164931297
v -0.06830000877380371 0.06351876258850098 0.06261846423149109
v -0.06831882148981094 0.07159505784511566 0.05466407164931297
v -0.0684516504406929 0.07056491822004318 0.054914362728595734
v -0.06538332998752594 0.09171485155820847 0.05418701097369194
v -0.0663023367524147 0.08896132558584213 0.04968048259615898
v -0.0663294568657875 0.08870430290699005 0.04976358637213707
v -0.06489940732717514 0.11026822030544281 0.04044778272509575
v -0.06526072323322296 0.10339631885290146 0.04365013167262077
v -0.06460756063461304 0.10528071224689484 0.04827643185853958
v -0.06460756063461304 0.10528071224689484 0.04827643185853958
v -0.06526072323322296 0.10339631885290146 0.04365013167262077
v -0.06548035889863968 0.09921921044588089 0.045596688985824585
v -0.06460756063461304 0.10528071224689484 0.04827643185853958
v -0.06548035889863968 0.09921921044588089 0.045596688985824585
v -0.06538332998752594 0.09171485155820847 0.05418701097369194
v -0.06538332998752594 0.09171485155820847 0.05418701097369194
v -0.06548035889863968 0.09921921044588089 0.045596688985824585
v -0.06560058146715164 0.09771887958049774 0.04619399085640907
v -0.06538332998752594 0.09171485155820847 0.05418701097369194
v -0.06560058146715164 0.09771887958049774 0.04619399085640907
v -0.0663023367524147 0.08896132558584213 0.04968048259615898
v -0.06488821655511856 0.11048102378845215 0.04034861549735069
v -0.06425611674785614 0.11855428665876389 0.04169391095638275
v -0.06472400575876236 0.1176849752664566 0.03657780587673187
v -0.06472400575876236 0.1176849752664566 0.03657780587673187
v -0.06425611674785614 0.11855428665876389 0.04169391095638275
v -0.06461384147405624 0.12251786142587662 0.03404810279607773
v -0.0650484561920166 0.14663419127464294 0.0205377247184515
v -0.06500165909528732 0.14559191465377808 0.021109553053975105
v -0.06464314460754395 0.14466068148612976 0.02768915332853794
v -0.06464314460754395 0.14466068148612976 0.02768915332853794
v -0.06500165909528732 0.14559191465377808 0.021109553053975105
v -0.06487754732370377 0.14282751083374023 0.02262621745467186
v -0.06464314460754395 0.14466068148612976 0.02768915332853794
v -0.06487754732370377 0.14282751083374023 0.02262621745467186
v -0.06425611674785614 0.11855428665876389 0.04169391095638275
v -0.06425611674785614 0.11855428665876389 0.04169391095638275
v -0.06487754732370377 0.14282751083374023 0.02262621745467186
v -0.06460179388523102 0.12304636090993881 0.033771466463804245
v -0.06425611674785614 0.11855428665876389 0.04169391095638275
v -0.06460179388523102 0.12304636090993881 0.033771466463804245
v -0.06461384147405624 0.12251786142587662 0.03404810279607773
v -0.0650484561920166 0.14663419127464294 0.0205377247184515
v -0.06464314460754395 0.14466068148612976 0.02768915332853794
v -0.06558287143707275 0.15853729844093323 0.014007198624312878
v -0.06558287143707275 0.15853729844093323 0.014007198624312878
v -0.06464314460754395 0.14466068148612976 0.02768915332853794
v -0.06524988263845444 0.1578102558851242 0.0209265798330307
v -0.06558287143707275 0.15853729844093323 0.014007198624312878
v -0.06524988263845444 0.1578102558851242 0.0209265798330307
v -0.06559499353170395 0.15875037014484406 0.013904190622270107
v -0.06559499353170395 0.15875037014484406 0.013904190622270107
v -0.06524988263845444 0.1578102558851242 0.0209265798330307
v -0.06564320623874664 0.15959787368774414 0.01349447201937437
v -0.06564320623874664 0.15959787368774414 0.01349447201937437
v -0.06524988263845444 0.1578102558851242 0.0209265798330307
v -0.06611189246177673 0.16999995708465576 0.013107126578688622
v -0.06564320623874664 0.15959787368774414 0.01349447201937437
v -0.06611189246177673 0.16999995708465576 0.013107126578688622
v -0.06623496860265732 0.16999995708465576 0.008465598337352276
v -0.06464489549398422 0.16999997198581696 0.022656980901956558
v -0.06525824218988419 0.16999995708465576 0.02014468051493168
v -0.06524988263845444 0.1578102558851242 0.0209265798330307
v -0.06525824218988419 0.16999995708465576 0.02014468051493168
v -0.06579306721687317 0.16999995708465576 0.01573556289076805
v -0.06524988263845444 0.1578102558851242 0.0209265798330307
v -0.06524988263845444 0.1578102558851242 0.0209265798330307
v -0.06579306721687317 0.16999995708465576 0.01573556289076805
v -0.06582990288734436 0.16999995708465576 0.015431882813572884
v -0.06524988263845444 0.1578102558851242 0.0209265798330307
v -0.06582990288734436 0.16999995708465576 0.015431882813572884
v -0.06611189246177673 0.16999995708465576 0.013107126578688622
v -0.06258382648229599 0.16999997198581696 0.029681233689188957
v -0.06356268376111984 0.16999997198581696 0.02708977833390236
v -0.06408949941396713 0.15681231021881104 0.02822192758321762
v -0.06408949941396713 0.15681231021881104 0.02822192758321762
v -0.06356268376111984 0.16999997198581696 0.02708977833390236
v -0.0645827054977417 0.16999997198581696 0.022911716252565384
v -0.05968965217471123 0.16999997198581696 0.036405134946107864
v -0.06095719709992409 0.16999997198581696 0.03398760408163071
v -0.06209392845630646 0.15581461787223816 0.035327401012182236
v -0.06209392845630646 0.15581461787223816 0.035327401012182236
v -0.06095719709992409 0.16999997198581696 0.03398760408163071
v -0.06250660866498947 0.16999997198581696 0.029885657131671906
v -0.05606120452284813 0.16999998688697815 0.04276688024401665
v -0.05736236274242401 0.16999998688697815 0.04084387794137001
v -0.05929392948746681 0.1548362523317337 0.04214617237448692
v -0.05929392948746681 0.1548362523317337 0.04214617237448692
v -0.05736236274242401 0.16999998688697815 0.04084387794137001
v -0.05960847809910774 0.16999997198581696 0.03655995801091194
v -0.051763325929641724 0.16999998688697815 0.04870038852095604
v -0.053264569491147995 0.16999998688697815 0.04690007492899895
v -0.05576379969716072 0.15390115976333618 0.048606108874082565
v -0.05576379969716072 0.15390115976333618 0.048606108874082565
v -0.053264569491147995 0.16999998688697815 0.04690007492899895
v -0.05598773434758186 0.16999998688697815 0.042875465005636215
v -0.05160680040717125 0.1530366688966751 0.054667793214321136
v -0.04201197624206543 0.1550372987985611 0.06412701308727264
v -0.04198714718222618 0.15697190165519714 0.06347893923521042
v -0.04182438924908638 0.17000000178813934 0.05924263596534729
v -0.04689808189868927 0.17000000178813934 0.054238323122262955
v -0.0418250747025013 0.1699359118938446 0.059260617941617966
v -0.0418250747025013 0.1699359118938446 0.059260617941617966
v -0.04689808189868927 0.17000000178813934 0.054238323122262955
v -0.04829099774360657 0.16999998688697815 0.05286445468664169
v -0.0418250747025013 0.1699359118938446 0.059260617941617966
v -0.04829099774360657 0.16999998688697815 0.05286445468664169
v -0.04185605049133301 0.1671873778104782 0.06005688011646271
v -0.04185605049133301 0.1671873778104782 0.06005688011646271
v -0.04829099774360657 0.16999998688697815 0.05286445468664169
v -0.051707349717617035 0.16999998688697815 0.048767514526844025
v -0.04185605049133301 0.1671873778104782 0.06005688011646271
v -0.051707349717617035 0.16999998688697815 0.048767514526844025
v -0.051763325929641724 0.16999998688697815 0.04870038852095604
v -0.04235100746154785 0.13197501003742218 0.07380353659391403
v -0.04223020374774933 0.13967113196849823 0.0703112855553627
v -0.051460400223731995 0.13479703664779663 0.062480516731739044
v -0.051460400223731995 0.13479703664779663 0.062480516731739044
v -0.04223020374774933 0.13967113196849823 0.0703112855553627
v -0.04216587543487549 0.1442006677389145 0.06848832219839096
v -0.051460400223731995 0.13479703664779663 0.062480516731739044
v -0.04216587543487549 0.1442006677389145 0.06848832219839096
v -0.05160680040717125 0.1530366688966751 0.054667793214321136
v -0.05160680040717125 0.1530366688966751 0.054667793214321136
v -0.04216587543487549 0.1442006677389145 0.06848832219839096
v -0.04205973818898201 0.15167412161827087 0.0654805600643158
v -0.05160680040717125 0.1530366688966751 0.054667793214321136
v -0.04205973818898201 0.15167412161827087 0.0654805600643158
v -0.04201197624206543 0.1550372987985611 0.06412701308727264
v -0.04255020618438721 0.1192842572927475 0.07956219464540482
v -0.04235100746154785 0.13197501003742218 0.07380353659391403
v -0.04637051001191139 0.11398289352655411 0.07814309746026993
v -0.04637051001191139 0.11398289352655411 0.07814309746026993
v -0.04235100746154785 0.13197501003742218 0.07380353659391403
v -0.051460400223731995 0.13479703664779663 0.062480516731739044
v -0.04637051001191139 0.11398289352655411 0.07814309746026993
v -0.051460400223731995 0.13479703664779663 0.062480516731739044
v -0.05159759521484375 0.10580461472272873 0.07595206052064896
v -0.05159759521484375 0.10580461472272873 0.07595206052064896
v -0.051460400223731995 0.13479703664779663 0.062480516731739044
v -0.0518772266805172 0.10536710917949677 0.07583484798669815
v -0.055554721504449844 0.10233896225690842 0.07224955409765244
v -0.054189156740903854 0.10103655606508255 0.07467366009950638
v -0.0554671585559845 0.1365775167942047 0.05617101117968559
v -0.056648436933755875 0.09642999619245529 0.07343847304582596
v -0.0588054321706295 0.10617811232805252 0.06498762220144272
v -0.059262946248054504 0.09039202332496643 0.07182293385267258
v -0.059262946248054504 0.09039202332496643 0.07182293385267258
v -0.0588054321706295 0.10617811232805252 0.06498762220144272
v -0.06181494891643524 0.09483925253152847 0.06444387882947922
v -0.059262946248054504 0.09039202332496643 0.07182293385267258
v -0.06181494891643524 0.09483925253152847 0.06444387882947922
v -0.05940759927034378 0.09005795419216156 0.07173354923725128
v -0.05940759927034378 0.09005795419216156 0.07173354923725128
v -0.06181494891643524 0.09483925253152847 0.06444387882947922
v -0.060493919998407364 0.08754920214414597 0.07106229662895203
v -0.06181494891643524 0.09483925253152847 0.06444387882947922
v -0.06359195709228516 0.10003038495779037 0.056429971009492874
v -0.06442861258983612 0.08539469540119171 0.06248980388045311
v -0.060493919998407364 0.08754920214414597 0.07106229662895203
v -0.06181494891643524 0.09483925253152847 0.06444387882947922
v -0.06252072006464005 0.08171367645263672 0.06949715316295624
v -0.06252072006464005 0.08171367645263672 0.06949715316295624
v -0.06181494891643524 0.09483925253152847 0.06444387882947922
v -0.06442861258983612 0.08539469540119171 0.06248980388045311
v -0.06252072006464005 0.08171367645263672 0.06949715316295624
v -0.06442861258983612 0.08539469540119171 0.06248980388045311
v -0.0630304142832756 0.08024617284536362 0.06910355389118195
v -0.06661130487918854 0.07779639959335327 0.05910228565335274
v -0.06564753502607346 0.0714428499341011 0.06674293428659439
v -0.06442861258983612 0.08539469540119171 0.06248980388045311
v -0.06442861258983612 0.08539469540119171 0.06248980388045311
v -0.06564753502607346 0.0714428499341011 0.06674293428659439
v -0.06391528993844986 0.07769843935966492 0.06842022389173508
v -0.06442861258983612 0.08539469540119171 0.06248980388045311
v -0.06391528993844986 0.07769843935966492 0.06842022389173508
v -0.0630304142832756 0.08024617284536362 0.06910355389118195
v -0.06929833441972733 0.057164356112480164 0.06291645020246506
v -0.06822939217090607 0.06168501824140549 0.06412738561630249
v -0.06830000877380371 0.06351876258850098 0.06261846423149109
v -0.06830000877380371 0.06351876258850098 0.06261846423149109
v -0.06822939217090607 0.06168501824140549 0.06412738561630249
v -0.06752689182758331 0.06465595960617065 0.06492319703102112
v -0.06830000877380371 0.06351876258850098 0.06261846423149109
v -0.06752689182758331 0.06465595960617065 0.06492319703102112
v -0.06661130487918854 0.07779639959335327 0.05910228565335274
v -0.06661130487918854 0.07779639959335327 0.05910228565335274
v -0.06752689182758331 0.06465595960617065 0.06492319703102112
v -0.06580032408237457 0.07089108228683472 0.06659499555826187
v -0.06661130487918854 0.07779639959335327 0.05910228565335274
v -0.06580032408237457 0.07089108228683472 0.06659499555826187
v -0.06564753502607346 0.0714428499341011 0.06674293428659439
v -0.07961005717515945 0.017008602619171143 0.04438181594014168
v -0.08022162318229675 0.014888270758092403 0.04222998395562172
v -0.07866177707910538 0.009883686900138855 0.050248101353645325
v -0.07866177707910538 0.009883686900138855 0.050248101353645325
v -0.08022162318229675 0.014888270758092403 0.04222998395562172
v -0.08029017597436905 0.014650573953986168 0.04198875650763512
v -0.07866177707910538 0.009883686900138855 0.050248101353645325
v -0.08029017597436905 0.014650573953986168 0.04198875650763512
v -0.07882221788167953 0.007555764634162188 0.04962443187832832
v -0.07882221788167953 0.007555764634162188 0.04962443187832832
v -0.08029017597436905 0.014650573953986168 0.04198875650763512
v -0.07984897494316101 0.0038940159138292074 0.04585414379835129
v -0.07882221788167953 0.007555764634162188 0.04962443187832832
v -0.07984897494316101 0.0038940159138292074 0.04585414379835129
v -0.07932491600513458 0.0002617230929899961 0.04767030104994774
v -0.07932491600513458 0.0002617230929899961 0.04767030104994774
v -0.07984897494316101 0.0038940159138292074 0.04585414379835129
v -0.0793193057179451 -0.0006447859341278672 0.04742738977074623
v -0.0793193057179451 -0.0006447859341278672 0.04742738977074623
v -0.07984897494316101 0.0038940159138292074 0.04585414379835129
v -0.07926932722330093 -0.008724690414965153 0.045262277126312256
v -0.07926932722330093 -0.008724690414965153 0.045262277126312256
v -0.07984897494316101 0.0038940159138292074 0.04585414379835129
v -0.08108684420585632 -0.0003422729787416756 0.0400276742875576
v -0.07926932722330093 -0.008724690414965153 0.045262277126312256
v -0.08108684420585632 -0.0003422729787416756 0.0400276742875576
v -0.07910898327827454 -0.010489075444638729 0.04478951171040535
v -0.07910898327827454 -0.010489075444638729 0.04478951171040535
v -0.08108684420585632 -0.0003422729787416756 0.0400276742875576
v -0.07940273731946945 -0.011364915408194065 0.04333619400858879
v -0.07910898327827454 -0.010489075444638729 0.04478951171040535
v -0.07940273731946945 -0.011364915408194065 0.04333619400858879
v -0.07882125675678253 -0.013655134476721287 0.04394116997718811
v -0.0784665122628212 -0.01755872182548046 0.04289520904421806
v -0.08040903508663177 -0.01465432345867157 0.03633573278784752
v -0.07718182355165482 -0.024529006332159042 0.04102747514843941
v -0.07718182355165482 -0.024529006332159042 0.04102747514843941
v -0.08040903508663177 -0.01465432345867157 0.03633573278784752
v -0.07744749635457993 -0.02529999241232872 0.03900156915187836
v -0.07718182355165482 -0.024529006332159042 0.04102747514843941
v -0.07744749635457993 -0.02529999241232872 0.03900156915187836
v -0.07695502787828445 -0.02575952187180519 0.04069774970412254
v -0.07695502787828445 -0.02575952187180519 0.04069774970412254
v -0.07744749635457993 -0.02529999241232872 0.03900156915187836
v -0.07606612890958786 -0.028882693499326706 0.0398612916469574
v -0.07474951446056366 -0.03350865840911865 0.03862234950065613
v -0.07819867134094238 -0.027651706710457802 0.0310501791536808
v -0.07353216409683228 -0.03658153861761093 0.03779991343617439
v -0.07353216409683228 -0.03658153861761093 0.03779991343617439
v -0.07819867134094238 -0.027651706710457802 0.0310501791536808
v -0.07395493984222412 -0.03774689510464668 0.03310954198241234
v -0.07353216409683228 -0.03658153861761093 0.03779991343617439
v -0.07395493984222412 -0.03774689510464668 0.03310954198241234
v -0.07171209901571274 -0.04117583483457565 0.03657028079032898
v -0.07171209901571274 -0.04117583483457565 0.03657028079032898
v -0.07395493984222412 -0.03774689510464668 0.03310954198241234
v -0.06871623545885086 -0.04693525657057762 0.03502526134252548
v -0.06871623545885086 -0.04693525657057762 0.03502526134252548
v -0.07395493984222412 -0.03774689510464668 0.03310954198241234
v -0.06896878033876419 -0.04863812401890755 0.025895128026604652
v -0.06871623545885086 -0.04693525657057762 0.03502526134252548
v -0.06896878033876419 -0.04863812401890755 0.025895128026604652
v -0.06853286921977997 -0.047287777066230774 0.03493069112300873
v -0.06240365281701088 -0.05729033052921295 0.027346735820174217
v -0.06219737231731415 -0.05668071657419205 0.03241292014718056
v -0.06361868232488632 -0.05494494363665581 0.03287774324417114
v -0.06240365281701088 -0.05729033052921295 0.027346735820174217
v -0.06361868232488632 -0.05494494363665581 0.03287774324417114
v -0.06896878033876419 -0.04863812401890755 0.025895128026604652
v -0.06896878033876419 -0.04863812401890755 0.025895128026604652
v -0.06361868232488632 -0.05494494363665581 0.03287774324417114
v -0.06804361939430237 -0.04822833463549614 0.0346783772110939
v -0.06896878033876419 -0.04863812401890755 0.025895128026604652
v -0.06804361939430237 -0.04822833463549614 0.0346783772110939
v -0.06853286921977997 -0.047287777066230774 0.03493069112300873
v -0.05478439852595329 -0.06487960368394852 0.030216507613658905
v -0.05853331461548805 -0.06115542724728584 0.031214632093906403
v -0.06260830163955688 -0.05798919498920441 0.017549972981214523
v -0.04657083377242088 -0.0718826875090599 0.028339168056845665
v -0.052851416170597076 -0.0667998269200325 0.02970186434686184
v -0.04659467563033104 -0.07216634601354599 0.02178632654249668
v -0.04659467563033104 -0.07216634601354599 0.02178632654249668
v -0.052851416170597076 -0.0667998269200325 0.02970186434686184
v -0.05499612167477608 -0.06564100086688995 0.018493684008717537
v -0.04659467563033104 -0.07216634601354599 0.02178632654249668
v -0.05499612167477608 -0.06564100086688995 0.018493684008717537
v -0.04659918695688248 -0.07219667732715607 0.01940227299928665
v -0.05499612167477608 -0.06564100086688995 0.018493684008717537
v -0.05500384420156479 -0.06586101651191711 1.6050572071435454e-07
v -0.052534740418195724 -0.06807489693164825 9.208952889139255e-08
v -0.04659918695688248 -0.07219667732715607 0.01940227299928665
v -0.05499612167477608 -0.06564100086688995 0.018493684008717537
v -0.04660912603139877 -0.07226353138685226 0.014148532412946224
v -0.04660912603139877 -0.07226353138685226 0.014148532412946224
v -0.05499612167477608 -0.06564100086688995 0.018493684008717537
v -0.052534740418195724 -0.06807489693164825 9.208952889139255e-08
v -0.04660912603139877 -0.07226353138685226 0.014148532412946224
v -0.052534740418195724 -0.06807489693164825 9.208952889139255e-08
v -0.04663589224219322 -0.07244355231523514 3.8368986807202354e-12
v -0.05478439852595329 -0.06487960368394852 0.030216507613658905
v -0.06260830163955688 -0.05798919498920441 0.017549972981214523
v -0.05499612167477608 -0.06564100086688995 0.018493684008717537
v -0.05499612167477608 -0.06564100086688995 0.018493684008717537
v -0.06260830163955688 -0.05798919498920441 0.017549972981214523
v -0.05924671143293381 -0.06205672025680542 2.780710701699718e-07
v -0.05499612167477608 -0.06564100086688995 0.018493684008717537
v -0.05924671143293381 -0.06205672025680542 2.780710701699718e-07
v -0.05500384420156479 -0.06586101651191711 1.6050572071435454e-07
v -0.07016141712665558 -0.04883715882897377 1.6812479941563652e-07
v -0.06934690475463867 -0.04993448778986931 1.931009023792285e-07
v -0.06923944503068924 -0.049456559121608734 0.016576794907450676
v -0.06923944503068924 -0.049456559121608734 0.016576794907450676
v -0.06934690475463867 -0.04993448778986931 1.931009023792285e-07
v -0.06531661003828049 -0.0553642101585865 3.1668579936194874e-07
v -0.06923944503068924 -0.049456559121608734 0.016576794907450676
v -0.06531661003828049 -0.0553642101585865 3.1668579936194874e-07
v -0.06260830163955688 -0.05798919498920441 0.017549972981214523
v -0.06260830163955688 -0.05798919498920441 0.017549972981214523
v -0.06531661003828049 -0.0553642101585865 3.1668579936194874e-07
v -0.06263861060142517 -0.058316901326179504 2.996492014517571e-07
v -0.06260830163955688 -0.05798919498920441 0.017549972981214523
v -0.06263861060142517 -0.058316901326179504 2.996492014517571e-07
v -0.05924671143293381 -0.06205672025680542 2.780710701699718e-07
v -0.07016141712665558 -0.04883715882897377 1.6812479941563652e-07
v -0.06923944503068924 -0.049456559121608734 0.016576794907450676
v -0.07409016788005829 -0.042415227741003036 8.152280628337394e-09
v -0.07409016788005829 -0.042415227741003036 8.152280628337394e-09
v -0.06923944503068924 -0.049456559121608734 0.016576794907450676
v -0.07478196918964386 -0.040184568613767624 0.015574452467262745
v -0.07409016788005829 -0.042415227741003036 8.152280628337394e-09
v -0.07478196918964386 -0.040184568613767624 0.015574452467262745
v -0.07490716874599457 -0.04075455665588379 2.090857265102386e-08
v -0.07490716874599457 -0.04075455665588379 2.090857265102386e-08
v -0.07478196918964386 -0.040184568613767624 0.015574452467262745
v -0.07785782217979431 -0.03475695475935936 6.697862175997216e-08
v -0.07785782217979431 -0.03475695475935936 6.697862175997216e-08
v -0.07478196918964386 -0.040184568613767624 0.015574452467262745
v -0.07915309816598892 -0.030324537307024002 0.01454585324972868
v -0.07785782217979431 -0.03475695475935936 6.697862175997216e-08
v -0.07915309816598892 -0.030324537307024002 0.01454585324972868
v -0.07927665114402771 -0.030954396352171898 1.2459484821647493e-07
v -0.07927665114402771 -0.030954396352171898 1.2459484821647493e-07
v -0.07915309816598892 -0.030324537307024002 0.01454585324972868
v -0.08099475502967834 -0.026349741965532303 1.9436440368281183e-07
v -0.08099475502967834 -0.026349741965532303 1.9436440368281183e-07
v -0.07915309816598892 -0.030324537307024002 0.01454585324972868
v -0.08229437470436096 -0.020032022148370743 0.0134964007884264
v -0.08099475502967834 -0.026349741965532303 1.9436440368281183e-07
v -0.08229437470436096 -0.020032022148370743 0.0134964007884264
v -0.08245973289012909 -0.020714348182082176 2.0011954404708376e-07
v -0.08245973289012909 -0.020714348182082176 2.0011954404708376e-07
v -0.08229437470436096 -0.020032022148370743 0.0134964007884264
v -0.0832618698477745 -0.017628716304898262 2.0327074423676095e-07
v -0.0832618698477745 -0.017628716304898262 2.0327074423676095e-07
v -0.08229437470436096 -0.020032022148370743 0.0134964007884264
v -0.08416955918073654 -0.009463063441216946 0.012433222495019436
v -0.0832618698477745 -0.017628716304898262 2.0327074423676095e-07
v -0.08416955918073654 -0.009463063441216946 0.012433222495019436
v -0.08439742773771286 -0.010172268375754356 1.0661255345212339e-07
v -0.08439742773771286 -0.010172268375754356 1.0661255345212339e-07
v -0.08416955918073654 -0.009463063441216946 0.012433222495019436
v -0.08492624759674072 0.000314062723191455 0.006447360850870609
v -0.08439742773771286 -0.010172268375754356 1.0661255345212339e-07
v -0.08492624759674072 0.000314062723191455 0.006447360850870609
v -0.08502736687660217 6.897468847455457e-05 0.0029864078387618065
v -0.05598773434758186 0.16999998688697815 0.042875465005636215
v -0.05606120452284813 0.16999998688697815 0.04276688024401665
v -0.05576379969716072 0.15390115976333618 0.048606108874082565
v -0.05576379969716072 0.15390115976333618 0.048606108874082565
v -0.05606120452284813 0.16999998688697815 0.04276688024401665
v -0.05929392948746681 0.1548362523317337 0.04214617237448692
v -0.05576379969716072 0.15390115976333618 0.048606108874082565
v -0.05929392948746681 0.1548362523317337 0.04214617237448692
v -0.0554671585559845 0.1365775167942047 0.05617101117968559
v -0.05929392948746681 0.1548362523317337 0.04214617237448692
v -0.058870356529951096 0.13850532472133636 0.04948555678129196
v -0.0554671585559845 0.1365775167942047 0.05617101117968559
v -0.0554671585559845 0.1365775167942047 0.05617101117968559
v -0.058870356529951096 0.13850532472133636 0.04948555678129196
v -0.0588054321706295 0.10617811232805252 0.06498762220144272
v -0.0554671585559845 0.1365775167942047 0.05617101117968559
v -0.0588054321706295 0.10617811232805252 0.06498762220144272
v -0.055554721504449844 0.10233896225690842 0.07224955409765244
v -0.055554721504449844 0.10233896225690842 0.07224955409765244
v -0.0588054321706295 0.10617811232805252 0.06498762220144272
v -0.056648436933755875 0.09642999619245529 0.07343847304582596
v -0.055554721504449844 0.10233896225690842 0.07224955409765244
v -0.056648436933755875 0.09642999619245529 0.07343847304582596
v -0.05564798042178154 0.09830398112535477 0.07394096255302429
v -0.054189156740903854 0.10103655606508255 0.07467366009950638
v -0.0518772266805172 0.10536710917949677 0.07583484798669815
v -0.0554671585559845 0.1365775167942047 0.05617101117968559
v -0.0554671585559845 0.1365775167942047 0.05617101117968559
v -0.0518772266805172 0.10536710917949677 0.07583484798669815
v -0.051460400223731995 0.13479703664779663 0.062480516731739044
v -0.0554671585559845 0.1365775167942047 0.05617101117968559
v -0.051460400223731995 0.13479703664779663 0.062480516731739044
v -0.05576379969716072 0.15390115976333618 0.048606108874082565
v -0.05576379969716072 0.15390115976333618 0.048606108874082565
v -0.051460400223731995 0.13479703664779663 0.062480516731739044
v -0.05160680040717125 0.1530366688966751 0.054667793214321136
v -0.05576379969716072 0.15390115976333618 0.048606108874082565
v -0.05160680040717125 0.1530366688966751 0.054667793214321136
v -0.051763325929641724 0.16999998688697815 0.04870038852095604
v -0.051763325929641724 0.16999998688697815 0.04870038852095604
v -0.05160680040717125 0.1530366688966751 0.054667793214321136
v -0.04198714718222618 0.15697190165519714 0.06347893923521042
v -0.051763325929641724 0.16999998688697815 0.04870038852095604
v -0.04198714718222618 0.15697190165519714 0.06347893923521042
v -0.04185605049133301 0.1671873778104782 0.06005688011646271
v -0.08198483288288116 0.008965772576630116 0.03502758592367172
v -0.0821656882762909 -0.0037803680170327425 0.03363880515098572
v -0.08108684420585632 -0.0003422729787416756 0.0400276742875576
v -0.08108684420585632 -0.0003422729787416756 0.0400276742875576
v -0.0821656882762909 -0.0037803680170327425 0.03363880515098572
v -0.08040903508663177 -0.01465432345867157 0.03633573278784752
v -0.08108684420585632 -0.0003422729787416756 0.0400276742875576
v -0.08040903508663177 -0.01465432345867157 0.03633573278784752
v -0.07940273731946945 -0.011364915408194065 0.04333619400858879
v -0.07940273731946945 -0.011364915408194065 0.04333619400858879
v -0.08040903508663177 -0.01465432345867157 0.03633573278784752
v -0.0784665122628212 -0.01755872182548046 0.04289520904421806
v -0.07940273731946945 -0.011364915408194065 0.04333619400858879
v -0.0784665122628212 -0.01755872182548046 0.04289520904421806
v -0.07882125675678253 -0.013655134476721287 0.04394116997718811
v -0.07474951446056366 -0.03350865840911865 0.03862234950065613
v -0.07744749635457993 -0.02529999241232872 0.03900156915187836
v -0.07819867134094238 -0.027651706710457802 0.0310501791536808
v -0.07819867134094238 -0.027651706710457802 0.0310501791536808
v -0.07744749635457993 -0.02529999241232872 0.03900156915187836
v -0.08040903508663177 -0.01465432345867157 0.03633573278784752
v -0.07819867134094238 -0.027651706710457802 0.0310501791536808
v -0.08040903508663177 -0.01465432345867157 0.03633573278784752
v -0.0812394842505455 -0.01715683564543724 0.02895071543753147
v -0.0812394842505455 -0.01715683564543724 0.02895071543753147
v -0.08040903508663177 -0.01465432345867157 0.03633573278784752
v -0.0821656882762909 -0.0037803680170327425 0.03363880515098572
v -0.0812394842505455 -0.01715683564543724 0.02895071543753147
v -0.0821656882762909 -0.0037803680170327425 0.03363880515098572
v -0.08305086940526962 -0.006418350152671337 0.026825036853551865
v -0.08305086940526962 -0.006418350152671337 0.026825036853551865
v -0.0821656882762909 -0.0037803680170327425 0.03363880515098572
v -0.08297170698642731 0.00586785888299346 0.029472053050994873
v -0.08305086940526962 -0.006418350152671337 0.026825036853551865
v -0.08297170698642731 0.00586785888299346 0.029472053050994873
v -0.08361256867647171 0.003948951605707407 0.024766569957137108
v -0.07478196918964386 -0.040184568613767624 0.015574452467262745
v -0.07877136766910553 -0.029296884313225746 0.022866928949952126
v -0.07915309816598892 -0.030324537307024002 0.01454585324972868
v -0.07915309816598892 -0.030324537307024002 0.01454585324972868
v -0.07877136766910553 -0.029296884313225746 0.022866928949952126
v -0.08187144249677658 -0.01892298273742199 0.021302592009305954
v -0.07915309816598892 -0.030324537307024002 0.01454585324972868
v -0.08187144249677658 -0.01892298273742199 0.021302592009305954
v -0.08229437470436096 -0.020032022148370743 0.0134964007884264
v -0.08229437470436096 -0.020032022148370743 0.0134964007884264
v -0.08187144249677658 -0.01892298273742199 0.021302592009305954
v -0.08372116088867188 -0.008289337158203125 0.019717933610081673
v -0.08229437470436096 -0.020032022148370743 0.0134964007884264
v -0.08372116088867188 -0.008289337158203125 0.019717933610081673
v -0.08416955918073654 -0.009463063441216946 0.012433222495019436
v -0.08416955918073654 -0.009463063441216946 0.012433222495019436
v -0.08372116088867188 -0.008289337158203125 0.019717933610081673
v -0.08456683158874512 0.0012451630318537354 0.014351419173181057
v -0.08416955918073654 -0.009463063441216946 0.012433222495019436
v -0.08456683158874512 0.0012451630318537354 0.014351419173181057
v -0.08474941551685333 0.0007575719500891864 0.011407319456338882
v -0.08391712605953217 0.003060647752135992 0.02207864820957184
v -0.08372116088867188 -0.008289337158203125 0.019717933610081673
v -0.08305086940526962 -0.006418350152671337 0.026825036853551865
v -0.08305086940526962 -0.006418350152671337 0.026825036853551865
v -0.08372116088867188 -0.008289337158203125 0.019717933610081673
v -0.08187144249677658 -0.01892298273742199 0.021302592009305954
v -0.08305086940526962 -0.006418350152671337 0.026825036853551865
v -0.08187144249677658 -0.01892298273742199 0.021302592009305954
v -0.0812394842505455 -0.01715683564543724 0.02895071543753147
v -0.0812394842505455 -0.01715683564543724 0.02895071543753147
v -0.08187144249677658 -0.01892298273742199 0.021302592009305954
v -0.07877136766910553 -0.029296884313225746 0.022866928949952126
v -0.0812394842505455 -0.01715683564543724 0.02895071543753147
v -0.07877136766910553 -0.029296884313225746 0.022866928949952126
v -0.07819867134094238 -0.027651706710457802 0.0310501791536808
v -0.07819867134094238 -0.027651706710457802 0.0310501791536808
v -0.07877136766910553 -0.029296884313225746 0.022866928949952126
v -0.07478196918964386 -0.040184568613767624 0.015574452467262745
v -0.07819867134094238 -0.027651706710457802 0.0310501791536808
v -0.07478196918964386 -0.040184568613767624 0.015574452467262745
v -0.07395493984222412 -0.03774689510464668 0.03310954198241234
v -0.07395493984222412 -0.03774689510464668 0.03310954198241234
v -0.07478196918964386 -0.040184568613767624 0.015574452467262745
v -0.06923944503068924 -0.049456559121608734 0.016576794907450676
v -0.07395493984222412 -0.03774689510464668 0.03310954198241234
v -0.06923944503068924 -0.049456559121608734 0.016576794907450676
v -0.06896878033876419 -0.04863812401890755 0.025895128026604652
v -0.06896878033876419 -0.04863812401890755 0.025895128026604652
v -0.06923944503068924 -0.049456559121608734 0.016576794907450676
v -0.06260830163955688 -0.05798919498920441 0.017549972981214523
v -0.06896878033876419 -0.04863812401890755 0.025895128026604652
v -0.06260830163955688 -0.05798919498920441 0.017549972981214523
v -0.06240365281701088 -0.05729033052921295 0.027346735820174217
v -0.06240365281701088 -0.05729033052921295 0.027346735820174217
v -0.06260830163955688 -0.05798919498920441 0.017549972981214523
v -0.05853331461548805 -0.06115542724728584 0.031214632093906403
v -0.06240365281701088 -0.05729033052921295 0.027346735820174217
v -0.05853331461548805 -0.06115542724728584 0.031214632093906403
v -0.06219737231731415 -0.05668071657419205 0.03241292014718056
v -0.06359195709228516 0.10003038495779037 0.056429971009492874
v -0.06460756063461304 0.10528071224689484 0.04827643185853958
v -0.06442861258983612 0.08539469540119171 0.06248980388045311
v -0.06442861258983612 0.08539469540119171 0.06248980388045311
v -0.06460756063461304 0.10528071224689484 0.04827643185853958
v -0.06538332998752594 0.09171485155820847 0.05418701097369194
v -0.06442861258983612 0.08539469540119171 0.06248980388045311
v -0.06538332998752594 0.09171485155820847 0.05418701097369194
v -0.06661130487918854 0.07779639959335327 0.05910228565335274
v -0.06661130487918854 0.07779639959335327 0.05910228565335274
v -0.06538332998752594 0.09171485155820847 0.05418701097369194
v -0.0663294568657875 0.08870430290699005 0.04976358637213707
v -0.06661130487918854 0.07779639959335327 0.05910228565335274
v -0.0663294568657875 0.08870430290699005 0.04976358637213707
v -0.06673894822597504 0.08482334017753601 0.05101838335394859
v -0.06425611674785614 0.11855428665876389 0.04169391095638275
v -0.06318601220846176 0.11436744034290314 0.04964118450880051
v -0.06464314460754395 0.14466068148612976 0.02768915332853794
v -0.06464314460754395 0.14466068148612976 0.02768915332853794
v -0.06318601220846176 0.11436744034290314 0.04964118450880051
v -0.06350202113389969 0.14259037375450134 0.03516537696123123
v -0.06464314460754395 0.14466068148612976 0.02768915332853794
v -0.06350202113389969 0.14259037375450134 0.03516537696123123
v -0.06524988263845444 0.1578102558851242 0.0209265798330307
v -0.06524988263845444 0.1578102558851242 0.0209265798330307
v -0.06350202113389969 0.14259037375450134 0.03516537696123123
v -0.06408949941396713 0.15681231021881104 0.02822192758321762
v -0.06524988263845444 0.1578102558851242 0.0209265798330307
v -0.06408949941396713 0.15681231021881104 0.02822192758321762
v -0.06464489549398422 0.16999997198581696 0.022656980901956558
v -0.06464489549398422 0.16999997198581696 0.022656980901956558
v -0.06408949941396713 0.15681231021881104 0.02822192758321762
v -0.0645827054977417 0.16999997198581696 0.022911716252565384
v -0.06318601220846176 0.11436744034290314 0.04964118450880051
v -0.06136638671159744 0.1102176085114479 0.05743192508816719
v -0.06350202113389969 0.14259037375450134 0.03516537696123123
v -0.06350202113389969 0.14259037375450134 0.03516537696123123
v -0.06136638671159744 0.1102176085114479 0.05743192508816719
v -0.06157049164175987 0.1405256986618042 0.042461104691028595
v -0.06350202113389969 0.14259037375450134 0.03516537696123123
v -0.06157049164175987 0.1405256986618042 0.042461104691028595
v -0.06408949941396713 0.15681231021881104 0.02822192758321762
v -0.06408949941396713 0.15681231021881104 0.02822192758321762
v -0.06157049164175987 0.1405256986618042 0.042461104691028595
v -0.06209392845630646 0.15581461787223816 0.035327401012182236
v -0.06408949941396713 0.15681231021881104 0.02822192758321762
v -0.06209392845630646 0.15581461787223816 0.035327401012182236
v -0.06258382648229599 0.16999997198581696 0.029681233689188957
v -0.06258382648229599 0.16999997198581696 0.029681233689188957
v -0.06209392845630646 0.15581461787223816 0.035327401012182236
v -0.06250660866498947 0.16999997198581696 0.029885657131671906
v -0.05960847809910774 0.16999997198581696 0.03655995801091194
v -0.05968965217471123 0.16999997198581696 0.036405134946107864
v -0.05929392948746681 0.1548362523317337 0.04214617237448692
v -0.05929392948746681 0.1548362523317337 0.04214617237448692
v -0.05968965217471123 0.16999997198581696 0.036405134946107864
v -0.06209392845630646 0.15581461787223816 0.035327401012182236
v -0.05929392948746681 0.1548362523317337 0.04214617237448692
v -0.06209392845630646 0.15581461787223816 0.035327401012182236
v -0.058870356529951096 0.13850532472133636 0.04948555678129196
v -0.058870356529951096 0.13850532472133636 0.04948555678129196
v -0.06209392845630646 0.15581461787223816 0.035327401012182236
v -0.06157049164175987 0.1405256986618042 0.042461104691028595
v -0.058870356529951096 0.13850532472133636 0.04948555678129196
v -0.06157049164175987 0.1405256986618042 0.042461104691028595
v -0.0588054321706295 0.10617811232805252 0.06498762220144272
v -0.0588054321706295 0.10617811232805252 0.06498762220144272
v -0.06157049164175987 0.1405256986618042 0.042461104691028595
v -0.06136638671159744 0.1102176085114479 0.05743192508816719
v -0.0588054321706295 0.10617811232805252 0.06498762220144272
v -0.06136638671159744 0.1102176085114479 0.05743192508816719
v -0.06181494891643524 0.09483925253152847 0.06444387882947922
v -0.06181494891643524 0.09483925253152847 0.06444387882947922
v -0.06136638671159744 0.1102176085114479 0.05743192508816719
v -0.06318601220846176 0.11436744034290314 0.04964118450880051
v -0.06181494891643524 0.09483925253152847 0.06444387882947922
v -0.06318601220846176 0.11436744034290314 0.04964118450880051
v -0.06359195709228516 0.10003038495779037 0.056429971009492874
v -0.06359195709228516 0.10003038495779037 0.056429971009492874
v -0.06318601220846176 0.11436744034290314 0.04964118450880051
v -0.06425611674785614 0.11855428665876389 0.04169391095638275
v -0.06359195709228516 0.10003038495779037 0.056429971009492874
v -0.06425611674785614 0.11855428665876389 0.04169391095638275
v -0.06460756063461304 0.10528071224689484 0.04827643185853958
v -0.06460756063461304 0.10528071224689484 0.04827643185853958
v -0.06425611674785614 0.11855428665876389 0.04169391095638275
v -0.06488821655511856 0.11048102378845215 0.04034861549735069
v -0.06460756063461304 0.10528071224689484 0.04827643185853958
v -0.06488821655511856 0.11048102378845215 0.04034861549735069
v -0.06489940732717514 0.11026822030544281 0.04044778272509575
v -0.03556177020072937 -0.07804898172616959 3.8911878327650825e-16
v -0.03552461788058281 -0.07765167951583862 0.026792369782924652
v -0.03709261864423752 -0.0774465799331665 3.87015521059137e-16
v -0.03709261864423752 -0.0774465799331665 3.87015521059137e-16
v -0.03552461788058281 -0.07765167951583862 0.026792369782924652
v -0.040610238909721375 -0.07530428469181061 0.02742156945168972
v -0.03709261864423752 -0.0774465799331665 3.87015521059137e-16
v -0.040610238909721375 -0.07530428469181061 0.02742156945168972
v -0.04451802745461464 -0.07368370145559311 3.738775106516308e-16
v -0.046392109245061874 -0.0720033049583435 0.02830684743821621
v -0.04645494744181633 -0.07245472818613052 0.014157130382955074
v -0.040610238909721375 -0.07530428469181061 0.02742156945168972
v -0.040610238909721375 -0.07530428469181061 0.02742156945168972
v -0.04645494744181633 -0.07245472818613052 0.014157130382955074
v -0.04645496606826782 -0.07245476543903351 0.014150148257613182
v -0.040610238909721375 -0.07530428469181061 0.02742156945168972
v -0.04645496606826782 -0.07245476543903351 0.014150148257613182
v -0.04451802745461464 -0.07368370145559311 3.738775106516308e-16
v -0.04451802745461464 -0.07368370145559311 3.738775106516308e-16
v -0.04645496606826782 -0.07245476543903351 0.014150148257613182
v -0.046493757516145706 -0.07253413647413254 3.7478861634738896e-15
v 0.012733560055494308 -0.08460215479135513 4.1199907547575783e-16
v 0.008976120501756668 -0.08489222824573517 0.02485327236354351
v 0.005719294305890799 -0.08534717559814453 4.146003136567758e-16
v 0.005719294305890799 -0.08534717559814453 4.146003136567758e-16
v 0.008976120501756668 -0.08489222824573517 0.02485327236354351
v 0.004700407385826111 -0.0851956382393837 0.024771973490715027
v 0.005719294305890799 -0.08534717559814453 4.146003136567758e-16
v 0.004700407385826111 -0.0851956382393837 0.024771973490715027
v 0.0004351244424469769 -0.08539856970310211 4.147797522926957e-16
v 0.0004351244424469769 -0.08539856970310211 4.147797522926957e-16
v 0.004700407385826111 -0.0851956382393837 0.024771973490715027
v 0.00043609898420982063 -0.08529442548751831 0.024745503440499306
v 0.0004351244424469769 -0.08539856970310211 4.147797522926957e-16
v 0.00043609898420982063 -0.08529442548751831 0.024745503440499306
v -0.0030543652828782797 -0.0854325070977211 4.148982310261929e-16
v -0.0030543652828782797 -0.0854325070977211 4.148982310261929e-16
v 0.00043609898420982063 -0.08529442548751831 0.024745503440499306
v 0.00039373364415951073 -0.0852954089641571 0.024745240807533264
v -0.0030543652828782797 -0.0854325070977211 4.148982310261929e-16
v 0.00039373364415951073 -0.0852954089641571 0.024745240807533264
v -0.011840041726827621 -0.0846661925315857 4.1222266570405336e-16
v -0.011840041726827621 -0.0846661925315857 4.1222266570405336e-16
v 0.00039373364415951073 -0.0852954089641571 0.024745240807533264
v -0.008145847357809544 -0.08488351851701736 0.024855544790625572
v -0.011840041726827621 -0.0846661925315857 4.1222266570405336e-16
v -0.008145847357809544 -0.08488351851701736 0.024855544790625572
v -0.01186708826571703 -0.08466120809316635 4.1220524858907545e-16
v -0.01186708826571703 -0.08466120809316635 4.1220524858907545e-16
v -0.008145847357809544 -0.08488351851701736 0.024855544790625572
v -0.011852705851197243 -0.08434758335351944 0.024999143555760384
v -0.01186708826571703 -0.08466120809316635 4.1220524858907545e-16
v -0.011852705851197243 -0.08434758335351944 0.024999143555760384
v -0.020507551729679108 -0.08306825160980225 4.066434979085057e-16
v -0.020507551729679108 -0.08306825160980225 4.066434979085057e-16
v -0.011852705851197243 -0.08434758335351944 0.024999143555760384
v -0.01663779653608799 -0.08365575969219208 0.02518451027572155
v -0.020507551729679108 -0.08306825160980225 4.066434979085057e-16
v -0.01663779653608799 -0.08365575969219208 0.02518451027572155
v -0.023920565843582153 -0.08209113031625748 4.032318874249818e-16
v -0.023920565843582153 -0.08209113031625748 4.032318874249818e-16
v -0.01663779653608799 -0.08365575969219208 0.02518451027572155
v -0.023930741474032402 -0.08187620341777802 0.02566138282418251
v -0.023920565843582153 -0.08209113031625748 4.032318874249818e-16
v -0.023930741474032402 -0.08187620341777802 0.02566138282418251
v -0.028945503756403923 -0.08065252751111984 3.98209034987323e-16
v -0.028945503756403923 -0.08065252751111984 3.98209034987323e-16
v -0.023930741474032402 -0.08187620341777802 0.02566138282418251
v -0.024927649646997452 -0.08163294941186905 0.025726569816470146
v -0.028945503756403923 -0.08065252751111984 3.98209034987323e-16
v -0.024927649646997452 -0.08163294941186905 0.025726569816470146
v -0.03556177020072937 -0.07804898172616959 3.8911878327650825e-16
v -0.03556177020072937 -0.07804898172616959 3.8911878327650825e-16
v -0.024927649646997452 -0.08163294941186905 0.025726569816470146
v -0.03304111585021019 -0.07879799604415894 0.026485107839107513
v -0.03556177020072937 -0.07804898172616959 3.8911878327650825e-16
v -0.03304111585021019 -0.07879799604415894 0.026485107839107513
v -0.03552461788058281 -0.07765167951583862 0.026792369782924652
v 0.04736620560288429 -0.07253415882587433 3.798189332628954e-15
v 0.04733383655548096 -0.07247811555862427 0.012425768189132214
v 0.04155043140053749 -0.07526931166648865 0.027431726455688477
v 0.04155043140053749 -0.07526931166648865 0.027431726455688477
v 0.04733383655548096 -0.07247811555862427 0.012425768189132214
v 0.047326404601335526 -0.07242652773857117 0.014149393886327744
v 0.04155043140053749 -0.07526931166648865 0.027431726455688477
v 0.047326404601335526 -0.07242652773857117 0.014149393886327744
v 0.04726536571979523 -0.07200275361537933 0.028306996449828148
v 0.04736620560288429 -0.07253415882587433 3.798189332628954e-15
v 0.04155043140053749 -0.07526931166648865 0.027431726455688477
v 0.039599575102329254 -0.07669076323509216 3.8437658991196625e-16
v 0.039599575102329254 -0.07669076323509216 3.8437658991196625e-16
v 0.04155043140053749 -0.07526931166648865 0.027431726455688477
v 0.03639557957649231 -0.07764816284179688 0.02679431438446045
v 0.039599575102329254 -0.07669076323509216 3.8437658991196625e-16
v 0.03639557957649231 -0.07764816284179688 0.02679431438446045
v 0.03641900792717934 -0.07801553606987 3.8900202507868517e-16
v 0.03641900792717934 -0.07801553606987 3.8900202507868517e-16
v 0.03639557957649231 -0.07764816284179688 0.02679431438446045
v 0.03384172543883324 -0.07882671058177948 0.026478523388504982
v 0.03641900792717934 -0.07801553606987 3.8900202507868517e-16
v 0.03384172543883324 -0.07882671058177948 0.026478523388504982
v 0.03150257468223572 -0.0800633430480957 3.961518831260179e-16
v 0.03150257468223572 -0.0800633430480957 3.961518831260179e-16
v 0.03384172543883324 -0.07882671058177948 0.026478523388504982
v 0.025732379406690598 -0.08165287226438522 0.02572125568985939
v 0.03150257468223572 -0.0800633430480957 3.961518831260179e-16
v 0.025732379406690598 -0.08165287226438522 0.02572125568985939
v 0.024800840765237808 -0.08212359994649887 4.0334525749101586e-16
v 0.024800840765237808 -0.08212359994649887 4.0334525749101586e-16
v 0.025732379406690598 -0.08165287226438522 0.02572125568985939
v 0.02480378933250904 -0.08187907189130783 0.025660645216703415
v 0.024800840765237808 -0.08212359994649887 4.0334525749101586e-16
v 0.02480378933250904 -0.08187907189130783 0.025660645216703415
v 0.023094940930604935 -0.08264803141355515 4.0517630449496325e-16
v 0.023094940930604935 -0.08264803141355515 4.0517630449496325e-16
v 0.02480378933250904 -0.08187907189130783 0.025660645216703415
v 0.017427612096071243 -0.08367585390806198 0.025179198011755943
v 0.023094940930604935 -0.08264803141355515 4.0517630449496325e-16
v 0.017427612096071243 -0.08367585390806198 0.025179198011755943
v 0.014424550347030163 -0.08442254364490509 4.1137197992721403e-16
v 0.014424550347030163 -0.08442254364490509 4.1137197992721403e-16
v 0.017427612096071243 -0.08367585390806198 0.025179198011755943
v 0.013217320665717125 -0.0843856930732727 0.024988997727632523
v 0.014424550347030163 -0.08442254364490509 4.1137197992721403e-16
v 0.013217320665717125 -0.0843856930732727 0.024988997727632523
v 0.012733560055494308 -0.08460215479135513 4.1199907547575783e-16
v 0.012733560055494308 -0.08460215479135513 4.1199907547575783e-16
v 0.013217320665717125 -0.0843856930732727 0.024988997727632523
v 0.012738300487399101 -0.08444290608167648 0.024973668158054352
v 0.012733560055494308 -0.08460215479135513 4.1199907547575783e-16
v 0.012738300487399101 -0.08444290608167648 0.024973668158054352
v 0.008976120501756668 -0.08489222824573517 0.02485327236354351
v 0.08536916971206665 0.0014261179603636265 0.01580950804054737
v 0.0851580798625946 0.0020181171130388975 0.018178196623921394
v 0.08459366112947464 -0.008289190009236336 0.019717911258339882
v 0.08480372279882431 0.003011935157701373 0.022154631093144417
v 0.08447960019111633 0.003967855125665665 0.024761367589235306
v 0.08392336964607239 -0.006418201606720686 0.026825007051229477
v 0.06699833273887634 0.09090534597635269 0.04896362125873566
v 0.06648755818605423 0.09770740568637848 0.04616396129131317
v 0.06625582277774811 0.09171493351459503 0.05418689548969269
v 0.06612180918455124 0.1034051850438118 0.04367198422551155
v 0.06580094993114471 0.11024694889783859 0.04039991647005081
v 0.0654800608754158 0.10528077930212021 0.04827632009983063
v 0.05296916514635086 0.10498831421136856 0.07573161274194717
v 0.055060841143131256 0.10103622823953629 0.0746726542711258
v 0.056427229195833206 0.10233898460865021 0.07224950939416885
v 0.05772573873400688 0.09600107371807098 0.07332348823547363
v 0.0601307712495327 0.09037195146083832 0.07181517034769058
v 0.05967794358730316 0.10617814213037491 0.06498756259679794
v 0.06530111283063889 0.08539476990699768 0.06248970702290535
v 0.06446445733308792 0.10003045201301575 0.056429874151945114
v 0.0626874566078186 0.09483929723501205 0.06444380432367325
v 0.0701565146446228 0.05724930763244629 0.06293997913599014
v 0.06917250156402588 0.06351888179779053 0.06261834502220154
v 0.06910485029220581 0.061706673353910446 0.06413432955741882
v 0.08006975799798965 0.018490515649318695 0.0456344336271286
v 0.07974877208471298 0.01968217082321644 0.04648199677467346
v 0.07947985827922821 0.010364546440541744 0.0503772497177124
v 0.047444090247154236 -0.07188212871551514 0.028339318931102753
v 0.047474492341279984 -0.07217731326818466 0.01940053142607212
v 0.053789377212524414 -0.06674788892269135 0.029715033248066902
v 0.053789377212524414 -0.06674788892269135 0.029715033248066902
v 0.047474492341279984 -0.07217731326818466 0.01940053142607212
v 0.05586862564086914 -0.06564098596572876 0.018493682146072388
v 0.053789377212524414 -0.06674788892269135 0.029715033248066902
v 0.05586862564086914 -0.06564098596572876 0.018493682146072388
v 0.05566084757447243 -0.0648839995265007 0.0302144605666399
v 0.06984130293130875 -0.04863807186484337 0.025895118713378906
v 0.06458332389593124 -0.05482044443488121 0.03291098400950432
v 0.06327616423368454 -0.057290300726890564 0.02734672836959362
v 0.06327616423368454 -0.057290300726890564 0.02734672836959362
v 0.06458332389593124 -0.05482044443488121 0.03291098400950432
v 0.0630689188838005 -0.056679800152778625 0.03241277113556862
v 0.06327616423368454 -0.057290300726890564 0.02734672836959362
v 0.0630689188838005 -0.056679800152778625 0.03241277113556862
v 0.05950545892119408 -0.061054956167936325 0.031240450218319893
v 0.07267464697360992 -0.040987033396959305 0.03661763295531273
v 0.06959638744592667 -0.046930741518735886 0.03502502292394638
v 0.07482746243476868 -0.037746816873550415 0.033109523355960846
v 0.07482746243476868 -0.037746816873550415 0.033109523355960846
v 0.06959638744592667 -0.046930741518735886 0.03502502292394638
v 0.06940975040197372 -0.0472911112010479 0.03492845967411995
v 0.07482746243476868 -0.037746816873550415 0.033109523355960846
v 0.06940975040197372 -0.0472911112010479 0.03492845967411995
v 0.06984130293130875 -0.04863807186484337 0.025895118713378906
v 0.06984130293130875 -0.04863807186484337 0.025895118713378906
v 0.06940975040197372 -0.0472911112010479 0.03492845967411995
v 0.06897185742855072 -0.0481366328895092 0.03470190241932869
v 0.06984130293130875 -0.04863807186484337 0.025895118713378906
v 0.06897185742855072 -0.0481366328895092 0.03470190241932869
v 0.06458332389593124 -0.05482044443488121 0.03291098400950432
v 0.07907120138406754 -0.027651606127619743 0.03105015866458416
v 0.0756608322262764 -0.03339627385139465 0.03865157067775726
v 0.07482746243476868 -0.037746816873550415 0.033109523355960846
v 0.07482746243476868 -0.037746816873550415 0.033109523355960846
v 0.0756608322262764 -0.03339627385139465 0.03865157067775726
v 0.07440703362226486 -0.03658338263630867 0.03779758885502815
v 0.07482746243476868 -0.037746816873550415 0.033109523355960846
v 0.07440703362226486 -0.03658338263630867 0.03779758885502815
v 0.07267464697360992 -0.040987033396959305 0.03661763295531273
v 0.07693368196487427 -0.028886452317237854 0.03985997661948204
v 0.07832001894712448 -0.025299889966845512 0.03900154307484627
v 0.07788029313087463 -0.025532543659210205 0.0407586507499218
v 0.07788029313087463 -0.025532543659210205 0.0407586507499218
v 0.07832001894712448 -0.025299889966845512 0.03900154307484627
v 0.07806114107370377 -0.024534255266189575 0.04102614149451256
v 0.07806114107370377 -0.024534255266189575 0.04102614149451256
v 0.07832001894712448 -0.025299889966845512 0.03900154307484627
v 0.07938294112682343 -0.01723771169781685 0.04298124462366104
v 0.07938294112682343 -0.01723771169781685 0.04298124462366104
v 0.07832001894712448 -0.025299889966845512 0.03900154307484627
v 0.08128155022859573 -0.014654195867478848 0.03633569926023483
v 0.07938294112682343 -0.01723771169781685 0.04298124462366104
v 0.08128155022859573 -0.014654195867478848 0.03633569926023483
v 0.07970370352268219 -0.013642723672091961 0.04394451901316643
v 0.0796787291765213 0.007594561669975519 0.049635034054517746
v 0.08018900454044342 0.00048740950296632946 0.04773067682981491
v 0.08072147518396378 0.0038941698148846626 0.04585408791899681
v 0.08072147518396378 0.0038941698148846626 0.04585408791899681
v 0.08018900454044342 0.00048740950296632946 0.04773067682981491
v 0.0801830068230629 -0.0006612748256884515 0.04742288962006569
v 0.08072147518396378 0.0038941698148846626 0.04585408791899681
v 0.0801830068230629 -0.0006612748256884515 0.04742288962006569
v 0.08195934444665909 -0.00034212079481221735 0.04002762585878372
v 0.08195934444665909 -0.00034212079481221735 0.04002762585878372
v 0.0801830068230629 -0.0006612748256884515 0.04742288962006569
v 0.08014078438282013 -0.00874403864145279 0.045257117599248886
v 0.08195934444665909 -0.00034212079481221735 0.04002762585878372
v 0.08014078438282013 -0.00874403864145279 0.045257117599248886
v 0.08027525246143341 -0.011364786885678768 0.043336156755685806
v 0.08027525246143341 -0.011364786885678768 0.043336156755685806
v 0.08014078438282013 -0.00874403864145279 0.045257117599248886
v 0.07998477667570114 -0.010492534376680851 0.04478861019015312
v 0.08027525246143341 -0.011364786885678768 0.043336156755685806
v 0.07998477667570114 -0.010492534376680851 0.04478861019015312
v 0.07970370352268219 -0.013642723672091961 0.04394451901316643
v 0.08006975799798965 0.018490515649318695 0.0456344336271286
v 0.07947985827922821 0.010364546440541744 0.0503772497177124
v 0.08110183477401733 0.01484863180667162 0.04226785898208618
v 0.08110183477401733 0.01484863180667162 0.04226785898208618
v 0.07947985827922821 0.010364546440541744 0.0503772497177124
v 0.0796787291765213 0.007594561669975519 0.049635034054517746
v 0.08110183477401733 0.01484863180667162 0.04226785898208618
v 0.0796787291765213 0.007594561669975519 0.049635034054517746
v 0.08117209374904633 0.014600689522922039 0.042038656771183014
v 0.08117209374904633 0.014600689522922039 0.042038656771183014
v 0.0796787291765213 0.007594561669975519 0.049635034054517746
v 0.08072147518396378 0.0038941698148846626 0.04585408791899681
v 0.08117209374904633 0.014600689522922039 0.042038656771183014
v 0.08072147518396378 0.0038941698148846626 0.04585408791899681
v 0.08129362761974335 0.014171837829053402 0.04164222627878189
v 0.07944610714912415 0.020805789157748222 0.0472811684012413
v 0.07820539176464081 0.019578207284212112 0.052846040576696396
v 0.07974877208471298 0.01968217082321644 0.04648199677467346
v 0.07974877208471298 0.01968217082321644 0.04648199677467346
v 0.07820539176464081 0.019578207284212112 0.052846040576696396
v 0.07947690784931183 0.010405595414340496 0.05038824677467346
v 0.07974877208471298 0.01968217082321644 0.04648199677467346
v 0.07947690784931183 0.010405595414340496 0.05038824677467346
v 0.07947985827922821 0.010364546440541744 0.0503772497177124
v 0.07944610714912415 0.020805789157748222 0.0472811684012413
v 0.07882822304964066 0.023099686950445175 0.04891270026564598
v 0.07820539176464081 0.019578207284212112 0.052846040576696396
v 0.07820539176464081 0.019578207284212112 0.052846040576696396
v 0.07882822304964066 0.023099686950445175 0.04891270026564598
v 0.07825490087270737 0.025354571640491486 0.05010494589805603
v 0.07820539176464081 0.019578207284212112 0.052846040576696396
v 0.07825490087270737 0.025354571640491486 0.05010494589805603
v 0.0779983326792717 0.021071942523121834 0.053246285766363144
v 0.0779983326792717 0.021071942523121834 0.053246285766363144
v 0.07825490087270737 0.025354571640491486 0.05010494589805603
v 0.07771142572164536 0.02749205380678177 0.05123511329293251
v 0.0779983326792717 0.021071942523121834 0.053246285766363144
v 0.07771142572164536 0.02749205380678177 0.05123511329293251
v 0.07678363472223282 0.02722562663257122 0.05489516258239746
v 0.07771142572164536 0.02749205380678177 0.05123511329293251
v 0.07734446227550507 0.028935302048921585 0.051998212933540344
v 0.07678363472223282 0.02722562663257122 0.05489516258239746
v 0.07678363472223282 0.02722562663257122 0.05489516258239746
v 0.07734446227550507 0.028935302048921585 0.051998212933540344
v 0.07674437761306763 0.03146245330572128 0.05291922762989998
v 0.07678363472223282 0.02722562663257122 0.05489516258239746
v 0.07674437761306763 0.03146245330572128 0.05291922762989998
v 0.07532518357038498 0.03461416810750961 0.05687491595745087
v 0.07532518357038498 0.03461416810750961 0.05687491595745087
v 0.07674437761306763 0.03146245330572128 0.05291922762989998
v 0.07597265392541885 0.03471241891384125 0.05410366505384445
v 0.07525938004255295 0.03788958117365837 0.0549301877617836
v 0.07438778877258301 0.041840482503175735 0.055834148079156876
v 0.07396599650382996 0.04081575572490692 0.058536626398563385
v 0.07597265392541885 0.03471241891384125 0.05410366505384445
v 0.07579831779003143 0.03544662520289421 0.054371245205402374
v 0.07532518357038498 0.03461416810750961 0.05687491595745087
v 0.07532518357038498 0.03461416810750961 0.05687491595745087
v 0.07579831779003143 0.03544662520289421 0.054371245205402374
v 0.07525938004255295 0.03788958117365837 0.0549301877617836
v 0.07532518357038498 0.03461416810750961 0.05687491595745087
v 0.07525938004255295 0.03788958117365837 0.0549301877617836
v 0.07500604540109634 0.03623092547059059 0.057308122515678406
v 0.07500604540109634 0.03623092547059059 0.057308122515678406
v 0.07525938004255295 0.03788958117365837 0.0549301877617836
v 0.07396599650382996 0.04081575572490692 0.058536626398563385
v 0.07438778877258301 0.041840482503175735 0.055834148079156876
v 0.07429570704698563 0.042292553931474686 0.05588572472333908
v 0.07396599650382996 0.04081575572490692 0.058536626398563385
v 0.07396599650382996 0.04081575572490692 0.058536626398563385
v 0.07429570704698563 0.042292553931474686 0.05588572472333908
v 0.07383966445922852 0.04453149065375328 0.056141164153814316
v 0.07396599650382996 0.04081575572490692 0.058536626398563385
v 0.07383966445922852 0.04453149065375328 0.056141164153814316
v 0.07263026386499405 0.046704117208719254 0.060114406049251556
v 0.07263026386499405 0.046704117208719254 0.060114406049251556
v 0.07383966445922852 0.04453149065375328 0.056141164153814316
v 0.07298371195793152 0.048733796924352646 0.056620605289936066
v 0.07251003384590149 0.05128426477313042 0.05664511397480965
v 0.07160984724760056 0.05613119527697563 0.05669168755412102
v 0.07144060730934143 0.05180681496858597 0.061481669545173645
v 0.07298371195793152 0.048733796924352646 0.056620605289936066
v 0.07273519784212112 0.05007188022136688 0.056633464992046356
v 0.07263026386499405 0.046704117208719254 0.060114406049251556
v 0.07263026386499405 0.046704117208719254 0.060114406049251556
v 0.07273519784212112 0.05007188022136688 0.056633464992046356
v 0.07251003384590149 0.05128426477313042 0.05664511397480965
v 0.07263026386499405 0.046704117208719254 0.060114406049251556
v 0.07251003384590149 0.05128426477313042 0.05664511397480965
v 0.07227437943220139 0.048272956162691116 0.060534775257110596
v 0.07227437943220139 0.048272956162691116 0.060534775257110596
v 0.07251003384590149 0.05128426477313042 0.05664511397480965
v 0.07144060730934143 0.05180681496858597 0.061481669545173645
v 0.07160984724760056 0.05613119527697563 0.05669168755412102
v 0.07131306827068329 0.057913146913051605 0.05653684586286545
v 0.07144060730934143 0.05180681496858597 0.061481669545173645
v 0.07144060730934143 0.05180681496858597 0.061481669545173645
v 0.07131306827068329 0.057913146913051605 0.05653684586286545
v 0.07128576934337616 0.05807705968618393 0.05652260407805443
v 0.07144060730934143 0.05180681496858597 0.061481669545173645
v 0.07128576934337616 0.05807705968618393 0.05652260407805443
v 0.0701565146446228 0.05724930763244629 0.06293997913599014
v 0.0701565146446228 0.05724930763244629 0.06293997913599014
v 0.07128576934337616 0.05807705968618393 0.05652260407805443
v 0.07029230147600174 0.06404206156730652 0.05600428208708763
v 0.0701565146446228 0.05724930763244629 0.06293997913599014
v 0.07029230147600174 0.06404206156730652 0.05600428208708763
v 0.06917250156402588 0.06351888179779053 0.06261834502220154
v 0.06530111283063889 0.08539476990699768 0.06248970702290535
v 0.06651315838098526 0.0715024471282959 0.06675910204648972
v 0.0666775032877922 0.07090616226196289 0.06659932434558868
v 0.0626874566078186 0.09483929723501205 0.06444380432367325
v 0.06389190256595612 0.0802319198846817 0.06909815222024918
v 0.06530111283063889 0.08539476990699768 0.06248970702290535
v 0.06530111283063889 0.08539476990699768 0.06248970702290535
v 0.06389190256595612 0.0802319198846817 0.06909815222024918
v 0.06497754901647568 0.07707398384809494 0.06825198978185654
v 0.06530111283063889 0.08539476990699768 0.06248970702290535
v 0.06497754901647568 0.07707398384809494 0.06825198978185654
v 0.06651315838098526 0.0715024471282959 0.06675910204648972
v 0.060268107801675797 0.09005051106214523 0.07172904163599014
v 0.061539288610219955 0.08707524091005325 0.0709318146109581
v 0.0626874566078186 0.09483929723501205 0.06444380432367325
v 0.0626874566078186 0.09483929723501205 0.06444380432367325
v 0.061539288610219955 0.08707524091005325 0.0709318146109581
v 0.06338966637849808 0.08169282972812653 0.06948960572481155
v 0.0626874566078186 0.09483929723501205 0.06444380432367325
v 0.06338966637849808 0.08169282972812653 0.06948960572481155
v 0.06389190256595612 0.0802319198846817 0.06909815222024918
v 0.05772573873400688 0.09600107371807098 0.07332348823547363
v 0.05967794358730316 0.10617814213037491 0.06498756259679794
v 0.05652143806219101 0.0982765182852745 0.0739331915974617
v 0.04342091083526611 0.11928663402795792 0.07956283539533615
v 0.04750848934054375 0.11359625309705734 0.07803809642791748
v 0.05233290418982506 0.13479703664779663 0.06248049437999725
v 0.05233290418982506 0.13479703664779663 0.06248049437999725
v 0.04750848934054375 0.11359625309705734 0.07803809642791748
v 0.05247171223163605 0.1057724729180336 0.07594172656536102
v 0.05233290418982506 0.13479703664779663 0.06248049437999725
v 0.05247171223163605 0.1057724729180336 0.07594172656536102
v 0.05633966997265816 0.1365775316953659 0.05617097392678261
v 0.05247930437326431 0.1530366688966751 0.054667770862579346
v 0.042932651937007904 0.1516648828983307 0.06546007096767426
v 0.0429704524576664 0.1489623636007309 0.06645264476537704
v 0.04304000362753868 0.14419913291931152 0.06847769021987915
v 0.043198734521865845 0.13332808017730713 0.07309942692518234
v 0.05233290418982506 0.13479703664779663 0.06248049437999725
v 0.05233290418982506 0.13479703664779663 0.06248049437999725
v 0.043198734521865845 0.13332808017730713 0.07309942692518234
v 0.04322059825062752 0.1319461613893509 0.07373553514480591
v 0.05233290418982506 0.13479703664779663 0.06248049437999725
v 0.04322059825062752 0.1319461613893509 0.07373553514480591
v 0.04342091083526611 0.11928663402795792 0.07956283539533615
v 0.04777057468891144 0.16999998688697815 0.05423832684755325
v 0.0426967516541481 0.17000000178813934 0.059242747724056244
v 0.04279908910393715 0.16121429204940796 0.06195278465747833
v 0.0525798425078392 0.16999998688697815 0.04876751825213432
v 0.04916337877511978 0.16999998688697815 0.052864570170640945
v 0.05247930437326431 0.1530366688966751 0.054667770862579346
v 0.05247930437326431 0.1530366688966751 0.054667770862579346
v 0.04916337877511978 0.16999998688697815 0.052864570170640945
v 0.04777057468891144 0.16999998688697815 0.05423832684755325
v 0.04777057468891144 0.16999998688697815 0.05423832684755325
v 0.04279908910393715 0.16121429204940796 0.06195278465747833
v 0.05247930437326431 0.1530366688966751 0.054667770862579346
v 0.05247930437326431 0.1530366688966751 0.054667770862579346
v 0.04279908910393715 0.16121429204940796 0.06195278465747833
v 0.04285825788974762 0.15698407590389252 0.06350644677877426
v 0.05247930437326431 0.1530366688966751 0.054667770862579346
v 0.04285825788974762 0.15698407590389252 0.06350644677877426
v 0.042932651937007904 0.1516648828983307 0.06546007096767426
v 0.05693371966481209 0.16999997198581696 0.04276684671640396
v 0.05686022341251373 0.16999997198581696 0.042875468730926514
v 0.05663631111383438 0.15390117466449738 0.04860607162117958
v 0.05663631111383438 0.15390117466449738 0.04860607162117958
v 0.05686022341251373 0.16999997198581696 0.042875468730926514
v 0.0541369691491127 0.16999998688697815 0.0469001941382885
v 0.05663631111383438 0.15390117466449738 0.04860607162117958
v 0.0541369691491127 0.16999998688697815 0.0469001941382885
v 0.05247930437326431 0.1530366688966751 0.054667770862579346
v 0.05247930437326431 0.1530366688966751 0.054667770862579346
v 0.0541369691491127 0.16999998688697815 0.0469001941382885
v 0.052635833621025085 0.16999998688697815 0.04870036989450455
v 0.05247930437326431 0.1530366688966751 0.054667770862579346
v 0.052635833621025085 0.16999998688697815 0.04870036989450455
v 0.0525798425078392 0.16999998688697815 0.04876751825213432
v 0.05693371966481209 0.16999997198581696 0.04276684671640396
v 0.05663631111383438 0.15390117466449738 0.04860607162117958
v 0.05823478102684021 0.16999997198581696 0.04084399715065956
v 0.05823478102684021 0.16999997198581696 0.04084399715065956
v 0.05663631111383438 0.15390117466449738 0.04860607162117958
v 0.06016644090414047 0.1548362523317337 0.042146120220422745
v 0.05823478102684021 0.16999997198581696 0.04084399715065956
v 0.06016644090414047 0.1548362523317337 0.042146120220422745
v 0.06048097088932991 0.16999997198581696 0.03655995801091194
v 0.06345634162425995 0.16999995708465576 0.029681168496608734
v 0.06337909400463104 0.16999997198581696 0.029885657131671906
v 0.06296643614768982 0.15581463277339935 0.03532733395695686
v 0.06296643614768982 0.15581463277339935 0.03532733395695686
v 0.06337909400463104 0.16999997198581696 0.029885657131671906
v 0.06182963028550148 0.16999997198581696 0.03398772329092026
v 0.06296643614768982 0.15581463277339935 0.03532733395695686
v 0.06182963028550148 0.16999997198581696 0.03398772329092026
v 0.06016644090414047 0.1548362523317337 0.042146120220422745
v 0.06016644090414047 0.1548362523317337 0.042146120220422745
v 0.06182963028550148 0.16999997198581696 0.03398772329092026
v 0.060562171041965485 0.16999997198581696 0.036405086517333984
v 0.06016644090414047 0.1548362523317337 0.042146120220422745
v 0.060562171041965485 0.16999997198581696 0.036405086517333984
v 0.06048097088932991 0.16999997198581696 0.03655995801091194
v 0.06345634162425995 0.16999995708465576 0.029681168496608734
v 0.06296643614768982 0.15581463277339935 0.03532733395695686
v 0.06443513184785843 0.16999995708465576 0.027089901268482208
v 0.06443513184785843 0.16999995708465576 0.027089901268482208
v 0.06296643614768982 0.15581463277339935 0.03532733395695686
v 0.0649619996547699 0.15681231021881104 0.028221841901540756
v 0.06443513184785843 0.16999995708465576 0.027089901268482208
v 0.0649619996547699 0.15681231021881104 0.028221841901540756
v 0.06545519828796387 0.16999995708465576 0.022911718115210533
v 0.06670240312814713 0.16999995708465576 0.0154317831620574
v 0.06666556000709534 0.16999995708465576 0.01573556289076805
v 0.0661223828792572 0.1578102707862854 0.020926479250192642
v 0.0661223828792572 0.1578102707862854 0.020926479250192642
v 0.06666556000709534 0.16999995708465576 0.01573556289076805
v 0.06613071262836456 0.16999995708465576 0.020144803449511528
v 0.0661223828792572 0.1578102707862854 0.020926479250192642
v 0.06613071262836456 0.16999995708465576 0.020144803449511528
v 0.0649619996547699 0.15681231021881104 0.028221841901540756
v 0.0649619996547699 0.15681231021881104 0.028221841901540756
v 0.06613071262836456 0.16999995708465576 0.020144803449511528
v 0.06551740318536758 0.16999995708465576 0.022656897082924843
v 0.0649619996547699 0.15681231021881104 0.028221841901540756
v 0.06551740318536758 0.16999995708465576 0.022656897082924843
v 0.06545519828796387 0.16999995708465576 0.022911718115210533
v 0.06651417911052704 0.15959204733371735 0.013482210226356983
v 0.0661223828792572 0.1578102707862854 0.020926479250192642
v 0.06648014485836029 0.15899494290351868 0.013770016841590405
v 0.06648014485836029 0.15899494290351868 0.013770016841590405
v 0.0661223828792572 0.1578102707862854 0.020926479250192642
v 0.06646892428398132 0.15875039994716644 0.013903670944273472
v 0.06670240312814713 0.16999995708465576 0.0154317831620574
v 0.0661223828792572 0.1578102707862854 0.020926479250192642
v 0.0669843778014183 0.16999995708465576 0.01310725137591362
v 0.0669843778014183 0.16999995708465576 0.01310725137591362
v 0.0661223828792572 0.1578102707862854 0.020926479250192642
v 0.06651417911052704 0.15959204733371735 0.013482210226356983
v 0.0669843778014183 0.16999995708465576 0.01310725137591362
v 0.06651417911052704 0.15959204733371735 0.013482210226356983
v 0.06710746139287949 0.16999995708465576 0.008465598337352276
v 0.06578399986028671 0.14382147789001465 0.022062908858060837
v 0.06586495041847229 0.1455860137939453 0.02109852246940136
v 0.06551564484834671 0.14466071128845215 0.027689049020409584
v 0.06551564484834671 0.14466071128845215 0.027689049020409584
v 0.06586495041847229 0.1455860137939453 0.02109852246940136
v 0.06591282039880753 0.14662937819957733 0.020528286695480347
v 0.06551564484834671 0.14466071128845215 0.027689049020409584
v 0.06591282039880753 0.14662937819957733 0.020528286695480347
v 0.06646892428398132 0.15875039994716644 0.013903670944273472
v 0.06567253172397614 0.11298535019159317 0.03909027576446533
v 0.06559352576732635 0.11768771708011627 0.03658457100391388
v 0.0651286169886589 0.11855433881282806 0.041693802922964096
v 0.0651286169886589 0.11855433881282806 0.041693802922964096
v 0.06559352576732635 0.11768771708011627 0.03658457100391388
v 0.06551261991262436 0.12250281870365143 0.03401879593729973
v 0.0651286169886589 0.11855433881282806 0.041693802922964096
v 0.06551261991262436 0.12250281870365143 0.03401879593729973
v 0.0654623806476593 0.12549304962158203 0.0324254184961319
v 0.06625582277774811 0.09171493351459503 0.05418689548969269
v 0.06648755818605423 0.09770740568637848 0.04616396129131317
v 0.0654800608754158 0.10528077930212021 0.04827632009983063
v 0.0654800608754158 0.10528077930212021 0.04827632009983063
v 0.06648755818605423 0.09770740568637848 0.04616396129131317
v 0.0662250965833664 0.10120260715484619 0.044725365936756134
v 0.0654800608754158 0.10528077930212021 0.04827632009983063
v 0.0662250965833664 0.10120260715484619 0.044725365936756134
v 0.06612180918455124 0.1034051850438118 0.04367198422551155
v 0.06893379241228104 0.07349934428930283 0.05424606055021286
v 0.06795163452625275 0.08141903579235077 0.052179839462041855
v 0.0674837976694107 0.07779650390148163 0.059102170169353485
v 0.0674837976694107 0.07779650390148163 0.059102170169353485
v 0.06795163452625275 0.08141903579235077 0.052179839462041855
v 0.06760941445827484 0.08482449501752853 0.051025260239839554
v 0.0674837976694107 0.07779650390148163 0.059102170169353485
v 0.06760941445827484 0.08482449501752853 0.051025260239839554
v 0.06625582277774811 0.09171493351459503 0.05418689548969269
v 0.06625582277774811 0.09171493351459503 0.05418689548969269
v 0.06760941445827484 0.08482449501752853 0.051025260239839554
v 0.06722098588943481 0.08868969231843948 0.04971481114625931
v 0.06625582277774811 0.09171493351459503 0.05418689548969269
v 0.06722098588943481 0.08868969231843948 0.04971481114625931
v 0.06699833273887634 0.09090534597635269 0.04896362125873566
v 0.07029230147600174 0.06404206156730652 0.05600428208708763
v 0.07004458457231522 0.06573871523141861 0.055704113095998764
v 0.06917250156402588 0.06351888179779053 0.06261834502220154
v 0.06917250156402588 0.06351888179779053 0.06261834502220154
v 0.07004458457231522 0.06573871523141861 0.055704113095998764
v 0.06918905675411224 0.07159842550754547 0.054667431861162186
v 0.06917250156402588 0.06351888179779053 0.06261834502220154
v 0.06918905675411224 0.07159842550754547 0.054667431861162186
v 0.0674837976694107 0.07779650390148163 0.059102170169353485
v 0.0674837976694107 0.07779650390148163 0.059102170169353485
v 0.06918905675411224 0.07159842550754547 0.054667431861162186
v 0.06905941665172577 0.07248637825250626 0.05451033636927605
v 0.0674837976694107 0.07779650390148163 0.059102170169353485
v 0.06905941665172577 0.07248637825250626 0.05451033636927605
v 0.06893379241228104 0.07349934428930283 0.05424606055021286
v 0.08323416113853455 0.00776572385802865 0.03307570144534111
v 0.08258485049009323 0.009860560297966003 0.036249443888664246
v 0.08195934444665909 -0.00034212079481221735 0.04002762585878372
v 0.08195934444665909 -0.00034212079481221735 0.04002762585878372
v 0.08258485049009323 0.009860560297966003 0.036249443888664246
v 0.08246348053216934 0.01025213673710823 0.036842696368694305
v 0.08195934444665909 -0.00034212079481221735 0.04002762585878372
v 0.08246348053216934 0.01025213673710823 0.036842696368694305
v 0.08072147518396378 0.0038941698148846626 0.04585408791899681
v 0.08072147518396378 0.0038941698148846626 0.04585408791899681
v 0.08246348053216934 0.01025213673710823 0.036842696368694305
v 0.08233261108398438 0.01067435648292303 0.0374823696911335
v 0.08072147518396378 0.0038941698148846626 0.04585408791899681
v 0.08233261108398438 0.01067435648292303 0.0374823696911335
v 0.08129362761974335 0.014171837829053402 0.04164222627878189
v 0.08447960019111633 0.003967855125665665 0.024761367589235306
v 0.08413173258304596 0.0049937935546040535 0.02755904011428356
v 0.08303818851709366 -0.0037802178412675858 0.03363876789808273
v 0.08303818851709366 -0.0037802178412675858 0.03363876789808273
v 0.08413173258304596 0.0049937935546040535 0.02755904011428356
v 0.08382663130760193 0.00593602703884244 0.029434261843562126
v 0.08303818851709366 -0.0037802178412675858 0.03363876789808273
v 0.08382663130760193 0.00593602703884244 0.029434261843562126
v 0.08356934040784836 0.00673062214627862 0.031015655025839806
v 0.08579770475625992 0.00031689603929407895 0.006448602769523859
v 0.08573266118764877 0.00046980284969322383 0.009253868833184242
v 0.0850420668721199 -0.009462917223572731 0.012433207593858242
v 0.0850420668721199 -0.009462917223572731 0.012433207593858242
v 0.08573266118764877 0.00046980284969322383 0.009253868833184242
v 0.0856134444475174 0.0007834546850062907 0.011403985321521759
v 0.0850420668721199 -0.009462917223572731 0.012433207593858242
v 0.0856134444475174 0.0007834546850062907 0.011403985321521759
v 0.08544963598251343 0.0012144215870648623 0.014358308166265488
v 0.0859290286898613 1.0574132829788141e-05 -1.345481392966974e-09
v 0.08592184633016586 2.5044904759852216e-05 0.0010942287044599652
v 0.08550729602575302 -0.008599008433520794 1.466355115622471e-16
v 0.08550729602575302 -0.008599008433520794 1.466355115622471e-16
v 0.08592184633016586 2.5044904759852216e-05 0.0010942287044599652
v 0.0852731317281723 -0.010172823444008827 1.5213045251910215e-16
v 0.08592184633016586 2.5044904759852216e-05 0.0010942287044599652
v 0.08579770475625992 0.00031689603929407895 0.006448602769523859
v 0.0852731317281723 -0.010172823444008827 1.5213045251910215e-16
v 0.0852731317281723 -0.010172823444008827 1.5213045251910215e-16
v 0.08579770475625992 0.00031689603929407895 0.006448602769523859
v 0.0850420668721199 -0.009462917223572731 0.012433207593858242
v 0.0852731317281723 -0.010172823444008827 1.5213045251910215e-16
v 0.0850420668721199 -0.009462917223572731 0.012433207593858242
v 0.08424261212348938 -0.01709902100265026 1.7631315051898382e-16
v 0.08424261212348938 -0.01709902100265026 1.7631315051898382e-16
v 0.0850420668721199 -0.009462917223572731 0.012433207593858242
v 0.08316688984632492 -0.020031899213790894 0.01349638868123293
v 0.0792345330119133 -0.033568087965250015 2.3381457771338304e-16
v 0.08016917109489441 -0.03096301108598709 2.2471900557686835e-16
v 0.08002562075853348 -0.030324438586831093 0.014545842073857784
v 0.08002562075853348 -0.030324438586831093 0.014545842073857784
v 0.08016917109489441 -0.03096301108598709 2.2471900557686835e-16
v 0.0821412205696106 -0.025466427206993103 2.0552778009092767e-16
v 0.08002562075853348 -0.030324438586831093 0.014545842073857784
v 0.0821412205696106 -0.025466427206993103 2.0552778009092767e-16
v 0.08316688984632492 -0.020031899213790894 0.01349638868123293
v 0.08316688984632492 -0.020031899213790894 0.01349638868123293
v 0.0821412205696106 -0.025466427206993103 2.0552778009092767e-16
v 0.08333432674407959 -0.020715653896331787 1.8894054564308352e-16
v 0.08316688984632492 -0.020031899213790894 0.01349638868123293
v 0.08333432674407959 -0.020715653896331787 1.8894054564308352e-16
v 0.08424261212348938 -0.01709902100265026 1.7631315051898382e-16
v 0.0758194550871849 -0.04077448323369026 2.58975559062674e-16
v 0.07565449923276901 -0.040184494107961655 0.015574444085359573
v 0.07557298243045807 -0.04129459336400032 2.6079151829224844e-16
v 0.07557298243045807 -0.04129459336400032 2.6079151829224844e-16
v 0.07565449923276901 -0.040184494107961655 0.015574444085359573
v 0.0701119676232338 -0.049456506967544556 0.01657678745687008
v 0.07557298243045807 -0.04129459336400032 2.6079151829224844e-16
v 0.0701119676232338 -0.049456506967544556 0.01657678745687008
v 0.07112869620323181 -0.04868948087096214 2.86610644241556e-16
v 0.06348081678152084 -0.05798916146159172 0.017549969255924225
v 0.06598002463579178 -0.05561766028404236 3.108002376190239e-16
v 0.0701119676232338 -0.049456506967544556 0.01657678745687008
v 0.0701119676232338 -0.049456506967544556 0.01657678745687008
v 0.06598002463579178 -0.05561766028404236 3.108002376190239e-16
v 0.07020919024944305 -0.04992678761482239 2.9093067109123055e-16
v 0.0701119676232338 -0.049456506967544556 0.01657678745687008
v 0.07020919024944305 -0.04992678761482239 2.9093067109123055e-16
v 0.07112869620323181 -0.04868948087096214 2.86610644241556e-16
v 0.05383799970149994 -0.0677274540066719 3.5308136948888e-16
v 0.055888183414936066 -0.06587473303079605 3.4661263181025813e-16
v 0.05586862564086914 -0.06564098596572876 0.018493682146072388
v 0.05586862564086914 -0.06564098596572876 0.018493682146072388
v 0.055888183414936066 -0.06587473303079605 3.4661263181025813e-16
v 0.06019790470600128 -0.06198009103536606 3.330145766332744e-16
v 0.05586862564086914 -0.06564098596572876 0.018493682146072388
v 0.06019790470600128 -0.06198009103536606 3.330145766332744e-16
v 0.06348081678152084 -0.05798916146159172 0.017549969255924225
v 0.06348081678152084 -0.05798916146159172 0.017549969255924225
v 0.06019790470600128 -0.06198009103536606 3.330145766332744e-16
v 0.0635199025273323 -0.05832469090819359 3.2025180182140183e-16
v 0.06348081678152084 -0.05798916146159172 0.017549969255924225
v 0.0635199025273323 -0.05832469090819359 3.2025180182140183e-16
v 0.06598002463579178 -0.05561766028404236 3.108002376190239e-16
v 0.04750834032893181 -0.07244358211755753 3.770454001100765e-12
v 0.05383799970149994 -0.0677274540066719 3.5308136948888e-16
v 0.04749229550361633 -0.07235001027584076 0.014149697497487068
v 0.04749229550361633 -0.07235001027584076 0.014149697497487068
v 0.05383799970149994 -0.0677274540066719 3.5308136948888e-16
v 0.05586862564086914 -0.06564098596572876 0.018493682146072388
v 0.04749229550361633 -0.07235001027584076 0.014149697497487068
v 0.05586862564086914 -0.06564098596572876 0.018493682146072388
v 0.047492265701293945 -0.07234983146190643 0.014176135882735252
v 0.047492265701293945 -0.07234983146190643 0.014176135882735252
v 0.05586862564086914 -0.06564098596572876 0.018493682146072388
v 0.047474492341279984 -0.07217731326818466 0.01940053142607212
v 0.05247171223163605 0.1057724729180336 0.07594172656536102
v 0.05296916514635086 0.10498831421136856 0.07573161274194717
v 0.05633966997265816 0.1365775316953659 0.05617097392678261
v 0.05633966997265816 0.1365775316953659 0.05617097392678261
v 0.05296916514635086 0.10498831421136856 0.07573161274194717
v 0.056427229195833206 0.10233898460865021 0.07224950939416885
v 0.05633966997265816 0.1365775316953659 0.05617097392678261
v 0.056427229195833206 0.10233898460865021 0.07224950939416885
v 0.059742867946624756 0.13850533962249756 0.049485500901937485
v 0.07970370352268219 -0.013642723672091961 0.04394451901316643
v 0.08128155022859573 -0.014654195867478848 0.03633569926023483
v 0.08027525246143341 -0.011364786885678768 0.043336156755685806
v 0.08027525246143341 -0.011364786885678768 0.043336156755685806
v 0.08128155022859573 -0.014654195867478848 0.03633569926023483
v 0.08303818851709366 -0.0037802178412675858 0.03363876789808273
v 0.08027525246143341 -0.011364786885678768 0.043336156755685806
v 0.08303818851709366 -0.0037802178412675858 0.03363876789808273
v 0.08195934444665909 -0.00034212079481221735 0.04002762585878372
v 0.08195934444665909 -0.00034212079481221735 0.04002762585878372
v 0.08303818851709366 -0.0037802178412675858 0.03363876789808273
v 0.08356934040784836 0.00673062214627862 0.031015655025839806
v 0.08195934444665909 -0.00034212079481221735 0.04002762585878372
v 0.08356934040784836 0.00673062214627862 0.031015655025839806
v 0.08323416113853455 0.00776572385802865 0.03307570144534111
v 0.08447960019111633 0.003967855125665665 0.024761367589235306
v 0.08303818851709366 -0.0037802178412675858 0.03363876789808273
v 0.08392336964607239 -0.006418201606720686 0.026825007051229477
v 0.08392336964607239 -0.006418201606720686 0.026825007051229477
v 0.08303818851709366 -0.0037802178412675858 0.03363876789808273
v 0.08128155022859573 -0.014654195867478848 0.03633569926023483
v 0.08392336964607239 -0.006418201606720686 0.026825007051229477
v 0.08128155022859573 -0.014654195867478848 0.03633569926023483
v 0.08211199939250946 -0.017156710848212242 0.028950689360499382
v 0.08211199939250946 -0.017156710848212242 0.028950689360499382
v 0.08128155022859573 -0.014654195867478848 0.03633569926023483
v 0.07832001894712448 -0.025299889966845512 0.03900154307484627
v 0.08211199939250946 -0.017156710848212242 0.028950689360499382
v 0.07832001894712448 -0.025299889966845512 0.03900154307484627
v 0.07907120138406754 -0.027651606127619743 0.03105015866458416
v 0.07907120138406754 -0.027651606127619743 0.03105015866458416
v 0.07832001894712448 -0.025299889966845512 0.03900154307484627
v 0.07693368196487427 -0.028886452317237854 0.03985997661948204
v 0.07907120138406754 -0.027651606127619743 0.03105015866458416
v 0.07693368196487427 -0.028886452317237854 0.03985997661948204
v 0.0756608322262764 -0.03339627385139465 0.03865157067775726
v 0.0758194550871849 -0.04077448323369026 2.58975559062674e-16
v 0.0792345330119133 -0.033568087965250015 2.3381457771338304e-16
v 0.07565449923276901 -0.040184494107961655 0.015574444085359573
v 0.07565449923276901 -0.040184494107961655 0.015574444085359573
v 0.0792345330119133 -0.033568087965250015 2.3381457771338304e-16
v 0.08002562075853348 -0.030324438586831093 0.014545842073857784
v 0.07565449923276901 -0.040184494107961655 0.015574444085359573
v 0.08002562075853348 -0.030324438586831093 0.014545842073857784
v 0.07964389026165009 -0.029296783730387688 0.022866912186145782
v 0.07964389026165009 -0.029296783730387688 0.022866912186145782
v 0.08002562075853348 -0.030324438586831093 0.014545842073857784
v 0.08316688984632492 -0.020031899213790894 0.01349638868123293
v 0.07964389026165009 -0.029296783730387688 0.022866912186145782
v 0.08316688984632492 -0.020031899213790894 0.01349638868123293
v 0.08274395763874054 -0.01892285980284214 0.021302571520209312
v 0.08274395763874054 -0.01892285980284214 0.021302571520209312
v 0.08316688984632492 -0.020031899213790894 0.01349638868123293
v 0.0850420668721199 -0.009462917223572731 0.012433207593858242
v 0.08274395763874054 -0.01892285980284214 0.021302571520209312
v 0.0850420668721199 -0.009462917223572731 0.012433207593858242
v 0.08459366112947464 -0.008289190009236336 0.019717911258339882
v 0.08459366112947464 -0.008289190009236336 0.019717911258339882
v 0.0850420668721199 -0.009462917223572731 0.012433207593858242
v 0.08544963598251343 0.0012144215870648623 0.014358308166265488
v 0.08459366112947464 -0.008289190009236336 0.019717911258339882
v 0.08544963598251343 0.0012144215870648623 0.014358308166265488
v 0.08536916971206665 0.0014261179603636265 0.01580950804054737
v 0.05566084757447243 -0.0648839995265007 0.0302144605666399
v 0.05586862564086914 -0.06564098596572876 0.018493682146072388
v 0.05950545892119408 -0.061054956167936325 0.031240450218319893
v 0.05950545892119408 -0.061054956167936325 0.031240450218319893
v 0.05586862564086914 -0.06564098596572876 0.018493682146072388
v 0.06348081678152084 -0.05798916146159172 0.017549969255924225
v 0.05950545892119408 -0.061054956167936325 0.031240450218319893
v 0.06348081678152084 -0.05798916146159172 0.017549969255924225
v 0.06327616423368454 -0.057290300726890564 0.02734672836959362
v 0.06327616423368454 -0.057290300726890564 0.02734672836959362
v 0.06348081678152084 -0.05798916146159172 0.017549969255924225
v 0.0701119676232338 -0.049456506967544556 0.01657678745687008
v 0.06327616423368454 -0.057290300726890564 0.02734672836959362
v 0.0701119676232338 -0.049456506967544556 0.01657678745687008
v 0.06984130293130875 -0.04863807186484337 0.025895118713378906
v 0.06984130293130875 -0.04863807186484337 0.025895118713378906
v 0.0701119676232338 -0.049456506967544556 0.01657678745687008
v 0.07565449923276901 -0.040184494107961655 0.015574444085359573
v 0.06984130293130875 -0.04863807186484337 0.025895118713378906
v 0.07565449923276901 -0.040184494107961655 0.015574444085359573
v 0.07482746243476868 -0.037746816873550415 0.033109523355960846
v 0.07482746243476868 -0.037746816873550415 0.033109523355960846
v 0.07565449923276901 -0.040184494107961655 0.015574444085359573
v 0.07964389026165009 -0.029296783730387688 0.022866912186145782
v 0.07482746243476868 -0.037746816873550415 0.033109523355960846
v 0.07964389026165009 -0.029296783730387688 0.022866912186145782
v 0.07907120138406754 -0.027651606127619743 0.03105015866458416
v 0.07907120138406754 -0.027651606127619743 0.03105015866458416
v 0.07964389026165009 -0.029296783730387688 0.022866912186145782
v 0.08274395763874054 -0.01892285980284214 0.021302571520209312
v 0.07907120138406754 -0.027651606127619743 0.03105015866458416
v 0.08274395763874054 -0.01892285980284214 0.021302571520209312
v 0.08211199939250946 -0.017156710848212242 0.028950689360499382
v 0.08211199939250946 -0.017156710848212242 0.028950689360499382
v 0.08274395763874054 -0.01892285980284214 0.021302571520209312
v 0.08459366112947464 -0.008289190009236336 0.019717911258339882
v 0.08211199939250946 -0.017156710848212242 0.028950689360499382
v 0.08459366112947464 -0.008289190009236336 0.019717911258339882
v 0.08392336964607239 -0.006418201606720686 0.026825007051229477
v 0.08392336964607239 -0.006418201606720686 0.026825007051229477
v 0.08459366112947464 -0.008289190009236336 0.019717911258339882
v 0.0851580798625946 0.0020181171130388975 0.018178196623921394
v 0.08392336964607239 -0.006418201606720686 0.026825007051229477
v 0.0851580798625946 0.0020181171130388975 0.018178196623921394
v 0.08480372279882431 0.003011935157701373 0.022154631093144417
v 0.0654800608754158 0.10528077930212021 0.04827632009983063
v 0.06446445733308792 0.10003045201301575 0.056429874151945114
v 0.06625582277774811 0.09171493351459503 0.05418689548969269
v 0.06625582277774811 0.09171493351459503 0.05418689548969269
v 0.06446445733308792 0.10003045201301575 0.056429874151945114
v 0.06530111283063889 0.08539476990699768 0.06248970702290535
v 0.06625582277774811 0.09171493351459503 0.05418689548969269
v 0.06530111283063889 0.08539476990699768 0.06248970702290535
v 0.0674837976694107 0.07779650390148163 0.059102170169353485
v 0.0674837976694107 0.07779650390148163 0.059102170169353485
v 0.06530111283063889 0.08539476990699768 0.06248970702290535
v 0.0666775032877922 0.07090616226196289 0.06659932434558868
v 0.0674837976694107 0.07779650390148163 0.059102170169353485
v 0.0666775032877922 0.07090616226196289 0.06659932434558868
v 0.06917250156402588 0.06351888179779053 0.06261834502220154
v 0.06917250156402588 0.06351888179779053 0.06261834502220154
v 0.0666775032877922 0.07090616226196289 0.06659932434558868
v 0.06846152991056442 0.06443332135677338 0.06486493349075317
v 0.06917250156402588 0.06351888179779053 0.06261834502220154
v 0.06846152991056442 0.06443332135677338 0.06486493349075317
v 0.06910485029220581 0.061706673353910446 0.06413432955741882
v 0.06646892428398132 0.15875039994716644 0.013903670944273472
v 0.0661223828792572 0.1578102707862854 0.020926479250192642
v 0.06551564484834671 0.14466071128845215 0.027689049020409584
v 0.06551564484834671 0.14466071128845215 0.027689049020409584
v 0.0661223828792572 0.1578102707862854 0.020926479250192642
v 0.0649619996547699 0.15681231021881104 0.028221841901540756
v 0.06551564484834671 0.14466071128845215 0.027689049020409584
v 0.0649619996547699 0.15681231021881104 0.028221841901540756
v 0.06437452882528305 0.14259038865566254 0.03516529127955437
v 0.06437452882528305 0.14259038865566254 0.03516529127955437
v 0.0649619996547699 0.15681231021881104 0.028221841901540756
v 0.06296643614768982 0.15581463277339935 0.03532733395695686
v 0.06437452882528305 0.14259038865566254 0.03516529127955437
v 0.06296643614768982 0.15581463277339935 0.03532733395695686
v 0.06244300305843353 0.1405257135629654 0.042461033910512924
v 0.06244300305843353 0.1405257135629654 0.042461033910512924
v 0.06296643614768982 0.15581463277339935 0.03532733395695686
v 0.06016644090414047 0.1548362523317337 0.042146120220422745
v 0.06244300305843353 0.1405257135629654 0.042461033910512924
v 0.06016644090414047 0.1548362523317337 0.042146120220422745
v 0.059742867946624756 0.13850533962249756 0.049485500901937485
v 0.059742867946624756 0.13850533962249756 0.049485500901937485
v 0.06016644090414047 0.1548362523317337 0.042146120220422745
v 0.05663631111383438 0.15390117466449738 0.04860607162117958
v 0.059742867946624756 0.13850533962249756 0.049485500901937485
v 0.05663631111383438 0.15390117466449738 0.04860607162117958
v 0.05633966997265816 0.1365775316953659 0.05617097392678261
v 0.05633966997265816 0.1365775316953659 0.05617097392678261
v 0.05663631111383438 0.15390117466449738 0.04860607162117958
v 0.05247930437326431 0.1530366688966751 0.054667770862579346
v 0.05633966997265816 0.1365775316953659 0.05617097392678261
v 0.05247930437326431 0.1530366688966751 0.054667770862579346
v 0.05233290418982506 0.13479703664779663 0.06248049437999725
v 0.05233290418982506 0.13479703664779663 0.06248049437999725
v 0.05247930437326431 0.1530366688966751 0.054667770862579346
v 0.0429704524576664 0.1489623636007309 0.06645264476537704
v 0.05233290418982506 0.13479703664779663 0.06248049437999725
v 0.0429704524576664 0.1489623636007309 0.06645264476537704
v 0.04304000362753868 0.14419913291931152 0.06847769021987915
v 0.0601307712495327 0.09037195146083832 0.07181517034769058
v 0.060268107801675797 0.09005051106214523 0.07172904163599014
v 0.05967794358730316 0.10617814213037491 0.06498756259679794
v 0.05967794358730316 0.10617814213037491 0.06498756259679794
v 0.060268107801675797 0.09005051106214523 0.07172904163599014
v 0.0626874566078186 0.09483929723501205 0.06444380432367325
v 0.05967794358730316 0.10617814213037491 0.06498756259679794
v 0.0626874566078186 0.09483929723501205 0.06444380432367325
v 0.0622388981282711 0.11021764576435089 0.05743185058236122
v 0.0622388981282711 0.11021764576435089 0.05743185058236122
v 0.0626874566078186 0.09483929723501205 0.06444380432367325
v 0.06446445733308792 0.10003045201301575 0.056429874151945114
v 0.0622388981282711 0.11021764576435089 0.05743185058236122
v 0.06446445733308792 0.10003045201301575 0.056429874151945114
v 0.06405851989984512 0.11436749249696732 0.049641095101833344
v 0.06405851989984512 0.11436749249696732 0.049641095101833344
v 0.06446445733308792 0.10003045201301575 0.056429874151945114
v 0.0654800608754158 0.10528077930212021 0.04827632009983063
v 0.06405851989984512 0.11436749249696732 0.049641095101833344
v 0.0654800608754158 0.10528077930212021 0.04827632009983063
v 0.0651286169886589 0.11855433881282806 0.041693802922964096
v 0.0651286169886589 0.11855433881282806 0.041693802922964096
v 0.0654800608754158 0.10528077930212021 0.04827632009983063
v 0.06580094993114471 0.11024694889783859 0.04039991647005081
v 0.0651286169886589 0.11855433881282806 0.041693802922964096
v 0.06580094993114471 0.11024694889783859 0.04039991647005081
v 0.06567253172397614 0.11298535019159317 0.03909027576446533
v 0.055060841143131256 0.10103622823953629 0.0746726542711258
v 0.05652143806219101 0.0982765182852745 0.0739331915974617
v 0.056427229195833206 0.10233898460865021 0.07224950939416885
v 0.056427229195833206 0.10233898460865021 0.07224950939416885
v 0.05652143806219101 0.0982765182852745 0.0739331915974617
v 0.05967794358730316 0.10617814213037491 0.06498756259679794
v 0.056427229195833206 0.10233898460865021 0.07224950939416885
v 0.05967794358730316 0.10617814213037491 0.06498756259679794
v 0.059742867946624756 0.13850533962249756 0.049485500901937485
v 0.059742867946624756 0.13850533962249756 0.049485500901937485
v 0.05967794358730316 0.10617814213037491 0.06498756259679794
v 0.0622388981282711 0.11021764576435089 0.05743185058236122
v 0.059742867946624756 0.13850533962249756 0.049485500901937485
v 0.0622388981282711 0.11021764576435089 0.05743185058236122
v 0.06244300305843353 0.1405257135629654 0.042461033910512924
v 0.06244300305843353 0.1405257135629654 0.042461033910512924
v 0.0622388981282711 0.11021764576435089 0.05743185058236122
v 0.06405851989984512 0.11436749249696732 0.049641095101833344
v 0.06244300305843353 0.1405257135629654 0.042461033910512924
v 0.06405851989984512 0.11436749249696732 0.049641095101833344
v 0.06437452882528305 0.14259038865566254 0.03516529127955437
v 0.06437452882528305 0.14259038865566254 0.03516529127955437
v 0.06405851989984512 0.11436749249696732 0.049641095101833344
v 0.0651286169886589 0.11855433881282806 0.041693802922964096
v 0.06437452882528305 0.14259038865566254 0.03516529127955437
v 0.0651286169886589 0.11855433881282806 0.041693802922964096
v 0.06551564484834671 0.14466071128845215 0.027689049020409584
v 0.06551564484834671 0.14466071128845215 0.027689049020409584
v 0.0651286169886589 0.11855433881282806 0.041693802922964096
v 0.0654623806476593 0.12549304962158203 0.0324254184961319
v 0.06551564484834671 0.14466071128845215 0.027689049020409584
v 0.0654623806476593 0.12549304962158203 0.0324254184961319
v 0.06578399986028671 0.14382147789001465 0.022062908858060837
v 0.038510702550411224 0.2045000046491623 0.05689960718154907
v 0.0328703410923481 0.2045000046491623 0.0600801445543766
v 0.03289993852376938 0.19345629215240479 0.06067875027656555
v 0.024675415828824043 0.2045000046491623 0.06372494995594025
v 0.022514687851071358 0.2045000046491623 0.06438059359788895
v 0.022540617734193802 0.19323889911174774 0.06502163410186768
v 0.01725212298333645 0.2045000046491623 0.06597746163606644
v 0.011614239774644375 0.2045000046491623 0.06703359633684158
v 0.011627941392362118 0.19310763478279114 0.067667655646801
v 0.0296026524156332 0.12908703088760376 0.08218884468078613
v 0.03331638500094414 0.12679007649421692 0.08157337456941605
v 0.03320365399122238 0.1381298005580902 0.07658475637435913
v 0.04291112720966339 0.11983656138181686 0.07971018552780151
v 0.04280292987823486 0.12829463183879852 0.0757615938782692
v 0.03646600618958473 0.12484203279018402 0.08105139434337616
v 0.03646600618958473 0.12484203279018402 0.08105139434337616
v 0.04280292987823486 0.12829463183879852 0.0757615938782692
v 0.04267256706953049 0.13990595936775208 0.0706467404961586
v 0.03646600618958473 0.12484203279018402 0.08105139434337616
v 0.04267256706953049 0.13990595936775208 0.0706467404961586
v 0.03331638500094414 0.12679007649421692 0.08157337456941605
v 0.0296026524156332 0.12908703088760376 0.08218884468078613
v 0.03320365399122238 0.1381298005580902 0.07658475637435913
v 0.022755473852157593 0.1323346495628357 0.08305904269218445
v 0.02272908203303814 0.13683688640594482 0.08109551668167114
v 0.016105474904179573 0.1346636861562729 0.08368310332298279
v 0.022542232647538185 0.13243579864501953 0.08308614045381546
v 0.00025953384465537965 0.13690197467803955 0.08428285270929337
v 0.00043622066732496023 0.13689947128295898 0.08428217470645905
v 0.00043622797238640487 0.1581018716096878 0.07618009299039841
v 0.00043622797238640487 0.1581018716096878 0.07618009299039841
v 0.00043622066732496023 0.13689947128295898 0.08428217470645905
v 0.002148466417565942 0.13687510788440704 0.08427565544843674
v 0.00043622797238640487 0.1581018716096878 0.07618009299039841
v 0.002148466417565942 0.13687510788440704 0.08427565544843674
v 0.004167534876614809 0.1367739886045456 0.08424855768680573
v 0.006194003392010927 0.13659808039665222 0.08420142531394958
v 0.009155199863016605 0.1362079381942749 0.08409688621759415
v 0.011666147038340569 0.1582784503698349 0.07528035342693329
v 0.011666147038340569 0.1582784503698349 0.07528035342693329
v 0.009155199863016605 0.1362079381942749 0.08409688621759415
v 0.010100699961185455 0.13599786162376404 0.08404059708118439
v 0.011666147038340569 0.1582784503698349 0.07528035342693329
v 0.010100699961185455 0.13599786162376404 0.08404059708118439
v 0.01171790063381195 0.1360560953617096 0.08383607119321823
v 0.01171790063381195 0.1360560953617096 0.08383607119321823
v 0.010100699961185455 0.13599786162376404 0.08404059708118439
v 0.011719402857124805 0.13563820719718933 0.08394422382116318
v -0.00920108426362276 0.13599808514118195 0.08404066413640976
v -0.008158079348504543 0.13622839748859406 0.0841023176908493
v -0.010793685913085938 0.1582784354686737 0.07528035342693329
v -0.010793685913085938 0.1582784354686737 0.07528035342693329
v -0.008158079348504543 0.13622839748859406 0.0841023176908493
v 0.00043622797238640487 0.1581018716096878 0.07618009299039841
v 0.00043622797238640487 0.1581018716096878 0.07618009299039841
v -0.008158079348504543 0.13622839748859406 0.0841023176908493
v -0.0017964408034458756 0.13685670495033264 0.08427069336175919
v 0.00043622797238640487 0.1581018716096878 0.07618009299039841
v -0.0017964408034458756 0.13685670495033264 0.08427069336175919
v 0.00025953384465537965 0.13690197467803955 0.08428285270929337
v -0.010847004130482674 0.1356346309185028 0.08394336700439453
v -0.010845453478395939 0.13605612516403198 0.083836130797863
v -0.015183279290795326 0.13467708230018616 0.08368705213069916
v -0.015183279290795326 0.13467708230018616 0.08368705213069916
v -0.010845453478395939 0.13605612516403198 0.083836130797863
v -0.02185661904513836 0.1368369162082672 0.0810956284403801
v -0.015183279290795326 0.13467708230018616 0.08368705213069916
v -0.02185661904513836 0.1368369162082672 0.0810956284403801
v -0.021622756496071815 0.13245494663715363 0.08309130370616913
v -0.04204048216342926 0.11983417719602585 0.07970954477787018
v -0.03560619056224823 0.12482579052448273 0.08104324340820312
v -0.04179774224758148 0.13979418575763702 0.07060052454471588
v -0.04179774224758148 0.13979418575763702 0.07060052454471588
v -0.03560619056224823 0.12482579052448273 0.08104324340820312
v -0.03244132176041603 0.12678365409374237 0.08156807720661163
v -0.04179774224758148 0.13979418575763702 0.07060052454471588
v -0.03244132176041603 0.12678365409374237 0.08156807720661163
v -0.032331179827451706 0.13812986016273499 0.07658492028713226
v -0.032331179827451706 0.13812986016273499 0.07658492028713226
v -0.03244132176041603 0.12678365409374237 0.08156807720661163
v -0.028706258162856102 0.12909427285194397 0.0821874663233757
v -0.032331179827451706 0.13812986016273499 0.07658492028713226
v -0.028706258162856102 0.12909427285194397 0.0821874663233757
v -0.02185661904513836 0.1368369162082672 0.0810956284403801
v -0.02185661904513836 0.1368369162082672 0.0810956284403801
v -0.028706258162856102 0.12909427285194397 0.0821874663233757
v -0.02188299037516117 0.1323314905166626 0.08305809646844864
v -0.02185661904513836 0.1368369162082672 0.0810956284403801
v -0.02188299037516117 0.1323314905166626 0.08305809646844864
v -0.021622756496071815 0.13245494663715363 0.08309130370616913
v -0.041566334664821625 0.16593916714191437 0.06067609041929245
v -0.041605278849601746 0.16089420020580292 0.062425971031188965
v -0.0321623757481575 0.15967893600463867 0.06821393221616745
v -0.0321623757481575 0.15967893600463867 0.06821393221616745
v -0.041605278849601746 0.16089420020580292 0.062425971031188965
v -0.041634827852249146 0.15706609189510345 0.06375376880168915
v -0.04166224226355553 0.15351472795009613 0.06498558819293976
v -0.04175317659974098 0.14430701732635498 0.06875371187925339
v -0.032331179827451706 0.13812986016273499 0.07658492028713226
v -0.032331179827451706 0.13812986016273499 0.07658492028713226
v -0.04175317659974098 0.14430701732635498 0.06875371187925339
v -0.04179697483778 0.13987210392951965 0.07056863605976105
v -0.032331179827451706 0.13812986016273499 0.07658492028713226
v -0.04179697483778 0.13987210392951965 0.07056863605976105
v -0.04179774224758148 0.13979418575763702 0.07060052454471588
v -0.041507914662361145 0.178614541888237 0.05735354870557785
v -0.04153556376695633 0.17164793610572815 0.05906086787581444
v -0.0320991687476635 0.17074532806873322 0.06486459821462631
v -0.0320991687476635 0.17074532806873322 0.06486459821462631
v -0.04153556376695633 0.17164793610572815 0.05906086787581444
v -0.04154188185930252 0.17005576193332672 0.059451065957546234
v -0.04148992896080017 0.1872486025094986 0.05573777109384537
v -0.0414961501955986 0.18261517584323883 0.056499507278203964
v -0.03205341100692749 0.18201257288455963 0.062298256903886795
v -0.03205341100692749 0.18201257288455963 0.062298256903886795
v -0.0414961501955986 0.18261517584323883 0.056499507278203964
v -0.04149825498461723 0.18104834854602814 0.05675709247589111
v -0.0414930023252964 0.19595666229724884 0.05470973253250122
v -0.04148956388235092 0.19376066327095032 0.05489625036716461
v -0.03202745318412781 0.19345629215240479 0.060678813606500626
v -0.03202745318412781 0.19345629215240479 0.060678813606500626
v -0.04148956388235092 0.19376066327095032 0.05489625036716461
v -0.041485052555799484 0.19087812304496765 0.05514108017086983
v -0.03202745318412781 0.19345629215240479 0.060678813606500626
v -0.03197290748357773 0.2045000046491623 0.06002619490027428
v -0.035065583884716034 0.2045000046491623 0.05845613777637482
v -0.0414930023252964 0.19595666229724884 0.05470973253250122
v -0.03202745318412781 0.19345629215240479 0.060678813606500626
v -0.04149949923157692 0.20010505616664886 0.054357387125492096
v -0.04149949923157692 0.20010505616664886 0.054357387125492096
v -0.03202745318412781 0.19345629215240479 0.060678813606500626
v -0.035065583884716034 0.2045000046491623 0.05845613777637482
v -0.04149949923157692 0.20010505616664886 0.054357387125492096
v -0.035065583884716034 0.2045000046491623 0.05845613777637482
v -0.041511278599500656 0.2045000046491623 0.054243043065071106
v -0.01075546070933342 0.19310763478279114 0.06766767799854279
v -0.010741089470684528 0.2045000046491623 0.06700664758682251
v -0.013462177477777004 0.2045000046491623 0.06661330908536911
v -0.01075546070933342 0.19310763478279114 0.06766767799854279
v -0.013462177477777004 0.2045000046491623 0.06661330908536911
v -0.02166813425719738 0.19323889911174774 0.06502167880535126
v -0.013462177477777004 0.2045000046491623 0.06661330908536911
v -0.020968226715922356 0.2045000046491623 0.06467416882514954
v -0.02166813425719738 0.19323889911174774 0.06502167880535126
v -0.02166813425719738 0.19323889911174774 0.06502167880535126
v -0.020968226715922356 0.2045000046491623 0.06467416882514954
v -0.021649662405252457 0.2045000046491623 0.06441669166088104
v -0.02166813425719738 0.19323889911174774 0.06502167880535126
v -0.021649662405252457 0.2045000046491623 0.06441669166088104
v -0.03202745318412781 0.19345629215240479 0.060678813606500626
v -0.03202745318412781 0.19345629215240479 0.060678813606500626
v -0.021649662405252457 0.2045000046491623 0.06441669166088104
v -0.028199469670653343 0.2045000046491623 0.061941854655742645
v -0.03202745318412781 0.19345629215240479 0.060678813606500626
v -0.028199469670653343 0.2045000046491623 0.061941854655742645
v -0.03197290748357773 0.2045000046491623 0.06002619490027428
v 0.009648332372307777 0.2045000046491623 0.06740187108516693
v 0.0019686666782945395 0.2045000046491623 0.06798459589481354
v 0.0004362397885415703 0.1930636763572693 0.06855938583612442
v 0.0004362397885415703 0.1930636763572693 0.06855938583612442
v 0.0019686666782945395 0.2045000046491623 0.06798459589481354
v 0.00043849923531524837 0.2045000046491623 0.06793347746133804
v 0.0004362397885415703 0.1930636763572693 0.06855938583612442
v 0.00043849923531524837 0.2045000046491623 0.06793347746133804
v -0.01075546070933342 0.19310763478279114 0.06766767799854279
v -0.01075546070933342 0.19310763478279114 0.06766767799854279
v 0.00043849923531524837 0.2045000046491623 0.06793347746133804
v -0.005762543063610792 0.2045000046491623 0.06772631406784058
v -0.01075546070933342 0.19310763478279114 0.06766767799854279
v -0.005762543063610792 0.2045000046491623 0.06772631406784058
v -0.010741089470684528 0.2045000046491623 0.06700664758682251
v 0.024675415828824043 0.2045000046491623 0.06372494995594025
v 0.022540617734193802 0.19323889911174774 0.06502163410186768
v 0.031792089343070984 0.2045000046491623 0.06068816035985947
v 0.04236356541514397 0.195950448513031 0.054650865495204926
v 0.042383771389722824 0.2045000046491623 0.05424303933978081
v 0.038510702550411224 0.2045000046491623 0.05689960718154907
v 0.04236356541514397 0.195950448513031 0.054650865495204926
v 0.038510702550411224 0.2045000046491623 0.05689960718154907
v 0.04236161708831787 0.1951272338628769 0.05469013378024101
v 0.04236161708831787 0.1951272338628769 0.05469013378024101
v 0.038510702550411224 0.2045000046491623 0.05689960718154907
v 0.04236147552728653 0.19376018643379211 0.05486588552594185
v 0.04236147552728653 0.19376018643379211 0.05486588552594185
v 0.038510702550411224 0.2045000046491623 0.05689960718154907
v 0.03289993852376938 0.19345629215240479 0.06067875027656555
v 0.04236147552728653 0.19376018643379211 0.05486588552594185
v 0.03289993852376938 0.19345629215240479 0.06067875027656555
v 0.04236080124974251 0.18724103271961212 0.05570400878787041
v 0.04236080124974251 0.18724103271961212 0.05570400878787041
v 0.03289993852376938 0.19345629215240479 0.06067875027656555
v 0.04236061871051788 0.1855027675628662 0.05592748895287514
v 0.04236061871051788 0.1855027675628662 0.05592748895287514
v 0.03289993852376938 0.19345629215240479 0.06067875027656555
v 0.03292589634656906 0.18201257288455963 0.06229821592569351
v 0.04236061871051788 0.1855027675628662 0.05592748895287514
v 0.03292589634656906 0.18201257288455963 0.06229821592569351
v 0.04236944392323494 0.18262510001659393 0.0565350316464901
v 0.03297165036201477 0.1707453578710556 0.06486460566520691
v 0.0423940010368824 0.17461463809013367 0.05822622403502464
v 0.03292589634656906 0.18201257288455963 0.06229821592569351
v 0.03292589634656906 0.18201257288455963 0.06229821592569351
v 0.0423940010368824 0.17461463809013367 0.05822622403502464
v 0.04238172620534897 0.1786179393529892 0.0573810338973999
v 0.03292589634656906 0.18201257288455963 0.06229821592569351
v 0.04238172620534897 0.1786179393529892 0.0573810338973999
v 0.04236944392323494 0.18262510001659393 0.0565350316464901
v 0.03303486108779907 0.15967895090579987 0.06821393221616745
v 0.042414240539073944 0.17005576193332672 0.05945117771625519
v 0.03297165036201477 0.1707453578710556 0.06486460566520691
v 0.03297165036201477 0.1707453578710556 0.06486460566520691
v 0.042414240539073944 0.17005576193332672 0.05945117771625519
v 0.04240720719099045 0.17163971066474915 0.05902557820081711
v 0.03297165036201477 0.1707453578710556 0.06486460566520691
v 0.04240720719099045 0.17163971066474915 0.05902557820081711
v 0.0423940010368824 0.17461463809013367 0.05822622403502464
v 0.03331638500094414 0.12679007649421692 0.08157337456941605
v 0.04267256706953049 0.13990595936775208 0.0706467404961586
v 0.03320365399122238 0.1381298005580902 0.07658475637435913
v 0.03320365399122238 0.1381298005580902 0.07658475637435913
v 0.04267256706953049 0.13990595936775208 0.0706467404961586
v 0.04262331873178482 0.14429278671741486 0.06871430575847626
v 0.03320365399122238 0.1381298005580902 0.07658475637435913
v 0.04262331873178482 0.14429278671741486 0.06871430575847626
v 0.04260758310556412 0.1456943303346634 0.06809692084789276
v 0.04250612109899521 0.15706095099449158 0.06373172998428345
v 0.04248616099357605 0.15929721295833588 0.06287292391061783
v 0.03303486108779907 0.15967895090579987 0.06821393221616745
v 0.03303486108779907 0.15967895090579987 0.06821393221616745
v 0.04248616099357605 0.15929721295833588 0.06287292391061783
v 0.0424756184220314 0.16087409853935242 0.062371399253606796
v 0.03303486108779907 0.15967895090579987 0.06821393221616745
v 0.0424756184220314 0.16087409853935242 0.062371399253606796
v 0.042414240539073944 0.17005576193332672 0.05945117771625519
v -0.041485052555799484 0.19087812304496765 0.05514108017086983
v -0.04148992896080017 0.1872486025094986 0.05573777109384537
v -0.03202745318412781 0.19345629215240479 0.060678813606500626
v -0.03202745318412781 0.19345629215240479 0.060678813606500626
v -0.04148992896080017 0.1872486025094986 0.05573777109384537
v -0.03205341100692749 0.18201257288455963 0.062298256903886795
v -0.03202745318412781 0.19345629215240479 0.060678813606500626
v -0.03205341100692749 0.18201257288455963 0.062298256903886795
v -0.02166813425719738 0.19323889911174774 0.06502167880535126
v -0.02166813425719738 0.19323889911174774 0.06502167880535126
v -0.03205341100692749 0.18201257288455963 0.062298256903886795
v -0.02168264240026474 0.18157684803009033 0.06664864718914032
v -0.02166813425719738 0.19323889911174774 0.06502167880535126
v -0.02168264240026474 0.18157684803009033 0.06664864718914032
v -0.01075546070933342 0.19310763478279114 0.06766767799854279
v -0.01075546070933342 0.19310763478279114 0.06766767799854279
v -0.02168264240026474 0.18157684803009033 0.06664864718914032
v -0.010761864483356476 0.18131375312805176 0.0692979171872139
v -0.01075546070933342 0.19310763478279114 0.06766767799854279
v -0.010761864483356476 0.18131375312805176 0.0692979171872139
v 0.0004362397885415703 0.1930636763572693 0.06855938583612442
v 0.0004362397885415703 0.1930636763572693 0.06855938583612442
v -0.010761864483356476 0.18131375312805176 0.0692979171872139
v 0.0004362358304206282 0.18122564256191254 0.0701904222369194
v -0.04154188185930252 0.17005576193332672 0.059451065957546234
v -0.041566334664821625 0.16593916714191437 0.06067609041929245
v -0.0320991687476635 0.17074532806873322 0.06486459821462631
v -0.0320991687476635 0.17074532806873322 0.06486459821462631
v -0.041566334664821625 0.16593916714191437 0.06067609041929245
v -0.0321623757481575 0.15967893600463867 0.06821393221616745
v -0.0320991687476635 0.17074532806873322 0.06486459821462631
v -0.0321623757481575 0.15967893600463867 0.06821393221616745
v -0.021710345521569252 0.17009016871452332 0.06922987848520279
v -0.021710345521569252 0.17009016871452332 0.06922987848520279
v -0.0321623757481575 0.15967893600463867 0.06821393221616745
v -0.02174968458712101 0.1588057279586792 0.07260759174823761
v -0.021710345521569252 0.17009016871452332 0.06922987848520279
v -0.02174968458712101 0.1588057279586792 0.07260759174823761
v -0.010774865746498108 0.16969454288482666 0.07188684493303299
v -0.010774865746498108 0.16969454288482666 0.07188684493303299
v -0.02174968458712101 0.1588057279586792 0.07260759174823761
v -0.010793685913085938 0.1582784354686737 0.07528035342693329
v -0.010774865746498108 0.16969454288482666 0.07188684493303299
v -0.010793685913085938 0.1582784354686737 0.07528035342693329
v 0.00043623190140351653 0.16956207156181335 0.07278162240982056
v 0.00043623190140351653 0.16956207156181335 0.07278162240982056
v -0.010793685913085938 0.1582784354686737 0.07528035342693329
v 0.00043622797238640487 0.1581018716096878 0.07618009299039841
v 0.00043623190140351653 0.16956207156181335 0.07278162240982056
v 0.00043622797238640487 0.1581018716096878 0.07618009299039841
v 0.011666147038340569 0.1582784503698349 0.07528035342693329
v 0.011666147038340569 0.1582784503698349 0.07528035342693329
v 0.00043622797238640487 0.1581018716096878 0.07618009299039841
v 0.004167534876614809 0.1367739886045456 0.08424855768680573
v 0.011666147038340569 0.1582784503698349 0.07528035342693329
v 0.004167534876614809 0.1367739886045456 0.08424855768680573
v 0.006194003392010927 0.13659808039665222 0.08420142531394958
v -0.010847004130482674 0.1356346309185028 0.08394336700439453
v -0.00920108426362276 0.13599808514118195 0.08404066413640976
v -0.010845453478395939 0.13605612516403198 0.083836130797863
v -0.010845453478395939 0.13605612516403198 0.083836130797863
v -0.00920108426362276 0.13599808514118195 0.08404066413640976
v -0.010793685913085938 0.1582784354686737 0.07528035342693329
v -0.010845453478395939 0.13605612516403198 0.083836130797863
v -0.010793685913085938 0.1582784354686737 0.07528035342693329
v -0.02185661904513836 0.1368369162082672 0.0810956284403801
v -0.02185661904513836 0.1368369162082672 0.0810956284403801
v -0.010793685913085938 0.1582784354686737 0.07528035342693329
v -0.02174968458712101 0.1588057279586792 0.07260759174823761
v -0.02185661904513836 0.1368369162082672 0.0810956284403801
v -0.02174968458712101 0.1588057279586792 0.07260759174823761
v -0.032331179827451706 0.13812986016273499 0.07658492028713226
v -0.032331179827451706 0.13812986016273499 0.07658492028713226
v -0.02174968458712101 0.1588057279586792 0.07260759174823761
v -0.0321623757481575 0.15967893600463867 0.06821393221616745
v -0.032331179827451706 0.13812986016273499 0.07658492028713226
v -0.0321623757481575 0.15967893600463867 0.06821393221616745
v -0.04166224226355553 0.15351472795009613 0.06498558819293976
v -0.04166224226355553 0.15351472795009613 0.06498558819293976
v -0.0321623757481575 0.15967893600463867 0.06821393221616745
v -0.041634827852249146 0.15706609189510345 0.06375376880168915
v 0.022542232647538185 0.13243579864501953 0.08308614045381546
v 0.022755473852157593 0.1323346495628357 0.08305904269218445
v 0.02272908203303814 0.13683688640594482 0.08109551668167114
v 0.02272908203303814 0.13683688640594482 0.08109551668167114
v 0.022755473852157593 0.1323346495628357 0.08305904269218445
v 0.03320365399122238 0.1381298005580902 0.07658475637435913
v 0.02272908203303814 0.13683688640594482 0.08109551668167114
v 0.03320365399122238 0.1381298005580902 0.07658475637435913
v 0.03303486108779907 0.15967895090579987 0.06821393221616745
v 0.03303486108779907 0.15967895090579987 0.06821393221616745
v 0.03320365399122238 0.1381298005580902 0.07658475637435913
v 0.04260758310556412 0.1456943303346634 0.06809692084789276
v 0.03303486108779907 0.15967895090579987 0.06821393221616745
v 0.04260758310556412 0.1456943303346634 0.06809692084789276
v 0.04250612109899521 0.15706095099449158 0.06373172998428345
v 0.022514687851071358 0.2045000046491623 0.06438059359788895
v 0.01725212298333645 0.2045000046491623 0.06597746163606644
v 0.022540617734193802 0.19323889911174774 0.06502163410186768
v 0.022540617734193802 0.19323889911174774 0.06502163410186768
v 0.01725212298333645 0.2045000046491623 0.06597746163606644
v 0.011627941392362118 0.19310763478279114 0.067667655646801
v 0.022540617734193802 0.19323889911174774 0.06502163410186768
v 0.011627941392362118 0.19310763478279114 0.067667655646801
v 0.022555120289325714 0.18157686293125153 0.06664861738681793
v 0.022555120289325714 0.18157686293125153 0.06664861738681793
v 0.011627941392362118 0.19310763478279114 0.067667655646801
v 0.011634338647127151 0.18131375312805176 0.0692979022860527
v 0.022555120289325714 0.18157686293125153 0.06664861738681793
v 0.011634338647127151 0.18131375312805176 0.0692979022860527
v 0.022582821547985077 0.17009016871452332 0.06922987848520279
v 0.022582821547985077 0.17009016871452332 0.06922987848520279
v 0.011634338647127151 0.18131375312805176 0.0692979022860527
v 0.011647333391010761 0.16969455778598785 0.07188685238361359
v 0.022582821547985077 0.17009016871452332 0.06922987848520279
v 0.011647333391010761 0.16969455778598785 0.07188685238361359
v 0.022622156888246536 0.1588057279586792 0.07260759174823761
v 0.011614239774644375 0.2045000046491623 0.06703359633684158
v 0.009648332372307777 0.2045000046491623 0.06740187108516693
v 0.011627941392362118 0.19310763478279114 0.067667655646801
v 0.011627941392362118 0.19310763478279114 0.067667655646801
v 0.009648332372307777 0.2045000046491623 0.06740187108516693
v 0.0004362397885415703 0.1930636763572693 0.06855938583612442
v 0.011627941392362118 0.19310763478279114 0.067667655646801
v 0.0004362397885415703 0.1930636763572693 0.06855938583612442
v 0.011634338647127151 0.18131375312805176 0.0692979022860527
v 0.011634338647127151 0.18131375312805176 0.0692979022860527
v 0.0004362397885415703 0.1930636763572693 0.06855938583612442
v 0.0004362358304206282 0.18122564256191254 0.0701904222369194
v 0.011634338647127151 0.18131375312805176 0.0692979022860527
v 0.0004362358304206282 0.18122564256191254 0.0701904222369194
v 0.011647333391010761 0.16969455778598785 0.07188685238361359
v 0.0328703410923481 0.2045000046491623 0.0600801445543766
v 0.031792089343070984 0.2045000046491623 0.06068816035985947
v 0.03289993852376938 0.19345629215240479 0.06067875027656555
v 0.03289993852376938 0.19345629215240479 0.06067875027656555
v 0.031792089343070984 0.2045000046491623 0.06068816035985947
v 0.022540617734193802 0.19323889911174774 0.06502163410186768
v 0.03289993852376938 0.19345629215240479 0.06067875027656555
v 0.022540617734193802 0.19323889911174774 0.06502163410186768
v 0.03292589634656906 0.18201257288455963 0.06229821592569351
v 0.03292589634656906 0.18201257288455963 0.06229821592569351
v 0.022540617734193802 0.19323889911174774 0.06502163410186768
v 0.022555120289325714 0.18157686293125153 0.06664861738681793
v 0.03292589634656906 0.18201257288455963 0.06229821592569351
v 0.022555120289325714 0.18157686293125153 0.06664861738681793
v 0.03297165036201477 0.1707453578710556 0.06486460566520691
v 0.03297165036201477 0.1707453578710556 0.06486460566520691
v 0.022555120289325714 0.18157686293125153 0.06664861738681793
v 0.022582821547985077 0.17009016871452332 0.06922987848520279
v 0.03297165036201477 0.1707453578710556 0.06486460566520691
v 0.022582821547985077 0.17009016871452332 0.06922987848520279
v 0.03303486108779907 0.15967895090579987 0.06821393221616745
v 0.03303486108779907 0.15967895090579987 0.06821393221616745
v 0.022582821547985077 0.17009016871452332 0.06922987848520279
v 0.022622156888246536 0.1588057279586792 0.07260759174823761
v 0.03303486108779907 0.15967895090579987 0.06821393221616745
v 0.022622156888246536 0.1588057279586792 0.07260759174823761
v 0.02272908203303814 0.13683688640594482 0.08109551668167114
v -0.04149825498461723 0.18104834854602814 0.05675709247589111
v -0.041507914662361145 0.178614541888237 0.05735354870557785
v -0.03205341100692749 0.18201257288455963 0.062298256903886795
v -0.03205341100692749 0.18201257288455963 0.062298256903886795
v -0.041507914662361145 0.178614541888237 0.05735354870557785
v -0.0320991687476635 0.17074532806873322 0.06486459821462631
v -0.03205341100692749 0.18201257288455963 0.062298256903886795
v -0.0320991687476635 0.17074532806873322 0.06486459821462631
v -0.02168264240026474 0.18157684803009033 0.06664864718914032
v -0.02168264240026474 0.18157684803009033 0.06664864718914032
v -0.0320991687476635 0.17074532806873322 0.06486459821462631
v -0.021710345521569252 0.17009016871452332 0.06922987848520279
v -0.02168264240026474 0.18157684803009033 0.06664864718914032
v -0.021710345521569252 0.17009016871452332 0.06922987848520279
v -0.010761864483356476 0.18131375312805176 0.0692979171872139
v -0.010761864483356476 0.18131375312805176 0.0692979171872139
v -0.021710345521569252 0.17009016871452332 0.06922987848520279
v -0.010774865746498108 0.16969454288482666 0.07188684493303299
v -0.010761864483356476 0.18131375312805176 0.0692979171872139
v -0.010774865746498108 0.16969454288482666 0.07188684493303299
v 0.0004362358304206282 0.18122564256191254 0.0701904222369194
v 0.0004362358304206282 0.18122564256191254 0.0701904222369194
v -0.010774865746498108 0.16969454288482666 0.07188684493303299
v 0.00043623190140351653 0.16956207156181335 0.07278162240982056
v 0.0004362358304206282 0.18122564256191254 0.0701904222369194
v 0.00043623190140351653 0.16956207156181335 0.07278162240982056
v 0.011647333391010761 0.16969455778598785 0.07188685238361359
v 0.011647333391010761 0.16969455778598785 0.07188685238361359
v 0.00043623190140351653 0.16956207156181335 0.07278162240982056
v 0.011666147038340569 0.1582784503698349 0.07528035342693329
v 0.011647333391010761 0.16969455778598785 0.07188685238361359
v 0.011666147038340569 0.1582784503698349 0.07528035342693329
v 0.022622156888246536 0.1588057279586792 0.07260759174823761
v 0.022622156888246536 0.1588057279586792 0.07260759174823761
v 0.011666147038340569 0.1582784503698349 0.07528035342693329
v 0.01171790063381195 0.1360560953617096 0.08383607119321823
v 0.022622156888246536 0.1588057279586792 0.07260759174823761
v 0.01171790063381195 0.1360560953617096 0.08383607119321823
v 0.02272908203303814 0.13683688640594482 0.08109551668167114
v 0.02272908203303814 0.13683688640594482 0.08109551668167114
v 0.01171790063381195 0.1360560953617096 0.08383607119321823
v 0.011719402857124805 0.13563820719718933 0.08394422382116318
v 0.02272908203303814 0.13683688640594482 0.08109551668167114
v 0.011719402857124805 0.13563820719718933 0.08394422382116318
v 0.016105474904179573 0.1346636861562729 0.08368310332298279
v 0.07320496439933777 0.014205843210220337 0.06955554336309433
v 0.07227908819913864 0.0197901651263237 0.07144755870103836
v 0.07005010545253754 0.00974979903548956 0.07825873047113419
v 0.07005010545253754 0.00974979903548956 0.07825873047113419
v 0.07227908819913864 0.0197901651263237 0.07144755870103836
v 0.06922782957553864 0.015825314447283745 0.07991182804107666
v 0.06999511271715164 -0.04553016647696495 0.035400304943323135
v 0.07114613801240921 -0.04307745024561882 0.03605750948190689
v 0.06826228648424149 -0.047913286834955215 0.03717412054538727
v 0.06868649274110794 0.061437640339136124 0.06406224519014359
v 0.06988260895013809 0.052190765738487244 0.0658971443772316
v 0.07007640600204468 0.05591884255409241 0.06258348375558853
v 0.06601282209157944 0.0720536857843399 0.06690680235624313
v 0.06535977870225906 0.07415921986103058 0.0674709752202034
v 0.06602437794208527 0.06704030930995941 0.06972593069076538
v 0.06602437794208527 0.06704030930995941 0.06972593069076538
v 0.06535977870225906 0.07415921986103058 0.0674709752202034
v 0.06453275680541992 0.07682567089796066 0.06818545609712601
v 0.06279680132865906 0.08242270350456238 0.06968516856431961
v 0.0623738057911396 0.0835195854306221 0.06997907906770706
v 0.06313584744930267 0.07222232222557068 0.07410679757595062
v 0.06313584744930267 0.07222232222557068 0.07410679757595062
v 0.0623738057911396 0.0835195854306221 0.06997907906770706
v 0.06218728423118591 0.0840032622218132 0.07010868191719055
v 0.04511357098817825 0.017211604863405228 0.11626677215099335
v 0.045169658958911896 0.014680057764053345 0.11655974388122559
v 0.05003257840871811 0.019619794562458992 0.11019127815961838
v 0.0549890510737896 -0.06520407646894455 0.03012869693338871
v 0.05479051545262337 -0.06402431428432465 0.0410761833190918
v 0.0492522194981575 -0.070186547935009 0.02879364788532257
v 0.0492522194981575 -0.070186547935009 0.02879364788532257
v 0.05479051545262337 -0.06402431428432465 0.0410761833190918
v 0.04705182462930679 -0.07059186697006226 0.04281146451830864
v 0.0492522194981575 -0.070186547935009 0.02879364788532257
v 0.04705182462930679 -0.07059186697006226 0.04281146451830864
v 0.04706871509552002 -0.07183776050806046 0.028351206332445145
v 0.04701736941933632 -0.06782310456037521 0.058786988258361816
v 0.04701748117804527 -0.06782970577478409 0.05875757336616516
v 0.05479051545262337 -0.06402431428432465 0.0410761833190918
v 0.05479051545262337 -0.06402431428432465 0.0410761833190918
v 0.04701748117804527 -0.06782970577478409 0.05875757336616516
v 0.0470353327691555 -0.06888376176357269 0.05406065657734871
v 0.0470353327691555 -0.06888376176357269 0.05406065657734871
v 0.04705149307847023 -0.07056737691164017 0.04309576004743576
v 0.05479051545262337 -0.06402431428432465 0.0410761833190918
v 0.05479051545262337 -0.06402431428432465 0.0410761833190918
v 0.04705149307847023 -0.07056737691164017 0.04309576004743576
v 0.04705171287059784 -0.07058367133140564 0.042906634509563446
v 0.05479051545262337 -0.06402431428432465 0.0410761833190918
v 0.04705171287059784 -0.07058367133140564 0.042906634509563446
v 0.04705182462930679 -0.07059186697006226 0.04281146451830864
v 0.046980369836091995 -0.0657636821269989 0.06665652245283127
v 0.046980828046798706 -0.06578786671161652 0.06657849252223969
v 0.05415363609790802 -0.05898340418934822 0.06365378201007843
v 0.05415363609790802 -0.05898340418934822 0.06365378201007843
v 0.046980828046798706 -0.06578786671161652 0.06657849252223969
v 0.04700049012899399 -0.06682656705379486 0.06322760879993439
v 0.046931274235248566 -0.06321290880441666 0.0744372010231018
v 0.04693279042840004 -0.0632888451218605 0.07423633337020874
v 0.053892895579338074 -0.0563037283718586 0.07086893171072006
v 0.053892895579338074 -0.0563037283718586 0.07086893171072006
v 0.04693279042840004 -0.0632888451218605 0.07423633337020874
v 0.0469466894865036 -0.06398458033800125 0.07239598780870438
v 0.046857789158821106 -0.05959717184305191 0.08253738284111023
v 0.04686342179775238 -0.059874046593904495 0.08192412555217743
v 0.05361396074295044 -0.05300444737076759 0.07781445980072021
v 0.05361396074295044 -0.05300444737076759 0.07781445980072021
v 0.04686342179775238 -0.059874046593904495 0.08192412555217743
v 0.046866416931152344 -0.06002113223075867 0.08159833401441574
v 0.05361396074295044 -0.05300444737076759 0.07781445980072021
v 0.046866416931152344 -0.06002113223075867 0.08159833401441574
v 0.04692702740430832 -0.06300023943185806 0.07499974966049194
v 0.04677463322877884 -0.055772505700588226 0.08912529051303864
v 0.04678158089518547 -0.05608975142240524 0.08862347155809402
v 0.05332063511013985 -0.049018409103155136 0.08438806235790253
v 0.05332063511013985 -0.049018409103155136 0.08438806235790253
v 0.04678158089518547 -0.05608975142240524 0.08862347155809402
v 0.04680056869983673 -0.05695699155330658 0.0872516855597496
v 0.05332063511013985 -0.049018409103155136 0.08438806235790253
v 0.04680056869983673 -0.05695699155330658 0.0872516855597496
v 0.046857789158821106 -0.05959717184305191 0.08253738284111023
v 0.04666231572628021 -0.050729427486658096 0.09575392305850983
v 0.046675849705934525 -0.05132186412811279 0.09511073678731918
v 0.05301613733172417 -0.044298239052295685 0.09046170115470886
v 0.05301613733172417 -0.044298239052295685 0.09046170115470886
v 0.046675849705934525 -0.05132186412811279 0.09511073678731918
v 0.04668428376317024 -0.051691025495529175 0.09470994770526886
v 0.05301613733172417 -0.044298239052295685 0.09046170115470886
v 0.04668428376317024 -0.051691025495529175 0.09470994770526886
v 0.05332063511013985 -0.049018409103155136 0.08438806235790253
v 0.05332063511013985 -0.049018409103155136 0.08438806235790253
v 0.04668428376317024 -0.051691025495529175 0.09470994770526886
v 0.046773817390203476 -0.05573528632521629 0.08918415755033493
v 0.05332063511013985 -0.049018409103155136 0.08438806235790253
v 0.046773817390203476 -0.05573528632521629 0.08918415755033493
v 0.04677463322877884 -0.055772505700588226 0.08912529051303864
v 0.04666231572628021 -0.050729427486658096 0.09575392305850983
v 0.05301613733172417 -0.044298239052295685 0.09046170115470886
v 0.04657193273305893 -0.04677315801382065 0.10004912316799164
v 0.04657193273305893 -0.04677315801382065 0.10004912316799164
v 0.05301613733172417 -0.044298239052295685 0.09046170115470886
v 0.052702803164720535 -0.03883931040763855 0.09589383751153946
v 0.04657193273305893 -0.04677315801382065 0.10004912316799164
v 0.052702803164720535 -0.03883931040763855 0.09589383751153946
v 0.04654860869050026 -0.04574935883283615 0.10091597586870193
v 0.04638923704624176 -0.03874923288822174 0.1064901128411293
v 0.04640590026974678 -0.039481934159994125 0.10597427934408188
v 0.05238175019621849 -0.03268856555223465 0.10055014491081238
v 0.05238175019621849 -0.03268856555223465 0.10055014491081238
v 0.04640590026974678 -0.039481934159994125 0.10597427934408188
v 0.04644548147916794 -0.041222527623176575 0.10474886000156403
v 0.05238175019621849 -0.03268856555223465 0.10055014491081238
v 0.04644548147916794 -0.041222527623176575 0.10474886000156403
v 0.052702803164720535 -0.03883931040763855 0.09589383751153946
v 0.052702803164720535 -0.03883931040763855 0.09589383751153946
v 0.04644548147916794 -0.041222527623176575 0.10474886000156403
v 0.046528544276952744 -0.04486857354640961 0.10166174173355103
v 0.052702803164720535 -0.03883931040763855 0.09589383751153946
v 0.046528544276952744 -0.04486857354640961 0.10166174173355103
v 0.04654860869050026 -0.04574935883283615 0.10091597586870193
v 0.052053261548280716 -0.025952626019716263 0.10433699190616608
v 0.046244747936725616 -0.03253934532403946 0.11005149781703949
v 0.04626021534204483 -0.03321603685617447 0.10974956303834915
v 0.052053261548280716 -0.025952626019716263 0.10433699190616608
v 0.04626021534204483 -0.03321603685617447 0.10974956303834915
v 0.05238175019621849 -0.03268856555223465 0.10055014491081238
v 0.05238175019621849 -0.03268856555223465 0.10055014491081238
v 0.04626021534204483 -0.03321603685617447 0.10974956303834915
v 0.046377312391996384 -0.03823774307966232 0.1067914143204689
v 0.05238175019621849 -0.03268856555223465 0.10055014491081238
v 0.046377312391996384 -0.03823774307966232 0.1067914143204689
v 0.04638923704624176 -0.03874923288822174 0.1064901128411293
v 0.04603121429681778 -0.02318819798529148 0.11377272754907608
v 0.04607502371072769 -0.025109203532338142 0.11315357685089111
v 0.05171772465109825 -0.01877218671143055 0.10722137242555618
v 0.05171772465109825 -0.01877218671143055 0.10722137242555618
v 0.04607502371072769 -0.025109203532338142 0.11315357685089111
v 0.046114273369312286 -0.02683010883629322 0.11259892582893372
v 0.05171772465109825 -0.01877218671143055 0.10722137242555618
v 0.046114273369312286 -0.02683010883629322 0.11259892582893372
v 0.052053261548280716 -0.025952626019716263 0.10433699190616608
v 0.052053261548280716 -0.025952626019716263 0.10433699190616608
v 0.046114273369312286 -0.02683010883629322 0.11259892582893372
v 0.04620840400457382 -0.03094889037311077 0.11076115071773529
v 0.052053261548280716 -0.025952626019716263 0.10433699190616608
v 0.04620840400457382 -0.03094889037311077 0.11076115071773529
v 0.046244747936725616 -0.03253934532403946 0.11005149781703949
v 0.04603121429681778 -0.02318819798529148 0.11377272754907608
v 0.05171772465109825 -0.01877218671143055 0.10722137242555618
v 0.04596482589840889 -0.020277278497815132 0.11471091955900192
v 0.04596482589840889 -0.020277278497815132 0.11471091955900192
v 0.05171772465109825 -0.01877218671143055 0.10722137242555618
v 0.05137696489691734 -0.011290828697383404 0.10923461616039276
v 0.04596482589840889 -0.020277278497815132 0.11471091955900192
v 0.05137696489691734 -0.011290828697383404 0.10923461616039276
v 0.045898258686065674 -0.0173568706959486 0.11532142013311386
v 0.04566499963402748 -0.007088214624673128 0.11691856384277344
v 0.04571782797574997 -0.009421534836292267 0.11667527258396149
v 0.05103412643074989 -0.0036313487216830254 0.11044660210609436
v 0.05103412643074989 -0.0036313487216830254 0.11044660210609436
v 0.04571782797574997 -0.009421534836292267 0.11667527258396149
v 0.04578373208642006 -0.012332387268543243 0.1163717657327652
v 0.05103412643074989 -0.0036313487216830254 0.11044660210609436
v 0.04578373208642006 -0.012332387268543243 0.1163717657327652
v 0.05137696489691734 -0.011290828697383404 0.10923461616039276
v 0.05137696489691734 -0.011290828697383404 0.10923461616039276
v 0.04578373208642006 -0.012332387268543243 0.1163717657327652
v 0.0458490215241909 -0.015196727588772774 0.11577299237251282
v 0.05137696489691734 -0.011290828697383404 0.10923461616039276
v 0.0458490215241909 -0.015196727588772774 0.11577299237251282
v 0.045898258686065674 -0.0173568706959486 0.11532142013311386
v 0.05069315806031227 0.004112572409212589 0.11094886064529419
v 0.04553554952144623 -0.0013936302857473493 0.1173548623919487
v 0.05103412643074989 -0.0036313487216830254 0.11044660210609436
v 0.05103412643074989 -0.0036313487216830254 0.11044660210609436
v 0.04553554952144623 -0.0013936302857473493 0.1173548623919487
v 0.045594628900289536 -0.003979972098022699 0.11724264919757843
v 0.05103412643074989 -0.0036313487216830254 0.11044660210609436
v 0.045594628900289536 -0.003979972098022699 0.11724264919757843
v 0.04566499963402748 -0.007088214624673128 0.11691856384277344
v 0.05003257840871811 0.019619794562458992 0.11019127815961838
v 0.045169658958911896 0.014680057764053345 0.11655974388122559
v 0.05069315806031227 0.004112572409212589 0.11094886064529419
v 0.045169658958911896 0.014680057764053345 0.11655974388122559
v 0.04527057707309723 0.010125057771801949 0.11708688735961914
v 0.05069315806031227 0.004112572409212589 0.11094886064529419
v 0.05069315806031227 0.004112572409212589 0.11094886064529419
v 0.04527057707309723 0.010125057771801949 0.11708688735961914
v 0.04529191181063652 0.009196664206683636 0.11711633950471878
v 0.05069315806031227 0.004112572409212589 0.11094886064529419
v 0.04529191181063652 0.009196664206683636 0.11711633950471878
v 0.04547848179936409 0.0010778162395581603 0.11737392842769623
v 0.04547848179936409 0.0010778162395581603 0.11737392842769623
v 0.04549394175410271 0.0004050394054502249 0.11739527434110641
v 0.05069315806031227 0.004112572409212589 0.11094886064529419
v 0.05069315806031227 0.004112572409212589 0.11094886064529419
v 0.04549394175410271 0.0004050394054502249 0.11739527434110641
v 0.045533716678619385 -0.001313470653258264 0.11735834181308746
v 0.05069315806031227 0.004112572409212589 0.11094886064529419
v 0.045533716678619385 -0.001313470653258264 0.11735834181308746
v 0.04553554952144623 -0.0013936302857473493 0.1173548623919487
v 0.04477914050221443 0.03302547335624695 0.11340552568435669
v 0.049421049654483795 0.03495055064558983 0.10760510712862015
v 0.04454498738050461 0.04452207311987877 0.1104111596941948
v 0.04454498738050461 0.04452207311987877 0.1104111596941948
v 0.049421049654483795 0.03495055064558983 0.10760510712862015
v 0.048875246196985245 0.05001091584563255 0.10367023944854736
v 0.04454498738050461 0.04452207311987877 0.1104111596941948
v 0.048875246196985245 0.05001091584563255 0.10367023944854736
v 0.044511474668979645 0.046176813542842865 0.10987221449613571
v 0.044511474668979645 0.046176813542842865 0.10987221449613571
v 0.048875246196985245 0.05001091584563255 0.10367023944854736
v 0.044465433806180954 0.048450201749801636 0.10913176834583282
v 0.04477914050221443 0.03302547335624695 0.11340552568435669
v 0.0448094867169857 0.03153558447957039 0.11379357427358627
v 0.049421049654483795 0.03495055064558983 0.10760510712862015
v 0.049421049654483795 0.03495055064558983 0.10760510712862015
v 0.0448094867169857 0.03153558447957039 0.11379357427358627
v 0.044829361140728 0.03058604896068573 0.11397483944892883
v 0.049421049654483795 0.03495055064558983 0.10760510712862015
v 0.044829361140728 0.03058604896068573 0.11397483944892883
v 0.05003257840871811 0.019619794562458992 0.11019127815961838
v 0.05003257840871811 0.019619794562458992 0.11019127815961838
v 0.044829361140728 0.03058604896068573 0.11397483944892883
v 0.045036572962999344 0.020686980336904526 0.11586456745862961
v 0.05003257840871811 0.019619794562458992 0.11019127815961838
v 0.045036572962999344 0.020686980336904526 0.11586456745862961
v 0.04511357098817825 0.017211604863405228 0.11626677215099335
v 0.043888822197914124 0.07812900841236115 0.09806336462497711
v 0.052701570093631744 0.06901276856660843 0.09188052266836166
v 0.04366330802440643 0.09020455926656723 0.09289828687906265
v 0.04366330802440643 0.09020455926656723 0.09289828687906265
v 0.052701570093631744 0.06901276856660843 0.09188052266836166
v 0.05188656970858574 0.09672220796346664 0.08049343526363373
v 0.04366330802440643 0.09020455926656723 0.09289828687906265
v 0.05188656970858574 0.09672220796346664 0.08049343526363373
v 0.043644752353429794 0.09124350547790527 0.09241629391908646
v 0.043644752353429794 0.09124350547790527 0.09241629391908646
v 0.05188656970858574 0.09672220796346664 0.08049343526363373
v 0.04362061619758606 0.09259471297264099 0.09178943186998367
v 0.04401637241244316 0.07129912823438644 0.10098471492528915
v 0.04416683316230774 0.06346479058265686 0.10395919531583786
v 0.048404671251773834 0.06479039043188095 0.09873668849468231
v 0.048404671251773834 0.06479039043188095 0.09873668849468231
v 0.04416683316230774 0.06346479058265686 0.10395919531583786
v 0.04420548304915428 0.06145231053233147 0.10472327470779419
v 0.048404671251773834 0.06479039043188095 0.09873668849468231
v 0.04420548304915428 0.06145231053233147 0.10472327470779419
v 0.048875246196985245 0.05001091584563255 0.10367023944854736
v 0.048875246196985245 0.05001091584563255 0.10367023944854736
v 0.04420548304915428 0.06145231053233147 0.10472327470779419
v 0.04426729679107666 0.0582335963845253 0.10594532638788223
v 0.048875246196985245 0.05001091584563255 0.10367023944854736
v 0.04426729679107666 0.0582335963845253 0.10594532638788223
v 0.044465433806180954 0.048450201749801636 0.10913176834583282
v 0.043150000274181366 0.119066022336483 0.07950366288423538
v 0.04316534847021103 0.11808187514543533 0.07996530830860138
v 0.04968452453613281 0.10965082794427872 0.07698092609643936
v 0.04968452453613281 0.10965082794427872 0.07698092609643936
v 0.04316534847021103 0.11808187514543533 0.07996530830860138
v 0.04362061619758606 0.09259471297264099 0.09178943186998367
v 0.04968452453613281 0.10965082794427872 0.07698092609643936
v 0.04362061619758606 0.09259471297264099 0.09178943186998367
v 0.05174398422241211 0.10614708065986633 0.07604210078716278
v 0.05174398422241211 0.10614708065986633 0.07604210078716278
v 0.04362061619758606 0.09259471297264099 0.09178943186998367
v 0.05188656970858574 0.09672220796346664 0.08049343526363373
v 0.05174398422241211 0.10614708065986633 0.07604210078716278
v 0.05188656970858574 0.09672220796346664 0.08049343526363373
v 0.054694585502147675 0.1011272519826889 0.07469704002141953
v 0.054694585502147675 0.1011272519826889 0.07469704002141953
v 0.05188656970858574 0.09672220796346664 0.08049343526363373
v 0.05530257523059845 0.09986697882413864 0.07435934990644455
v 0.05919172987341881 0.0917711853981018 0.07219009101390839
v 0.059126079082489014 0.09194142371416092 0.07223570346832275
v 0.05652991682291031 0.07375071942806244 0.08476310223340988
v 0.05652991682291031 0.07375071942806244 0.08476310223340988
v 0.059126079082489014 0.09194142371416092 0.07223570346832275
v 0.055670469999313354 0.0991043895483017 0.07415501773357391
v 0.05652991682291031 0.07375071942806244 0.08476310223340988
v 0.055670469999313354 0.0991043895483017 0.07415501773357391
v 0.05530257523059845 0.09986697882413864 0.07435934990644455
v 0.06601282209157944 0.0720536857843399 0.06690680235624313
v 0.06602437794208527 0.06704030930995941 0.06972593069076538
v 0.06655299663543701 0.06990888714790344 0.06633210182189941
v 0.06655299663543701 0.06990888714790344 0.06633210182189941
v 0.06602437794208527 0.06704030930995941 0.06972593069076538
v 0.06731381267309189 0.055293697863817215 0.07232406735420227
v 0.06655299663543701 0.06990888714790344 0.06633210182189941
v 0.06731381267309189 0.055293697863817215 0.07232406735420227
v 0.06835851073265076 0.06273992359638214 0.06441118568181992
v 0.07391118258237839 0.03892722725868225 0.058030594140291214
v 0.07237235456705093 0.04594583064317703 0.059911224991083145
v 0.07162243127822876 0.041007377207279205 0.06609082221984863
v 0.07162243127822876 0.041007377207279205 0.06609082221984863
v 0.07237235456705093 0.04594583064317703 0.059911224991083145
v 0.07189164310693741 0.04803464934229851 0.06047092005610466
v 0.07162243127822876 0.041007377207279205 0.06609082221984863
v 0.07189164310693741 0.04803464934229851 0.06047092005610466
v 0.06988260895013809 0.052190765738487244 0.0658971443772316
v 0.06988260895013809 0.052190765738487244 0.0658971443772316
v 0.07189164310693741 0.04803464934229851 0.06047092005610466
v 0.07008542865514755 0.055883023887872696 0.0625738874077797
v 0.06988260895013809 0.052190765738487244 0.0658971443772316
v 0.07008542865514755 0.055883023887872696 0.0625738874077797
v 0.07007640600204468 0.05591884255409241 0.06258348375558853
v 0.07162243127822876 0.041007377207279205 0.06609082221984863
v 0.07353294640779495 0.02999635599553585 0.06457296013832092
v 0.07391118258237839 0.03892722725868225 0.058030594140291214
v 0.07391118258237839 0.03892722725868225 0.058030594140291214
v 0.07353294640779495 0.02999635599553585 0.06457296013832092
v 0.07556933909654617 0.019542792811989784 0.06107111647725105
v 0.07391118258237839 0.03892722725868225 0.058030594140291214
v 0.07556933909654617 0.019542792811989784 0.06107111647725105
v 0.07601307332515717 0.02934049628674984 0.05546183884143829
v 0.07767117768526077 0.010115577839314938 0.05551247298717499
v 0.07815586775541306 0.01716308668255806 0.05219891294836998
v 0.07556933909654617 0.019542792811989784 0.06107111647725105
v 0.07556933909654617 0.019542792811989784 0.06107111647725105
v 0.07815586775541306 0.01716308668255806 0.05219891294836998
v 0.0761612206697464 0.028664790093898773 0.05528078228235245
v 0.07556933909654617 0.019542792811989784 0.06107111647725105
v 0.0761612206697464 0.028664790093898773 0.05528078228235245
v 0.07601307332515717 0.02934049628674984 0.05546183884143829
v 0.07958853989839554 0.002445182530209422 0.04825526103377342
v 0.0794677659869194 0.005698799155652523 0.049127064645290375
v 0.07767117768526077 0.010115577839314938 0.05551247298717499
v 0.07767117768526077 0.010115577839314938 0.05551247298717499
v 0.0794677659869194 0.005698799155652523 0.049127064645290375
v 0.07829546928405762 0.016358084976673126 0.05198321118950844
v 0.07767117768526077 0.010115577839314938 0.05551247298717499
v 0.07829546928405762 0.016358084976673126 0.05198321118950844
v 0.07815586775541306 0.01716308668255806 0.05219891294836998
v 0.0793149545788765 -0.013721562922000885 0.04392339289188385
v 0.07943019270896912 -0.01284694578498602 0.04415774717926979
v 0.07794630527496338 -0.008634448051452637 0.05200958624482155
v 0.07794630527496338 -0.008634448051452637 0.05200958624482155
v 0.07943019270896912 -0.01284694578498602 0.04415774717926979
v 0.07982364296913147 -0.003888034028932452 0.046558279544115067
v 0.07794630527496338 -0.008634448051452637 0.05200958624482155
v 0.07982364296913147 -0.003888034028932452 0.046558279544115067
v 0.0796150267124176 0.0017317543970420957 0.04806409776210785
v 0.07877390086650848 -0.017827771604061127 0.04282313957810402
v 0.07661962509155273 -0.025044286623597145 0.04497541859745979
v 0.07833044975996017 -0.021193236112594604 0.04192136600613594
v 0.07833044975996017 -0.021193236112594604 0.04192136600613594
v 0.07661962509155273 -0.025044286623597145 0.04497541859745979
v 0.07704271376132965 -0.026754289865493774 0.04043128713965416
v 0.07704271376132965 -0.026754289865493774 0.04043128713965416
v 0.07661962509155273 -0.025044286623597145 0.04497541859745979
v 0.07631708681583405 -0.029887866228818893 0.03959164768457413
v 0.07631708681583405 -0.029887866228818893 0.03959164768457413
v 0.07661962509155273 -0.025044286623597145 0.04497541859745979
v 0.07252711802721024 -0.03499250113964081 0.0478958860039711
v 0.07631708681583405 -0.029887866228818893 0.03959164768457413
v 0.07252711802721024 -0.03499250113964081 0.0478958860039711
v 0.07347007840871811 -0.038125377148389816 0.03738441318273544
v 0.061964813619852066 -0.05637984350323677 0.03915277495980263
v 0.06580886244773865 -0.05246112868189812 0.03354315832257271
v 0.06826228648424149 -0.047913286834955215 0.03717412054538727
v 0.06826228648424149 -0.047913286834955215 0.03717412054538727
v 0.06580886244773865 -0.05246112868189812 0.03354315832257271
v 0.06831422448158264 -0.04831312596797943 0.034654613584280014
v 0.06826228648424149 -0.047913286834955215 0.03717412054538727
v 0.06831422448158264 -0.04831312596797943 0.034654613584280014
v 0.06999511271715164 -0.04553016647696495 0.035400304943323135
v 0.0549890510737896 -0.06520407646894455 0.03012869693338871
v 0.055357880890369415 -0.0648837462067604 0.030214529484510422
v 0.05479051545262337 -0.06402431428432465 0.0410761833190918
v 0.05479051545262337 -0.06402431428432465 0.0410761833190918
v 0.055357880890369415 -0.0648837462067604 0.030214529484510422
v 0.06086951121687889 -0.05899279937148094 0.03179300203919411
v 0.05479051545262337 -0.06402431428432465 0.0410761833190918
v 0.06086951121687889 -0.05899279937148094 0.03179300203919411
v 0.061964813619852066 -0.05637984350323677 0.03915277495980263
v 0.061964813619852066 -0.05637984350323677 0.03915277495980263
v 0.06086951121687889 -0.05899279937148094 0.03179300203919411
v 0.06214351952075958 -0.05730808898806572 0.032244421541690826
v 0.061964813619852066 -0.05637984350323677 0.03915277495980263
v 0.06214351952075958 -0.05730808898806572 0.032244421541690826
v 0.06580886244773865 -0.05246112868189812 0.03354315832257271
v 0.05530257523059845 0.09986697882413864 0.07435934990644455
v 0.05188656970858574 0.09672220796346664 0.08049343526363373
v 0.05652991682291031 0.07375071942806244 0.08476310223340988
v 0.05652991682291031 0.07375071942806244 0.08476310223340988
v 0.05188656970858574 0.09672220796346664 0.08049343526363373
v 0.052701570093631744 0.06901276856660843 0.09188052266836166
v 0.05652991682291031 0.07375071942806244 0.08476310223340988
v 0.052701570093631744 0.06901276856660843 0.09188052266836166
v 0.05723997578024864 0.060226816684007645 0.08934971690177917
v 0.05723997578024864 0.060226816684007645 0.08934971690177917
v 0.052701570093631744 0.06901276856660843 0.09188052266836166
v 0.053309954702854156 0.05483386293053627 0.09662886708974838
v 0.05723997578024864 0.060226816684007645 0.08934971690177917
v 0.053309954702854156 0.05483386293053627 0.09662886708974838
v 0.05811986327171326 0.04646476358175278 0.0930546373128891
v 0.05811986327171326 0.04646476358175278 0.0930546373128891
v 0.053309954702854156 0.05483386293053627 0.09662886708974838
v 0.054045066237449646 0.04039893299341202 0.10043729841709137
v 0.05811986327171326 0.04646476358175278 0.0930546373128891
v 0.054045066237449646 0.04039893299341202 0.10043729841709137
v 0.05915024131536484 0.03247331827878952 0.0955849438905716
v 0.05915024131536484 0.03247331827878952 0.0955849438905716
v 0.054045066237449646 0.04039893299341202 0.10043729841709137
v 0.05489093065261841 0.025717653334140778 0.10298477858304977
v 0.05915024131536484 0.03247331827878952 0.0955849438905716
v 0.05489093065261841 0.025717653334140778 0.10298477858304977
v 0.06029665842652321 0.018325554206967354 0.09654300659894943
v 0.06029665842652321 0.018325554206967354 0.09654300659894943
v 0.05489093065261841 0.025717653334140778 0.10298477858304977
v 0.05581964552402496 0.010873143561184406 0.10383271425962448
v 0.06029665842652321 0.018325554206967354 0.09654300659894943
v 0.05581964552402496 0.010873143561184406 0.10383271425962448
v 0.061507757753133774 0.00423781294375658 0.0953991562128067
v 0.06515509635210037 -0.03145702928304672 0.07512003928422928
v 0.06978288292884827 -0.021643223240971565 0.07033445686101913
v 0.06454883515834808 -0.02675454504787922 0.0802077203989029
v 0.06454883515834808 -0.02675454504787922 0.0802077203989029
v 0.06978288292884827 -0.021643223240971565 0.07033445686101913
v 0.0690452829003334 -0.016963103786110878 0.07491711527109146
v 0.06454883515834808 -0.02675454504787922 0.0802077203989029
v 0.0690452829003334 -0.016963103786110878 0.07491711527109146
v 0.06394171714782715 -0.021453311666846275 0.08470199257135391
v 0.06394171714782715 -0.021453311666846275 0.08470199257135391
v 0.0690452829003334 -0.016963103786110878 0.07491711527109146
v 0.06830956041812897 -0.011755542829632759 0.07892956584692001
v 0.06394171714782715 -0.021453311666846275 0.08470199257135391
v 0.06830956041812897 -0.011755542829632759 0.07892956584692001
v 0.06333571672439575 -0.015602708794176579 0.08850814402103424
v 0.06333571672439575 -0.015602708794176579 0.08850814402103424
v 0.06830956041812897 -0.011755542829632759 0.07892956584692001
v 0.06757926940917969 -0.006071155425161123 0.08229710906744003
v 0.06333571672439575 -0.015602708794176579 0.08850814402103424
v 0.06757926940917969 -0.006071155425161123 0.08229710906744003
v 0.06272914260625839 -0.009294386953115463 0.09156301617622375
v 0.06272914260625839 -0.009294386953115463 0.09156301617622375
v 0.06757926940917969 -0.006071155425161123 0.08229710906744003
v 0.06685350090265274 6.08944947089185e-06 0.08497220277786255
v 0.06272914260625839 -0.009294386953115463 0.09156301617622375
v 0.06685350090265274 6.08944947089185e-06 0.08497220277786255
v 0.062119580805301666 -0.0026429067365825176 0.09384965151548386
v 0.062119580805301666 -0.0026429067365825176 0.09384965151548386
v 0.06685350090265274 6.08944947089185e-06 0.08497220277786255
v 0.0661301463842392 0.006374964956194162 0.08694623410701752
v 0.062119580805301666 -0.0026429067365825176 0.09384965151548386
v 0.0661301463842392 0.006374964956194162 0.08694623410701752
v 0.061507757753133774 0.00423781294375658 0.0953991562128067
v 0.061507757753133774 0.00423781294375658 0.0953991562128067
v 0.0661301463842392 0.006374964956194162 0.08694623410701752
v 0.06541023403406143 0.012936510145664215 0.08825024217367172
v 0.061507757753133774 0.00423781294375658 0.0953991562128067
v 0.06541023403406143 0.012936510145664215 0.08825024217367172
v 0.06029665842652321 0.018325554206967354 0.09654300659894943
v 0.06029665842652321 0.018325554206967354 0.09654300659894943
v 0.06541023403406143 0.012936510145664215 0.08825024217367172
v 0.06400199979543686 0.026326008141040802 0.08908137679100037
v 0.06029665842652321 0.018325554206967354 0.09654300659894943
v 0.06400199979543686 0.026326008141040802 0.08908137679100037
v 0.05915024131536484 0.03247331827878952 0.0955849438905716
v 0.05915024131536484 0.03247331827878952 0.0955849438905716
v 0.06400199979543686 0.026326008141040802 0.08908137679100037
v 0.06268782168626785 0.03974797576665878 0.08799371868371964
v 0.05915024131536484 0.03247331827878952 0.0955849438905716
v 0.06268782168626785 0.03974797576665878 0.08799371868371964
v 0.05811986327171326 0.04646476358175278 0.0930546373128891
v 0.05811986327171326 0.04646476358175278 0.0930546373128891
v 0.06268782168626785 0.03974797576665878 0.08799371868371964
v 0.06152274087071419 0.053015708923339844 0.08545941114425659
v 0.05811986327171326 0.04646476358175278 0.0930546373128891
v 0.06152274087071419 0.053015708923339844 0.08545941114425659
v 0.05723997578024864 0.060226816684007645 0.08934971690177917
v 0.05723997578024864 0.060226816684007645 0.08934971690177917
v 0.06152274087071419 0.053015708923339844 0.08545941114425659
v 0.060543086379766464 0.06606540828943253 0.08183543384075165
v 0.05723997578024864 0.060226816684007645 0.08934971690177917
v 0.060543086379766464 0.06606540828943253 0.08183543384075165
v 0.05652991682291031 0.07375071942806244 0.08476310223340988
v 0.05652991682291031 0.07375071942806244 0.08476310223340988
v 0.060543086379766464 0.06606540828943253 0.08183543384075165
v 0.059768445789813995 0.07888935506343842 0.07738745212554932
v 0.05652991682291031 0.07375071942806244 0.08476310223340988
v 0.059768445789813995 0.07888935506343842 0.07738745212554932
v 0.05919172987341881 0.0917711853981018 0.07219009101390839
v 0.05962923541665077 -0.04063166677951813 0.07980480045080185
v 0.06515509635210037 -0.03145702928304672 0.07512003928422928
v 0.05916691571474075 -0.03591606020927429 0.08538950234651566
v 0.05916691571474075 -0.03591606020927429 0.08538950234651566
v 0.06515509635210037 -0.03145702928304672 0.07512003928422928
v 0.06454883515834808 -0.02675454504787922 0.0802077203989029
v 0.05916691571474075 -0.03591606020927429 0.08538950234651566
v 0.06454883515834808 -0.02675454504787922 0.0802077203989029
v 0.05870020389556885 -0.030531145632267 0.09035703539848328
v 0.05870020389556885 -0.030531145632267 0.09035703539848328
v 0.06454883515834808 -0.02675454504787922 0.0802077203989029
v 0.06394171714782715 -0.021453311666846275 0.08470199257135391
v 0.05870020389556885 -0.030531145632267 0.09035703539848328
v 0.06394171714782715 -0.021453311666846275 0.08470199257135391
v 0.058230265974998474 -0.024525072425603867 0.09459280967712402
v 0.058230265974998474 -0.024525072425603867 0.09459280967712402
v 0.06394171714782715 -0.021453311666846275 0.08470199257135391
v 0.06333571672439575 -0.015602708794176579 0.08850814402103424
v 0.058230265974998474 -0.024525072425603867 0.09459280967712402
v 0.06333571672439575 -0.015602708794176579 0.08850814402103424
v 0.057755809277296066 -0.01799704320728779 0.09801831096410751
v 0.057755809277296066 -0.01799704320728779 0.09801831096410751
v 0.06333571672439575 -0.015602708794176579 0.08850814402103424
v 0.06272914260625839 -0.009294386953115463 0.09156301617622375
v 0.057755809277296066 -0.01799704320728779 0.09801831096410751
v 0.06272914260625839 -0.009294386953115463 0.09156301617622375
v 0.057275258004665375 -0.011074774898588657 0.10060843825340271
v 0.057275258004665375 -0.011074774898588657 0.10060843825340271
v 0.06272914260625839 -0.009294386953115463 0.09156301617622375
v 0.062119580805301666 -0.0026429067365825176 0.09384965151548386
v 0.057275258004665375 -0.011074774898588657 0.10060843825340271
v 0.062119580805301666 -0.0026429067365825176 0.09384965151548386
v 0.056789595633745193 -0.003887058002874255 0.10239439457654953
v 0.056789595633745193 -0.003887058002874255 0.10239439457654953
v 0.062119580805301666 -0.0026429067365825176 0.09384965151548386
v 0.061507757753133774 0.00423781294375658 0.0953991562128067
v 0.056789595633745193 -0.003887058002874255 0.10239439457654953
v 0.061507757753133774 0.00423781294375658 0.0953991562128067
v 0.05630252882838249 0.0034566347021609545 0.10344119369983673
v 0.05630252882838249 0.0034566347021609545 0.10344119369983673
v 0.061507757753133774 0.00423781294375658 0.0953991562128067
v 0.05581964552402496 0.010873143561184406 0.10383271425962448
v 0.05332063511013985 -0.049018409103155136 0.08438806235790253
v 0.05962923541665077 -0.04063166677951813 0.07980480045080185
v 0.05301613733172417 -0.044298239052295685 0.09046170115470886
v 0.05301613733172417 -0.044298239052295685 0.09046170115470886
v 0.05962923541665077 -0.04063166677951813 0.07980480045080185
v 0.05916691571474075 -0.03591606020927429 0.08538950234651566
v 0.05301613733172417 -0.044298239052295685 0.09046170115470886
v 0.05916691571474075 -0.03591606020927429 0.08538950234651566
v 0.052702803164720535 -0.03883931040763855 0.09589383751153946
v 0.052702803164720535 -0.03883931040763855 0.09589383751153946
v 0.05916691571474075 -0.03591606020927429 0.08538950234651566
v 0.05870020389556885 -0.030531145632267 0.09035703539848328
v 0.052702803164720535 -0.03883931040763855 0.09589383751153946
v 0.05870020389556885 -0.030531145632267 0.09035703539848328
v 0.05238175019621849 -0.03268856555223465 0.10055014491081238
v 0.05238175019621849 -0.03268856555223465 0.10055014491081238
v 0.05870020389556885 -0.030531145632267 0.09035703539848328
v 0.058230265974998474 -0.024525072425603867 0.09459280967712402
v 0.05238175019621849 -0.03268856555223465 0.10055014491081238
v 0.058230265974998474 -0.024525072425603867 0.09459280967712402
v 0.052053261548280716 -0.025952626019716263 0.10433699190616608
v 0.052053261548280716 -0.025952626019716263 0.10433699190616608
v 0.058230265974998474 -0.024525072425603867 0.09459280967712402
v 0.057755809277296066 -0.01799704320728779 0.09801831096410751
v 0.052053261548280716 -0.025952626019716263 0.10433699190616608
v 0.057755809277296066 -0.01799704320728779 0.09801831096410751
v 0.05171772465109825 -0.01877218671143055 0.10722137242555618
v 0.05171772465109825 -0.01877218671143055 0.10722137242555618
v 0.057755809277296066 -0.01799704320728779 0.09801831096410751
v 0.057275258004665375 -0.011074774898588657 0.10060843825340271
v 0.05171772465109825 -0.01877218671143055 0.10722137242555618
v 0.057275258004665375 -0.011074774898588657 0.10060843825340271
v 0.05137696489691734 -0.011290828697383404 0.10923461616039276
v 0.05137696489691734 -0.011290828697383404 0.10923461616039276
v 0.057275258004665375 -0.011074774898588657 0.10060843825340271
v 0.056789595633745193 -0.003887058002874255 0.10239439457654953
v 0.05137696489691734 -0.011290828697383404 0.10923461616039276
v 0.056789595633745193 -0.003887058002874255 0.10239439457654953
v 0.05103412643074989 -0.0036313487216830254 0.11044660210609436
v 0.05103412643074989 -0.0036313487216830254 0.11044660210609436
v 0.056789595633745193 -0.003887058002874255 0.10239439457654953
v 0.05630252882838249 0.0034566347021609545 0.10344119369983673
v 0.05103412643074989 -0.0036313487216830254 0.11044660210609436
v 0.05630252882838249 0.0034566347021609545 0.10344119369983673
v 0.05069315806031227 0.004112572409212589 0.11094886064529419
v 0.05069315806031227 0.004112572409212589 0.11094886064529419
v 0.05630252882838249 0.0034566347021609545 0.10344119369983673
v 0.05581964552402496 0.010873143561184406 0.10383271425962448
v 0.05069315806031227 0.004112572409212589 0.11094886064529419
v 0.05581964552402496 0.010873143561184406 0.10383271425962448
v 0.05003257840871811 0.019619794562458992 0.11019127815961838
v 0.05003257840871811 0.019619794562458992 0.11019127815961838
v 0.05581964552402496 0.010873143561184406 0.10383271425962448
v 0.05489093065261841 0.025717653334140778 0.10298477858304977
v 0.05003257840871811 0.019619794562458992 0.11019127815961838
v 0.05489093065261841 0.025717653334140778 0.10298477858304977
v 0.049421049654483795 0.03495055064558983 0.10760510712862015
v 0.049421049654483795 0.03495055064558983 0.10760510712862015
v 0.05489093065261841 0.025717653334140778 0.10298477858304977
v 0.054045066237449646 0.04039893299341202 0.10043729841709137
v 0.049421049654483795 0.03495055064558983 0.10760510712862015
v 0.054045066237449646 0.04039893299341202 0.10043729841709137
v 0.048875246196985245 0.05001091584563255 0.10367023944854736
v 0.048875246196985245 0.05001091584563255 0.10367023944854736
v 0.054045066237449646 0.04039893299341202 0.10043729841709137
v 0.053309954702854156 0.05483386293053627 0.09662886708974838
v 0.048875246196985245 0.05001091584563255 0.10367023944854736
v 0.053309954702854156 0.05483386293053627 0.09662886708974838
v 0.048404671251773834 0.06479039043188095 0.09873668849468231
v 0.048404671251773834 0.06479039043188095 0.09873668849468231
v 0.053309954702854156 0.05483386293053627 0.09662886708974838
v 0.052701570093631744 0.06901276856660843 0.09188052266836166
v 0.048404671251773834 0.06479039043188095 0.09873668849468231
v 0.052701570093631744 0.06901276856660843 0.09188052266836166
v 0.04401637241244316 0.07129912823438644 0.10098471492528915
v 0.04401637241244316 0.07129912823438644 0.10098471492528915
v 0.052701570093631744 0.06901276856660843 0.09188052266836166
v 0.043888822197914124 0.07812900841236115 0.09806336462497711
v 0.06633616238832474 -0.03904793784022331 0.06356806308031082
v 0.0605214461684227 -0.04807690903544426 0.06726181507110596
v 0.06093665584921837 -0.05089117959141731 0.06050754338502884
v 0.06093665584921837 -0.05089117959141731 0.06050754338502884
v 0.0605214461684227 -0.04807690903544426 0.06726181507110596
v 0.053892895579338074 -0.0563037283718586 0.07086893171072006
v 0.06093665584921837 -0.05089117959141731 0.06050754338502884
v 0.053892895579338074 -0.0563037283718586 0.07086893171072006
v 0.05415363609790802 -0.05898340418934822 0.06365378201007843
v 0.05415363609790802 -0.05898340418934822 0.06365378201007843
v 0.053892895579338074 -0.0563037283718586 0.07086893171072006
v 0.0469466894865036 -0.06398458033800125 0.07239598780870438
v 0.05415363609790802 -0.05898340418934822 0.06365378201007843
v 0.0469466894865036 -0.06398458033800125 0.07239598780870438
v 0.046980369836091995 -0.0657636821269989 0.06665652245283127
v 0.04701736941933632 -0.06782310456037521 0.058786988258361816
v 0.05479051545262337 -0.06402431428432465 0.0410761833190918
v 0.05439239367842674 -0.06111641228199005 0.05624716356396675
v 0.05439239367842674 -0.06111641228199005 0.05624716356396675
v 0.05479051545262337 -0.06402431428432465 0.0410761833190918
v 0.061964813619852066 -0.05637984350323677 0.03915277495980263
v 0.05439239367842674 -0.06111641228199005 0.05624716356396675
v 0.061964813619852066 -0.05637984350323677 0.03915277495980263
v 0.061320431530475616 -0.05317453294992447 0.053535111248493195
v 0.061320431530475616 -0.05317453294992447 0.053535111248493195
v 0.061964813619852066 -0.05637984350323677 0.03915277495980263
v 0.06826228648424149 -0.047913286834955215 0.03717412054538727
v 0.061320431530475616 -0.05317453294992447 0.053535111248493195
v 0.06826228648424149 -0.047913286834955215 0.03717412054538727
v 0.06740166246891022 -0.044419169425964355 0.05075123906135559
v 0.06740166246891022 -0.044419169425964355 0.05075123906135559
v 0.06826228648424149 -0.047913286834955215 0.03717412054538727
v 0.07114613801240921 -0.04307745024561882 0.03605750948190689
v 0.06740166246891022 -0.044419169425964355 0.05075123906135559
v 0.07114613801240921 -0.04307745024561882 0.03605750948190689
v 0.07252711802721024 -0.03499250113964081 0.0478958860039711
v 0.07252711802721024 -0.03499250113964081 0.0478958860039711
v 0.07114613801240921 -0.04307745024561882 0.03605750948190689
v 0.07341783493757248 -0.038236718624830246 0.03735457733273506
v 0.07252711802721024 -0.03499250113964081 0.0478958860039711
v 0.07341783493757248 -0.038236718624830246 0.03735457733273506
v 0.07347007840871811 -0.038125377148389816 0.03738441318273544
v 0.07320496439933777 0.014205843210220337 0.06955554336309433
v 0.07556933909654617 0.019542792811989784 0.06107111647725105
v 0.07227908819913864 0.0197901651263237 0.07144755870103836
v 0.07227908819913864 0.0197901651263237 0.07144755870103836
v 0.07556933909654617 0.019542792811989784 0.06107111647725105
v 0.07353294640779495 0.02999635599553585 0.06457296013832092
v 0.07227908819913864 0.0197901651263237 0.07144755870103836
v 0.07353294640779495 0.02999635599553585 0.06457296013832092
v 0.07049018889665604 0.03145597130060196 0.07356280833482742
v 0.07049018889665604 0.03145597130060196 0.07356280833482742
v 0.07353294640779495 0.02999635599553585 0.06457296013832092
v 0.07162243127822876 0.041007377207279205 0.06609082221984863
v 0.07049018889665604 0.03145597130060196 0.07356280833482742
v 0.07162243127822876 0.041007377207279205 0.06609082221984863
v 0.06881717592477798 0.043388232588768005 0.07372155040502548
v 0.06881717592477798 0.043388232588768005 0.07372155040502548
v 0.07162243127822876 0.041007377207279205 0.06609082221984863
v 0.06988260895013809 0.052190765738487244 0.0658971443772316
v 0.06881717592477798 0.043388232588768005 0.07372155040502548
v 0.06988260895013809 0.052190765738487244 0.0658971443772316
v 0.06731381267309189 0.055293697863817215 0.07232406735420227
v 0.06731381267309189 0.055293697863817215 0.07232406735420227
v 0.06988260895013809 0.052190765738487244 0.0658971443772316
v 0.06868649274110794 0.061437640339136124 0.06406224519014359
v 0.06731381267309189 0.055293697863817215 0.07232406735420227
v 0.06868649274110794 0.061437640339136124 0.06406224519014359
v 0.06835851073265076 0.06273992359638214 0.06441118568181992
v 0.07343485206365585 -0.011345375329256058 0.06545767188072205
v 0.07606866210699081 -0.0007132794125936925 0.06050844117999077
v 0.07257828861474991 -0.006697286851704121 0.06952813267707825
v 0.07257828861474991 -0.006697286851704121 0.06952813267707825
v 0.07606866210699081 -0.0007132794125936925 0.06050844117999077
v 0.07510633766651154 0.003893456654623151 0.06406107544898987
v 0.07257828861474991 -0.006697286851704121 0.06952813267707825
v 0.07510633766651154 0.003893456654623151 0.06406107544898987
v 0.0717255100607872 -0.001593439606949687 0.07305100560188293
v 0.0717255100607872 -0.001593439606949687 0.07305100560188293
v 0.07510633766651154 0.003893456654623151 0.06406107544898987
v 0.0741487592458725 0.008884199894964695 0.06708819419145584
v 0.0717255100607872 -0.001593439606949687 0.07305100560188293
v 0.0741487592458725 0.008884199894964695 0.06708819419145584
v 0.07088244706392288 0.003914308734238148 0.07597176730632782
v 0.0796150267124176 0.0017317543970420957 0.04806409776210785
v 0.07958853989839554 0.002445182530209422 0.04825526103377342
v 0.07606866210699081 -0.0007132794125936925 0.06050844117999077
v 0.07606866210699081 -0.0007132794125936925 0.06050844117999077
v 0.07958853989839554 0.002445182530209422 0.04825526103377342
v 0.07767117768526077 0.010115577839314938 0.05551247298717499
v 0.07606866210699081 -0.0007132794125936925 0.06050844117999077
v 0.07767117768526077 0.010115577839314938 0.05551247298717499
v 0.07510633766651154 0.003893456654623151 0.06406107544898987
v 0.07510633766651154 0.003893456654623151 0.06406107544898987
v 0.07767117768526077 0.010115577839314938 0.05551247298717499
v 0.07556933909654617 0.019542792811989784 0.06107111647725105
v 0.07510633766651154 0.003893456654623151 0.06406107544898987
v 0.07556933909654617 0.019542792811989784 0.06107111647725105
v 0.0741487592458725 0.008884199894964695 0.06708819419145584
v 0.0741487592458725 0.008884199894964695 0.06708819419145584
v 0.07556933909654617 0.019542792811989784 0.06107111647725105
v 0.07320496439933777 0.014205843210220337 0.06955554336309433
v 0.0741487592458725 0.008884199894964695 0.06708819419145584
v 0.07320496439933777 0.014205843210220337 0.06955554336309433
v 0.07088244706392288 0.003914308734238148 0.07597176730632782
v 0.07088244706392288 0.003914308734238148 0.07597176730632782
v 0.07320496439933777 0.014205843210220337 0.06955554336309433
v 0.07005010545253754 0.00974979903548956 0.07825873047113419
v 0.0796150267124176 0.0017317543970420957 0.04806409776210785
v 0.07606866210699081 -0.0007132794125936925 0.06050844117999077
v 0.07794630527496338 -0.008634448051452637 0.05200958624482155
v 0.07794630527496338 -0.008634448051452637 0.05200958624482155
v 0.07606866210699081 -0.0007132794125936925 0.06050844117999077
v 0.07343485206365585 -0.011345375329256058 0.06545767188072205
v 0.07794630527496338 -0.008634448051452637 0.05200958624482155
v 0.07343485206365585 -0.011345375329256058 0.06545767188072205
v 0.07510948926210403 -0.01917533576488495 0.05593014508485794
v 0.07510948926210403 -0.01917533576488495 0.05593014508485794
v 0.07343485206365585 -0.011345375329256058 0.06545767188072205
v 0.07051362842321396 -0.025774888694286346 0.06526453793048859
v 0.07510948926210403 -0.01917533576488495 0.05593014508485794
v 0.07051362842321396 -0.025774888694286346 0.06526453793048859
v 0.0712246373295784 -0.02936301752924919 0.05978817492723465
v 0.0712246373295784 -0.02936301752924919 0.05978817492723465
v 0.07051362842321396 -0.025774888694286346 0.06526453793048859
v 0.06575415283441544 -0.035548415035009384 0.06954137980937958
v 0.0712246373295784 -0.02936301752924919 0.05978817492723465
v 0.06575415283441544 -0.035548415035009384 0.06954137980937958
v 0.06633616238832474 -0.03904793784022331 0.06356806308031082
v 0.06633616238832474 -0.03904793784022331 0.06356806308031082
v 0.06575415283441544 -0.035548415035009384 0.06954137980937958
v 0.06008295714855194 -0.04467415064573288 0.07372487336397171
v 0.06633616238832474 -0.03904793784022331 0.06356806308031082
v 0.06008295714855194 -0.04467415064573288 0.07372487336397171
v 0.0605214461684227 -0.04807690903544426 0.06726181507110596
v 0.0605214461684227 -0.04807690903544426 0.06726181507110596
v 0.06008295714855194 -0.04467415064573288 0.07372487336397171
v 0.05361396074295044 -0.05300444737076759 0.07781445980072021
v 0.0605214461684227 -0.04807690903544426 0.06726181507110596
v 0.05361396074295044 -0.05300444737076759 0.07781445980072021
v 0.053892895579338074 -0.0563037283718586 0.07086893171072006
v 0.053892895579338074 -0.0563037283718586 0.07086893171072006
v 0.05361396074295044 -0.05300444737076759 0.07781445980072021
v 0.04692702740430832 -0.06300023943185806 0.07499974966049194
v 0.053892895579338074 -0.0563037283718586 0.07086893171072006
v 0.04692702740430832 -0.06300023943185806 0.07499974966049194
v 0.046931274235248566 -0.06321290880441666 0.0744372010231018
v 0.0793149545788765 -0.013721562922000885 0.04392339289188385
v 0.07794630527496338 -0.008634448051452637 0.05200958624482155
v 0.07877390086650848 -0.017827771604061127 0.04282313957810402
v 0.07877390086650848 -0.017827771604061127 0.04282313957810402
v 0.07794630527496338 -0.008634448051452637 0.05200958624482155
v 0.07510948926210403 -0.01917533576488495 0.05593014508485794
v 0.07877390086650848 -0.017827771604061127 0.04282313957810402
v 0.07510948926210403 -0.01917533576488495 0.05593014508485794
v 0.07661962509155273 -0.025044286623597145 0.04497541859745979
v 0.07661962509155273 -0.025044286623597145 0.04497541859745979
v 0.07510948926210403 -0.01917533576488495 0.05593014508485794
v 0.0712246373295784 -0.02936301752924919 0.05978817492723465
v 0.07661962509155273 -0.025044286623597145 0.04497541859745979
v 0.0712246373295784 -0.02936301752924919 0.05978817492723465
v 0.07252711802721024 -0.03499250113964081 0.0478958860039711
v 0.07252711802721024 -0.03499250113964081 0.0478958860039711
v 0.0712246373295784 -0.02936301752924919 0.05978817492723465
v 0.06633616238832474 -0.03904793784022331 0.06356806308031082
v 0.07252711802721024 -0.03499250113964081 0.0478958860039711
v 0.06633616238832474 -0.03904793784022331 0.06356806308031082
v 0.06740166246891022 -0.044419169425964355 0.05075123906135559
v 0.06740166246891022 -0.044419169425964355 0.05075123906135559
v 0.06633616238832474 -0.03904793784022331 0.06356806308031082
v 0.06093665584921837 -0.05089117959141731 0.06050754338502884
v 0.06740166246891022 -0.044419169425964355 0.05075123906135559
v 0.06093665584921837 -0.05089117959141731 0.06050754338502884
v 0.061320431530475616 -0.05317453294992447 0.053535111248493195
v 0.061320431530475616 -0.05317453294992447 0.053535111248493195
v 0.06093665584921837 -0.05089117959141731 0.06050754338502884
v 0.05415363609790802 -0.05898340418934822 0.06365378201007843
v 0.061320431530475616 -0.05317453294992447 0.053535111248493195
v 0.05415363609790802 -0.05898340418934822 0.06365378201007843
v 0.05439239367842674 -0.06111641228199005 0.05624716356396675
v 0.05439239367842674 -0.06111641228199005 0.05624716356396675
v 0.05415363609790802 -0.05898340418934822 0.06365378201007843
v 0.04700049012899399 -0.06682656705379486 0.06322760879993439
v 0.05439239367842674 -0.06111641228199005 0.05624716356396675
v 0.04700049012899399 -0.06682656705379486 0.06322760879993439
v 0.04701736941933632 -0.06782310456037521 0.058786988258361816
v 0.06922782957553864 0.015825314447283745 0.07991182804107666
v 0.07227908819913864 0.0197901651263237 0.07144755870103836
v 0.0684175193309784 0.022056937217712402 0.08096211403608322
v 0.0684175193309784 0.022056937217712402 0.08096211403608322
v 0.07227908819913864 0.0197901651263237 0.07144755870103836
v 0.07049018889665604 0.03145597130060196 0.07356280833482742
v 0.0684175193309784 0.022056937217712402 0.08096211403608322
v 0.07049018889665604 0.03145597130060196 0.07356280833482742
v 0.06685536354780197 0.03472638130187988 0.08146386593580246
v 0.06685536354780197 0.03472638130187988 0.08146386593580246
v 0.07049018889665604 0.03145597130060196 0.07356280833482742
v 0.06881717592477798 0.043388232588768005 0.07372155040502548
v 0.06685536354780197 0.03472638130187988 0.08146386593580246
v 0.06881717592477798 0.043388232588768005 0.07372155040502548
v 0.0654224306344986 0.04739895090460777 0.08022873103618622
v 0.0654224306344986 0.04739895090460777 0.08022873103618622
v 0.06881717592477798 0.043388232588768005 0.07372155040502548
v 0.06731381267309189 0.055293697863817215 0.07232406735420227
v 0.0654224306344986 0.04739895090460777 0.08022873103618622
v 0.06731381267309189 0.055293697863817215 0.07232406735420227
v 0.06417141109704971 0.05991602689027786 0.07767081260681152
v 0.06417141109704971 0.05991602689027786 0.07767081260681152
v 0.06731381267309189 0.055293697863817215 0.07232406735420227
v 0.06602437794208527 0.06704030930995941 0.06972593069076538
v 0.06417141109704971 0.05991602689027786 0.07767081260681152
v 0.06602437794208527 0.06704030930995941 0.06972593069076538
v 0.06313584744930267 0.07222232222557068 0.07410679757595062
v 0.06313584744930267 0.07222232222557068 0.07410679757595062
v 0.06602437794208527 0.06704030930995941 0.06972593069076538
v 0.06453275680541992 0.07682567089796066 0.06818545609712601
v 0.06313584744930267 0.07222232222557068 0.07410679757595062
v 0.06453275680541992 0.07682567089796066 0.06818545609712601
v 0.06279680132865906 0.08242270350456238 0.06968516856431961
v 0.046857789158821106 -0.05959717184305191 0.08253738284111023
v 0.05361396074295044 -0.05300444737076759 0.07781445980072021
v 0.05332063511013985 -0.049018409103155136 0.08438806235790253
v 0.05332063511013985 -0.049018409103155136 0.08438806235790253
v 0.05361396074295044 -0.05300444737076759 0.07781445980072021
v 0.06008295714855194 -0.04467415064573288 0.07372487336397171
v 0.05332063511013985 -0.049018409103155136 0.08438806235790253
v 0.06008295714855194 -0.04467415064573288 0.07372487336397171
v 0.05962923541665077 -0.04063166677951813 0.07980480045080185
v 0.05962923541665077 -0.04063166677951813 0.07980480045080185
v 0.06008295714855194 -0.04467415064573288 0.07372487336397171
v 0.06575415283441544 -0.035548415035009384 0.06954137980937958
v 0.05962923541665077 -0.04063166677951813 0.07980480045080185
v 0.06575415283441544 -0.035548415035009384 0.06954137980937958
v 0.06515509635210037 -0.03145702928304672 0.07512003928422928
v 0.06515509635210037 -0.03145702928304672 0.07512003928422928
v 0.06575415283441544 -0.035548415035009384 0.06954137980937958
v 0.07051362842321396 -0.025774888694286346 0.06526453793048859
v 0.06515509635210037 -0.03145702928304672 0.07512003928422928
v 0.07051362842321396 -0.025774888694286346 0.06526453793048859
v 0.06978288292884827 -0.021643223240971565 0.07033445686101913
v 0.06978288292884827 -0.021643223240971565 0.07033445686101913
v 0.07051362842321396 -0.025774888694286346 0.06526453793048859
v 0.07343485206365585 -0.011345375329256058 0.06545767188072205
v 0.06978288292884827 -0.021643223240971565 0.07033445686101913
v 0.07343485206365585 -0.011345375329256058 0.06545767188072205
v 0.0690452829003334 -0.016963103786110878 0.07491711527109146
v 0.0690452829003334 -0.016963103786110878 0.07491711527109146
v 0.07343485206365585 -0.011345375329256058 0.06545767188072205
v 0.07257828861474991 -0.006697286851704121 0.06952813267707825
v 0.0690452829003334 -0.016963103786110878 0.07491711527109146
v 0.07257828861474991 -0.006697286851704121 0.06952813267707825
v 0.06830956041812897 -0.011755542829632759 0.07892956584692001
v 0.06830956041812897 -0.011755542829632759 0.07892956584692001
v 0.07257828861474991 -0.006697286851704121 0.06952813267707825
v 0.0717255100607872 -0.001593439606949687 0.07305100560188293
v 0.06830956041812897 -0.011755542829632759 0.07892956584692001
v 0.0717255100607872 -0.001593439606949687 0.07305100560188293
v 0.06757926940917969 -0.006071155425161123 0.08229710906744003
v 0.06757926940917969 -0.006071155425161123 0.08229710906744003
v 0.0717255100607872 -0.001593439606949687 0.07305100560188293
v 0.07088244706392288 0.003914308734238148 0.07597176730632782
v 0.06757926940917969 -0.006071155425161123 0.08229710906744003
v 0.07088244706392288 0.003914308734238148 0.07597176730632782
v 0.06685350090265274 6.08944947089185e-06 0.08497220277786255
v 0.06685350090265274 6.08944947089185e-06 0.08497220277786255
v 0.07088244706392288 0.003914308734238148 0.07597176730632782
v 0.07005010545253754 0.00974979903548956 0.07825873047113419
v 0.06685350090265274 6.08944947089185e-06 0.08497220277786255
v 0.07005010545253754 0.00974979903548956 0.07825873047113419
v 0.0661301463842392 0.006374964956194162 0.08694623410701752
v 0.0661301463842392 0.006374964956194162 0.08694623410701752
v 0.07005010545253754 0.00974979903548956 0.07825873047113419
v 0.06922782957553864 0.015825314447283745 0.07991182804107666
v 0.0661301463842392 0.006374964956194162 0.08694623410701752
v 0.06922782957553864 0.015825314447283745 0.07991182804107666
v 0.06541023403406143 0.012936510145664215 0.08825024217367172
v 0.06541023403406143 0.012936510145664215 0.08825024217367172
v 0.06922782957553864 0.015825314447283745 0.07991182804107666
v 0.0684175193309784 0.022056937217712402 0.08096211403608322
v 0.06541023403406143 0.012936510145664215 0.08825024217367172
v 0.0684175193309784 0.022056937217712402 0.08096211403608322
v 0.06400199979543686 0.026326008141040802 0.08908137679100037
v 0.06400199979543686 0.026326008141040802 0.08908137679100037
v 0.0684175193309784 0.022056937217712402 0.08096211403608322
v 0.06685536354780197 0.03472638130187988 0.08146386593580246
v 0.06400199979543686 0.026326008141040802 0.08908137679100037
v 0.06685536354780197 0.03472638130187988 0.08146386593580246
v 0.06268782168626785 0.03974797576665878 0.08799371868371964
v 0.06268782168626785 0.03974797576665878 0.08799371868371964
v 0.06685536354780197 0.03472638130187988 0.08146386593580246
v 0.0654224306344986 0.04739895090460777 0.08022873103618622
v 0.06268782168626785 0.03974797576665878 0.08799371868371964
v 0.0654224306344986 0.04739895090460777 0.08022873103618622
v 0.06152274087071419 0.053015708923339844 0.08545941114425659
v 0.06152274087071419 0.053015708923339844 0.08545941114425659
v 0.0654224306344986 0.04739895090460777 0.08022873103618622
v 0.06417141109704971 0.05991602689027786 0.07767081260681152
v 0.06152274087071419 0.053015708923339844 0.08545941114425659
v 0.06417141109704971 0.05991602689027786 0.07767081260681152
v 0.060543086379766464 0.06606540828943253 0.08183543384075165
v 0.060543086379766464 0.06606540828943253 0.08183543384075165
v 0.06417141109704971 0.05991602689027786 0.07767081260681152
v 0.06313584744930267 0.07222232222557068 0.07410679757595062
v 0.060543086379766464 0.06606540828943253 0.08183543384075165
v 0.06313584744930267 0.07222232222557068 0.07410679757595062
v 0.059768445789813995 0.07888935506343842 0.07738745212554932
v 0.059768445789813995 0.07888935506343842 0.07738745212554932
v 0.06313584744930267 0.07222232222557068 0.07410679757595062
v 0.06218728423118591 0.0840032622218132 0.07010868191719055
v 0.059768445789813995 0.07888935506343842 0.07738745212554932
v 0.06218728423118591 0.0840032622218132 0.07010868191719055
v 0.05919172987341881 0.0917711853981018 0.07219009101390839
v -0.04706848785281181 -0.07183234393596649 0.028449369594454765
v -0.04706871509552002 -0.07183776050806046 0.028351206332445145
v -0.0467638298869133 -0.07204354554414749 0.02829606644809246
v -0.04706848785281181 -0.07183234393596649 0.028449369594454765
v -0.0467638298869133 -0.07204354554414749 0.02829606644809246
v -0.04706282168626785 -0.07164670526981354 0.03147996589541435
v -0.04706282168626785 -0.07164670526981354 0.03147996589541435
v -0.0467638298869133 -0.07204354554414749 0.02829606644809246
v -0.04666360840201378 -0.07119916379451752 0.039429400116205215
v -0.04706282168626785 -0.07164670526981354 0.03147996589541435
v -0.04666360840201378 -0.07119916379451752 0.039429400116205215
v -0.047055378556251526 -0.07072360068559647 0.041750259697437286
v -0.047055378556251526 -0.07072360068559647 0.041750259697437286
v -0.04666360840201378 -0.07119916379451752 0.039429400116205215
v -0.04664640128612518 -0.07105419784784317 0.04134073108434677
v -0.047055378556251526 -0.07072360068559647 0.041750259697437286
v -0.04664640128612518 -0.07105419784784317 0.04134073108434677
v -0.04705348238348961 -0.07056953012943268 0.042807769030332565
v -0.04705348238348961 -0.07056953012943268 0.042807769030332565
v -0.04664640128612518 -0.07105419784784317 0.04134073108434677
v -0.04662931337952614 -0.07085532695055008 0.042833808809518814
v -0.04705348238348961 -0.07056953012943268 0.042807769030332565
v -0.04662931337952614 -0.07085532695055008 0.042833808809518814
v -0.04705331474542618 -0.07055580615997314 0.04290192574262619
v -0.04705331474542618 -0.07055580615997314 0.04290192574262619
v -0.04662931337952614 -0.07085532695055008 0.042833808809518814
v -0.046565815806388855 -0.07011637091636658 0.048381756991147995
v -0.04705331474542618 -0.07055580615997314 0.04290192574262619
v -0.046565815806388855 -0.07011637091636658 0.048381756991147995
v -0.0470353364944458 -0.06909243762493134 0.052946094423532486
v -0.0470353364944458 -0.06909243762493134 0.052946094423532486
v -0.046565815806388855 -0.07011637091636658 0.048381756991147995
v -0.046522967517375946 -0.06961771100759506 0.05212561413645744
v -0.0470353364944458 -0.06909243762493134 0.052946094423532486
v -0.046522967517375946 -0.06961771100759506 0.05212561413645744
v -0.04701525717973709 -0.06780599802732468 0.05875248461961746
v -0.04701525717973709 -0.06780599802732468 0.05875248461961746
v -0.046522967517375946 -0.06961771100759506 0.05212561413645744
v -0.0464516282081604 -0.06859461218118668 0.05726984143257141
v -0.04701525717973709 -0.06780599802732468 0.05875248461961746
v -0.0464516282081604 -0.06859461218118668 0.05726984143257141
v -0.0464298240840435 -0.06828194856643677 0.05884193256497383
v -0.04639255255460739 -0.06774743646383286 0.0615294873714447
v -0.04632165655493736 -0.06647872924804688 0.06603242456912994
v -0.04699879139661789 -0.0667508989572525 0.06351471692323685
v -0.04699879139661789 -0.0667508989572525 0.06351471692323685
v -0.04632165655493736 -0.06647872924804688 0.06603242456912994
v -0.046980734914541245 -0.06579573452472687 0.06658079475164413
v -0.04639255255460739 -0.06774743646383286 0.0615294873714447
v -0.04699879139661789 -0.0667508989572525 0.06351471692323685
v -0.0464298240840435 -0.06828194856643677 0.05884193256497383
v -0.0464298240840435 -0.06828194856643677 0.05884193256497383
v -0.04699879139661789 -0.0667508989572525 0.06351471692323685
v -0.04701515659689903 -0.06779942661523819 0.058782149106264114
v -0.0464298240840435 -0.06828194856643677 0.05884193256497383
v -0.04701515659689903 -0.06779942661523819 0.058782149106264114
v -0.04701525717973709 -0.06780599802732468 0.05875248461961746
v -0.04686525836586952 -0.06000897288322449 0.0815882757306099
v -0.04688011109828949 -0.06070757657289505 0.08029100298881531
v -0.04602585732936859 -0.06047717109322548 0.08219113200902939
v -0.046980734914541245 -0.06579573452472687 0.06658079475164413
v -0.04632165655493736 -0.06647872924804688 0.06603242456912994
v -0.046980276703834534 -0.0657714381814003 0.06665877252817154
v -0.046980276703834534 -0.0657714381814003 0.06665877252817154
v -0.04632165655493736 -0.06647872924804688 0.06603242456912994
v -0.04630981758236885 -0.06626685708761215 0.06678441166877747
v -0.046980276703834534 -0.0657714381814003 0.06665877252817154
v -0.04630981758236885 -0.06626685708761215 0.06678441166877747
v -0.046946413815021515 -0.06398022174835205 0.07240858674049377
v -0.046946413815021515 -0.06398022174835205 0.07240858674049377
v -0.04630981758236885 -0.06626685708761215 0.06678441166877747
v -0.04623955488204956 -0.0650094598531723 0.07124719768762589
v -0.046946413815021515 -0.06398022174835205 0.07240858674049377
v -0.04623955488204956 -0.0650094598531723 0.07124719768762589
v -0.04693124443292618 -0.06323139369487762 0.07421219348907471
v -0.04693124443292618 -0.06323139369487762 0.07421219348907471
v -0.04623955488204956 -0.0650094598531723 0.07124719768762589
v -0.04617646709084511 -0.06374194473028183 0.07461246848106384
v -0.04693124443292618 -0.06323139369487762 0.07421219348907471
v -0.04617646709084511 -0.06374194473028183 0.07461246848106384
v -0.04692957550287247 -0.06314907968044281 0.07441044598817825
v -0.04692957550287247 -0.06314907968044281 0.07441044598817825
v -0.04617646709084511 -0.06374194473028183 0.07461246848106384
v -0.04617634043097496 -0.06373939663171768 0.07461924105882645
v -0.04692957550287247 -0.06314907968044281 0.07441044598817825
v -0.04617634043097496 -0.06373939663171768 0.07461924105882645
v -0.04688011109828949 -0.06070757657289505 0.08029100298881531
v -0.04688011109828949 -0.06070757657289505 0.08029100298881531
v -0.04617634043097496 -0.06373939663171768 0.07461924105882645
v -0.046105269342660904 -0.0623115636408329 0.07841017097234726
v -0.04688011109828949 -0.06070757657289505 0.08029100298881531
v -0.046105269342660904 -0.0623115636408329 0.07841017097234726
v -0.04602585732936859 -0.06047717109322548 0.08219113200902939
v -0.04678047075867653 -0.056050386279821396 0.08859668672084808
v -0.04680071771144867 -0.056973256170749664 0.08722543716430664
v -0.04585965722799301 -0.056412819772958755 0.0895041897892952
v -0.04686525836586952 -0.06000897288322449 0.0815882757306099
v -0.04602585732936859 -0.06047717109322548 0.08219113200902939
v -0.04686165601015091 -0.05983951315283775 0.08190295100212097
v -0.04686165601015091 -0.05983951315283775 0.08190295100212097
v -0.04602585732936859 -0.06047717109322548 0.08219113200902939
v -0.04601136967539787 -0.06014246493577957 0.08288101851940155
v -0.04686165601015091 -0.05983951315283775 0.08190295100212097
v -0.04601136967539787 -0.06014246493577957 0.08288101851940155
v -0.04680071771144867 -0.056973256170749664 0.08722543716430664
v -0.04680071771144867 -0.056973256170749664 0.08722543716430664
v -0.04601136967539787 -0.06014246493577957 0.08288101851940155
v -0.045952994376420975 -0.05879402533173561 0.08566036820411682
v -0.04680071771144867 -0.056973256170749664 0.08722543716430664
v -0.045952994376420975 -0.05879402533173561 0.08566036820411682
v -0.04585965722799301 -0.056412819772958755 0.0895041897892952
v -0.04678047075867653 -0.056050386279821396 0.08859668672084808
v -0.04585965722799301 -0.056412819772958755 0.0895041897892952
v -0.04677319899201393 -0.05571894347667694 0.08908915519714355
v -0.04677319899201393 -0.05571894347667694 0.08908915519714355
v -0.04585965722799301 -0.056412819772958755 0.0895041897892952
v -0.045830633491277695 -0.0556722916662693 0.09069957584142685
v -0.04677319899201393 -0.05571894347667694 0.08908915519714355
v -0.045830633491277695 -0.0556722916662693 0.09069957584142685
v -0.04672424867749214 -0.05348790064454079 0.09240415692329407
v -0.04672424867749214 -0.05348790064454079 0.09240415692329407
v -0.045830633491277695 -0.0556722916662693 0.09069957584142685
v -0.04580333083868027 -0.05497581884264946 0.09182385355234146
v -0.04672424867749214 -0.05348790064454079 0.09240415692329407
v -0.04580333083868027 -0.05497581884264946 0.09182385355234146
v -0.0466742068529129 -0.05127205327153206 0.09507125616073608
v -0.0466742068529129 -0.05127205327153206 0.09507125616073608
v -0.04580333083868027 -0.05497581884264946 0.09182385355234146
v -0.04567904397845268 -0.05146414414048195 0.09634466469287872
v -0.0466742068529129 -0.05127205327153206 0.09507125616073608
v -0.04567904397845268 -0.05146414414048195 0.09634466469287872
v -0.04666157066822052 -0.050712697207927704 0.09574452042579651
v -0.04666157066822052 -0.050712697207927704 0.09574452042579651
v -0.04567904397845268 -0.05146414414048195 0.09634466469287872
v -0.045656293630599976 -0.050821300595998764 0.09717223793268204
v -0.04666157066822052 -0.050712697207927704 0.09574452042579651
v -0.045656293630599976 -0.050821300595998764 0.09717223793268204
v -0.046625539660453796 -0.0491173155605793 0.09766480326652527
v -0.046625539660453796 -0.0491173155605793 0.09766480326652527
v -0.045656293630599976 -0.050821300595998764 0.09717223793268204
v -0.04563587158918381 -0.05018026381731033 0.09782969206571579
v -0.046625539660453796 -0.0491173155605793 0.09766480326652527
v -0.04563587158918381 -0.05018026381731033 0.09782969206571579
v -0.04654887318611145 -0.04575364664196968 0.10092705488204956
v -0.04654887318611145 -0.04575364664196968 0.10092705488204956
v -0.04563587158918381 -0.05018026381731033 0.09782969206571579
v -0.04550298675894737 -0.04600871354341507 0.10210803896188736
v -0.04654887318611145 -0.04575364664196968 0.10092705488204956
v -0.04550298675894737 -0.04600871354341507 0.10210803896188736
v -0.046529997140169144 -0.04492539167404175 0.1017303392291069
v -0.046529997140169144 -0.04492539167404175 0.1017303392291069
v -0.04550298675894737 -0.04600871354341507 0.10210803896188736
v -0.045491140335798264 -0.0455968901515007 0.10244030505418777
v -0.046529997140169144 -0.04492539167404175 0.1017303392291069
v -0.045491140335798264 -0.0455968901515007 0.10244030505418777
v -0.04652531445026398 -0.0447198748588562 0.10192965716123581
v -0.04652531445026398 -0.0447198748588562 0.10192965716123581
v -0.045491140335798264 -0.0455968901515007 0.10244030505418777
v -0.045434966683387756 -0.043644119054079056 0.10401580482721329
v -0.04652531445026398 -0.0447198748588562 0.10192965716123581
v -0.045434966683387756 -0.043644119054079056 0.10401580482721329
v -0.046405207365751266 -0.039485130459070206 0.10597919672727585
v -0.046405207365751266 -0.039485130459070206 0.10597919672727585
v -0.045434966683387756 -0.043644119054079056 0.10401580482721329
v -0.045348621904850006 -0.040642544627189636 0.10643748939037323
v -0.046405207365751266 -0.039485130459070206 0.10597919672727585
v -0.045348621904850006 -0.040642544627189636 0.10643748939037323
v -0.046401504427194595 -0.03932368755340576 0.10610409080982208
v -0.04624488204717636 -0.03253275156021118 0.11003991961479187
v -0.046275101602077484 -0.03385934978723526 0.10941165685653687
v -0.04518013447523117 -0.03440837562084198 0.11030425876379013
v -0.046401504427194595 -0.03932368755340576 0.10610409080982208
v -0.045348621904850006 -0.040642544627189636 0.10643748939037323
v -0.046376071870326996 -0.038224224001169205 0.10676959902048111
v -0.046376071870326996 -0.038224224001169205 0.10676959902048111
v -0.045348621904850006 -0.040642544627189636 0.10643748939037323
v -0.04529846832156181 -0.038786910474300385 0.10758845508098602
v -0.046376071870326996 -0.038224224001169205 0.10676959902048111
v -0.04529846832156181 -0.038786910474300385 0.10758845508098602
v -0.046275101602077484 -0.03385934978723526 0.10941165685653687
v -0.046275101602077484 -0.03385934978723526 0.10941165685653687
v -0.04529846832156181 -0.038786910474300385 0.10758845508098602
v -0.0452302023768425 -0.03626098856329918 0.10915516316890717
v -0.046275101602077484 -0.03385934978723526 0.10941165685653687
v -0.0452302023768425 -0.03626098856329918 0.10915516316890717
v -0.04518013447523117 -0.03440837562084198 0.11030425876379013
v -0.044919453561306 -0.023519471287727356 0.11476990580558777
v -0.04607546329498291 -0.025103891268372536 0.11314670741558075
v -0.04502683877944946 -0.028203241527080536 0.11316312849521637
v -0.04502683877944946 -0.028203241527080536 0.11316312849521637
v -0.04607546329498291 -0.025103891268372536 0.11314670741558075
v -0.046158645302057266 -0.028747621923685074 0.11183252930641174
v -0.04624488204717636 -0.03253275156021118 0.11003991961479187
v -0.04518013447523117 -0.03440837562084198 0.11030425876379013
v -0.04620900750160217 -0.03095819428563118 0.11078561842441559
v -0.04620900750160217 -0.03095819428563118 0.11078561842441559
v -0.04518013447523117 -0.03440837562084198 0.11030425876379013
v -0.04510575160384178 -0.0314139723777771 0.11171089112758636
v -0.04620900750160217 -0.03095819428563118 0.11078561842441559
v -0.04510575160384178 -0.0314139723777771 0.11171089112758636
v -0.046158645302057266 -0.028747621923685074 0.11183252930641174
v -0.046158645302057266 -0.028747621923685074 0.11183252930641174
v -0.04510575160384178 -0.0314139723777771 0.11171089112758636
v -0.04503697529435158 -0.02864534594118595 0.11301146447658539
v -0.046158645302057266 -0.028747621923685074 0.11183252930641174
v -0.04503697529435158 -0.02864534594118595 0.11301146447658539
v -0.04502683877944946 -0.028203241527080536 0.11316312849521637
v -0.04547955468297005 0.001077250693924725 0.11732307076454163
v -0.0455293208360672 -0.0011211847886443138 0.11736387014389038
v -0.04445665329694748 -0.0017558945110067725 0.1182112917304039
v -0.04445665329694748 -0.0017558945110067725 0.1182112917304039
v -0.0455293208360672 -0.0011211847886443138 0.11736387014389038
v -0.04553549364209175 -0.001393207348883152 0.11734702438116074
v -0.04445665329694748 -0.0017558945110067725 0.1182112917304039
v -0.04553549364209175 -0.001393207348883152 0.11734702438116074
v -0.044523242861032486 -0.005189243704080582 0.11815427988767624
v -0.044523242861032486 -0.005189243704080582 0.11815427988767624
v -0.04553549364209175 -0.001393207348883152 0.11734702438116074
v -0.0456649549305439 -0.0070968628861010075 0.11699379980564117
v -0.044523242861032486 -0.005189243704080582 0.11815427988767624
v -0.0456649549305439 -0.0070968628861010075 0.11699379980564117
v -0.04456532001495361 -0.007194997277110815 0.11792352795600891
v -0.04456532001495361 -0.007194997277110815 0.11792352795600891
v -0.0456649549305439 -0.0070968628861010075 0.11699379980564117
v -0.045677755028009415 -0.007660763803869486 0.11695887893438339
v -0.04456532001495361 -0.007194997277110815 0.11792352795600891
v -0.045677755028009415 -0.007660763803869486 0.11695887893438339
v -0.04463983327150345 -0.010746918618679047 0.11751490831375122
v -0.04463983327150345 -0.010746918618679047 0.11751490831375122
v -0.045677755028009415 -0.007660763803869486 0.11695887893438339
v -0.0457177497446537 -0.009422902017831802 0.1167096495628357
v -0.04463983327150345 -0.010746918618679047 0.11751490831375122
v -0.0457177497446537 -0.009422902017831802 0.1167096495628357
v -0.0447031706571579 -0.013765997253358364 0.11716759204864502
v -0.0447031706571579 -0.013765997253358364 0.11716759204864502
v -0.0457177497446537 -0.009422902017831802 0.1167096495628357
v -0.04584050923585892 -0.014831490814685822 0.11594468355178833
v -0.0447031706571579 -0.013765997253358364 0.11716759204864502
v -0.04584050923585892 -0.014831490814685822 0.11594468355178833
v -0.04473935440182686 -0.015410641208291054 0.11680008471012115
v -0.04473935440182686 -0.015410641208291054 0.11680008471012115
v -0.04584050923585892 -0.014831490814685822 0.11594468355178833
v -0.04584922641515732 -0.015212411060929298 0.11585135757923126
v -0.04473935440182686 -0.015410641208291054 0.11680008471012115
v -0.04584922641515732 -0.015212411060929298 0.11585135757923126
v -0.044831663370132446 -0.0196062121540308 0.11586256325244904
v -0.044831663370132446 -0.0196062121540308 0.11586256325244904
v -0.04584922641515732 -0.015212411060929298 0.11585135757923126
v -0.04589825123548508 -0.01735447160899639 0.11532656848430634
v -0.044831663370132446 -0.0196062121540308 0.11586256325244904
v -0.04589825123548508 -0.01735447160899639 0.11532656848430634
v -0.04487761855125427 -0.021694807335734367 0.11539585888385773
v -0.04487761855125427 -0.021694807335734367 0.11539585888385773
v -0.04589825123548508 -0.01735447160899639 0.11532656848430634
v -0.04601994901895523 -0.022672096267342567 0.11402378231287003
v -0.04487761855125427 -0.021694807335734367 0.11539585888385773
v -0.04601994901895523 -0.022672096267342567 0.11402378231287003
v -0.044919453561306 -0.023519471287727356 0.11476990580558777
v -0.044919453561306 -0.023519471287727356 0.11476990580558777
v -0.04601994901895523 -0.022672096267342567 0.11402378231287003
v -0.0460321418941021 -0.023206127807497978 0.11383117735385895
v -0.044919453561306 -0.023519471287727356 0.11476990580558777
v -0.0460321418941021 -0.023206127807497978 0.11383117735385895
v -0.04607546329498291 -0.025103891268372536 0.11314670741558075
v -0.044245149940252304 0.00923644844442606 0.11795982718467712
v -0.045296091586351395 0.009195473045110703 0.11712732166051865
v -0.04530799761414528 0.008655683137476444 0.1171824261546135
v -0.04445665329694748 -0.0017558945110067725 0.1182112917304039
v -0.044402047991752625 0.0010597039945423603 0.1182580441236496
v -0.04547955468297005 0.001077250693924725 0.11732307076454163
v -0.04547955468297005 0.001077250693924725 0.11732307076454163
v -0.044402047991752625 0.0010597039945423603 0.1182580441236496
v -0.04433838650584221 0.004342210479080677 0.1183125451207161
v -0.04547955468297005 0.001077250693924725 0.11732307076454163
v -0.04433838650584221 0.004342210479080677 0.1183125451207161
v -0.04530799761414528 0.008655683137476444 0.1171824261546135
v -0.04530799761414528 0.008655683137476444 0.1171824261546135
v -0.04433838650584221 0.004342210479080677 0.1183125451207161
v -0.044282637536525726 0.007268670946359634 0.11810164153575897
v -0.04530799761414528 0.008655683137476444 0.1171824261546135
v -0.044282637536525726 0.007268670946359634 0.11810164153575897
v -0.044245149940252304 0.00923644844442606 0.11795982718467712
v -0.045296091586351395 0.009195473045110703 0.11712732166051865
v -0.044245149940252304 0.00923644844442606 0.11795982718467712
v -0.04517492279410362 0.014688071794807911 0.11656662076711655
v -0.04517492279410362 0.014688071794807911 0.11656662076711655
v -0.044245149940252304 0.00923644844442606 0.11795982718467712
v -0.044144779443740845 0.014505431987345219 0.1175801008939743
v -0.04517492279410362 0.014688071794807911 0.11656662076711655
v -0.044144779443740845 0.014505431987345219 0.1175801008939743
v -0.045119136571884155 0.017216963693499565 0.11630846560001373
v -0.045119136571884155 0.017216963693499565 0.11630846560001373
v -0.044144779443740845 0.014505431987345219 0.1175801008939743
v -0.0440916083753109 0.01730850338935852 0.11715357005596161
v -0.045119136571884155 0.017216963693499565 0.11630846560001373
v -0.0440916083753109 0.01730850338935852 0.11715357005596161
v -0.045090451836586 0.018517229706048965 0.11617573350667953
v -0.045090451836586 0.018517229706048965 0.11617573350667953
v -0.0440916083753109 0.01730850338935852 0.11715357005596161
v -0.04394202306866646 0.025194430723786354 0.11595361679792404
v -0.045090451836586 0.018517229706048965 0.11617573350667953
v -0.04394202306866646 0.025194430723786354 0.11595361679792404
v -0.04485732316970825 0.029450932517647743 0.11424393206834793
v -0.04485732316970825 0.029450932517647743 0.11424393206834793
v -0.04394202306866646 0.025194430723786354 0.11595361679792404
v -0.04393520578742027 0.025553729385137558 0.11589894443750381
v -0.04485732316970825 0.029450932517647743 0.11424393206834793
v -0.04393520578742027 0.025553729385137558 0.11589894443750381
v -0.043790992349386215 0.0331973098218441 0.11419963091611862
v -0.04416289180517197 0.06346358358860016 0.10395357757806778
v -0.044202569872140884 0.06143798306584358 0.10469502210617065
v -0.043287575244903564 0.059901874512434006 0.10609709471464157
v -0.043287575244903564 0.059901874512434006 0.10609709471464157
v -0.044202569872140884 0.06143798306584358 0.10469502210617065
v -0.044347986578941345 0.05401437357068062 0.10741234570741653
v -0.043287575244903564 0.059901874512434006 0.10609709471464157
v -0.044347986578941345 0.05401437357068062 0.10741234570741653
v -0.04347997531294823 0.04965488612651825 0.10967423766851425
v -0.04347997531294823 0.04965488612651825 0.10967423766851425
v -0.044347986578941345 0.05401437357068062 0.10741234570741653
v -0.044461704790592194 0.048451196402311325 0.10913071781396866
v -0.04347997531294823 0.04965488612651825 0.10967423766851425
v -0.044461704790592194 0.048451196402311325 0.10913071781396866
v -0.043498121201992035 0.04869518801569939 0.10995019227266312
v -0.043498121201992035 0.04869518801569939 0.10995019227266312
v -0.044461704790592194 0.048451196402311325 0.10913071781396866
v -0.04450847953557968 0.046162787824869156 0.10983757674694061
v -0.043498121201992035 0.04869518801569939 0.10995019227266312
v -0.04450847953557968 0.046162787824869156 0.10983757674694061
v -0.04361090436577797 0.04272938892245293 0.11166559159755707
v -0.04361090436577797 0.04272938892245293 0.11166559159755707
v -0.04450847953557968 0.046162787824869156 0.10983757674694061
v -0.04460537061095238 0.04142284765839577 0.11130166798830032
v -0.04361090436577797 0.04272938892245293 0.11166559159755707
v -0.04460537061095238 0.04142284765839577 0.11130166798830032
v -0.043731167912483215 0.036368228495121 0.11349467933177948
v -0.043731167912483215 0.036368228495121 0.11349467933177948
v -0.04460537061095238 0.04142284765839577 0.11130166798830032
v -0.04478227347135544 0.033016886562108994 0.11336755007505417
v -0.043731167912483215 0.036368228495121 0.11349467933177948
v -0.04478227347135544 0.033016886562108994 0.11336755007505417
v -0.043790992349386215 0.0331973098218441 0.11419963091611862
v -0.043790992349386215 0.0331973098218441 0.11419963091611862
v -0.04478227347135544 0.033016886562108994 0.11336755007505417
v -0.04483342543244362 0.03058643825352192 0.11396487057209015
v -0.043790992349386215 0.0331973098218441 0.11419963091611862
v -0.04483342543244362 0.03058643825352192 0.11396487057209015
v -0.04485732316970825 0.029450932517647743 0.11424393206834793
v -0.04362435266375542 0.09257350862026215 0.09174326062202454
v -0.043648604303598404 0.09121909737586975 0.09236900508403778
v -0.042694833129644394 0.09285379201173782 0.09238238632678986
v -0.042694833129644394 0.09285379201173782 0.09238238632678986
v -0.043648604303598404 0.09121909737586975 0.09236900508403778
v -0.04373183101415634 0.08657099306583405 0.09451643377542496
v -0.042694833129644394 0.09285379201173782 0.09238238632678986
v -0.04373183101415634 0.08657099306583405 0.09451643377542496
v -0.04290079325437546 0.08078747987747192 0.09783422946929932
v -0.04290079325437546 0.08078747987747192 0.09783422946929932
v -0.04373183101415634 0.08657099306583405 0.09451643377542496
v -0.043887291103601456 0.0781274288892746 0.09805786609649658
v -0.043287575244903564 0.059901874512434006 0.10609709471464157
v -0.043224722146987915 0.06324945390224457 0.10492847859859467
v -0.04416289180517197 0.06346358358860016 0.10395357757806778
v -0.04416289180517197 0.06346358358860016 0.10395357757806778
v -0.043224722146987915 0.06324945390224457 0.10492847859859467
v -0.04321562871336937 0.06374167650938034 0.10472936928272247
v -0.04416289180517197 0.06346358358860016 0.10395357757806778
v -0.04321562871336937 0.06374167650938034 0.10472936928272247
v -0.04406945779919624 0.0682334154844284 0.10220764577388763
v -0.04406945779919624 0.0682334154844284 0.10220764577388763
v -0.04321562871336937 0.06374167650938034 0.10472936928272247
v -0.04297628626227379 0.0767001137137413 0.09948759526014328
v -0.04406945779919624 0.0682334154844284 0.10220764577388763
v -0.04297628626227379 0.0767001137137413 0.09948759526014328
v -0.043887291103601456 0.0781274288892746 0.09805786609649658
v -0.043887291103601456 0.0781274288892746 0.09805786609649658
v -0.04297628626227379 0.0767001137137413 0.09948759526014328
v -0.04294441267848015 0.07842579483985901 0.09878955036401749
v -0.043887291103601456 0.0781274288892746 0.09805786609649658
v -0.04294441267848015 0.07842579483985901 0.09878955036401749
v -0.04290079325437546 0.08078747987747192 0.09783422946929932
v -0.042694833129644394 0.09285379201173782 0.09238238632678986
v -0.042541589587926865 0.10183171182870865 0.08832595497369766
v -0.04362435266375542 0.09257350862026215 0.09174326062202454
v -0.04362435266375542 0.09257350862026215 0.09174326062202454
v -0.042541589587926865 0.10183171182870865 0.08832595497369766
v -0.042430419474840164 0.10962928086519241 0.08464722335338593
v -0.04362435266375542 0.09257350862026215 0.09174326062202454
v -0.042430419474840164 0.10962928086519241 0.08464722335338593
v -0.043150000274181366 0.119066022336483 0.07950366288423538
v -0.043150000274181366 0.119066022336483 0.07950366288423538
v -0.042430419474840164 0.10962928086519241 0.08464722335338593
v -0.04228254780173302 0.12000080198049545 0.07975415885448456
v -0.043150000274181366 0.119066022336483 0.07950366288423538
v -0.04228254780173302 0.12000080198049545 0.07975415885448456
v -0.04204048216342926 0.11983417719602585 0.07970954477787018
v -0.008458055555820465 0.13624994456768036 0.0841081365942955
v -0.0015782065456733108 0.13687986135482788 0.08427692949771881
v -0.0017964408034458756 0.13685670495033264 0.08427069336175919
v -0.0017964408034458756 0.13685670495033264 0.08427069336175919
v -0.0015782065456733108 0.13687986135482788 0.08427692949771881
v -2.3687167782782126e-08 0.13689886033535004 0.08428201824426651
v -0.0017964408034458756 0.13685670495033264 0.08427069336175919
v -2.3687167782782126e-08 0.13689886033535004 0.08428201824426651
v 0.00025953384465537965 0.13690197467803955 0.08428285270929337
v -0.0017964408034458756 0.13685670495033264 0.08427069336175919
v -0.008158079348504543 0.13622839748859406 0.0841023176908493
v -0.008458055555820465 0.13624994456768036 0.0841081365942955
v -0.008458055555820465 0.13624994456768036 0.0841081365942955
v -0.008158079348504543 0.13622839748859406 0.0841023176908493
v -0.00920108426362276 0.13599808514118195 0.08404066413640976
v -0.008458055555820465 0.13624994456768036 0.0841081365942955
v -0.00920108426362276 0.13599808514118195 0.08404066413640976
v -0.011283216997981071 0.13563299179077148 0.08394283056259155
v -0.011283216997981071 0.13563299179077148 0.08394283056259155
v -0.00920108426362276 0.13599808514118195 0.08404066413640976
v -0.010847004130482674 0.1356346309185028 0.08394336700439453
v -0.011283216997981071 0.13563299179077148 0.08394283056259155
v -0.010847004130482674 0.1356346309185028 0.08394336700439453
v -0.015183279290795326 0.13467708230018616 0.08368705213069916
v -0.04204048216342926 0.11983417719602585 0.07970954477787018
v -0.04228254780173302 0.12000080198049545 0.07975415885448456
v -0.03560619056224823 0.12482579052448273 0.08104324340820312
v -0.03560619056224823 0.12482579052448273 0.08104324340820312
v -0.04228254780173302 0.12000080198049545 0.07975415885448456
v -0.03584336116909981 0.12496718764305115 0.08108493685722351
v -0.03560619056224823 0.12482579052448273 0.08104324340820312
v -0.03584336116909981 0.12496718764305115 0.08108493685722351
v -0.03244132176041603 0.12678365409374237 0.08156807720661163
v -0.03244132176041603 0.12678365409374237 0.08156807720661163
v -0.03584336116909981 0.12496718764305115 0.08108493685722351
v -0.03287935629487038 0.12678855657577515 0.08157297223806381
v -0.03244132176041603 0.12678365409374237 0.08156807720661163
v -0.03287935629487038 0.12678855657577515 0.08157297223806381
v -0.028706258162856102 0.12909427285194397 0.0821874663233757
v -0.028706258162856102 0.12909427285194397 0.0821874663233757
v -0.03287935629487038 0.12678855657577515 0.08157297223806381
v -0.02896789275109768 0.12919214367866516 0.0822170078754425
v -0.028706258162856102 0.12909427285194397 0.0821874663233757
v -0.02896789275109768 0.12919214367866516 0.0822170078754425
v -0.02188299037516117 0.1323314905166626 0.08305809646844864
v -0.02188299037516117 0.1323314905166626 0.08305809646844864
v -0.02896789275109768 0.12919214367866516 0.0822170078754425
v -0.02231939509510994 0.13232362270355225 0.08305608481168747
v -0.02188299037516117 0.1323314905166626 0.08305809646844864
v -0.02231939509510994 0.13232362270355225 0.08305608481168747
v -0.021622756496071815 0.13245494663715363 0.08309130370616913
v -0.021622756496071815 0.13245494663715363 0.08309130370616913
v -0.02231939509510994 0.13232362270355225 0.08305608481168747
v -0.02192355878651142 0.13251006603240967 0.08310604095458984
v -0.021622756496071815 0.13245494663715363 0.08309130370616913
v -0.02192355878651142 0.13251006603240967 0.08310604095458984
v -0.015183279290795326 0.13467708230018616 0.08368705213069916
v -0.015183279290795326 0.13467708230018616 0.08368705213069916
v -0.02192355878651142 0.13251006603240967 0.08310604095458984
v -0.015481828711926937 0.13471612334251404 0.08369715511798859
v -0.015183279290795326 0.13467708230018616 0.08368705213069916
v -0.015481828711926937 0.13471612334251404 0.08369715511798859
v -0.011283216997981071 0.13563299179077148 0.08394283056259155
v -0.0683092549443245 -0.04830876365303993 0.034655746072530746
v -0.07060323655605316 -0.04436356946825981 0.035712845623493195
v -0.06871623545885086 -0.04693525657057762 0.03502526134252548
v -0.06871623545885086 -0.04693525657057762 0.03502526134252548
v -0.07060323655605316 -0.04436356946825981 0.035712845623493195
v -0.07118667662143707 -0.043058596551418304 0.03606249764561653
v -0.06871623545885086 -0.04693525657057762 0.03502526134252548
v -0.07118667662143707 -0.043058596551418304 0.03606249764561653
v -0.07171209901571274 -0.04117583483457565 0.03657028079032898
v -0.07171209901571274 -0.04117583483457565 0.03657028079032898
v -0.07118667662143707 -0.043058596551418304 0.03606249764561653
v -0.07336229830980301 -0.038192376494407654 0.0373663529753685
v -0.07171209901571274 -0.04117583483457565 0.03657028079032898
v -0.07336229830980301 -0.038192376494407654 0.0373663529753685
v -0.07353216409683228 -0.03658153861761093 0.03779991343617439
v -0.07353216409683228 -0.03658153861761093 0.03779991343617439
v -0.07336229830980301 -0.038192376494407654 0.0373663529753685
v -0.074051633477211 -0.03665055334568024 0.037779465317726135
v -0.07353216409683228 -0.03658153861761093 0.03779991343617439
v -0.074051633477211 -0.03665055334568024 0.037779465317726135
v -0.07474951446056366 -0.03350865840911865 0.03862234950065613
v -0.07474951446056366 -0.03350865840911865 0.03862234950065613
v -0.074051633477211 -0.03665055334568024 0.037779465317726135
v -0.07666144520044327 -0.028654225170612335 0.03992219269275665
v -0.07474951446056366 -0.03350865840911865 0.03862234950065613
v -0.07666144520044327 -0.028654225170612335 0.03992219269275665
v -0.07606612890958786 -0.028882693499326706 0.0398612916469574
v -0.04657083377242088 -0.0718826875090599 0.028339168056845665
v -0.05032626911997795 -0.06932815909385681 0.02902321144938469
v -0.052851416170597076 -0.0667998269200325 0.02970186434686184
v -0.052851416170597076 -0.0667998269200325 0.02970186434686184
v -0.05032626911997795 -0.06932815909385681 0.02902321144938469
v -0.0549556240439415 -0.06516207754611969 0.030138486996293068
v -0.052851416170597076 -0.0667998269200325 0.02970186434686184
v -0.0549556240439415 -0.06516207754611969 0.030138486996293068
v -0.05478439852595329 -0.06487960368394852 0.030216507613658905
v -0.05478439852595329 -0.06487960368394852 0.030216507613658905
v -0.0549556240439415 -0.06516207754611969 0.030138486996293068
v -0.05629236623644829 -0.06395909935235977 0.030460529029369354
v -0.05478439852595329 -0.06487960368394852 0.030216507613658905
v -0.05629236623644829 -0.06395909935235977 0.030460529029369354
v -0.05853331461548805 -0.06115542724728584 0.031214632093906403
v -0.05853331461548805 -0.06115542724728584 0.031214632093906403
v -0.05629236623644829 -0.06395909935235977 0.030460529029369354
v -0.06174991652369499 -0.05792316794395447 0.03207875043153763
v -0.05853331461548805 -0.06115542724728584 0.031214632093906403
v -0.06174991652369499 -0.05792316794395447 0.03207875043153763
v -0.06219737231731415 -0.05668071657419205 0.03241292014718056
v -0.06219737231731415 -0.05668071657419205 0.03241292014718056
v -0.06174991652369499 -0.05792316794395447 0.03207875043153763
v -0.06217686086893082 -0.05733904615044594 0.032235343009233475
v -0.06219737231731415 -0.05668071657419205 0.03241292014718056
v -0.06217686086893082 -0.05733904615044594 0.032235343009233475
v -0.06361868232488632 -0.05494494363665581 0.03287774324417114
v -0.06361868232488632 -0.05494494363665581 0.03287774324417114
v -0.06217686086893082 -0.05733904615044594 0.032235343009233475
v -0.06648854166269302 -0.051440030336380005 0.033816736191511154
v -0.06361868232488632 -0.05494494363665581 0.03287774324417114
v -0.06648854166269302 -0.051440030336380005 0.033816736191511154
v -0.06804361939430237 -0.04822833463549614 0.0346783772110939
v -0.06804361939430237 -0.04822833463549614 0.0346783772110939
v -0.06648854166269302 -0.051440030336380005 0.033816736191511154
v -0.0683092549443245 -0.04830876365303993 0.034655746072530746
v -0.06804361939430237 -0.04822833463549614 0.0346783772110939
v -0.0683092549443245 -0.04830876365303993 0.034655746072530746
v -0.06853286921977997 -0.047287777066230774 0.03493069112300873
v -0.06853286921977997 -0.047287777066230774 0.03493069112300873
v -0.0683092549443245 -0.04830876365303993 0.034655746072530746
v -0.06871623545885086 -0.04693525657057762 0.03502526134252548
v -0.07606612890958786 -0.028882693499326706 0.0398612916469574
v -0.07666144520044327 -0.028654225170612335 0.03992219269275665
v -0.07695502787828445 -0.02575952187180519 0.04069774970412254
v -0.07695502787828445 -0.02575952187180519 0.04069774970412254
v -0.07666144520044327 -0.028654225170612335 0.03992219269275665
v -0.07707644253969193 -0.02677675150334835 0.04042523354291916
v -0.07695502787828445 -0.02575952187180519 0.04069774970412254
v -0.07707644253969193 -0.02677675150334835 0.04042523354291916
v -0.07718182355165482 -0.024529006332159042 0.04102747514843941
v -0.07718182355165482 -0.024529006332159042 0.04102747514843941
v -0.07707644253969193 -0.02677675150334835 0.04042523354291916
v -0.07840635627508163 -0.02076007053256035 0.042037319391965866
v -0.07718182355165482 -0.024529006332159042 0.04102747514843941
v -0.07840635627508163 -0.02076007053256035 0.042037319391965866
v -0.0784665122628212 -0.01755872182548046 0.04289520904421806
v -0.0784665122628212 -0.01755872182548046 0.04289520904421806
v -0.07840635627508163 -0.02076007053256035 0.042037319391965866
v -0.0787789449095726 -0.017823202535510063 0.04282428324222565
v -0.0784665122628212 -0.01755872182548046 0.04289520904421806
v -0.0787789449095726 -0.017823202535510063 0.04282428324222565
v -0.07882125675678253 -0.013655134476721287 0.04394116997718811
v -0.07882125675678253 -0.013655134476721287 0.04394116997718811
v -0.0787789449095726 -0.017823202535510063 0.04282428324222565
v -0.07930158078670502 -0.013703548349440098 0.04392818361520767
v -0.07882125675678253 -0.013655134476721287 0.04394116997718811
v -0.07930158078670502 -0.013703548349440098 0.04392818361520767
v -0.07947065681219101 -0.012370778247714043 0.04428531229496002
v 0.00039373364415951073 -0.0852954089641571 0.024745240807533264
v 6.207411047398637e-07 -0.08527836203575134 0.02474980801343918
v -0.008145847357809544 -0.08488351851701736 0.024855544790625572
v -0.008145847357809544 -0.08488351851701736 0.024855544790625572
v 6.207411047398637e-07 -0.08527836203575134 0.02474980801343918
v -0.008153150789439678 -0.0849248394370079 0.024844534695148468
v -0.008145847357809544 -0.08488351851701736 0.024855544790625572
v -0.008153150789439678 -0.0849248394370079 0.024844534695148468
v -0.011852705851197243 -0.08434758335351944 0.024999143555760384
v -0.011852705851197243 -0.08434758335351944 0.024999143555760384
v -0.008153150789439678 -0.0849248394370079 0.024844534695148468
v -0.012289232574403286 -0.08434704691171646 0.024999352172017097
v -0.011852705851197243 -0.08434758335351944 0.024999143555760384
v -0.012289232574403286 -0.08434704691171646 0.024999352172017097
v -0.01663779653608799 -0.08365575969219208 0.02518451027572155
v -0.01663779653608799 -0.08365575969219208 0.02518451027572155
v -0.012289232574403286 -0.08434704691171646 0.024999352172017097
v -0.016635693609714508 -0.08373986929655075 0.025162044912576675
v -0.01663779653608799 -0.08365575969219208 0.02518451027572155
v -0.016635693609714508 -0.08373986929655075 0.025162044912576675
v -0.023930741474032402 -0.08187620341777802 0.02566138282418251
v -0.023930741474032402 -0.08187620341777802 0.02566138282418251
v -0.016635693609714508 -0.08373986929655075 0.025162044912576675
v -0.024370770901441574 -0.0818927213549614 0.025656986981630325
v -0.023930741474032402 -0.08187620341777802 0.02566138282418251
v -0.024370770901441574 -0.0818927213549614 0.025656986981630325
v -0.024927649646997452 -0.08163294941186905 0.025726569816470146
v -0.024927649646997452 -0.08163294941186905 0.025726569816470146
v -0.024370770901441574 -0.0818927213549614 0.025656986981630325
v -0.024963025003671646 -0.08175129443407059 0.02569488435983658
v -0.024927649646997452 -0.08163294941186905 0.025726569816470146
v -0.024963025003671646 -0.08175129443407059 0.02569488435983658
v -0.03304111585021019 -0.07879799604415894 0.026485107839107513
v -0.03304111585021019 -0.07879799604415894 0.026485107839107513
v -0.024963025003671646 -0.08175129443407059 0.02569488435983658
v -0.03299394249916077 -0.07899834215641022 0.02643253467977047
v -0.03304111585021019 -0.07879799604415894 0.026485107839107513
v -0.03299394249916077 -0.07899834215641022 0.02643253467977047
v -0.03552461788058281 -0.07765167951583862 0.026792369782924652
v -0.03552461788058281 -0.07765167951583862 0.026792369782924652
v -0.03299394249916077 -0.07899834215641022 0.02643253467977047
v -0.03595958650112152 -0.07764784246683121 0.026794400066137314
v -0.03552461788058281 -0.07765167951583862 0.026792369782924652
v -0.03595958650112152 -0.07764784246683121 0.026794400066137314
v -0.040610238909721375 -0.07530428469181061 0.02742156945168972
v -0.040610238909721375 -0.07530428469181061 0.02742156945168972
v -0.03595958650112152 -0.07764784246683121 0.026794400066137314
v -0.040689870715141296 -0.07549376785755157 0.02737158164381981
v -0.040610238909721375 -0.07530428469181061 0.02742156945168972
v -0.040689870715141296 -0.07549376785755157 0.02737158164381981
v -0.046392109245061874 -0.0720033049583435 0.02830684743821621
v -0.046392109245061874 -0.0720033049583435 0.02830684743821621
v -0.040689870715141296 -0.07549376785755157 0.02737158164381981
v -0.0467638298869133 -0.07204354554414749 0.02829606644809246
v -0.046392109245061874 -0.0720033049583435 0.02830684743821621
v -0.0467638298869133 -0.07204354554414749 0.02829606644809246
v -0.04657083377242088 -0.0718826875090599 0.028339168056845665
v -0.04657083377242088 -0.0718826875090599 0.028339168056845665
v -0.0467638298869133 -0.07204354554414749 0.02829606644809246
v -0.04706871509552002 -0.07183776050806046 0.028351206332445145
v -0.04657083377242088 -0.0718826875090599 0.028339168056845665
v -0.04706871509552002 -0.07183776050806046 0.028351206332445145
v -0.05032626911997795 -0.06932815909385681 0.02902321144938469
v -0.059197306632995605 0.09176643937826157 0.07219010591506958
v -0.060493919998407364 0.08754920214414597 0.07106229662895203
v -0.06219891458749771 0.08401156216859818 0.07011280953884125
v -0.06219891458749771 0.08401156216859818 0.07011280953884125
v -0.060493919998407364 0.08754920214414597 0.07106229662895203
v -0.06252072006464005 0.08171367645263672 0.06949715316295624
v -0.04204048216342926 0.11983417719602585 0.07970954477787018
v -0.04255020618438721 0.1192842572927475 0.07956219464540482
v -0.043150000274181366 0.119066022336483 0.07950366288423538
v -0.043150000274181366 0.119066022336483 0.07950366288423538
v -0.04255020618438721 0.1192842572927475 0.07956219464540482
v -0.04637051001191139 0.11398289352655411 0.07814309746026993
v -0.043150000274181366 0.119066022336483 0.07950366288423538
v -0.04637051001191139 0.11398289352655411 0.07814309746026993
v -0.04966963455080986 0.10967610031366348 0.07699019461870193
v -0.04966963455080986 0.10967610031366348 0.07699019461870193
v -0.04637051001191139 0.11398289352655411 0.07814309746026993
v -0.05159759521484375 0.10580461472272873 0.07595206052064896
v -0.04966963455080986 0.10967610031366348 0.07699019461870193
v -0.05159759521484375 0.10580461472272873 0.07595206052064896
v -0.05174591392278671 0.10614603757858276 0.07604378461837769
v -0.05174591392278671 0.10614603757858276 0.07604378461837769
v -0.05159759521484375 0.10580461472272873 0.07595206052064896
v -0.0518772266805172 0.10536710917949677 0.07583484798669815
v -0.05174591392278671 0.10614603757858276 0.07604378461837769
v -0.0518772266805172 0.10536710917949677 0.07583484798669815
v -0.05467323213815689 0.10116904228925705 0.074709452688694
v -0.05467323213815689 0.10116904228925705 0.074709452688694
v -0.0518772266805172 0.10536710917949677 0.07583484798669815
v -0.054189156740903854 0.10103655606508255 0.07467366009950638
v -0.05467323213815689 0.10116904228925705 0.074709452688694
v -0.054189156740903854 0.10103655606508255 0.07467366009950638
v -0.05530279129743576 0.09986675530672073 0.07436051219701767
v -0.05530279129743576 0.09986675530672073 0.07436051219701767
v -0.054189156740903854 0.10103655606508255 0.07467366009950638
v -0.05564798042178154 0.09830398112535477 0.07394096255302429
v -0.05530279129743576 0.09986675530672073 0.07436051219701767
v -0.05564798042178154 0.09830398112535477 0.07394096255302429
v -0.05567311495542526 0.09910071641206741 0.07415525615215302
v -0.05567311495542526 0.09910071641206741 0.07415525615215302
v -0.05564798042178154 0.09830398112535477 0.07394096255302429
v -0.056648436933755875 0.09642999619245529 0.07343847304582596
v -0.05567311495542526 0.09910071641206741 0.07415525615215302
v -0.056648436933755875 0.09642999619245529 0.07343847304582596
v -0.059111420065164566 0.09198833256959915 0.07224953919649124
v -0.059111420065164566 0.09198833256959915 0.07224953919649124
v -0.056648436933755875 0.09642999619245529 0.07343847304582596
v -0.059262946248054504 0.09039202332496643 0.07182293385267258
v -0.059111420065164566 0.09198833256959915 0.07224953919649124
v -0.059262946248054504 0.09039202332496643 0.07182293385267258
v -0.059197306632995605 0.09176643937826157 0.07219010591506958
v -0.059197306632995605 0.09176643937826157 0.07219010591506958
v -0.059262946248054504 0.09039202332496643 0.07182293385267258
v -0.05940759927034378 0.09005795419216156 0.07173354923725128
v -0.059197306632995605 0.09176643937826157 0.07219010591506958
v -0.05940759927034378 0.09005795419216156 0.07173354923725128
v -0.060493919998407364 0.08754920214414597 0.07106229662895203
v -0.0794234350323677 0.006307476665824652 0.04929075390100479
v -0.07882221788167953 0.007555764634162188 0.04962443187832832
v -0.07958107441663742 0.002471958054229617 0.04826280102133751
v -0.07958107441663742 0.002471958054229617 0.04826280102133751
v -0.07882221788167953 0.007555764634162188 0.04962443187832832
v -0.07932491600513458 0.0002617230929899961 0.04767030104994774
v -0.07958107441663742 0.002471958054229617 0.04826280102133751
v -0.07932491600513458 0.0002617230929899961 0.04767030104994774
v -0.07961208373308182 0.0017174390377476811 0.0480605810880661
v -0.07961208373308182 0.0017174390377476811 0.0480605810880661
v -0.07932491600513458 0.0002617230929899961 0.04767030104994774
v -0.0793193057179451 -0.0006447859341278672 0.04742738977074623
v -0.07961208373308182 0.0017174390377476811 0.0480605810880661
v -0.0793193057179451 -0.0006447859341278672 0.04742738977074623
v -0.07982394844293594 -0.0034373747184872627 0.046679046005010605
v -0.07982394844293594 -0.0034373747184872627 0.046679046005010605
v -0.0793193057179451 -0.0006447859341278672 0.04742738977074623
v -0.07926932722330093 -0.008724690414965153 0.045262277126312256
v -0.07982394844293594 -0.0034373747184872627 0.046679046005010605
v -0.07926932722330093 -0.008724690414965153 0.045262277126312256
v -0.07947065681219101 -0.012370778247714043 0.04428531229496002
v -0.07947065681219101 -0.012370778247714043 0.04428531229496002
v -0.07926932722330093 -0.008724690414965153 0.045262277126312256
v -0.07910898327827454 -0.010489075444638729 0.04478951171040535
v -0.07947065681219101 -0.012370778247714043 0.04428531229496002
v -0.07910898327827454 -0.010489075444638729 0.04478951171040535
v -0.07882125675678253 -0.013655134476721287 0.04394116997718811
v -0.06564753502607346 0.0714428499341011 0.06674293428659439
v -0.06580032408237457 0.07089108228683472 0.06659499555826187
v -0.0665491446852684 0.06988159567117691 0.06632449477910995
v -0.0665491446852684 0.06988159567117691 0.06632449477910995
v -0.06580032408237457 0.07089108228683472 0.06659499555826187
v -0.06752689182758331 0.06465595960617065 0.06492319703102112
v -0.0665491446852684 0.06988159567117691 0.06632449477910995
v -0.06752689182758331 0.06465595960617065 0.06492319703102112
v -0.0683513730764389 0.06275255233049393 0.06441346555948257
v -0.0683513730764389 0.06275255233049393 0.06441346555948257
v -0.06752689182758331 0.06465595960617065 0.06492319703102112
v -0.06822939217090607 0.06168501824140549 0.06412738561630249
v -0.07444451004266739 0.034697841852903366 0.056896306574344635
v -0.07590625435113907 0.027233531698584557 0.05489683151245117
v -0.076051265001297 0.029202571138739586 0.05542438477277756
v -0.076051265001297 0.029202571138739586 0.05542438477277756
v -0.07590625435113907 0.027233531698584557 0.05489683151245117
v -0.07720109820365906 0.020621461793780327 0.05312564969062805
v -0.076051265001297 0.029202571138739586 0.05542438477277756
v -0.07720109820365906 0.020621461793780327 0.05312564969062805
v -0.078163743019104 0.017240673303604126 0.05221995711326599
v -0.078163743019104 0.017240673303604126 0.05221995711326599
v -0.07720109820365906 0.020621461793780327 0.05312564969062805
v -0.07733798772096634 0.01961512863636017 0.0528559684753418
v -0.078163743019104 0.017240673303604126 0.05221995711326599
v -0.07733798772096634 0.01961512863636017 0.0528559684753418
v -0.07819236814975739 0.01707855984568596 0.05217652767896652
v -0.07819236814975739 0.01707855984568596 0.05217652767896652
v -0.07733798772096634 0.01961512863636017 0.0528559684753418
v -0.0786021500825882 0.010321996174752712 0.05036556348204613
v -0.07819236814975739 0.01707855984568596 0.05217652767896652
v -0.0786021500825882 0.010321996174752712 0.05036556348204613
v -0.0794234350323677 0.006307476665824652 0.04929075390100479
v -0.0794234350323677 0.006307476665824652 0.04929075390100479
v -0.0786021500825882 0.010321996174752712 0.05036556348204613
v -0.07866177707910538 0.009883686900138855 0.050248101353645325
v -0.0794234350323677 0.006307476665824652 0.04929075390100479
v -0.07866177707910538 0.009883686900138855 0.050248101353645325
v -0.07882221788167953 0.007555764634162188 0.04962443187832832
v -0.0665491446852684 0.06988159567117691 0.06632449477910995
v -0.06588242202997208 0.07251892238855362 0.06703146547079086
v -0.06564753502607346 0.0714428499341011 0.06674293428659439
v -0.06564753502607346 0.0714428499341011 0.06674293428659439
v -0.06588242202997208 0.07251892238855362 0.06703146547079086
v -0.06535492837429047 0.07421379536390305 0.06748594343662262
v -0.06564753502607346 0.0714428499341011 0.06674293428659439
v -0.06535492837429047 0.07421379536390305 0.06748594343662262
v -0.06391528993844986 0.07769843935966492 0.06842022389173508
v -0.06391528993844986 0.07769843935966492 0.06842022389173508
v -0.06535492837429047 0.07421379536390305 0.06748594343662262
v -0.06453916430473328 0.07683490216732025 0.06818879395723343
v -0.06391528993844986 0.07769843935966492 0.06842022389173508
v -0.06453916430473328 0.07683490216732025 0.06818879395723343
v -0.0630304142832756 0.08024617284536362 0.06910355389118195
v -0.0630304142832756 0.08024617284536362 0.06910355389118195
v -0.06453916430473328 0.07683490216732025 0.06818879395723343
v -0.06274334341287613 0.08260498195886612 0.06973603367805481
v -0.0630304142832756 0.08024617284536362 0.06910355389118195
v -0.06274334341287613 0.08260498195886612 0.06973603367805481
v -0.06252072006464005 0.08171367645263672 0.06949715316295624
v -0.06252072006464005 0.08171367645263672 0.06949715316295624
v -0.06274334341287613 0.08260498195886612 0.06973603367805481
v -0.06238044425845146 0.08354256302118301 0.06998718529939651
v -0.06252072006464005 0.08171367645263672 0.06949715316295624
v -0.06238044425845146 0.08354256302118301 0.06998718529939651
v -0.06219891458749771 0.08401156216859818 0.07011280953884125
v -0.07444451004266739 0.034697841852903366 0.056896306574344635
v -0.076051265001297 0.029202571138739586 0.05542438477277756
v -0.07428207248449326 0.0355273075401783 0.0571184977889061
v -0.07428207248449326 0.0355273075401783 0.0571184977889061
v -0.076051265001297 0.029202571138739586 0.05542438477277756
v -0.07391238212585449 0.03892822936177254 0.0580306276679039
v -0.07428207248449326 0.0355273075401783 0.0571184977889061
v -0.07391238212585449 0.03892822936177254 0.0580306276679039
v -0.073094941675663 0.04078147932887077 0.05852679908275604
v -0.073094941675663 0.04078147932887077 0.05852679908275604
v -0.07391238212585449 0.03892822936177254 0.0580306276679039
v -0.07229165732860565 0.04629775136709213 0.06000548601150513
v -0.073094941675663 0.04078147932887077 0.05852679908275604
v -0.07229165732860565 0.04629775136709213 0.06000548601150513
v -0.07175581157207489 0.04670841619372368 0.060115426778793335
v -0.07175581157207489 0.04670841619372368 0.060115426778793335
v -0.07229165732860565 0.04629775136709213 0.06000548601150513
v -0.07143565267324448 0.04812540486454964 0.060495227575302124
v -0.07143565267324448 0.04812540486454964 0.060495227575302124
v -0.07229165732860565 0.04629775136709213 0.06000548601150513
v -0.07188741862773895 0.04804570600390434 0.06047354266047478
v -0.07143565267324448 0.04812540486454964 0.060495227575302124
v -0.07188741862773895 0.04804570600390434 0.06047354266047478
v -0.07056960463523865 0.051788028329610825 0.061476320028305054
v -0.07056960463523865 0.051788028329610825 0.061476320028305054
v -0.07188741862773895 0.04804570600390434 0.06047354266047478
v -0.07007427513599396 0.05588577687740326 0.0625729113817215
v -0.07056960463523865 0.051788028329610825 0.061476320028305054
v -0.07007427513599396 0.05588577687740326 0.0625729113817215
v -0.06929833441972733 0.057164356112480164 0.06291645020246506
v -0.06929833441972733 0.057164356112480164 0.06291645020246506
v -0.07007427513599396 0.05588577687740326 0.0625729113817215
v -0.06993432343006134 0.056490931659936905 0.06273495405912399
v -0.06929833441972733 0.057164356112480164 0.06291645020246506
v -0.06993432343006134 0.056490931659936905 0.06273495405912399
v -0.06822939217090607 0.06168501824140549 0.06412738561630249
v -0.06822939217090607 0.06168501824140549 0.06412738561630249
v -0.06993432343006134 0.056490931659936905 0.06273495405912399
v -0.06866549700498581 0.06150997802615166 0.0640803724527359
v -0.06822939217090607 0.06168501824140549 0.06412738561630249
v -0.06866549700498581 0.06150997802615166 0.0640803724527359
v -0.0683513730764389 0.06275255233049393 0.06441346555948257
v 0.00043622066732496023 0.13689947128295898 0.08428217470645905
v 0.00025953384465537965 0.13690197467803955 0.08428285270929337
v 0.001926428871229291 0.136868417263031 0.08427385985851288
v 0.00043622066732496023 0.13689947128295898 0.08428217470645905
v 0.001926428871229291 0.136868417263031 0.08427385985851288
v 0.002148466417565942 0.13687510788440704 0.08427565544843674
v 0.002148466417565942 0.13687510788440704 0.08427565544843674
v 0.001926428871229291 0.136868417263031 0.08427385985851288
v 0.0035980427637696266 0.13678354024887085 0.08425111323595047
v 0.002148466417565942 0.13687510788440704 0.08427565544843674
v 0.0035980427637696266 0.13678354024887085 0.08425111323595047
v 0.004167534876614809 0.1367739886045456 0.08424855768680573
v 0.004167534876614809 0.1367739886045456 0.08424855768680573
v 0.0035980427637696266 0.13678354024887085 0.08425111323595047
v 0.006937514990568161 0.13646213710308075 0.08416499197483063
v 0.004167534876614809 0.1367739886045456 0.08424855768680573
v 0.006937514990568161 0.13646213710308075 0.08416499197483063
v 0.006194003392010927 0.13659808039665222 0.08420142531394958
v 0.07704271376132965 -0.026754289865493774 0.04043128713965416
v 0.07631708681583405 -0.029887866228818893 0.03959164768457413
v 0.07693368196487427 -0.028886452317237854 0.03985997661948204
v 0.07341783493757248 -0.038236718624830246 0.03735457733273506
v 0.07267464697360992 -0.040987033396959305 0.03661763295531273
v 0.07347007840871811 -0.038125377148389816 0.03738441318273544
v 0.07347007840871811 -0.038125377148389816 0.03738441318273544
v 0.07267464697360992 -0.040987033396959305 0.03661763295531273
v 0.07440703362226486 -0.03658338263630867 0.03779758885502815
v 0.07347007840871811 -0.038125377148389816 0.03738441318273544
v 0.07440703362226486 -0.03658338263630867 0.03779758885502815
v 0.07631708681583405 -0.029887866228818893 0.03959164768457413
v 0.07631708681583405 -0.029887866228818893 0.03959164768457413
v 0.07440703362226486 -0.03658338263630867 0.03779758885502815
v 0.0756608322262764 -0.03339627385139465 0.03865157067775726
v 0.07631708681583405 -0.029887866228818893 0.03959164768457413
v 0.0756608322262764 -0.03339627385139465 0.03865157067775726
v 0.07693368196487427 -0.028886452317237854 0.03985997661948204
v 0.07341783493757248 -0.038236718624830246 0.03735457733273506
v 0.07114613801240921 -0.04307745024561882 0.03605750948190689
v 0.07267464697360992 -0.040987033396959305 0.03661763295531273
v 0.07267464697360992 -0.040987033396959305 0.03661763295531273
v 0.07114613801240921 -0.04307745024561882 0.03605750948190689
v 0.06999511271715164 -0.04553016647696495 0.035400304943323135
v 0.07267464697360992 -0.040987033396959305 0.03661763295531273
v 0.06999511271715164 -0.04553016647696495 0.035400304943323135
v 0.06959638744592667 -0.046930741518735886 0.03502502292394638
v 0.06959638744592667 -0.046930741518735886 0.03502502292394638
v 0.06999511271715164 -0.04553016647696495 0.035400304943323135
v 0.06831422448158264 -0.04831312596797943 0.034654613584280014
v 0.06959638744592667 -0.046930741518735886 0.03502502292394638
v 0.06831422448158264 -0.04831312596797943 0.034654613584280014
v 0.06940975040197372 -0.0472911112010479 0.03492845967411995
v 0.07693368196487427 -0.028886452317237854 0.03985997661948204
v 0.07788029313087463 -0.025532543659210205 0.0407586507499218
v 0.07704271376132965 -0.026754289865493774 0.04043128713965416
v 0.07704271376132965 -0.026754289865493774 0.04043128713965416
v 0.07788029313087463 -0.025532543659210205 0.0407586507499218
v 0.07806114107370377 -0.024534255266189575 0.04102614149451256
v 0.07704271376132965 -0.026754289865493774 0.04043128713965416
v 0.07806114107370377 -0.024534255266189575 0.04102614149451256
v 0.07833044975996017 -0.021193236112594604 0.04192136600613594
v 0.07833044975996017 -0.021193236112594604 0.04192136600613594
v 0.07806114107370377 -0.024534255266189575 0.04102614149451256
v 0.07938294112682343 -0.01723771169781685 0.04298124462366104
v 0.07833044975996017 -0.021193236112594604 0.04192136600613594
v 0.07938294112682343 -0.01723771169781685 0.04298124462366104
v 0.07877390086650848 -0.017827771604061127 0.04282313957810402
v 0.06940975040197372 -0.0472911112010479 0.03492845967411995
v 0.06831422448158264 -0.04831312596797943 0.034654613584280014
v 0.06897185742855072 -0.0481366328895092 0.03470190241932869
v 0.06897185742855072 -0.0481366328895092 0.03470190241932869
v 0.06831422448158264 -0.04831312596797943 0.034654613584280014
v 0.06580886244773865 -0.05246112868189812 0.03354315832257271
v 0.06897185742855072 -0.0481366328895092 0.03470190241932869
v 0.06580886244773865 -0.05246112868189812 0.03354315832257271
v 0.06458332389593124 -0.05482044443488121 0.03291098400950432
v 0.06458332389593124 -0.05482044443488121 0.03291098400950432
v 0.06580886244773865 -0.05246112868189812 0.03354315832257271
v 0.06214351952075958 -0.05730808898806572 0.032244421541690826
v 0.06458332389593124 -0.05482044443488121 0.03291098400950432
v 0.06214351952075958 -0.05730808898806572 0.032244421541690826
v 0.0630689188838005 -0.056679800152778625 0.03241277113556862
v 0.0630689188838005 -0.056679800152778625 0.03241277113556862
v 0.06214351952075958 -0.05730808898806572 0.032244421541690826
v 0.06086951121687889 -0.05899279937148094 0.03179300203919411
v 0.0630689188838005 -0.056679800152778625 0.03241277113556862
v 0.06086951121687889 -0.05899279937148094 0.03179300203919411
v 0.05950545892119408 -0.061054956167936325 0.031240450218319893
v 0.05950545892119408 -0.061054956167936325 0.031240450218319893
v 0.06086951121687889 -0.05899279937148094 0.03179300203919411
v 0.055357880890369415 -0.0648837462067604 0.030214529484510422
v 0.05950545892119408 -0.061054956167936325 0.031240450218319893
v 0.055357880890369415 -0.0648837462067604 0.030214529484510422
v 0.05566084757447243 -0.0648839995265007 0.0302144605666399
v 0.05566084757447243 -0.0648839995265007 0.0302144605666399
v 0.055357880890369415 -0.0648837462067604 0.030214529484510422
v 0.0549890510737896 -0.06520407646894455 0.03012869693338871
v 0.05566084757447243 -0.0648839995265007 0.0302144605666399
v 0.0549890510737896 -0.06520407646894455 0.03012869693338871
v 0.053789377212524414 -0.06674788892269135 0.029715033248066902
v 0.053789377212524414 -0.06674788892269135 0.029715033248066902
v 0.0549890510737896 -0.06520407646894455 0.03012869693338871
v 0.0492522194981575 -0.070186547935009 0.02879364788532257
v 0.053789377212524414 -0.06674788892269135 0.029715033248066902
v 0.0492522194981575 -0.070186547935009 0.02879364788532257
v 0.047444090247154236 -0.07188212871551514 0.028339318931102753
v 0.047444090247154236 -0.07188212871551514 0.028339318931102753
v 0.0492522194981575 -0.070186547935009 0.02879364788532257
v 0.04706871509552002 -0.07183776050806046 0.028351206332445145
v 0.047444090247154236 -0.07188212871551514 0.028339318931102753
v 0.04706871509552002 -0.07183776050806046 0.028351206332445145
v 0.04726536571979523 -0.07200275361537933 0.028306996449828148
v 0.04726536571979523 -0.07200275361537933 0.028306996449828148
v 0.04706871509552002 -0.07183776050806046 0.028351206332445145
v 0.0467638298869133 -0.07204354554414749 0.02829606644809246
v 0.04726536571979523 -0.07200275361537933 0.028306996449828148
v 0.0467638298869133 -0.07204354554414749 0.02829606644809246
v 0.04155043140053749 -0.07526931166648865 0.027431726455688477
v 0.04155043140053749 -0.07526931166648865 0.027431726455688477
v 0.0467638298869133 -0.07204354554414749 0.02829606644809246
v 0.03940174728631973 -0.07613959908485413 0.027198530733585358
v 0.04155043140053749 -0.07526931166648865 0.027431726455688477
v 0.03940174728631973 -0.07613959908485413 0.027198530733585358
v 0.03639557957649231 -0.07764816284179688 0.02679431438446045
v 0.03639557957649231 -0.07764816284179688 0.02679431438446045
v 0.03940174728631973 -0.07613959908485413 0.027198530733585358
v 0.035957302898168564 -0.0776389017701149 0.026796795427799225
v 0.03639557957649231 -0.07764816284179688 0.02679431438446045
v 0.035957302898168564 -0.0776389017701149 0.026796795427799225
v 0.03384172543883324 -0.07882671058177948 0.026478523388504982
v 0.03384172543883324 -0.07882671058177948 0.026478523388504982
v 0.035957302898168564 -0.0776389017701149 0.026796795427799225
v 0.031634341925382614 -0.07952059805393219 0.026292596012353897
v 0.03384172543883324 -0.07882671058177948 0.026478523388504982
v 0.031634341925382614 -0.07952059805393219 0.026292596012353897
v 0.025732379406690598 -0.08165287226438522 0.02572125568985939
v 0.025732379406690598 -0.08165287226438522 0.02572125568985939
v 0.031634341925382614 -0.07952059805393219 0.026292596012353897
v 0.0243657436221838 -0.08188372105360031 0.02565940096974373
v 0.025732379406690598 -0.08165287226438522 0.02572125568985939
v 0.0243657436221838 -0.08188372105360031 0.02565940096974373
v 0.02480378933250904 -0.08187907189130783 0.025660645216703415
v 0.006794833578169346 -0.08504141867160797 0.024813296273350716
v 0.00039373364415951073 -0.0852954089641571 0.024745240807533264
v 0.00043609898420982063 -0.08529442548751831 0.024745503440499306
v 0.055060841143131256 0.10103622823953629 0.0746726542711258
v 0.05296916514635086 0.10498831421136856 0.07573161274194717
v 0.05174398422241211 0.10614708065986633 0.07604210078716278
v 0.05174398422241211 0.10614708065986633 0.07604210078716278
v 0.05296916514635086 0.10498831421136856 0.07573161274194717
v 0.05247171223163605 0.1057724729180336 0.07594172656536102
v 0.05174398422241211 0.10614708065986633 0.07604210078716278
v 0.05247171223163605 0.1057724729180336 0.07594172656536102
v 0.04968452453613281 0.10965082794427872 0.07698092609643936
v 0.04968452453613281 0.10965082794427872 0.07698092609643936
v 0.05247171223163605 0.1057724729180336 0.07594172656536102
v 0.04750848934054375 0.11359625309705734 0.07803809642791748
v 0.04968452453613281 0.10965082794427872 0.07698092609643936
v 0.04750848934054375 0.11359625309705734 0.07803809642791748
v 0.043150000274181366 0.119066022336483 0.07950366288423538
v 0.043150000274181366 0.119066022336483 0.07950366288423538
v 0.04750848934054375 0.11359625309705734 0.07803809642791748
v 0.04342091083526611 0.11928663402795792 0.07956283539533615
v 0.043150000274181366 0.119066022336483 0.07950366288423538
v 0.04342091083526611 0.11928663402795792 0.07956283539533615
v 0.04228254780173302 0.12000080198049545 0.07975415885448456
v 0.04228254780173302 0.12000080198049545 0.07975415885448456
v 0.04342091083526611 0.11928663402795792 0.07956283539533615
v 0.04291112720966339 0.11983656138181686 0.07971018552780151
v 0.04228254780173302 0.12000080198049545 0.07975415885448456
v 0.04291112720966339 0.11983656138181686 0.07971018552780151
v 0.03929700702428818 0.1224360540509224 0.08040671795606613
v 0.03929700702428818 0.1224360540509224 0.08040671795606613
v 0.04291112720966339 0.11983656138181686 0.07971018552780151
v 0.03646600618958473 0.12484203279018402 0.08105139434337616
v 0.03929700702428818 0.1224360540509224 0.08040671795606613
v 0.03646600618958473 0.12484203279018402 0.08105139434337616
v 0.03309806436300278 0.1267835795879364 0.08157163858413696
v 0.03309806436300278 0.1267835795879364 0.08157163858413696
v 0.03646600618958473 0.12484203279018402 0.08105139434337616
v 0.03331638500094414 0.12679007649421692 0.08157337456941605
v 0.03309806436300278 0.1267835795879364 0.08157163858413696
v 0.03331638500094414 0.12679007649421692 0.08157337456941605
v 0.032878533005714417 0.12690632045269012 0.08160451799631119
v 0.032878533005714417 0.12690632045269012 0.08160451799631119
v 0.03331638500094414 0.12679007649421692 0.08157337456941605
v 0.0296026524156332 0.12908703088760376 0.08218884468078613
v 0.032878533005714417 0.12690632045269012 0.08160451799631119
v 0.0296026524156332 0.12908703088760376 0.08218884468078613
v 0.02659561298787594 0.13041891157627106 0.08254572004079819
v 0.02659561298787594 0.13041891157627106 0.08254572004079819
v 0.0296026524156332 0.12908703088760376 0.08218884468078613
v 0.022755473852157593 0.1323346495628357 0.08305904269218445
v 0.02659561298787594 0.13041891157627106 0.08254572004079819
v 0.022755473852157593 0.1323346495628357 0.08305904269218445
v 0.022320592775940895 0.13225610554218292 0.08303799480199814
v 0.022320592775940895 0.13225610554218292 0.08303799480199814
v 0.022755473852157593 0.1323346495628357 0.08305904269218445
v 0.022542232647538185 0.13243579864501953 0.08308614045381546
v 0.022320592775940895 0.13225610554218292 0.08303799480199814
v 0.022542232647538185 0.13243579864501953 0.08308614045381546
v 0.020037828013300896 0.13323712348937988 0.08330085128545761
v 0.020037828013300896 0.13323712348937988 0.08330085128545761
v 0.022542232647538185 0.13243579864501953 0.08308614045381546
v 0.016105474904179573 0.1346636861562729 0.08368310332298279
v 0.020037828013300896 0.13323712348937988 0.08330085128545761
v 0.016105474904179573 0.1346636861562729 0.08368310332298279
v 0.013479038141667843 0.1352461278438568 0.08383917063474655
v 0.013479038141667843 0.1352461278438568 0.08383917063474655
v 0.016105474904179573 0.1346636861562729 0.08368310332298279
v 0.011719402857124805 0.13563820719718933 0.08394422382116318
v 0.013479038141667843 0.1352461278438568 0.08383917063474655
v 0.011719402857124805 0.13563820719718933 0.08394422382116318
v 0.011282984167337418 0.13565436005592346 0.08394855260848999
v 0.011282984167337418 0.13565436005592346 0.08394855260848999
v 0.011719402857124805 0.13563820719718933 0.08394422382116318
v 0.010100699961185455 0.13599786162376404 0.08404059708118439
v 0.011282984167337418 0.13565436005592346 0.08394855260848999
v 0.010100699961185455 0.13599786162376404 0.08404059708118439
v 0.006937514990568161 0.13646213710308075 0.08416499197483063
v 0.006937514990568161 0.13646213710308075 0.08416499197483063
v 0.010100699961185455 0.13599786162376404 0.08404059708118439
v 0.009155199863016605 0.1362079381942749 0.08409688621759415
v 0.006937514990568161 0.13646213710308075 0.08416499197483063
v 0.009155199863016605 0.1362079381942749 0.08409688621759415
v 0.006194003392010927 0.13659808039665222 0.08420142531394958
v 0.07877390086650848 -0.017827771604061127 0.04282313957810402
v 0.07938294112682343 -0.01723771169781685 0.04298124462366104
v 0.0793149545788765 -0.013721562922000885 0.04392339289188385
v 0.0793149545788765 -0.013721562922000885 0.04392339289188385
v 0.07938294112682343 -0.01723771169781685 0.04298124462366104
v 0.07970370352268219 -0.013642723672091961 0.04394451901316643
v 0.0793149545788765 -0.013721562922000885 0.04392339289188385
v 0.07970370352268219 -0.013642723672091961 0.04394451901316643
v 0.07943019270896912 -0.01284694578498602 0.04415774717926979
v 0.07943019270896912 -0.01284694578498602 0.04415774717926979
v 0.07970370352268219 -0.013642723672091961 0.04394451901316643
v 0.07998477667570114 -0.010492534376680851 0.04478861019015312
v 0.07943019270896912 -0.01284694578498602 0.04415774717926979
v 0.07998477667570114 -0.010492534376680851 0.04478861019015312
v 0.07982364296913147 -0.003888034028932452 0.046558279544115067
v 0.00043609898420982063 -0.08529442548751831 0.024745503440499306
v 0.004700407385826111 -0.0851956382393837 0.024771973490715027
v 0.006794833578169346 -0.08504141867160797 0.024813296273350716
v 0.006794833578169346 -0.08504141867160797 0.024813296273350716
v 0.004700407385826111 -0.0851956382393837 0.024771973490715027
v 0.008976120501756668 -0.08489222824573517 0.02485327236354351
v 0.006794833578169346 -0.08504141867160797 0.024813296273350716
v 0.008976120501756668 -0.08489222824573517 0.02485327236354351
v 0.011045980267226696 -0.08461854606866837 0.024926606565713882
v 0.011045980267226696 -0.08461854606866837 0.024926606565713882
v 0.008976120501756668 -0.08489222824573517 0.02485327236354351
v 0.012738300487399101 -0.08444290608167648 0.024973668158054352
v 0.011045980267226696 -0.08461854606866837 0.024926606565713882
v 0.012738300487399101 -0.08444290608167648 0.024973668158054352
v 0.012300350703299046 -0.08443254232406616 0.024976445361971855
v 0.012300350703299046 -0.08443254232406616 0.024976445361971855
v 0.012738300487399101 -0.08444290608167648 0.024973668158054352
v 0.013217320665717125 -0.0843856930732727 0.024988997727632523
v 0.012300350703299046 -0.08443254232406616 0.024976445361971855
v 0.013217320665717125 -0.0843856930732727 0.024988997727632523
v 0.015265221707522869 -0.08399289846420288 0.025094246491789818
v 0.015265221707522869 -0.08399289846420288 0.025094246491789818
v 0.013217320665717125 -0.0843856930732727 0.024988997727632523
v 0.017427612096071243 -0.08367585390806198 0.025179198011755943
v 0.015265221707522869 -0.08399289846420288 0.025094246491789818
v 0.017427612096071243 -0.08367585390806198 0.025179198011755943
v 0.019421076402068138 -0.08317150175571442 0.025314340367913246
v 0.019421076402068138 -0.08317150175571442 0.025314340367913246
v 0.017427612096071243 -0.08367585390806198 0.025179198011755943
v 0.02480378933250904 -0.08187907189130783 0.025660645216703415
v 0.019421076402068138 -0.08317150175571442 0.025314340367913246
v 0.02480378933250904 -0.08187907189130783 0.025660645216703415
v 0.023545505478978157 -0.08215038478374481 0.02558794617652893
v 0.023545505478978157 -0.08215038478374481 0.02558794617652893
v 0.02480378933250904 -0.08187907189130783 0.025660645216703415
v 0.0243657436221838 -0.08188372105360031 0.02565940096974373
v 0.07947985827922821 0.010364546440541744 0.0503772497177124
v 0.07829546928405762 0.016358084976673126 0.05198321118950844
v 0.0794677659869194 0.005698799155652523 0.049127064645290375
v 0.07998477667570114 -0.010492534376680851 0.04478861019015312
v 0.08014078438282013 -0.00874403864145279 0.045257117599248886
v 0.07982364296913147 -0.003888034028932452 0.046558279544115067
v 0.07982364296913147 -0.003888034028932452 0.046558279544115067
v 0.08014078438282013 -0.00874403864145279 0.045257117599248886
v 0.0801830068230629 -0.0006612748256884515 0.04742288962006569
v 0.07982364296913147 -0.003888034028932452 0.046558279544115067
v 0.0801830068230629 -0.0006612748256884515 0.04742288962006569
v 0.0796150267124176 0.0017317543970420957 0.04806409776210785
v 0.0796150267124176 0.0017317543970420957 0.04806409776210785
v 0.0801830068230629 -0.0006612748256884515 0.04742288962006569
v 0.08018900454044342 0.00048740950296632946 0.04773067682981491
v 0.0796150267124176 0.0017317543970420957 0.04806409776210785
v 0.08018900454044342 0.00048740950296632946 0.04773067682981491
v 0.07958853989839554 0.002445182530209422 0.04825526103377342
v 0.07958853989839554 0.002445182530209422 0.04825526103377342
v 0.08018900454044342 0.00048740950296632946 0.04773067682981491
v 0.0794677659869194 0.005698799155652523 0.049127064645290375
v 0.0794677659869194 0.005698799155652523 0.049127064645290375
v 0.08018900454044342 0.00048740950296632946 0.04773067682981491
v 0.0796787291765213 0.007594561669975519 0.049635034054517746
v 0.0794677659869194 0.005698799155652523 0.049127064645290375
v 0.0796787291765213 0.007594561669975519 0.049635034054517746
v 0.07947985827922821 0.010364546440541744 0.0503772497177124
v 0.0701565146446228 0.05724930763244629 0.06293997913599014
v 0.07008542865514755 0.055883023887872696 0.0625738874077797
v 0.07144060730934143 0.05180681496858597 0.061481669545173645
v 0.07144060730934143 0.05180681496858597 0.061481669545173645
v 0.07008542865514755 0.055883023887872696 0.0625738874077797
v 0.07189164310693741 0.04803464934229851 0.06047092005610466
v 0.07391118258237839 0.03892722725868225 0.058030594140291214
v 0.07396599650382996 0.04081575572490692 0.058536626398563385
v 0.07237235456705093 0.04594583064317703 0.059911224991083145
v 0.07237235456705093 0.04594583064317703 0.059911224991083145
v 0.07396599650382996 0.04081575572490692 0.058536626398563385
v 0.07263026386499405 0.046704117208719254 0.060114406049251556
v 0.07237235456705093 0.04594583064317703 0.059911224991083145
v 0.07263026386499405 0.046704117208719254 0.060114406049251556
v 0.07189164310693741 0.04803464934229851 0.06047092005610466
v 0.07189164310693741 0.04803464934229851 0.06047092005610466
v 0.07263026386499405 0.046704117208719254 0.060114406049251556
v 0.07227437943220139 0.048272956162691116 0.060534775257110596
v 0.07189164310693741 0.04803464934229851 0.06047092005610466
v 0.07227437943220139 0.048272956162691116 0.060534775257110596
v 0.07144060730934143 0.05180681496858597 0.061481669545173645
v 0.07947985827922821 0.010364546440541744 0.0503772497177124
v 0.07947690784931183 0.010405595414340496 0.05038824677467346
v 0.07829546928405762 0.016358084976673126 0.05198321118950844
v 0.07829546928405762 0.016358084976673126 0.05198321118950844
v 0.07947690784931183 0.010405595414340496 0.05038824677467346
v 0.07820539176464081 0.019578207284212112 0.052846040576696396
v 0.07829546928405762 0.016358084976673126 0.05198321118950844
v 0.07820539176464081 0.019578207284212112 0.052846040576696396
v 0.07815586775541306 0.01716308668255806 0.05219891294836998
v 0.07815586775541306 0.01716308668255806 0.05219891294836998
v 0.07820539176464081 0.019578207284212112 0.052846040576696396
v 0.0779983326792717 0.021071942523121834 0.053246285766363144
v 0.07815586775541306 0.01716308668255806 0.05219891294836998
v 0.0779983326792717 0.021071942523121834 0.053246285766363144
v 0.0761612206697464 0.028664790093898773 0.05528078228235245
v 0.0761612206697464 0.028664790093898773 0.05528078228235245
v 0.0779983326792717 0.021071942523121834 0.053246285766363144
v 0.07678363472223282 0.02722562663257122 0.05489516258239746
v 0.0761612206697464 0.028664790093898773 0.05528078228235245
v 0.07678363472223282 0.02722562663257122 0.05489516258239746
v 0.07601307332515717 0.02934049628674984 0.05546183884143829
v 0.07601307332515717 0.02934049628674984 0.05546183884143829
v 0.07678363472223282 0.02722562663257122 0.05489516258239746
v 0.07532518357038498 0.03461416810750961 0.05687491595745087
v 0.07601307332515717 0.02934049628674984 0.05546183884143829
v 0.07532518357038498 0.03461416810750961 0.05687491595745087
v 0.07391118258237839 0.03892722725868225 0.058030594140291214
v 0.07391118258237839 0.03892722725868225 0.058030594140291214
v 0.07532518357038498 0.03461416810750961 0.05687491595745087
v 0.07500604540109634 0.03623092547059059 0.057308122515678406
v 0.07391118258237839 0.03892722725868225 0.058030594140291214
v 0.07500604540109634 0.03623092547059059 0.057308122515678406
v 0.07396599650382996 0.04081575572490692 0.058536626398563385
v 0.05174398422241211 0.10614708065986633 0.07604210078716278
v 0.054694585502147675 0.1011272519826889 0.07469704002141953
v 0.055060841143131256 0.10103622823953629 0.0746726542711258
v 0.055060841143131256 0.10103622823953629 0.0746726542711258
v 0.054694585502147675 0.1011272519826889 0.07469704002141953
v 0.05530257523059845 0.09986697882413864 0.07435934990644455
v 0.055060841143131256 0.10103622823953629 0.0746726542711258
v 0.05530257523059845 0.09986697882413864 0.07435934990644455
v 0.05652143806219101 0.0982765182852745 0.0739331915974617
v 0.05652143806219101 0.0982765182852745 0.0739331915974617
v 0.05530257523059845 0.09986697882413864 0.07435934990644455
v 0.055670469999313354 0.0991043895483017 0.07415501773357391
v 0.05652143806219101 0.0982765182852745 0.0739331915974617
v 0.055670469999313354 0.0991043895483017 0.07415501773357391
v 0.05772573873400688 0.09600107371807098 0.07332348823547363
v 0.05772573873400688 0.09600107371807098 0.07332348823547363
v 0.055670469999313354 0.0991043895483017 0.07415501773357391
v 0.059126079082489014 0.09194142371416092 0.07223570346832275
v 0.05772573873400688 0.09600107371807098 0.07332348823547363
v 0.059126079082489014 0.09194142371416092 0.07223570346832275
v 0.0601307712495327 0.09037195146083832 0.07181517034769058
v 0.0601307712495327 0.09037195146083832 0.07181517034769058
v 0.059126079082489014 0.09194142371416092 0.07223570346832275
v 0.05919172987341881 0.0917711853981018 0.07219009101390839
v 0.0601307712495327 0.09037195146083832 0.07181517034769058
v 0.05919172987341881 0.0917711853981018 0.07219009101390839
v 0.060268107801675797 0.09005051106214523 0.07172904163599014
v 0.060268107801675797 0.09005051106214523 0.07172904163599014
v 0.05919172987341881 0.0917711853981018 0.07219009101390839
v 0.06218728423118591 0.0840032622218132 0.07010868191719055
v 0.060268107801675797 0.09005051106214523 0.07172904163599014
v 0.06218728423118591 0.0840032622218132 0.07010868191719055
v 0.061539288610219955 0.08707524091005325 0.0709318146109581
v 0.061539288610219955 0.08707524091005325 0.0709318146109581
v 0.06218728423118591 0.0840032622218132 0.07010868191719055
v 0.0623738057911396 0.0835195854306221 0.06997907906770706
v 0.061539288610219955 0.08707524091005325 0.0709318146109581
v 0.0623738057911396 0.0835195854306221 0.06997907906770706
v 0.06338966637849808 0.08169282972812653 0.06948960572481155
v 0.06338966637849808 0.08169282972812653 0.06948960572481155
v 0.0623738057911396 0.0835195854306221 0.06997907906770706
v 0.06279680132865906 0.08242270350456238 0.06968516856431961
v 0.06338966637849808 0.08169282972812653 0.06948960572481155
v 0.06279680132865906 0.08242270350456238 0.06968516856431961
v 0.06389190256595612 0.0802319198846817 0.06909815222024918
v 0.06389190256595612 0.0802319198846817 0.06909815222024918
v 0.06279680132865906 0.08242270350456238 0.06968516856431961
v 0.06453275680541992 0.07682567089796066 0.06818545609712601
v 0.06389190256595612 0.0802319198846817 0.06909815222024918
v 0.06453275680541992 0.07682567089796066 0.06818545609712601
v 0.06497754901647568 0.07707398384809494 0.06825198978185654
v 0.06497754901647568 0.07707398384809494 0.06825198978185654
v 0.06453275680541992 0.07682567089796066 0.06818545609712601
v 0.06535977870225906 0.07415921986103058 0.0674709752202034
v 0.06497754901647568 0.07707398384809494 0.06825198978185654
v 0.06535977870225906 0.07415921986103058 0.0674709752202034
v 0.06651315838098526 0.0715024471282959 0.06675910204648972
v 0.06651315838098526 0.0715024471282959 0.06675910204648972
v 0.06535977870225906 0.07415921986103058 0.0674709752202034
v 0.06601282209157944 0.0720536857843399 0.06690680235624313
v 0.06651315838098526 0.0715024471282959 0.06675910204648972
v 0.06601282209157944 0.0720536857843399 0.06690680235624313
v 0.0666775032877922 0.07090616226196289 0.06659932434558868
v 0.0666775032877922 0.07090616226196289 0.06659932434558868
v 0.06601282209157944 0.0720536857843399 0.06690680235624313
v 0.06655299663543701 0.06990888714790344 0.06633210182189941
v 0.0666775032877922 0.07090616226196289 0.06659932434558868
v 0.06655299663543701 0.06990888714790344 0.06633210182189941
v 0.06846152991056442 0.06443332135677338 0.06486493349075317
v 0.06846152991056442 0.06443332135677338 0.06486493349075317
v 0.06655299663543701 0.06990888714790344 0.06633210182189941
v 0.06835851073265076 0.06273992359638214 0.06441118568181992
v 0.06846152991056442 0.06443332135677338 0.06486493349075317
v 0.06835851073265076 0.06273992359638214 0.06441118568181992
v 0.06910485029220581 0.061706673353910446 0.06413432955741882
v 0.06910485029220581 0.061706673353910446 0.06413432955741882
v 0.06835851073265076 0.06273992359638214 0.06441118568181992
v 0.06868649274110794 0.061437640339136124 0.06406224519014359
v 0.06910485029220581 0.061706673353910446 0.06413432955741882
v 0.06868649274110794 0.061437640339136124 0.06406224519014359
v 0.0701565146446228 0.05724930763244629 0.06293997913599014
v 0.0701565146446228 0.05724930763244629 0.06293997913599014
v 0.06868649274110794 0.061437640339136124 0.06406224519014359
v 0.07007640600204468 0.05591884255409241 0.06258348375558853
v 0.0701565146446228 0.05724930763244629 0.06293997913599014
v 0.07007640600204468 0.05591884255409241 0.06258348375558853
v 0.07008542865514755 0.055883023887872696 0.0625738874077797
v 0.043644752353429794 0.09124350547790527 0.09241629391908646
v 0.04362061619758606 0.09259471297264099 0.09178943186998367
v 0.04272523149847984 0.09286907315254211 0.0924156904220581
v 0.0467638298869133 -0.07204354554414749 0.02829606644809246
v 0.04706871509552002 -0.07183776050806046 0.028351206332445145
v 0.04669196531176567 -0.07148150354623795 0.03676901385188103
v 0.04669196531176567 -0.07148150354623795 0.03676901385188103
v 0.04706871509552002 -0.07183776050806046 0.028351206332445145
v 0.04705182462930679 -0.07059186697006226 0.04281146451830864
v 0.04669196531176567 -0.07148150354623795 0.03676901385188103
v 0.04705182462930679 -0.07059186697006226 0.04281146451830864
v 0.04666335508227348 -0.07117670029401779 0.03942503035068512
v 0.04666335508227348 -0.07117670029401779 0.03942503035068512
v 0.04705182462930679 -0.07059186697006226 0.04281146451830864
v 0.04662670940160751 -0.07078634202480316 0.04282655194401741
v 0.04705182462930679 -0.07059186697006226 0.04281146451830864
v 0.04705171287059784 -0.07058367133140564 0.042906634509563446
v 0.04662670940160751 -0.07078634202480316 0.04282655194401741
v 0.04662670940160751 -0.07078634202480316 0.04282655194401741
v 0.04705171287059784 -0.07058367133140564 0.042906634509563446
v 0.04705149307847023 -0.07056737691164017 0.04309576004743576
v 0.04662670940160751 -0.07078634202480316 0.04282655194401741
v 0.04705149307847023 -0.07056737691164017 0.04309576004743576
v 0.046566810458898544 -0.07014825940132141 0.04838680848479271
v 0.046566810458898544 -0.07014825940132141 0.04838680848479271
v 0.04705149307847023 -0.07056737691164017 0.04309576004743576
v 0.0470353327691555 -0.06888376176357269 0.05406065657734871
v 0.046980369836091995 -0.0657636821269989 0.06665652245283127
v 0.0469466894865036 -0.06398458033800125 0.07239598780870438
v 0.04617682844400406 -0.06371665000915527 0.07460443675518036
v 0.04617682844400406 -0.06371665000915527 0.07460443675518036
v 0.046272311359643936 -0.06564202159643173 0.06927897781133652
v 0.046980369836091995 -0.0657636821269989 0.06665652245283127
v 0.046980369836091995 -0.0657636821269989 0.06665652245283127
v 0.046272311359643936 -0.06564202159643173 0.06927897781133652
v 0.04631064087152481 -0.06629541516304016 0.06679397821426392
v 0.046980369836091995 -0.0657636821269989 0.06665652245283127
v 0.04631064087152481 -0.06629541516304016 0.06679397821426392
v 0.046980828046798706 -0.06578786671161652 0.06657849252223969
v 0.046980828046798706 -0.06578786671161652 0.06657849252223969
v 0.04631064087152481 -0.06629541516304016 0.06679397821426392
v 0.0463222935795784 -0.06649406254291534 0.06603848189115524
v 0.046980828046798706 -0.06578786671161652 0.06657849252223969
v 0.0463222935795784 -0.06649406254291534 0.06603848189115524
v 0.04700049012899399 -0.06682656705379486 0.06322760879993439
v 0.04700049012899399 -0.06682656705379486 0.06322760879993439
v 0.0463222935795784 -0.06649406254291534 0.06603848189115524
v 0.04642125964164734 -0.06818109005689621 0.059622328728437424
v 0.04700049012899399 -0.06682656705379486 0.06322760879993439
v 0.04642125964164734 -0.06818109005689621 0.059622328728437424
v 0.04701736941933632 -0.06782310456037521 0.058786988258361816
v 0.04701736941933632 -0.06782310456037521 0.058786988258361816
v 0.04642125964164734 -0.06818109005689621 0.059622328728437424
v 0.046431493014097214 -0.06832274794578552 0.05885045602917671
v 0.04701736941933632 -0.06782310456037521 0.058786988258361816
v 0.046431493014097214 -0.06832274794578552 0.05885045602917671
v 0.04701748117804527 -0.06782970577478409 0.05875757336616516
v 0.04701748117804527 -0.06782970577478409 0.05875757336616516
v 0.046431493014097214 -0.06832274794578552 0.05885045602917671
v 0.046452391892671585 -0.0686120092868805 0.05727427452802658
v 0.04701748117804527 -0.06782970577478409 0.05875757336616516
v 0.046452391892671585 -0.0686120092868805 0.05727427452802658
v 0.0470353327691555 -0.06888376176357269 0.05406065657734871
v 0.0470353327691555 -0.06888376176357269 0.05406065657734871
v 0.046452391892671585 -0.0686120092868805 0.05727427452802658
v 0.04655195772647858 -0.06999004632234573 0.04976547136902809
v 0.0470353327691555 -0.06888376176357269 0.05406065657734871
v 0.04655195772647858 -0.06999004632234573 0.04976547136902809
v 0.046566810458898544 -0.07014825940132141 0.04838680848479271
v 0.0469466894865036 -0.06398458033800125 0.07239598780870438
v 0.04693279042840004 -0.0632888451218605 0.07423633337020874
v 0.04617682844400406 -0.06371665000915527 0.07460443675518036
v 0.04617682844400406 -0.06371665000915527 0.07460443675518036
v 0.04693279042840004 -0.0632888451218605 0.07423633337020874
v 0.046931274235248566 -0.06321290880441666 0.0744372010231018
v 0.04617682844400406 -0.06371665000915527 0.07460443675518036
v 0.046931274235248566 -0.06321290880441666 0.0744372010231018
v 0.04617670550942421 -0.06371419876813889 0.07461121678352356
v 0.04617670550942421 -0.06371419876813889 0.07461121678352356
v 0.046931274235248566 -0.06321290880441666 0.0744372010231018
v 0.04692702740430832 -0.06300023943185806 0.07499974966049194
v 0.04617670550942421 -0.06371419876813889 0.07461121678352356
v 0.04692702740430832 -0.06300023943185806 0.07499974966049194
v 0.0461178682744503 -0.06252770870923996 0.0778929740190506
v 0.0461178682744503 -0.06252770870923996 0.0778929740190506
v 0.04692702740430832 -0.06300023943185806 0.07499974966049194
v 0.04602781683206558 -0.06048622727394104 0.08219648152589798
v 0.046857789158821106 -0.05959717184305191 0.08253738284111023
v 0.04680056869983673 -0.05695699155330658 0.0872516855597496
v 0.045860353857278824 -0.05642758682370186 0.08951438218355179
v 0.04692702740430832 -0.06300023943185806 0.07499974966049194
v 0.046866416931152344 -0.06002113223075867 0.08159833401441574
v 0.04602781683206558 -0.06048622727394104 0.08219648152589798
v 0.04602781683206558 -0.06048622727394104 0.08219648152589798
v 0.046866416931152344 -0.06002113223075867 0.08159833401441574
v 0.04686342179775238 -0.059874046593904495 0.08192412555217743
v 0.04602781683206558 -0.06048622727394104 0.08219648152589798
v 0.04686342179775238 -0.059874046593904495 0.08192412555217743
v 0.04601332172751427 -0.06015761196613312 0.08288920670747757
v 0.04601332172751427 -0.06015761196613312 0.08288920670747757
v 0.04686342179775238 -0.059874046593904495 0.08192412555217743
v 0.046857789158821106 -0.05959717184305191 0.08253738284111023
v 0.04601332172751427 -0.06015761196613312 0.08288920670747757
v 0.046857789158821106 -0.05959717184305191 0.08253738284111023
v 0.045970335602760315 -0.05918305367231369 0.08494360744953156
v 0.045970335602760315 -0.05918305367231369 0.08494360744953156
v 0.046857789158821106 -0.05959717184305191 0.08253738284111023
v 0.045860353857278824 -0.05642758682370186 0.08951438218355179
v 0.04680056869983673 -0.05695699155330658 0.0872516855597496
v 0.04678158089518547 -0.05608975142240524 0.08862347155809402
v 0.045860353857278824 -0.05642758682370186 0.08951438218355179
v 0.045860353857278824 -0.05642758682370186 0.08951438218355179
v 0.04678158089518547 -0.05608975142240524 0.08862347155809402
v 0.04677463322877884 -0.055772505700588226 0.08912529051303864
v 0.045860353857278824 -0.05642758682370186 0.08951438218355179
v 0.04677463322877884 -0.055772505700588226 0.08912529051303864
v 0.046773817390203476 -0.05573528632521629 0.08918415755033493
v 0.045680511742830276 -0.05151437222957611 0.09635864943265915
v 0.04582218825817108 -0.055471379309892654 0.0911005362868309
v 0.046773817390203476 -0.05573528632521629 0.08918415755033493
v 0.046773817390203476 -0.05573528632521629 0.08918415755033493
v 0.04582218825817108 -0.055471379309892654 0.0911005362868309
v 0.04583138972520828 -0.0557018481194973 0.09071823209524155
v 0.046773817390203476 -0.05573528632521629 0.08918415755033493
v 0.04583138972520828 -0.0557018481194973 0.09071823209524155
v 0.045860353857278824 -0.05642758682370186 0.08951438218355179
v 0.046773817390203476 -0.05573528632521629 0.08918415755033493
v 0.04668428376317024 -0.051691025495529175 0.09470994770526886
v 0.045680511742830276 -0.05151437222957611 0.09635864943265915
v 0.045680511742830276 -0.05151437222957611 0.09635864943265915
v 0.04668428376317024 -0.051691025495529175 0.09470994770526886
v 0.046675849705934525 -0.05132186412811279 0.09511073678731918
v 0.045680511742830276 -0.05151437222957611 0.09635864943265915
v 0.046675849705934525 -0.05132186412811279 0.09511073678731918
v 0.04568006843328476 -0.05150085315108299 0.09637308865785599
v 0.04568006843328476 -0.05150085315108299 0.09637308865785599
v 0.046675849705934525 -0.05132186412811279 0.09511073678731918
v 0.04666231572628021 -0.050729427486658096 0.09575392305850983
v 0.04568006843328476 -0.05150085315108299 0.09637308865785599
v 0.04666231572628021 -0.050729427486658096 0.09575392305850983
v 0.045636292546987534 -0.050156574696302414 0.09780915081501007
v 0.045636292546987534 -0.050156574696302414 0.09780915081501007
v 0.04666231572628021 -0.050729427486658096 0.09575392305850983
v 0.04553302749991417 -0.0469854474067688 0.1011967882514
v 0.04666231572628021 -0.050729427486658096 0.09575392305850983
v 0.04657193273305893 -0.04677315801382065 0.10004912316799164
v 0.04553302749991417 -0.0469854474067688 0.1011967882514
v 0.04553302749991417 -0.0469854474067688 0.1011967882514
v 0.04657193273305893 -0.04677315801382065 0.10004912316799164
v 0.04654860869050026 -0.04574935883283615 0.10091597586870193
v 0.04553302749991417 -0.0469854474067688 0.1011967882514
v 0.04654860869050026 -0.04574935883283615 0.10091597586870193
v 0.045491233468055725 -0.04556760936975479 0.102407306432724
v 0.045491233468055725 -0.04556760936975479 0.102407306432724
v 0.04654860869050026 -0.04574935883283615 0.10091597586870193
v 0.046528544276952744 -0.04486857354640961 0.10166174173355103
v 0.045491233468055725 -0.04556760936975479 0.102407306432724
v 0.046528544276952744 -0.04486857354640961 0.10166174173355103
v 0.04543495923280716 -0.043658580631017685 0.10403718799352646
v 0.04543495923280716 -0.043658580631017685 0.10403718799352646
v 0.046528544276952744 -0.04486857354640961 0.10166174173355103
v 0.04644548147916794 -0.041222527623176575 0.10474886000156403
v 0.04640590026974678 -0.039481934159994125 0.10597427934408188
v 0.045298248529434204 -0.038795147091150284 0.10760790854692459
v 0.04644548147916794 -0.041222527623176575 0.10474886000156403
v 0.04644548147916794 -0.041222527623176575 0.10474886000156403
v 0.045298248529434204 -0.038795147091150284 0.10760790854692459
v 0.04539010301232338 -0.04213679954409599 0.10533644258975983
v 0.04644548147916794 -0.041222527623176575 0.10474886000156403
v 0.04539010301232338 -0.04213679954409599 0.10533644258975983
v 0.04543495923280716 -0.043658580631017685 0.10403718799352646
v 0.04626021534204483 -0.03321603685617447 0.10974956303834915
v 0.04510499909520149 -0.03144773468375206 0.11178325116634369
v 0.046377312391996384 -0.03823774307966232 0.1067914143204689
v 0.046377312391996384 -0.03823774307966232 0.1067914143204689
v 0.04510499909520149 -0.03144773468375206 0.11178325116634369
v 0.04523061215877533 -0.036294255405664444 0.10920409858226776
v 0.04640590026974678 -0.039481934159994125 0.10597427934408188
v 0.04638923704624176 -0.03874923288822174 0.1064901128411293
v 0.045298248529434204 -0.038795147091150284 0.10760790854692459
v 0.045298248529434204 -0.038795147091150284 0.10760790854692459
v 0.04638923704624176 -0.03874923288822174 0.1064901128411293
v 0.046377312391996384 -0.03823774307966232 0.1067914143204689
v 0.045298248529434204 -0.038795147091150284 0.10760790854692459
v 0.046377312391996384 -0.03823774307966232 0.1067914143204689
v 0.045248836278915405 -0.03699741140007973 0.10882990062236786
v 0.045248836278915405 -0.03699741140007973 0.10882990062236786
v 0.046377312391996384 -0.03823774307966232 0.1067914143204689
v 0.04523061215877533 -0.036294255405664444 0.10920409858226776
v 0.04626021534204483 -0.03321603685617447 0.10974956303834915
v 0.046244747936725616 -0.03253934532403946 0.11005149781703949
v 0.04510499909520149 -0.03144773468375206 0.11178325116634369
v 0.04510499909520149 -0.03144773468375206 0.11178325116634369
v 0.046244747936725616 -0.03253934532403946 0.11005149781703949
v 0.04620840400457382 -0.03094889037311077 0.11076115071773529
v 0.04510499909520149 -0.03144773468375206 0.11178325116634369
v 0.04620840400457382 -0.03094889037311077 0.11076115071773529
v 0.04510321468114853 -0.031378794461488724 0.11181993782520294
v 0.04510321468114853 -0.031378794461488724 0.11181993782520294
v 0.04620840400457382 -0.03094889037311077 0.11076115071773529
v 0.04502594843506813 -0.02817213162779808 0.11308661848306656
v 0.04502594843506813 -0.02817213162779808 0.11308661848306656
v 0.04620840400457382 -0.03094889037311077 0.11076115071773529
v 0.046114273369312286 -0.02683010883629322 0.11259892582893372
v 0.04502594843506813 -0.02817213162779808 0.11308661848306656
v 0.046114273369312286 -0.02683010883629322 0.11259892582893372
v 0.04493669047951698 -0.024467645213007927 0.11454995721578598
v 0.04493669047951698 -0.024467645213007927 0.11454995721578598
v 0.046114273369312286 -0.02683010883629322 0.11259892582893372
v 0.04607502371072769 -0.025109203532338142 0.11315357685089111
v 0.04493669047951698 -0.024467645213007927 0.11454995721578598
v 0.04607502371072769 -0.025109203532338142 0.11315357685089111
v 0.044915590435266495 -0.02353360690176487 0.11480143666267395
v 0.044915590435266495 -0.02353360690176487 0.11480143666267395
v 0.04607502371072769 -0.025109203532338142 0.11315357685089111
v 0.04603121429681778 -0.02318819798529148 0.11377272754907608
v 0.044915590435266495 -0.02353360690176487 0.11480143666267395
v 0.04603121429681778 -0.02318819798529148 0.11377272754907608
v 0.04482682794332504 -0.01960393786430359 0.11585945636034012
v 0.04482682794332504 -0.01960393786430359 0.11585945636034012
v 0.04603121429681778 -0.02318819798529148 0.11377272754907608
v 0.04596482589840889 -0.020277278497815132 0.11471091955900192
v 0.04482682794332504 -0.01960393786430359 0.11585945636034012
v 0.04596482589840889 -0.020277278497815132 0.11471091955900192
v 0.044768933206796646 -0.017040876671671867 0.1165495365858078
v 0.044768933206796646 -0.017040876671671867 0.1165495365858078
v 0.04596482589840889 -0.020277278497815132 0.11471091955900192
v 0.045898258686065674 -0.0173568706959486 0.11532142013311386
v 0.044768933206796646 -0.017040876671671867 0.1165495365858078
v 0.045898258686065674 -0.0173568706959486 0.11532142013311386
v 0.04473470523953438 -0.015416905283927917 0.11681044846773148
v 0.04473470523953438 -0.015416905283927917 0.11681044846773148
v 0.045898258686065674 -0.0173568706959486 0.11532142013311386
v 0.0458490215241909 -0.015196727588772774 0.11577299237251282
v 0.04473470523953438 -0.015416905283927917 0.11681044846773148
v 0.0458490215241909 -0.015196727588772774 0.11577299237251282
v 0.04463639110326767 -0.010751734487712383 0.11755996942520142
v 0.04463639110326767 -0.010751734487712383 0.11755996942520142
v 0.0458490215241909 -0.015196727588772774 0.11577299237251282
v 0.04578373208642006 -0.012332387268543243 0.1163717657327652
v 0.04463639110326767 -0.010751734487712383 0.11755996942520142
v 0.04578373208642006 -0.012332387268543243 0.1163717657327652
v 0.04460620880126953 -0.009319656528532505 0.11779005080461502
v 0.04460620880126953 -0.009319656528532505 0.11779005080461502
v 0.04578373208642006 -0.012332387268543243 0.1163717657327652
v 0.04571782797574997 -0.009421534836292267 0.11667527258396149
v 0.04460620880126953 -0.009319656528532505 0.11779005080461502
v 0.04571782797574997 -0.009421534836292267 0.11667527258396149
v 0.0445636585354805 -0.007200148887932301 0.11795216798782349
v 0.0445636585354805 -0.007200148887932301 0.11795216798782349
v 0.04571782797574997 -0.009421534836292267 0.11667527258396149
v 0.04566499963402748 -0.007088214624673128 0.11691856384277344
v 0.0445636585354805 -0.007200148887932301 0.11795216798782349
v 0.04566499963402748 -0.007088214624673128 0.11691856384277344
v 0.044480375945568085 -0.0030520197469741106 0.11826945841312408
v 0.044480375945568085 -0.0030520197469741106 0.11826945841312408
v 0.04566499963402748 -0.007088214624673128 0.11691856384277344
v 0.045594628900289536 -0.003979972098022699 0.11724264919757843
v 0.044480375945568085 -0.0030520197469741106 0.11826945841312408
v 0.045594628900289536 -0.003979972098022699 0.11724264919757843
v 0.04445519670844078 -0.0017579941777512431 0.11830698698759079
v 0.045594628900289536 -0.003979972098022699 0.11724264919757843
v 0.04553554952144623 -0.0013936302857473493 0.1173548623919487
v 0.04445519670844078 -0.0017579941777512431 0.11830698698759079
v 0.04445519670844078 -0.0017579941777512431 0.11830698698759079
v 0.04553554952144623 -0.0013936302857473493 0.1173548623919487
v 0.045533716678619385 -0.001313470653258264 0.11735834181308746
v 0.04445519670844078 -0.0017579941777512431 0.11830698698759079
v 0.045533716678619385 -0.001313470653258264 0.11735834181308746
v 0.04442930966615677 -0.0004274741804692894 0.11834556609392166
v 0.04442930966615677 -0.0004274741804692894 0.11834556609392166
v 0.045533716678619385 -0.001313470653258264 0.11735834181308746
v 0.04549394175410271 0.0004050394054502249 0.11739527434110641
v 0.04442930966615677 -0.0004274741804692894 0.11834556609392166
v 0.04549394175410271 0.0004050394054502249 0.11739527434110641
v 0.044400691986083984 0.0010567365679889917 0.11830737441778183
v 0.044400691986083984 0.0010567365679889917 0.11830737441778183
v 0.04549394175410271 0.0004050394054502249 0.11739527434110641
v 0.04547848179936409 0.0010778162395581603 0.11737392842769623
v 0.044400691986083984 0.0010567365679889917 0.11830737441778183
v 0.04547848179936409 0.0010778162395581603 0.11737392842769623
v 0.044280823320150375 0.007273132912814617 0.11814741790294647
v 0.044280823320150375 0.007273132912814617 0.11814741790294647
v 0.04547848179936409 0.0010778162395581603 0.11737392842769623
v 0.04529191181063652 0.009196664206683636 0.11711633950471878
v 0.044280823320150375 0.007273132912814617 0.11814741790294647
v 0.04529191181063652 0.009196664206683636 0.11711633950471878
v 0.0442560575902462 0.008557533845305443 0.11811437457799911
v 0.0442560575902462 0.008557533845305443 0.11811437457799911
v 0.04529191181063652 0.009196664206683636 0.11711633950471878
v 0.04424302652478218 0.00924214068800211 0.11804674565792084
v 0.04424302652478218 0.00924214068800211 0.11804674565792084
v 0.04529191181063652 0.009196664206683636 0.11711633950471878
v 0.04527057707309723 0.010125057771801949 0.11708688735961914
v 0.04424302652478218 0.00924214068800211 0.11804674565792084
v 0.04527057707309723 0.010125057771801949 0.11708688735961914
v 0.04409760609269142 0.016882024705410004 0.11729209870100021
v 0.04409760609269142 0.016882024705410004 0.11729209870100021
v 0.04527057707309723 0.010125057771801949 0.11708688735961914
v 0.045169658958911896 0.014680057764053345 0.11655974388122559
v 0.04409760609269142 0.016882024705410004 0.11729209870100021
v 0.045169658958911896 0.014680057764053345 0.11655974388122559
v 0.04408952593803406 0.017318163067102432 0.11721893399953842
v 0.0437956266105175 0.03319082781672478 0.11417590081691742
v 0.04389794170856476 0.027659844607114792 0.11548402905464172
v 0.044829361140728 0.03058604896068573 0.11397483944892883
v 0.044829361140728 0.03058604896068573 0.11397483944892883
v 0.04389794170856476 0.027659844607114792 0.11548402905464172
v 0.04394376650452614 0.025186091661453247 0.11589901894330978
v 0.044829361140728 0.03058604896068573 0.11397483944892883
v 0.04394376650452614 0.025186091661453247 0.11589901894330978
v 0.045036572962999344 0.020686980336904526 0.11586456745862961
v 0.045036572962999344 0.020686980336904526 0.11586456745862961
v 0.04394376650452614 0.025186091661453247 0.11589901894330978
v 0.04408952593803406 0.017318163067102432 0.11721893399953842
v 0.045036572962999344 0.020686980336904526 0.11586456745862961
v 0.04408952593803406 0.017318163067102432 0.11721893399953842
v 0.04511357098817825 0.017211604863405228 0.11626677215099335
v 0.04511357098817825 0.017211604863405228 0.11626677215099335
v 0.04408952593803406 0.017318163067102432 0.11721893399953842
v 0.045169658958911896 0.014680057764053345 0.11655974388122559
v 0.044829361140728 0.03058604896068573 0.11397483944892883
v 0.0448094867169857 0.03153558447957039 0.11379357427358627
v 0.0437956266105175 0.03319082781672478 0.11417590081691742
v 0.0437956266105175 0.03319082781672478 0.11417590081691742
v 0.0448094867169857 0.03153558447957039 0.11379357427358627
v 0.04477914050221443 0.03302547335624695 0.11340552568435669
v 0.0437956266105175 0.03319082781672478 0.11417590081691742
v 0.04477914050221443 0.03302547335624695 0.11340552568435669
v 0.04368623346090317 0.039104580879211426 0.1127772405743599
v 0.04368623346090317 0.039104580879211426 0.1127772405743599
v 0.04477914050221443 0.03302547335624695 0.11340552568435669
v 0.04454498738050461 0.04452207311987877 0.1104111596941948
v 0.04368623346090317 0.039104580879211426 0.1127772405743599
v 0.04454498738050461 0.04452207311987877 0.1104111596941948
v 0.04361983388662338 0.0427376851439476 0.11167529225349426
v 0.04361983388662338 0.0427376851439476 0.11167529225349426
v 0.04454498738050461 0.04452207311987877 0.1104111596941948
v 0.043511372059583664 0.048672154545784 0.10987532883882523
v 0.04454498738050461 0.04452207311987877 0.1104111596941948
v 0.044511474668979645 0.046176813542842865 0.10987221449613571
v 0.043511372059583664 0.048672154545784 0.10987532883882523
v 0.043511372059583664 0.048672154545784 0.10987532883882523
v 0.044511474668979645 0.046176813542842865 0.10987221449613571
v 0.044465433806180954 0.048450201749801636 0.10913176834583282
v 0.043511372059583664 0.048672154545784 0.10987532883882523
v 0.044465433806180954 0.048450201749801636 0.10913176834583282
v 0.04342935234308243 0.0531599260866642 0.10851415246725082
v 0.04342935234308243 0.0531599260866642 0.10851415246725082
v 0.044465433806180954 0.048450201749801636 0.10913176834583282
v 0.04426729679107666 0.0582335963845253 0.10594532638788223
v 0.04342935234308243 0.0531599260866642 0.10851415246725082
v 0.04426729679107666 0.0582335963845253 0.10594532638788223
v 0.043306078761816025 0.05992662534117699 0.10612652450799942
v 0.043306078761816025 0.05992662534117699 0.10612652450799942
v 0.04426729679107666 0.0582335963845253 0.10594532638788223
v 0.04328256845474243 0.06121715158224106 0.10567116737365723
v 0.04328256845474243 0.06121715158224106 0.10567116737365723
v 0.04426729679107666 0.0582335963845253 0.10594532638788223
v 0.04420548304915428 0.06145231053233147 0.10472327470779419
v 0.04328256845474243 0.06121715158224106 0.10567116737365723
v 0.04420548304915428 0.06145231053233147 0.10472327470779419
v 0.04323781281709671 0.06372204422950745 0.10467816889286041
v 0.04297556355595589 0.0784296914935112 0.09880094230175018
v 0.04299327731132507 0.07740797847509384 0.09925275295972824
v 0.043888822197914124 0.07812900841236115 0.09806336462497711
v 0.043888822197914124 0.07812900841236115 0.09806336462497711
v 0.04299327731132507 0.07740797847509384 0.09925275295972824
v 0.04300529137253761 0.07673559337854385 0.09951930493116379
v 0.043888822197914124 0.07812900841236115 0.09806336462497711
v 0.04300529137253761 0.07673559337854385 0.09951930493116379
v 0.04401637241244316 0.07129912823438644 0.10098471492528915
v 0.04401637241244316 0.07129912823438644 0.10098471492528915
v 0.04300529137253761 0.07673559337854385 0.09951930493116379
v 0.04323781281709671 0.06372204422950745 0.10467816889286041
v 0.04401637241244316 0.07129912823438644 0.10098471492528915
v 0.04323781281709671 0.06372204422950745 0.10467816889286041
v 0.04416683316230774 0.06346479058265686 0.10395919531583786
v 0.04416683316230774 0.06346479058265686 0.10395919531583786
v 0.04323781281709671 0.06372204422950745 0.10467816889286041
v 0.04420548304915428 0.06145231053233147 0.10472327470779419
v 0.04297556355595589 0.0784296914935112 0.09880094230175018
v 0.043888822197914124 0.07812900841236115 0.09806336462497711
v 0.04272523149847984 0.09286907315254211 0.0924156904220581
v 0.04272523149847984 0.09286907315254211 0.0924156904220581
v 0.043888822197914124 0.07812900841236115 0.09806336462497711
v 0.04366330802440643 0.09020455926656723 0.09289828687906265
v 0.04272523149847984 0.09286907315254211 0.0924156904220581
v 0.04366330802440643 0.09020455926656723 0.09289828687906265
v 0.043644752353429794 0.09124350547790527 0.09241629391908646
v 0.043150000274181366 0.119066022336483 0.07950366288423538
v 0.04228254780173302 0.12000080198049545 0.07975415885448456
v 0.04316534847021103 0.11808187514543533 0.07996530830860138
v 0.04316534847021103 0.11808187514543533 0.07996530830860138
v 0.04228254780173302 0.12000080198049545 0.07975415885448456
v 0.04245096817612648 0.10962644219398499 0.08461587876081467
v 0.04316534847021103 0.11808187514543533 0.07996530830860138
v 0.04245096817612648 0.10962644219398499 0.08461587876081467
v 0.04362061619758606 0.09259471297264099 0.09178943186998367
v 0.04362061619758606 0.09259471297264099 0.09178943186998367
v 0.04245096817612648 0.10962644219398499 0.08461587876081467
v 0.04269034042954445 0.09488174319267273 0.09152566641569138
v 0.04362061619758606 0.09259471297264099 0.09178943186998367
v 0.04269034042954445 0.09488174319267273 0.09152566641569138
v 0.04272523149847984 0.09286907315254211 0.0924156904220581
v 0.005848652217537165 0.03297010064125061 0.12752839922904968
v 0.01166554819792509 0.033456116914749146 0.1267448514699936
v 0.011587942019104958 0.05172774940729141 0.12130584567785263
v 0.01741880737245083 0.03426401689648628 0.12544265389442444
v 0.023076605051755905 0.03539206087589264 0.12362488359212875
v 0.02291865646839142 0.05343279242515564 0.11814957112073898
v 0.028607601299881935 0.03683795407414436 0.12129553407430649
v 0.033982373774051666 0.03859717771410942 0.1184624582529068
v 0.033738721162080765 0.05625531077384949 0.11292993277311325
v -0.04393520578742027 0.025553729385137558 0.11589894443750381
v -0.04394202306866646 0.025194430723786354 0.11595361679792404
v -0.039476703852415085 0.022846834734082222 0.11917281150817871
v -0.0464298240840435 -0.06828194856643677 0.05884193256497383
v -0.0464516282081604 -0.06859461218118668 0.05726984143257141
v -0.035876836627721786 -0.07435265183448792 0.058871250599622726
v -0.04664640128612518 -0.07105419784784317 0.04134073108434677
v -0.04666360840201378 -0.07119916379451752 0.039429400116205215
v -0.03595792502164841 -0.07686929404735565 0.040545541793107986
v 0.023545505478978157 -0.08215038478374481 0.02558794617652893
v 0.0243657436221838 -0.08188372105360031 0.02565940096974373
v 0.024353228509426117 -0.08105414360761642 0.041372619569301605
v 0.03979688137769699 0.0046904669143259525 0.12109387665987015
v 0.03450949117541313 0.0021126021165400743 0.12399134784936905
v 0.03464917093515396 -0.007123386021703482 0.12372633814811707
v 0.04269034042954445 0.09488174319267273 0.09152566641569138
v 0.04245096817612648 0.10962644219398499 0.08461587876081467
v 0.033089905977249146 0.10720457881689072 0.09090054035186768
v 0.033089905977249146 0.10720457881689072 0.09090054035186768
v 0.04245096817612648 0.10962644219398499 0.08461587876081467
v 0.04228254780173302 0.12000080198049545 0.07975415885448456
v 0.04228254780173302 0.12000080198049545 0.07975415885448456
v 0.03929700702428818 0.1224360540509224 0.08040671795606613
v 0.033089905977249146 0.10720457881689072 0.09090054035186768
v 0.033089905977249146 0.10720457881689072 0.09090054035186768
v 0.03929700702428818 0.1224360540509224 0.08040671795606613
v 0.03309806436300278 0.1267835795879364 0.08157163858413696
v 0.033089905977249146 0.10720457881689072 0.09090054035186768
v 0.03309806436300278 0.1267835795879364 0.08157163858413696
v 0.032878533005714417 0.12690632045269012 0.08160451799631119
v 0.04300529137253761 0.07673559337854385 0.09951930493116379
v 0.04299327731132507 0.07740797847509384 0.09925275295972824
v 0.03350831940770149 0.07351063936948776 0.10623499751091003
v 0.03350831940770149 0.07351063936948776 0.10623499751091003
v 0.04299327731132507 0.07740797847509384 0.09925275295972824
v 0.04297556355595589 0.0784296914935112 0.09880094230175018
v 0.03350831940770149 0.07351063936948776 0.10623499751091003
v 0.04297556355595589 0.0784296914935112 0.09880094230175018
v 0.033089905977249146 0.10720457881689072 0.09090054035186768
v 0.033089905977249146 0.10720457881689072 0.09090054035186768
v 0.04297556355595589 0.0784296914935112 0.09880094230175018
v 0.04272523149847984 0.09286907315254211 0.0924156904220581
v 0.033089905977249146 0.10720457881689072 0.09090054035186768
v 0.04272523149847984 0.09286907315254211 0.0924156904220581
v 0.04269034042954445 0.09488174319267273 0.09152566641569138
v 0.04342935234308243 0.0531599260866642 0.10851415246725082
v 0.043306078761816025 0.05992662534117699 0.10612652450799942
v 0.033738721162080765 0.05625531077384949 0.11292993277311325
v 0.033738721162080765 0.05625531077384949 0.11292993277311325
v 0.043306078761816025 0.05992662534117699 0.10612652450799942
v 0.04328256845474243 0.06121715158224106 0.10567116737365723
v 0.033738721162080765 0.05625531077384949 0.11292993277311325
v 0.04328256845474243 0.06121715158224106 0.10567116737365723
v 0.03350831940770149 0.07351063936948776 0.10623499751091003
v 0.03350831940770149 0.07351063936948776 0.10623499751091003
v 0.04328256845474243 0.06121715158224106 0.10567116737365723
v 0.04323781281709671 0.06372204422950745 0.10467816889286041
v 0.03350831940770149 0.07351063936948776 0.10623499751091003
v 0.04323781281709671 0.06372204422950745 0.10467816889286041
v 0.04300529137253761 0.07673559337854385 0.09951930493116379
v 0.0391719825565815 0.04066465049982071 0.11513445526361465
v 0.04361983388662338 0.0427376851439476 0.11167529225349426
v 0.043511372059583664 0.048672154545784 0.10987532883882523
v 0.04389794170856476 0.027659844607114792 0.11548402905464172
v 0.0437956266105175 0.03319082781672478 0.11417590081691742
v 0.0391719825565815 0.04066465049982071 0.11513445526361465
v 0.0391719825565815 0.04066465049982071 0.11513445526361465
v 0.0437956266105175 0.03319082781672478 0.11417590081691742
v 0.04368623346090317 0.039104580879211426 0.1127772405743599
v 0.0391719825565815 0.04066465049982071 0.11513445526361465
v 0.04368623346090317 0.039104580879211426 0.1127772405743599
v 0.04361983388662338 0.0427376851439476 0.11167529225349426
v 0.04409760609269142 0.016882024705410004 0.11729209870100021
v 0.039476700127124786 0.022846832871437073 0.11917281150817871
v 0.04424302652478218 0.00924214068800211 0.11804674565792084
v 0.04424302652478218 0.00924214068800211 0.11804674565792084
v 0.039476700127124786 0.022846832871437073 0.11917281150817871
v 0.03979688137769699 0.0046904669143259525 0.12109387665987015
v 0.04409760609269142 0.016882024705410004 0.11729209870100021
v 0.04408952593803406 0.017318163067102432 0.11721893399953842
v 0.039476700127124786 0.022846832871437073 0.11917281150817871
v 0.039476700127124786 0.022846832871437073 0.11917281150817871
v 0.04408952593803406 0.017318163067102432 0.11721893399953842
v 0.04394376650452614 0.025186091661453247 0.11589901894330978
v 0.039476700127124786 0.022846832871437073 0.11917281150817871
v 0.04394376650452614 0.025186091661453247 0.11589901894330978
v 0.04389794170856476 0.027659844607114792 0.11548402905464172
v 0.044400691986083984 0.0010567365679889917 0.11830737441778183
v 0.044280823320150375 0.007273132912814617 0.11814741790294647
v 0.03979688137769699 0.0046904669143259525 0.12109387665987015
v 0.03979688137769699 0.0046904669143259525 0.12109387665987015
v 0.044280823320150375 0.007273132912814617 0.11814741790294647
v 0.0442560575902462 0.008557533845305443 0.11811437457799911
v 0.03979688137769699 0.0046904669143259525 0.12109387665987015
v 0.0442560575902462 0.008557533845305443 0.11811437457799911
v 0.04424302652478218 0.00924214068800211 0.11804674565792084
v 0.0445636585354805 -0.007200148887932301 0.11795216798782349
v 0.044480375945568085 -0.0030520197469741106 0.11826945841312408
v 0.03464917093515396 -0.007123386021703482 0.12372633814811707
v 0.03464917093515396 -0.007123386021703482 0.12372633814811707
v 0.044480375945568085 -0.0030520197469741106 0.11826945841312408
v 0.04445519670844078 -0.0017579941777512431 0.11830698698759079
v 0.03464917093515396 -0.007123386021703482 0.12372633814811707
v 0.04445519670844078 -0.0017579941777512431 0.11830698698759079
v 0.03979688137769699 0.0046904669143259525 0.12109387665987015
v 0.03979688137769699 0.0046904669143259525 0.12109387665987015
v 0.04445519670844078 -0.0017579941777512431 0.11830698698759079
v 0.04442930966615677 -0.0004274741804692894 0.11834556609392166
v 0.03979688137769699 0.0046904669143259525 0.12109387665987015
v 0.04442930966615677 -0.0004274741804692894 0.11834556609392166
v 0.044400691986083984 0.0010567365679889917 0.11830737441778183
v 0.044768933206796646 -0.017040876671671867 0.1165495365858078
v 0.034791216254234314 -0.01628914475440979 0.1225881278514862
v 0.0403001643717289 -0.022444579750299454 0.11819858849048615
v 0.044768933206796646 -0.017040876671671867 0.1165495365858078
v 0.04473470523953438 -0.015416905283927917 0.11681044846773148
v 0.034791216254234314 -0.01628914475440979 0.1225881278514862
v 0.034791216254234314 -0.01628914475440979 0.1225881278514862
v 0.04473470523953438 -0.015416905283927917 0.11681044846773148
v 0.04463639110326767 -0.010751734487712383 0.11755996942520142
v 0.034791216254234314 -0.01628914475440979 0.1225881278514862
v 0.04463639110326767 -0.010751734487712383 0.11755996942520142
v 0.03464917093515396 -0.007123386021703482 0.12372633814811707
v 0.03464917093515396 -0.007123386021703482 0.12372633814811707
v 0.04463639110326767 -0.010751734487712383 0.11755996942520142
v 0.04460620880126953 -0.009319656528532505 0.11779005080461502
v 0.03464917093515396 -0.007123386021703482 0.12372633814811707
v 0.04460620880126953 -0.009319656528532505 0.11779005080461502
v 0.0445636585354805 -0.007200148887932301 0.11795216798782349
v 0.04046902060508728 -0.03106372058391571 0.1152058094739914
v 0.04502594843506813 -0.02817213162779808 0.11308661848306656
v 0.0403001643717289 -0.022444579750299454 0.11819858849048615
v 0.0403001643717289 -0.022444579750299454 0.11819858849048615
v 0.04502594843506813 -0.02817213162779808 0.11308661848306656
v 0.04493669047951698 -0.024467645213007927 0.11454995721578598
v 0.04493669047951698 -0.024467645213007927 0.11454995721578598
v 0.044915590435266495 -0.02353360690176487 0.11480143666267395
v 0.0403001643717289 -0.022444579750299454 0.11819858849048615
v 0.0403001643717289 -0.022444579750299454 0.11819858849048615
v 0.044915590435266495 -0.02353360690176487 0.11480143666267395
v 0.04482682794332504 -0.01960393786430359 0.11585945636034012
v 0.0403001643717289 -0.022444579750299454 0.11819858849048615
v 0.04482682794332504 -0.01960393786430359 0.11585945636034012
v 0.044768933206796646 -0.017040876671671867 0.1165495365858078
v 0.045248836278915405 -0.03699741140007973 0.10882990062236786
v 0.04523061215877533 -0.036294255405664444 0.10920409858226776
v 0.04063376784324646 -0.039181336760520935 0.11104141920804977
v 0.04063376784324646 -0.039181336760520935 0.11104141920804977
v 0.04523061215877533 -0.036294255405664444 0.10920409858226776
v 0.04510499909520149 -0.03144773468375206 0.11178325116634369
v 0.04063376784324646 -0.039181336760520935 0.11104141920804977
v 0.04510499909520149 -0.03144773468375206 0.11178325116634369
v 0.04046902060508728 -0.03106372058391571 0.1152058094739914
v 0.04046902060508728 -0.03106372058391571 0.1152058094739914
v 0.04510499909520149 -0.03144773468375206 0.11178325116634369
v 0.04510321468114853 -0.031378794461488724 0.11181993782520294
v 0.04046902060508728 -0.03106372058391571 0.1152058094739914
v 0.04510321468114853 -0.031378794461488724 0.11181993782520294
v 0.04502594843506813 -0.02817213162779808 0.11308661848306656
v 0.045491233468055725 -0.04556760936975479 0.102407306432724
v 0.04543495923280716 -0.043658580631017685 0.10403718799352646
v 0.04079029709100723 -0.04658551141619682 0.10570988804101944
v 0.04079029709100723 -0.04658551141619682 0.10570988804101944
v 0.04543495923280716 -0.043658580631017685 0.10403718799352646
v 0.04539010301232338 -0.04213679954409599 0.10533644258975983
v 0.04079029709100723 -0.04658551141619682 0.10570988804101944
v 0.04539010301232338 -0.04213679954409599 0.10533644258975983
v 0.04063376784324646 -0.039181336760520935 0.11104141920804977
v 0.04063376784324646 -0.039181336760520935 0.11104141920804977
v 0.04539010301232338 -0.04213679954409599 0.10533644258975983
v 0.045298248529434204 -0.038795147091150284 0.10760790854692459
v 0.04063376784324646 -0.039181336760520935 0.11104141920804977
v 0.045298248529434204 -0.038795147091150284 0.10760790854692459
v 0.045248836278915405 -0.03699741140007973 0.10882990062236786
v 0.045680511742830276 -0.05151437222957611 0.09635864943265915
v 0.03546978905797005 -0.055939480662345886 0.1007450520992279
v 0.04582218825817108 -0.055471379309892654 0.0911005362868309
v 0.04582218825817108 -0.055471379309892654 0.0911005362868309
v 0.03546978905797005 -0.055939480662345886 0.1007450520992279
v 0.03557833284139633 -0.06143900007009506 0.09331713616847992
v 0.04553302749991417 -0.0469854474067688 0.1011967882514
v 0.03534822538495064 -0.04944462701678276 0.10731568932533264
v 0.045636292546987534 -0.050156574696302414 0.09780915081501007
v 0.045636292546987534 -0.050156574696302414 0.09780915081501007
v 0.03534822538495064 -0.04944462701678276 0.10731568932533264
v 0.03546978905797005 -0.055939480662345886 0.1007450520992279
v 0.045636292546987534 -0.050156574696302414 0.09780915081501007
v 0.03546978905797005 -0.055939480662345886 0.1007450520992279
v 0.04568006843328476 -0.05150085315108299 0.09637308865785599
v 0.04568006843328476 -0.05150085315108299 0.09637308865785599
v 0.03546978905797005 -0.055939480662345886 0.1007450520992279
v 0.045680511742830276 -0.05151437222957611 0.09635864943265915
v 0.04601332172751427 -0.06015761196613312 0.08288920670747757
v 0.045970335602760315 -0.05918305367231369 0.08494360744953156
v 0.03567280247807503 -0.06594272702932358 0.08524329215288162
v 0.03567280247807503 -0.06594272702932358 0.08524329215288162
v 0.045970335602760315 -0.05918305367231369 0.08494360744953156
v 0.045860353857278824 -0.05642758682370186 0.08951438218355179
v 0.03567280247807503 -0.06594272702932358 0.08524329215288162
v 0.045860353857278824 -0.05642758682370186 0.08951438218355179
v 0.03557833284139633 -0.06143900007009506 0.09331713616847992
v 0.03557833284139633 -0.06143900007009506 0.09331713616847992
v 0.045860353857278824 -0.05642758682370186 0.08951438218355179
v 0.04583138972520828 -0.0557018481194973 0.09071823209524155
v 0.03557833284139633 -0.06143900007009506 0.09331713616847992
v 0.04583138972520828 -0.0557018481194973 0.09071823209524155
v 0.04582218825817108 -0.055471379309892654 0.0911005362868309
v 0.04601332172751427 -0.06015761196613312 0.08288920670747757
v 0.03567280247807503 -0.06594272702932358 0.08524329215288162
v 0.04602781683206558 -0.06048622727394104 0.08219648152589798
v 0.04602781683206558 -0.06048622727394104 0.08219648152589798
v 0.03567280247807503 -0.06594272702932358 0.08524329215288162
v 0.03575337305665016 -0.06952128559350967 0.07671572268009186
v 0.04602781683206558 -0.06048622727394104 0.08219648152589798
v 0.03575337305665016 -0.06952128559350967 0.07671572268009186
v 0.0461178682744503 -0.06252770870923996 0.0778929740190506
v 0.03582096844911575 -0.0722840279340744 0.06788802891969681
v 0.0463222935795784 -0.06649406254291534 0.06603848189115524
v 0.04631064087152481 -0.06629541516304016 0.06679397821426392
v 0.04631064087152481 -0.06629541516304016 0.06679397821426392
v 0.046272311359643936 -0.06564202159643173 0.06927897781133652
v 0.03582096844911575 -0.0722840279340744 0.06788802891969681
v 0.03582096844911575 -0.0722840279340744 0.06788802891969681
v 0.046272311359643936 -0.06564202159643173 0.06927897781133652
v 0.04617682844400406 -0.06371665000915527 0.07460443675518036
v 0.03582096844911575 -0.0722840279340744 0.06788802891969681
v 0.04617682844400406 -0.06371665000915527 0.07460443675518036
v 0.03575337305665016 -0.06952128559350967 0.07671572268009186
v 0.03575337305665016 -0.06952128559350967 0.07671572268009186
v 0.04617682844400406 -0.06371665000915527 0.07460443675518036
v 0.04617670550942421 -0.06371419876813889 0.07461121678352356
v 0.03575337305665016 -0.06952128559350967 0.07671572268009186
v 0.04617670550942421 -0.06371419876813889 0.07461121678352356
v 0.0461178682744503 -0.06252770870923996 0.0778929740190506
v 0.0463222935795784 -0.06649406254291534 0.06603848189115524
v 0.03582096844911575 -0.0722840279340744 0.06788802891969681
v 0.04642125964164734 -0.06818109005689621 0.059622328728437424
v 0.04642125964164734 -0.06818109005689621 0.059622328728437424
v 0.03582096844911575 -0.0722840279340744 0.06788802891969681
v 0.0358768031001091 -0.07435265183448792 0.058871250599622726
v 0.04642125964164734 -0.06818109005689621 0.059622328728437424
v 0.0358768031001091 -0.07435265183448792 0.058871250599622726
v 0.046431493014097214 -0.06832274794578552 0.05885045602917671
v 0.035922084003686905 -0.07584477961063385 0.049740247428417206
v 0.04655195772647858 -0.06999004632234573 0.04976547136902809
v 0.0358768031001091 -0.07435265183448792 0.058871250599622726
v 0.0358768031001091 -0.07435265183448792 0.058871250599622726
v 0.04655195772647858 -0.06999004632234573 0.04976547136902809
v 0.046452391892671585 -0.0686120092868805 0.05727427452802658
v 0.0358768031001091 -0.07435265183448792 0.058871250599622726
v 0.046452391892671585 -0.0686120092868805 0.05727427452802658
v 0.046431493014097214 -0.06832274794578552 0.05885045602917671
v 0.04669196531176567 -0.07148150354623795 0.03676901385188103
v 0.04666335508227348 -0.07117670029401779 0.03942503035068512
v 0.03595788776874542 -0.07686929404735565 0.040545541793107986
v 0.03595788776874542 -0.07686929404735565 0.040545541793107986
v 0.04666335508227348 -0.07117670029401779 0.03942503035068512
v 0.04662670940160751 -0.07078634202480316 0.04282655194401741
v 0.03595788776874542 -0.07686929404735565 0.040545541793107986
v 0.04662670940160751 -0.07078634202480316 0.04282655194401741
v 0.035922084003686905 -0.07584477961063385 0.049740247428417206
v 0.035922084003686905 -0.07584477961063385 0.049740247428417206
v 0.04662670940160751 -0.07078634202480316 0.04282655194401741
v 0.046566810458898544 -0.07014825940132141 0.04838680848479271
v 0.035922084003686905 -0.07584477961063385 0.049740247428417206
v 0.046566810458898544 -0.07014825940132141 0.04838680848479271
v 0.04655195772647858 -0.06999004632234573 0.04976547136902809
v 0.0467638298869133 -0.07204354554414749 0.02829606644809246
v 0.04669196531176567 -0.07148150354623795 0.03676901385188103
v 0.03940174728631973 -0.07613959908485413 0.027198530733585358
v 0.03940174728631973 -0.07613959908485413 0.027198530733585358
v 0.04669196531176567 -0.07148150354623795 0.03676901385188103
v 0.03595788776874542 -0.07686929404735565 0.040545541793107986
v 0.03940174728631973 -0.07613959908485413 0.027198530733585358
v 0.03595788776874542 -0.07686929404735565 0.040545541793107986
v 0.035957302898168564 -0.0776389017701149 0.026796795427799225
v 0.035957302898168564 -0.0776389017701149 0.026796795427799225
v 0.03595788776874542 -0.07686929404735565 0.040545541793107986
v 0.031634341925382614 -0.07952059805393219 0.026292596012353897
v 0.015265221707522869 -0.08399289846420288 0.025094246491789818
v 0.019421076402068138 -0.08317150175571442 0.025314340367913246
v 0.012291546911001205 -0.08359002321958542 0.04187353700399399
v 0.006794833578169346 -0.08504141867160797 0.024813296273350716
v 0.011045980267226696 -0.08461854606866837 0.024926606565713882
v 0.012291546911001205 -0.08359002321958542 0.04187353700399399
v 0.012291546911001205 -0.08359002321958542 0.04187353700399399
v 0.011045980267226696 -0.08461854606866837 0.024926606565713882
v 0.012300350703299046 -0.08443254232406616 0.024976445361971855
v 0.012291546911001205 -0.08359002321958542 0.04187353700399399
v 0.012300350703299046 -0.08443254232406616 0.024976445361971855
v 0.015265221707522869 -0.08399289846420288 0.025094246491789818
v -0.01229174342006445 -0.08359001576900482 0.04187353700399399
v -0.008153150789439678 -0.0849248394370079 0.024844534695148468
v -1.1706117675203132e-07 -0.08444131165742874 0.042041633278131485
v -1.1706117675203132e-07 -0.08444131165742874 0.042041633278131485
v -0.008153150789439678 -0.0849248394370079 0.024844534695148468
v 6.207411047398637e-07 -0.08527836203575134 0.02474980801343918
v -1.1706117675203132e-07 -0.08444131165742874 0.042041633278131485
v 6.207411047398637e-07 -0.08527836203575134 0.02474980801343918
v 0.00039373364415951073 -0.0852954089641571 0.024745240807533264
v -0.024963025003671646 -0.08175129443407059 0.02569488435983658
v -0.024370770901441574 -0.0818927213549614 0.025656986981630325
v -0.02435334399342537 -0.08105413615703583 0.041372619569301605
v -0.02435334399342537 -0.08105413615703583 0.041372619569301605
v -0.024370770901441574 -0.0818927213549614 0.025656986981630325
v -0.016635693609714508 -0.08373986929655075 0.025162044912576675
v -0.02435334399342537 -0.08105413615703583 0.041372619569301605
v -0.016635693609714508 -0.08373986929655075 0.025162044912576675
v -0.01229174342006445 -0.08359001576900482 0.04187353700399399
v -0.01229174342006445 -0.08359001576900482 0.04187353700399399
v -0.016635693609714508 -0.08373986929655075 0.025162044912576675
v -0.012289232574403286 -0.08434704691171646 0.024999352172017097
v -0.01229174342006445 -0.08359001576900482 0.04187353700399399
v -0.012289232574403286 -0.08434704691171646 0.024999352172017097
v -0.008153150789439678 -0.0849248394370079 0.024844534695148468
v -0.024963025003671646 -0.08175129443407059 0.02569488435983658
v -0.02435334399342537 -0.08105413615703583 0.041372619569301605
v -0.03299394249916077 -0.07899834215641022 0.02643253467977047
v -0.03299394249916077 -0.07899834215641022 0.02643253467977047
v -0.02435334399342537 -0.08105413615703583 0.041372619569301605
v -0.03595792502164841 -0.07686929404735565 0.040545541793107986
v -0.03299394249916077 -0.07899834215641022 0.02643253467977047
v -0.03595792502164841 -0.07686929404735565 0.040545541793107986
v -0.03595958650112152 -0.07764784246683121 0.026794400066137314
v -0.03595958650112152 -0.07764784246683121 0.026794400066137314
v -0.03595792502164841 -0.07686929404735565 0.040545541793107986
v -0.040689870715141296 -0.07549376785755157 0.02737158164381981
v -0.040689870715141296 -0.07549376785755157 0.02737158164381981
v -0.03595792502164841 -0.07686929404735565 0.040545541793107986
v -0.04666360840201378 -0.07119916379451752 0.039429400116205215
v -0.040689870715141296 -0.07549376785755157 0.02737158164381981
v -0.04666360840201378 -0.07119916379451752 0.039429400116205215
v -0.0467638298869133 -0.07204354554414749 0.02829606644809246
v -0.03592211753129959 -0.07584477216005325 0.049740247428417206
v -0.046565815806388855 -0.07011637091636658 0.048381756991147995
v -0.04662931337952614 -0.07085532695055008 0.042833808809518814
v -0.035876836627721786 -0.07435265183448792 0.058871250599622726
v -0.0464516282081604 -0.06859461218118668 0.05726984143257141
v -0.03592211753129959 -0.07584477216005325 0.049740247428417206
v -0.03592211753129959 -0.07584477216005325 0.049740247428417206
v -0.0464516282081604 -0.06859461218118668 0.05726984143257141
v -0.046522967517375946 -0.06961771100759506 0.05212561413645744
v -0.03592211753129959 -0.07584477216005325 0.049740247428417206
v -0.046522967517375946 -0.06961771100759506 0.05212561413645744
v -0.046565815806388855 -0.07011637091636658 0.048381756991147995
v -0.03575340658426285 -0.06952128559350967 0.07671572268009186
v -0.04617634043097496 -0.06373939663171768 0.07461924105882645
v -0.04617646709084511 -0.06374194473028183 0.07461246848106384
v -0.04617646709084511 -0.06374194473028183 0.07461246848106384
v -0.04623955488204956 -0.0650094598531723 0.07124719768762589
v -0.03575340658426285 -0.06952128559350967 0.07671572268009186
v -0.03575340658426285 -0.06952128559350967 0.07671572268009186
v -0.04623955488204956 -0.0650094598531723 0.07124719768762589
v -0.04630981758236885 -0.06626685708761215 0.06678441166877747
v -0.03575340658426285 -0.06952128559350967 0.07671572268009186
v -0.04630981758236885 -0.06626685708761215 0.06678441166877747
v -0.03582100197672844 -0.0722840204834938 0.06788802891969681
v -0.03582100197672844 -0.0722840204834938 0.06788802891969681
v -0.04630981758236885 -0.06626685708761215 0.06678441166877747
v -0.04632165655493736 -0.06647872924804688 0.06603242456912994
v -0.03582100197672844 -0.0722840204834938 0.06788802891969681
v -0.04632165655493736 -0.06647872924804688 0.06603242456912994
v -0.035876836627721786 -0.07435265183448792 0.058871250599622726
v -0.035876836627721786 -0.07435265183448792 0.058871250599622726
v -0.04632165655493736 -0.06647872924804688 0.06603242456912994
v -0.04639255255460739 -0.06774743646383286 0.0615294873714447
v -0.035876836627721786 -0.07435265183448792 0.058871250599622726
v -0.04639255255460739 -0.06774743646383286 0.0615294873714447
v -0.0464298240840435 -0.06828194856643677 0.05884193256497383
v -0.045952994376420975 -0.05879402533173561 0.08566036820411682
v -0.04601136967539787 -0.06014246493577957 0.08288101851940155
v -0.035672832280397415 -0.06594272702932358 0.08524329215288162
v -0.035672832280397415 -0.06594272702932358 0.08524329215288162
v -0.04601136967539787 -0.06014246493577957 0.08288101851940155
v -0.04602585732936859 -0.06047717109322548 0.08219113200902939
v -0.035672832280397415 -0.06594272702932358 0.08524329215288162
v -0.04602585732936859 -0.06047717109322548 0.08219113200902939
v -0.03575340658426285 -0.06952128559350967 0.07671572268009186
v -0.03575340658426285 -0.06952128559350967 0.07671572268009186
v -0.04602585732936859 -0.06047717109322548 0.08219113200902939
v -0.046105269342660904 -0.0623115636408329 0.07841017097234726
v -0.03575340658426285 -0.06952128559350967 0.07671572268009186
v -0.046105269342660904 -0.0623115636408329 0.07841017097234726
v -0.04617634043097496 -0.06373939663171768 0.07461924105882645
v -0.045952994376420975 -0.05879402533173561 0.08566036820411682
v -0.035672832280397415 -0.06594272702932358 0.08524329215288162
v -0.04585965722799301 -0.056412819772958755 0.0895041897892952
v -0.04585965722799301 -0.056412819772958755 0.0895041897892952
v -0.035672832280397415 -0.06594272702932358 0.08524329215288162
v -0.03557836636900902 -0.061438996344804764 0.09331713616847992
v -0.04585965722799301 -0.056412819772958755 0.0895041897892952
v -0.03557836636900902 -0.061438996344804764 0.09331713616847992
v -0.045830633491277695 -0.0556722916662693 0.09069957584142685
v -0.04093461111187935 -0.05309708043932915 0.09931347519159317
v -0.04563587158918381 -0.05018026381731033 0.09782969206571579
v -0.045656293630599976 -0.050821300595998764 0.09717223793268204
v -0.035469818860292435 -0.05593947693705559 0.1007450520992279
v -0.04567904397845268 -0.05146414414048195 0.09634466469287872
v -0.03557836636900902 -0.061438996344804764 0.09331713616847992
v -0.03557836636900902 -0.061438996344804764 0.09331713616847992
v -0.04567904397845268 -0.05146414414048195 0.09634466469287872
v -0.04580333083868027 -0.05497581884264946 0.09182385355234146
v -0.03557836636900902 -0.061438996344804764 0.09331713616847992
v -0.04580333083868027 -0.05497581884264946 0.09182385355234146
v -0.045830633491277695 -0.0556722916662693 0.09069957584142685
v -0.04563587158918381 -0.05018026381731033 0.09782969206571579
v -0.04093461111187935 -0.05309708043932915 0.09931347519159317
v -0.04550298675894737 -0.04600871354341507 0.10210803896188736
v -0.04550298675894737 -0.04600871354341507 0.10210803896188736
v -0.04093461111187935 -0.05309708043932915 0.09931347519159317
v -0.04079030454158783 -0.04658551141619682 0.10570988804101944
v -0.04550298675894737 -0.04600871354341507 0.10210803896188736
v -0.04079030454158783 -0.04658551141619682 0.10570988804101944
v -0.045491140335798264 -0.0455968901515007 0.10244030505418777
v -0.0452302023768425 -0.03626098856329918 0.10915516316890717
v -0.04529846832156181 -0.038786910474300385 0.10758845508098602
v -0.04063377529382706 -0.039181336760520935 0.11104141920804977
v -0.04063377529382706 -0.039181336760520935 0.11104141920804977
v -0.04529846832156181 -0.038786910474300385 0.10758845508098602
v -0.045348621904850006 -0.040642544627189636 0.10643748939037323
v -0.04063377529382706 -0.039181336760520935 0.11104141920804977
v -0.045348621904850006 -0.040642544627189636 0.10643748939037323
v -0.04079030454158783 -0.04658551141619682 0.10570988804101944
v -0.04079030454158783 -0.04658551141619682 0.10570988804101944
v -0.045348621904850006 -0.040642544627189636 0.10643748939037323
v -0.045434966683387756 -0.043644119054079056 0.10401580482721329
v -0.04079030454158783 -0.04658551141619682 0.10570988804101944
v -0.045434966683387756 -0.043644119054079056 0.10401580482721329
v -0.045491140335798264 -0.0455968901515007 0.10244030505418777
v -0.04502683877944946 -0.028203241527080536 0.11316312849521637
v -0.04503697529435158 -0.02864534594118595 0.11301146447658539
v -0.04046902805566788 -0.03106371872127056 0.1152058094739914
v -0.04046902805566788 -0.03106371872127056 0.1152058094739914
v -0.04503697529435158 -0.02864534594118595 0.11301146447658539
v -0.04510575160384178 -0.0314139723777771 0.11171089112758636
v -0.04046902805566788 -0.03106371872127056 0.1152058094739914
v -0.04510575160384178 -0.0314139723777771 0.11171089112758636
v -0.04063377529382706 -0.039181336760520935 0.11104141920804977
v -0.04063377529382706 -0.039181336760520935 0.11104141920804977
v -0.04510575160384178 -0.0314139723777771 0.11171089112758636
v -0.04518013447523117 -0.03440837562084198 0.11030425876379013
v -0.04063377529382706 -0.039181336760520935 0.11104141920804977
v -0.04518013447523117 -0.03440837562084198 0.11030425876379013
v -0.0452302023768425 -0.03626098856329918 0.10915516316890717
v -0.04502683877944946 -0.028203241527080536 0.11316312849521637
v -0.04046902805566788 -0.03106371872127056 0.1152058094739914
v -0.044919453561306 -0.023519471287727356 0.11476990580558777
v -0.044919453561306 -0.023519471287727356 0.11476990580558777
v -0.04046902805566788 -0.03106371872127056 0.1152058094739914
v -0.040300171822309494 -0.022444579750299454 0.11819858849048615
v -0.044919453561306 -0.023519471287727356 0.11476990580558777
v -0.040300171822309494 -0.022444579750299454 0.11819858849048615
v -0.04487761855125427 -0.021694807335734367 0.11539585888385773
v -0.040130533277988434 -0.013519627042114735 0.12009669095277786
v -0.04473935440182686 -0.015410641208291054 0.11680008471012115
v -0.040300171822309494 -0.022444579750299454 0.11819858849048615
v -0.040300171822309494 -0.022444579750299454 0.11819858849048615
v -0.04473935440182686 -0.015410641208291054 0.11680008471012115
v -0.044831663370132446 -0.0196062121540308 0.11586256325244904
v -0.040300171822309494 -0.022444579750299454 0.11819858849048615
v -0.044831663370132446 -0.0196062121540308 0.11586256325244904
v -0.04487761855125427 -0.021694807335734367 0.11539585888385773
v -0.04456532001495361 -0.007194997277110815 0.11792352795600891
v -0.04463983327150345 -0.010746918618679047 0.11751490831375122
v -0.040130533277988434 -0.013519627042114735 0.12009669095277786
v -0.040130533277988434 -0.013519627042114735 0.12009669095277786
v -0.04463983327150345 -0.010746918618679047 0.11751490831375122
v -0.0447031706571579 -0.013765997253358364 0.11716759204864502
v -0.040130533277988434 -0.013519627042114735 0.12009669095277786
v -0.0447031706571579 -0.013765997253358364 0.11716759204864502
v -0.04473935440182686 -0.015410641208291054 0.11680008471012115
v -0.03979688882827759 0.00469046737998724 0.12109387665987015
v -0.044282637536525726 0.007268670946359634 0.11810164153575897
v -0.04433838650584221 0.004342210479080677 0.1183125451207161
v -0.03450951352715492 0.00211260374635458 0.12399134784936905
v -0.044402047991752625 0.0010597039945423603 0.1182580441236496
v -0.03464919328689575 -0.0071233841590583324 0.12372633814811707
v -0.03464919328689575 -0.0071233841590583324 0.12372633814811707
v -0.044402047991752625 0.0010597039945423603 0.1182580441236496
v -0.04445665329694748 -0.0017558945110067725 0.1182112917304039
v -0.03464919328689575 -0.0071233841590583324 0.12372633814811707
v -0.04445665329694748 -0.0017558945110067725 0.1182112917304039
v -0.044523242861032486 -0.005189243704080582 0.11815427988767624
v -0.04394202306866646 0.025194430723786354 0.11595361679792404
v -0.0440916083753109 0.01730850338935852 0.11715357005596161
v -0.039476703852415085 0.022846834734082222 0.11917281150817871
v -0.039476703852415085 0.022846834734082222 0.11917281150817871
v -0.0440916083753109 0.01730850338935852 0.11715357005596161
v -0.044144779443740845 0.014505431987345219 0.1175801008939743
v -0.039476703852415085 0.022846834734082222 0.11917281150817871
v -0.044144779443740845 0.014505431987345219 0.1175801008939743
v -0.03979688882827759 0.00469046737998724 0.12109387665987015
v -0.03979688882827759 0.00469046737998724 0.12109387665987015
v -0.044144779443740845 0.014505431987345219 0.1175801008939743
v -0.044245149940252304 0.00923644844442606 0.11795982718467712
v -0.03979688882827759 0.00469046737998724 0.12109387665987015
v -0.044245149940252304 0.00923644844442606 0.11795982718467712
v -0.044282637536525726 0.007268670946359634 0.11810164153575897
v -0.04347997531294823 0.04965488612651825 0.10967423766851425
v -0.043498121201992035 0.04869518801569939 0.10995019227266312
v -0.03373873606324196 0.05625531077384949 0.11292993277311325
v -0.03373873606324196 0.05625531077384949 0.11292993277311325
v -0.043498121201992035 0.04869518801569939 0.10995019227266312
v -0.04361090436577797 0.04272938892245293 0.11166559159755707
v -0.03373873606324196 0.05625531077384949 0.11292993277311325
v -0.04361090436577797 0.04272938892245293 0.11166559159755707
v -0.039171990007162094 0.04066465422511101 0.11513445526361465
v -0.039171990007162094 0.04066465422511101 0.11513445526361465
v -0.04361090436577797 0.04272938892245293 0.11166559159755707
v -0.043731167912483215 0.036368228495121 0.11349467933177948
v -0.039171990007162094 0.04066465422511101 0.11513445526361465
v -0.043731167912483215 0.036368228495121 0.11349467933177948
v -0.043790992349386215 0.0331973098218441 0.11419963091611862
v -0.04321562871336937 0.06374167650938034 0.10472936928272247
v -0.043224722146987915 0.06324945390224457 0.10492847859859467
v -0.03373873606324196 0.05625531077384949 0.11292993277311325
v -0.03373873606324196 0.05625531077384949 0.11292993277311325
v -0.043224722146987915 0.06324945390224457 0.10492847859859467
v -0.043287575244903564 0.059901874512434006 0.10609709471464157
v -0.03373873606324196 0.05625531077384949 0.11292993277311325
v -0.043287575244903564 0.059901874512434006 0.10609709471464157
v -0.04347997531294823 0.04965488612651825 0.10967423766851425
v -0.042694833129644394 0.09285379201173782 0.09238238632678986
v -0.04290079325437546 0.08078747987747192 0.09783422946929932
v -0.033508334308862686 0.07351063936948776 0.10623499751091003
v -0.04290079325437546 0.08078747987747192 0.09783422946929932
v -0.04294441267848015 0.07842579483985901 0.09878955036401749
v -0.033508334308862686 0.07351063936948776 0.10623499751091003
v -0.033508334308862686 0.07351063936948776 0.10623499751091003
v -0.04294441267848015 0.07842579483985901 0.09878955036401749
v -0.04297628626227379 0.0767001137137413 0.09948759526014328
v -0.033508334308862686 0.07351063936948776 0.10623499751091003
v -0.04297628626227379 0.0767001137137413 0.09948759526014328
v -0.04321562871336937 0.06374167650938034 0.10472936928272247
v -0.042541589587926865 0.10183171182870865 0.08832595497369766
v -0.03308991715312004 0.10720457881689072 0.09090054035186768
v -0.042430419474840164 0.10962928086519241 0.08464722335338593
v -0.042430419474840164 0.10962928086519241 0.08464722335338593
v -0.03308991715312004 0.10720457881689072 0.09090054035186768
v -0.03584336116909981 0.12496718764305115 0.08108493685722351
v -0.042430419474840164 0.10962928086519241 0.08464722335338593
v -0.03584336116909981 0.12496718764305115 0.08108493685722351
v -0.04228254780173302 0.12000080198049545 0.07975415885448456
v -0.022499609738588333 0.10534291714429855 0.09571674466133118
v -0.02896789275109768 0.12919214367866516 0.0822170078754425
v -0.03308991715312004 0.10720457881689072 0.09090054035186768
v -0.03308991715312004 0.10720457881689072 0.09090054035186768
v -0.02896789275109768 0.12919214367866516 0.0822170078754425
v -0.03287935629487038 0.12678855657577515 0.08157297223806381
v -0.03308991715312004 0.10720457881689072 0.09090054035186768
v -0.03287935629487038 0.12678855657577515 0.08157297223806381
v -0.03584336116909981 0.12496718764305115 0.08108493685722351
v -0.011283216997981071 0.13563299179077148 0.08394283056259155
v -0.015481828711926937 0.13471612334251404 0.08369715511798859
v -0.011382564902305603 0.10421841591596603 0.09863691031932831
v -0.011382564902305603 0.10421841591596603 0.09863691031932831
v -0.015481828711926937 0.13471612334251404 0.08369715511798859
v -0.02192355878651142 0.13251006603240967 0.08310604095458984
v -0.011382564902305603 0.10421841591596603 0.09863691031932831
v -0.02192355878651142 0.13251006603240967 0.08310604095458984
v -0.022499609738588333 0.10534291714429855 0.09571674466133118
v -0.022499609738588333 0.10534291714429855 0.09571674466133118
v -0.02192355878651142 0.13251006603240967 0.08310604095458984
v -0.02231939509510994 0.13232362270355225 0.08305608481168747
v -0.022499609738588333 0.10534291714429855 0.09571674466133118
v -0.02231939509510994 0.13232362270355225 0.08305608481168747
v -0.02896789275109768 0.12919214367866516 0.0822170078754425
v -0.011283216997981071 0.13563299179077148 0.08394283056259155
v -0.011382564902305603 0.10421841591596603 0.09863691031932831
v -0.008458055555820465 0.13624994456768036 0.0841081365942955
v -0.008458055555820465 0.13624994456768036 0.0841081365942955
v -0.011382564902305603 0.10421841591596603 0.09863691031932831
v -3.5193295389035484e-08 0.10384177416563034 0.09961763769388199
v -0.008458055555820465 0.13624994456768036 0.0841081365942955
v -3.5193295389035484e-08 0.10384177416563034 0.09961763769388199
v -0.0015782065456733108 0.13687986135482788 0.08427692949771881
v 0.0035980427637696266 0.13678354024887085 0.08425111323595047
v 0.001926428871229291 0.136868417263031 0.08427385985851288
v -3.5193295389035484e-08 0.10384177416563034 0.09961763769388199
v 0.0035980427637696266 0.13678354024887085 0.08425111323595047
v -3.5193295389035484e-08 0.10384177416563034 0.09961763769388199
v 0.006937514990568161 0.13646213710308075 0.08416499197483063
v 0.001926428871229291 0.136868417263031 0.08427385985851288
v 0.00025953384465537965 0.13690197467803955 0.08428285270929337
v -3.5193295389035484e-08 0.10384177416563034 0.09961763769388199
v -3.5193295389035484e-08 0.10384177416563034 0.09961763769388199
v 0.00025953384465537965 0.13690197467803955 0.08428285270929337
v -2.3687167782782126e-08 0.13689886033535004 0.08428201824426651
v -3.5193295389035484e-08 0.10384177416563034 0.09961763769388199
v -2.3687167782782126e-08 0.13689886033535004 0.08428201824426651
v -0.0015782065456733108 0.13687986135482788 0.08427692949771881
v 0.022320592775940895 0.13225610554218292 0.08303799480199814
v 0.020037828013300896 0.13323712348937988 0.08330085128545761
v 0.011382506228983402 0.10421840846538544 0.09863691031932831
v 0.011382506228983402 0.10421840846538544 0.09863691031932831
v 0.020037828013300896 0.13323712348937988 0.08330085128545761
v 0.013479038141667843 0.1352461278438568 0.08383917063474655
v 0.011382506228983402 0.10421840846538544 0.09863691031932831
v 0.013479038141667843 0.1352461278438568 0.08383917063474655
v 0.011282984167337418 0.13565436005592346 0.08394855260848999
v -0.042541589587926865 0.10183171182870865 0.08832595497369766
v -0.042694833129644394 0.09285379201173782 0.09238238632678986
v -0.03308991715312004 0.10720457881689072 0.09090054035186768
v -0.03308991715312004 0.10720457881689072 0.09090054035186768
v -0.042694833129644394 0.09285379201173782 0.09238238632678986
v -0.033508334308862686 0.07351063936948776 0.10623499751091003
v -0.03308991715312004 0.10720457881689072 0.09090054035186768
v -0.033508334308862686 0.07351063936948776 0.10623499751091003
v -0.022499609738588333 0.10534291714429855 0.09571674466133118
v -0.022499609738588333 0.10534291714429855 0.09571674466133118
v -0.033508334308862686 0.07351063936948776 0.10623499751091003
v -0.022769588977098465 0.07103464007377625 0.11138391494750977
v -0.022499609738588333 0.10534291714429855 0.09571674466133118
v -0.022769588977098465 0.07103464007377625 0.11138391494750977
v -0.011382564902305603 0.10421841591596603 0.09863691031932831
v -0.011382564902305603 0.10421841591596603 0.09863691031932831
v -0.022769588977098465 0.07103464007377625 0.11138391494750977
v -0.011514833196997643 0.06953885406255722 0.11449973285198212
v -0.011382564902305603 0.10421841591596603 0.09863691031932831
v -0.011514833196997643 0.06953885406255722 0.11449973285198212
v -3.5193295389035484e-08 0.10384177416563034 0.09961763769388199
v -3.5193295389035484e-08 0.10384177416563034 0.09961763769388199
v -0.011514833196997643 0.06953885406255722 0.11449973285198212
v -4.778835460683695e-08 0.06903780251741409 0.11554472893476486
v -0.0058896210975945 0.014181189239025116 0.1310100555419922
v -6.038341382463841e-08 0.03280770778656006 0.12779025733470917
v -0.005848767701536417 0.03297010064125061 0.12752839922904968
v -0.005848767701536417 0.03297010064125061 0.12752839922904968
v -6.038341382463841e-08 0.03280770778656006 0.12779025733470917
v -5.4085880663024e-08 0.051156628876924515 0.12236384302377701
v -0.005848767701536417 0.03297010064125061 0.12752839922904968
v -5.4085880663024e-08 0.051156628876924515 0.12236384302377701
v -0.01158803328871727 0.05172774940729141 0.12130584567785263
v -0.01174769178032875 0.014728433452546597 0.1302620768547058
v -0.011665649712085724 0.033456116914749146 0.1267448514699936
v -0.017542799934744835 0.015638155862689018 0.1290188580751419
v -0.017542799934744835 0.015638155862689018 0.1290188580751419
v -0.011665649712085724 0.033456116914749146 0.1267448514699936
v -0.017418889328837395 0.03426402062177658 0.12544265389442444
v -0.022918710485100746 0.05343279615044594 0.11814957112073898
v -0.017418889328837395 0.03426402062177658 0.12544265389442444
v -0.01158803328871727 0.05172774940729141 0.12130584567785263
v -0.01158803328871727 0.05172774940729141 0.12130584567785263
v -0.017418889328837395 0.03426402062177658 0.12544265389442444
v -0.011665649712085724 0.033456116914749146 0.1267448514699936
v -0.01158803328871727 0.05172774940729141 0.12130584567785263
v -0.011665649712085724 0.033456116914749146 0.1267448514699936
v -0.005848767701536417 0.03297010064125061 0.12752839922904968
v -0.005848767701536417 0.03297010064125061 0.12752839922904968
v -0.011665649712085724 0.033456116914749146 0.1267448514699936
v -0.01174769178032875 0.014728433452546597 0.1302620768547058
v -0.005848767701536417 0.03297010064125061 0.12752839922904968
v -0.01174769178032875 0.014728433452546597 0.1302620768547058
v -0.0058896210975945 0.014181189239025116 0.1310100555419922
v -0.04321562871336937 0.06374167650938034 0.10472936928272247
v -0.03373873606324196 0.05625531077384949 0.11292993277311325
v -0.033508334308862686 0.07351063936948776 0.10623499751091003
v -0.033508334308862686 0.07351063936948776 0.10623499751091003
v -0.03373873606324196 0.05625531077384949 0.11292993277311325
v -0.022918710485100746 0.05343279615044594 0.11814957112073898
v -0.033508334308862686 0.07351063936948776 0.10623499751091003
v -0.022918710485100746 0.05343279615044594 0.11814957112073898
v -0.022769588977098465 0.07103464007377625 0.11138391494750977
v -0.022769588977098465 0.07103464007377625 0.11138391494750977
v -0.022918710485100746 0.05343279615044594 0.11814957112073898
v -0.01158803328871727 0.05172774940729141 0.12130584567785263
v -0.022769588977098465 0.07103464007377625 0.11138391494750977
v -0.01158803328871727 0.05172774940729141 0.12130584567785263
v -0.011514833196997643 0.06953885406255722 0.11449973285198212
v -0.011514833196997643 0.06953885406255722 0.11449973285198212
v -0.01158803328871727 0.05172774940729141 0.12130584567785263
v -5.4085880663024e-08 0.051156628876924515 0.12236384302377701
v -0.011514833196997643 0.06953885406255722 0.11449973285198212
v -5.4085880663024e-08 0.051156628876924515 0.12236384302377701
v -4.778835460683695e-08 0.06903780251741409 0.11554472893476486
v -0.02324347011744976 0.0169084370136261 0.12728318572044373
v -0.02307666465640068 0.03539206460118294 0.12362488359212875
v -0.028818689286708832 0.01853673905134201 0.12505869567394257
v -0.028818689286708832 0.01853673905134201 0.12505869567394257
v -0.02307666465640068 0.03539206460118294 0.12362488359212875
v -0.02860763855278492 0.03683795779943466 0.12129553407430649
v -0.023330211639404297 0.007534166797995567 0.1282363384962082
v -0.02324347011744976 0.0169084370136261 0.12728318572044373
v -0.03437279909849167 0.011342860758304596 0.1234983578324318
v -0.03437279909849167 0.011342860758304596 0.1234983578324318
v -0.02324347011744976 0.0169084370136261 0.12728318572044373
v -0.028818689286708832 0.01853673905134201 0.12505869567394257
v -0.03437279909849167 0.011342860758304596 0.1234983578324318
v -0.028818689286708832 0.01853673905134201 0.12505869567394257
v -0.03423932567238808 0.020518071949481964 0.12235257029533386
v -0.03423932567238808 0.020518071949481964 0.12235257029533386
v -0.028818689286708832 0.01853673905134201 0.12505869567394257
v -0.02860763855278492 0.03683795779943466 0.12129553407430649
v -0.02860763855278492 0.03683795779943466 0.12129553407430649
v -0.03398239240050316 0.03859717771410942 0.1184624582529068
v -0.03423932567238808 0.020518071949481964 0.12235257029533386
v -0.03423932567238808 0.020518071949481964 0.12235257029533386
v -0.03398239240050316 0.03859717771410942 0.1184624582529068
v -0.039476703852415085 0.022846834734082222 0.11917281150817871
v -0.03423932567238808 0.020518071949481964 0.12235257029533386
v -0.039476703852415085 0.022846834734082222 0.11917281150817871
v -0.03437279909849167 0.011342860758304596 0.1234983578324318
v -0.03437279909849167 0.011342860758304596 0.1234983578324318
v -0.039476703852415085 0.022846834734082222 0.11917281150817871
v -0.03979688882827759 0.00469046737998724 0.12109387665987015
v -0.03437279909849167 0.011342860758304596 0.1234983578324318
v -0.03979688882827759 0.00469046737998724 0.12109387665987015
v -0.03450951352715492 0.00211260374635458 0.12399134784936905
v -0.03450951352715492 0.00211260374635458 0.12399134784936905
v -0.03979688882827759 0.00469046737998724 0.12109387665987015
v -0.04433838650584221 0.004342210479080677 0.1183125451207161
v -0.03450951352715492 0.00211260374635458 0.12399134784936905
v -0.04433838650584221 0.004342210479080677 0.1183125451207161
v -0.044402047991752625 0.0010597039945423603 0.1182580441236496
v -0.02396482601761818 -0.05388035252690315 0.10980988293886185
v -0.012102927081286907 -0.056561388075351715 0.11131900548934937
v -0.0238790400326252 -0.0464981272816658 0.1156492754817009
v -0.0238790400326252 -0.0464981272816658 0.1156492754817009
v -0.012102927081286907 -0.056561388075351715 0.11131900548934937
v -0.012060713954269886 -0.04918617010116577 0.11734450608491898
v -0.0238790400326252 -0.0464981272816658 0.1156492754817009
v -0.012060713954269886 -0.04918617010116577 0.11734450608491898
v -0.023788558319211006 -0.038360536098480225 0.12037757784128189
v -0.023788558319211006 -0.038360536098480225 0.12037757784128189
v -0.012060713954269886 -0.04918617010116577 0.11734450608491898
v -0.012016153894364834 -0.041040342301130295 0.12227930128574371
v -0.023788558319211006 -0.038360536098480225 0.12037757784128189
v -0.012016153894364834 -0.041040342301130295 0.12227930128574371
v -0.023695725947618484 -0.02965938299894333 0.12396486103534698
v -0.023695725947618484 -0.02965938299894333 0.12396486103534698
v -0.012016153894364834 -0.041040342301130295 0.12227930128574371
v -0.011970418505370617 -0.03230839595198631 0.12608419358730316
v -0.023695725947618484 -0.02965938299894333 0.12396486103534698
v -0.011970418505370617 -0.03230839595198631 0.12608419358730316
v -0.023602450266480446 -0.020581943914294243 0.12645231187343597
v -0.023602450266480446 -0.020581943914294243 0.12645231187343597
v -0.011970418505370617 -0.03230839595198631 0.12608419358730316
v -0.011924460530281067 -0.023174535483121872 0.12878739833831787
v -0.023602450266480446 -0.020581943914294243 0.12645231187343597
v -0.011924460530281067 -0.023174535483121872 0.12878739833831787
v -0.02350999228656292 -0.011283460073173046 0.12792451679706573
v -0.02350999228656292 -0.011283460073173046 0.12792451679706573
v -0.011924460530281067 -0.023174535483121872 0.12878739833831787
v -0.011878912337124348 -0.013795742765069008 0.13046099245548248
v -0.02350999228656292 -0.011283460073173046 0.12792451679706573
v -0.011878912337124348 -0.013795742765069008 0.13046099245548248
v -0.02341911382973194 -0.0018828082829713821 0.12848393619060516
v -0.02341911382973194 -0.0018828082829713821 0.12848393619060516
v -0.011878912337124348 -0.013795742765069008 0.13046099245548248
v -0.011834152974188328 -0.004295621067285538 0.13119803369045258
v -0.02341911382973194 -0.0018828082829713821 0.12848393619060516
v -0.011834152974188328 -0.004295621067285538 0.13119803369045258
v -0.023330211639404297 0.007534166797995567 0.1282363384962082
v -0.023330211639404297 0.007534166797995567 0.1282363384962082
v -0.011834152974188328 -0.004295621067285538 0.13119803369045258
v -0.01179038267582655 0.005234055686742067 0.131098672747612
v -0.0243317149579525 -0.08006960898637772 0.05074748396873474
v -0.012281608767807484 -0.08262880891561508 0.051357489079236984
v -0.024303767830133438 -0.0786164253950119 0.06006181985139847
v -0.024303767830133438 -0.0786164253950119 0.06006181985139847
v -0.012281608767807484 -0.08262880891561508 0.051357489079236984
v -0.012268316000699997 -0.0811983197927475 0.06078281253576279
v -0.024303767830133438 -0.0786164253950119 0.06006181985139847
v -0.012268316000699997 -0.0811983197927475 0.06078281253576279
v -0.02426878549158573 -0.07658340036869049 0.06926599144935608
v -0.02426878549158573 -0.07658340036869049 0.06926599144935608
v -0.012268316000699997 -0.0811983197927475 0.06078281253576279
v -0.012251505628228188 -0.07918598502874374 0.07010041177272797
v -0.02426878549158573 -0.07658340036869049 0.06926599144935608
v -0.012251505628228188 -0.07918598502874374 0.07010041177272797
v -0.024225963279604912 -0.07385193556547165 0.0782865583896637
v -0.024225963279604912 -0.07385193556547165 0.0782865583896637
v -0.012251505628228188 -0.07918598502874374 0.07010041177272797
v -0.012230774387717247 -0.07647261023521423 0.07923769950866699
v -0.024225963279604912 -0.07385193556547165 0.0782865583896637
v -0.012230774387717247 -0.07647261023521423 0.07923769950866699
v -0.024174489080905914 -0.07030108571052551 0.0870153084397316
v -0.024174489080905914 -0.07030108571052551 0.0870153084397316
v -0.012230774387717247 -0.07647261023521423 0.07923769950866699
v -0.012205718085169792 -0.07293771207332611 0.08808813989162445
v -0.024174489080905914 -0.07030108571052551 0.0870153084397316
v -0.012205718085169792 -0.07293771207332611 0.08808813989162445
v -0.02411375194787979 -0.06582369655370712 0.09530411660671234
v -0.02411375194787979 -0.06582369655370712 0.09530411660671234
v -0.012205718085169792 -0.07293771207332611 0.08808813989162445
v -0.0121760293841362 -0.06847545504570007 0.09650691598653793
v -0.02411375194787979 -0.06582369655370712 0.09530411660671234
v -0.0121760293841362 -0.06847545504570007 0.09650691598653793
v -0.024043627083301544 -0.06035076454281807 0.10296935588121414
v -0.024043627083301544 -0.06035076454281807 0.10296935588121414
v -0.0121760293841362 -0.06847545504570007 0.09650691598653793
v -0.01214164774864912 -0.06301780045032501 0.10431554168462753
v -0.023330211639404297 0.007534166797995567 0.1282363384962082
v -0.03437279909849167 0.011342860758304596 0.1234983578324318
v -0.02341911382973194 -0.0018828082829713821 0.12848393619060516
v -0.02341911382973194 -0.0018828082829713821 0.12848393619060516
v -0.03437279909849167 0.011342860758304596 0.1234983578324318
v -0.03450951352715492 0.00211260374635458 0.12399134784936905
v -0.02341911382973194 -0.0018828082829713821 0.12848393619060516
v -0.03450951352715492 0.00211260374635458 0.12399134784936905
v -0.02350999228656292 -0.011283460073173046 0.12792451679706573
v -0.02350999228656292 -0.011283460073173046 0.12792451679706573
v -0.03450951352715492 0.00211260374635458 0.12399134784936905
v -0.03464919328689575 -0.0071233841590583324 0.12372633814811707
v -0.02350999228656292 -0.011283460073173046 0.12792451679706573
v -0.03464919328689575 -0.0071233841590583324 0.12372633814811707
v -0.023602450266480446 -0.020581943914294243 0.12645231187343597
v -0.03464919328689575 -0.0071233841590583324 0.12372633814811707
v -0.0347912423312664 -0.01628914289176464 0.1225881278514862
v -0.023602450266480446 -0.020581943914294243 0.12645231187343597
v -0.023602450266480446 -0.020581943914294243 0.12645231187343597
v -0.0347912423312664 -0.01628914289176464 0.1225881278514862
v -0.029390372335910797 -0.027680907398462296 0.12238270789384842
v -0.023602450266480446 -0.020581943914294243 0.12645231187343597
v -0.029390372335910797 -0.027680907398462296 0.12238270789384842
v -0.023695725947618484 -0.02965938299894333 0.12396486103534698
v -0.023695725947618484 -0.02965938299894333 0.12396486103534698
v -0.029390372335910797 -0.027680907398462296 0.12238270789384842
v -0.029507683590054512 -0.0363592803478241 0.11895817518234253
v -0.023695725947618484 -0.02965938299894333 0.12396486103534698
v -0.029507683590054512 -0.0363592803478241 0.11895817518234253
v -0.023788558319211006 -0.038360536098480225 0.12037757784128189
v -0.023788558319211006 -0.038360536098480225 0.12037757784128189
v -0.029507683590054512 -0.0363592803478241 0.11895817518234253
v -0.02962205745279789 -0.044491011649370193 0.11438427120447159
v -0.023788558319211006 -0.038360536098480225 0.12037757784128189
v -0.02962205745279789 -0.044491011649370193 0.11438427120447159
v -0.0238790400326252 -0.0464981272816658 0.1156492754817009
v -0.0238790400326252 -0.0464981272816658 0.1156492754817009
v -0.02962205745279789 -0.044491011649370193 0.11438427120447159
v -0.02973056398332119 -0.05187880992889404 0.1086839959025383
v -0.0238790400326252 -0.0464981272816658 0.1156492754817009
v -0.02973056398332119 -0.05187880992889404 0.1086839959025383
v -0.02396482601761818 -0.05388035252690315 0.10980988293886185
v -0.0347912423312664 -0.01628914289176464 0.1225881278514862
v -0.03493451699614525 -0.02527366392314434 0.12045858800411224
v -0.029390372335910797 -0.027680907398462296 0.12238270789384842
v -0.029390372335910797 -0.027680907398462296 0.12238270789384842
v -0.03493451699614525 -0.02527366392314434 0.12045858800411224
v -0.03507712483406067 -0.033924609422683716 0.11723235249519348
v -0.029390372335910797 -0.027680907398462296 0.12238270789384842
v -0.03507712483406067 -0.033924609422683716 0.11723235249519348
v -0.029507683590054512 -0.0363592803478241 0.11895817518234253
v -0.029507683590054512 -0.0363592803478241 0.11895817518234253
v -0.03507712483406067 -0.033924609422683716 0.11723235249519348
v -0.03521621227264404 -0.0420495979487896 0.11284654587507248
v -0.029507683590054512 -0.0363592803478241 0.11895817518234253
v -0.03521621227264404 -0.0420495979487896 0.11284654587507248
v -0.02962205745279789 -0.044491011649370193 0.11438427120447159
v -0.02962205745279789 -0.044491011649370193 0.11438427120447159
v -0.03521621227264404 -0.0420495979487896 0.11284654587507248
v -0.03534825146198273 -0.04944462329149246 0.10731568932533264
v -0.02962205745279789 -0.044491011649370193 0.11438427120447159
v -0.03534825146198273 -0.04944462329149246 0.10731568932533264
v -0.02973056398332119 -0.05187880992889404 0.1086839959025383
v -0.02973056398332119 -0.05187880992889404 0.1086839959025383
v -0.03534825146198273 -0.04944462329149246 0.10731568932533264
v -0.035469818860292435 -0.05593947693705559 0.1007450520992279
v -0.02973056398332119 -0.05187880992889404 0.1086839959025383
v -0.035469818860292435 -0.05593947693705559 0.1007450520992279
v -0.02396482601761818 -0.05388035252690315 0.10980988293886185
v -0.044523242861032486 -0.005189243704080582 0.11815427988767624
v -0.04456532001495361 -0.007194997277110815 0.11792352795600891
v -0.03464919328689575 -0.0071233841590583324 0.12372633814811707
v -0.03464919328689575 -0.0071233841590583324 0.12372633814811707
v -0.04456532001495361 -0.007194997277110815 0.11792352795600891
v -0.040130533277988434 -0.013519627042114735 0.12009669095277786
v -0.03464919328689575 -0.0071233841590583324 0.12372633814811707
v -0.040130533277988434 -0.013519627042114735 0.12009669095277786
v -0.0347912423312664 -0.01628914289176464 0.1225881278514862
v -0.0347912423312664 -0.01628914289176464 0.1225881278514862
v -0.040130533277988434 -0.013519627042114735 0.12009669095277786
v -0.040300171822309494 -0.022444579750299454 0.11819858849048615
v -0.0347912423312664 -0.01628914289176464 0.1225881278514862
v -0.040300171822309494 -0.022444579750299454 0.11819858849048615
v -0.03493451699614525 -0.02527366392314434 0.12045858800411224
v -0.03493451699614525 -0.02527366392314434 0.12045858800411224
v -0.040300171822309494 -0.022444579750299454 0.11819858849048615
v -0.04046902805566788 -0.03106371872127056 0.1152058094739914
v -0.03493451699614525 -0.02527366392314434 0.12045858800411224
v -0.04046902805566788 -0.03106371872127056 0.1152058094739914
v -0.03507712483406067 -0.033924609422683716 0.11723235249519348
v -0.03507712483406067 -0.033924609422683716 0.11723235249519348
v -0.04046902805566788 -0.03106371872127056 0.1152058094739914
v -0.04063377529382706 -0.039181336760520935 0.11104141920804977
v -0.03507712483406067 -0.033924609422683716 0.11723235249519348
v -0.04063377529382706 -0.039181336760520935 0.11104141920804977
v -0.03521621227264404 -0.0420495979487896 0.11284654587507248
v -0.03521621227264404 -0.0420495979487896 0.11284654587507248
v -0.04063377529382706 -0.039181336760520935 0.11104141920804977
v -0.04079030454158783 -0.04658551141619682 0.10570988804101944
v -0.03521621227264404 -0.0420495979487896 0.11284654587507248
v -0.04079030454158783 -0.04658551141619682 0.10570988804101944
v -0.03534825146198273 -0.04944462329149246 0.10731568932533264
v -0.03534825146198273 -0.04944462329149246 0.10731568932533264
v -0.04079030454158783 -0.04658551141619682 0.10570988804101944
v -0.04093461111187935 -0.05309708043932915 0.09931347519159317
v -0.03534825146198273 -0.04944462329149246 0.10731568932533264
v -0.04093461111187935 -0.05309708043932915 0.09931347519159317
v -0.035469818860292435 -0.05593947693705559 0.1007450520992279
v -0.035469818860292435 -0.05593947693705559 0.1007450520992279
v -0.04093461111187935 -0.05309708043932915 0.09931347519159317
v -0.045656293630599976 -0.050821300595998764 0.09717223793268204
v -0.035469818860292435 -0.05593947693705559 0.1007450520992279
v -0.045656293630599976 -0.050821300595998764 0.09717223793268204
v -0.04567904397845268 -0.05146414414048195 0.09634466469287872
v -0.03592211753129959 -0.07584477216005325 0.049740247428417206
v -0.0243317149579525 -0.08006960898637772 0.05074748396873474
v -0.035876836627721786 -0.07435265183448792 0.058871250599622726
v -0.035876836627721786 -0.07435265183448792 0.058871250599622726
v -0.0243317149579525 -0.08006960898637772 0.05074748396873474
v -0.024303767830133438 -0.0786164253950119 0.06006181985139847
v -0.035876836627721786 -0.07435265183448792 0.058871250599622726
v -0.024303767830133438 -0.0786164253950119 0.06006181985139847
v -0.03582100197672844 -0.0722840204834938 0.06788802891969681
v -0.03582100197672844 -0.0722840204834938 0.06788802891969681
v -0.024303767830133438 -0.0786164253950119 0.06006181985139847
v -0.02426878549158573 -0.07658340036869049 0.06926599144935608
v -0.03582100197672844 -0.0722840204834938 0.06788802891969681
v -0.02426878549158573 -0.07658340036869049 0.06926599144935608
v -0.03575340658426285 -0.06952128559350967 0.07671572268009186
v -0.03575340658426285 -0.06952128559350967 0.07671572268009186
v -0.02426878549158573 -0.07658340036869049 0.06926599144935608
v -0.024225963279604912 -0.07385193556547165 0.0782865583896637
v -0.03575340658426285 -0.06952128559350967 0.07671572268009186
v -0.024225963279604912 -0.07385193556547165 0.0782865583896637
v -0.035672832280397415 -0.06594272702932358 0.08524329215288162
v -0.035672832280397415 -0.06594272702932358 0.08524329215288162
v -0.024225963279604912 -0.07385193556547165 0.0782865583896637
v -0.024174489080905914 -0.07030108571052551 0.0870153084397316
v -0.035672832280397415 -0.06594272702932358 0.08524329215288162
v -0.024174489080905914 -0.07030108571052551 0.0870153084397316
v -0.03557836636900902 -0.061438996344804764 0.09331713616847992
v -0.03557836636900902 -0.061438996344804764 0.09331713616847992
v -0.024174489080905914 -0.07030108571052551 0.0870153084397316
v -0.02411375194787979 -0.06582369655370712 0.09530411660671234
v -0.03557836636900902 -0.061438996344804764 0.09331713616847992
v -0.02411375194787979 -0.06582369655370712 0.09530411660671234
v -0.035469818860292435 -0.05593947693705559 0.1007450520992279
v -0.035469818860292435 -0.05593947693705559 0.1007450520992279
v -0.02411375194787979 -0.06582369655370712 0.09530411660671234
v -0.024043627083301544 -0.06035076454281807 0.10296935588121414
v -0.035469818860292435 -0.05593947693705559 0.1007450520992279
v -0.024043627083301544 -0.06035076454281807 0.10296935588121414
v -0.02396482601761818 -0.05388035252690315 0.10980988293886185
v -0.02396482601761818 -0.05388035252690315 0.10980988293886185
v -0.024043627083301544 -0.06035076454281807 0.10296935588121414
v -0.01214164774864912 -0.06301780045032501 0.10431554168462753
v -0.02396482601761818 -0.05388035252690315 0.10980988293886185
v -0.01214164774864912 -0.06301780045032501 0.10431554168462753
v -0.012102927081286907 -0.056561388075351715 0.11131900548934937
v 0.034791216254234314 -0.01628914475440979 0.1225881278514862
v 0.03493449464440346 -0.02527366578578949 0.12045858800411224
v 0.0403001643717289 -0.022444579750299454 0.11819858849048615
v 0.0403001643717289 -0.022444579750299454 0.11819858849048615
v 0.03493449464440346 -0.02527366578578949 0.12045858800411224
v 0.03507709875702858 -0.033924613147974014 0.11723235249519348
v 0.0403001643717289 -0.022444579750299454 0.11819858849048615
v 0.03507709875702858 -0.033924613147974014 0.11723235249519348
v 0.04046902060508728 -0.03106372058391571 0.1152058094739914
v 0.04046902060508728 -0.03106372058391571 0.1152058094739914
v 0.03507709875702858 -0.033924613147974014 0.11723235249519348
v 0.035216182470321655 -0.0420495979487896 0.11284654587507248
v 0.04046902060508728 -0.03106372058391571 0.1152058094739914
v 0.035216182470321655 -0.0420495979487896 0.11284654587507248
v 0.04063376784324646 -0.039181336760520935 0.11104141920804977
v 0.04063376784324646 -0.039181336760520935 0.11104141920804977
v 0.035216182470321655 -0.0420495979487896 0.11284654587507248
v 0.03534822538495064 -0.04944462701678276 0.10731568932533264
v 0.04063376784324646 -0.039181336760520935 0.11104141920804977
v 0.03534822538495064 -0.04944462701678276 0.10731568932533264
v 0.04079029709100723 -0.04658551141619682 0.10570988804101944
v 0.04079029709100723 -0.04658551141619682 0.10570988804101944
v 0.03534822538495064 -0.04944462701678276 0.10731568932533264
v 0.04553302749991417 -0.0469854474067688 0.1011967882514
v 0.04079029709100723 -0.04658551141619682 0.10570988804101944
v 0.04553302749991417 -0.0469854474067688 0.1011967882514
v 0.045491233468055725 -0.04556760936975479 0.102407306432724
v 0.033982373774051666 0.03859717771410942 0.1184624582529068
v 0.028607601299881935 0.03683795407414436 0.12129553407430649
v 0.02881864830851555 0.018536735326051712 0.12505869567394257
v 0.02881864830851555 0.018536735326051712 0.12505869567394257
v 0.028607601299881935 0.03683795407414436 0.12129553407430649
v 0.023243403062224388 0.0169084332883358 0.12728318572044373
v 0.02881864830851555 0.018536735326051712 0.12505869567394257
v 0.023243403062224388 0.0169084332883358 0.12728318572044373
v 0.023330142721533775 0.007534163072705269 0.1282363384962082
v 0.04389794170856476 0.027659844607114792 0.11548402905464172
v 0.0391719825565815 0.04066465049982071 0.11513445526361465
v 0.039476700127124786 0.022846832871437073 0.11917281150817871
v 0.039476700127124786 0.022846832871437073 0.11917281150817871
v 0.0391719825565815 0.04066465049982071 0.11513445526361465
v 0.034239303320646286 0.020518070086836815 0.12235257029533386
v 0.039476700127124786 0.022846832871437073 0.11917281150817871
v 0.034239303320646286 0.020518070086836815 0.12235257029533386
v 0.03979688137769699 0.0046904669143259525 0.12109387665987015
v 0.03979688137769699 0.0046904669143259525 0.12109387665987015
v 0.034239303320646286 0.020518070086836815 0.12235257029533386
v 0.03437277674674988 0.011342859826982021 0.1234983578324318
v 0.03979688137769699 0.0046904669143259525 0.12109387665987015
v 0.03437277674674988 0.011342859826982021 0.1234983578324318
v 0.03450949117541313 0.0021126021165400743 0.12399134784936905
v 0.023076605051755905 0.03539206087589264 0.12362488359212875
v 0.01741880737245083 0.03426401689648628 0.12544265389442444
v 0.017542710527777672 0.01563815400004387 0.1290188580751419
v 0.017542710527777672 0.01563815400004387 0.1290188580751419
v 0.01741880737245083 0.03426401689648628 0.12544265389442444
v 0.011747580021619797 0.014728430658578873 0.1302620768547058
v 0.017542710527777672 0.01563815400004387 0.1290188580751419
v 0.011747580021619797 0.014728430658578873 0.1302620768547058
v 0.011790265329182148 0.0052340528927743435 0.131098672747612
v 0.01166554819792509 0.033456116914749146 0.1267448514699936
v 0.005848652217537165 0.03297010064125061 0.12752839922904968
v 0.005889493972063065 0.014181188307702541 0.1310100555419922
v 0.005889493972063065 0.014181188307702541 0.1310100555419922
v 0.005848652217537165 0.03297010064125061 0.12752839922904968
v -6.668093988082546e-08 0.013998347334563732 0.1312599927186966
v 0.005889493972063065 0.014181188307702541 0.1310100555419922
v -6.668093988082546e-08 0.013998347334563732 0.1312599927186966
v -6.982970290891899e-08 0.004463772289454937 0.13205748796463013
v -6.982970290891899e-08 0.004463772289454937 0.13205748796463013
v -6.668093988082546e-08 0.013998347334563732 0.1312599927186966
v -0.01179038267582655 0.005234055686742067 0.131098672747612
v -6.982970290891899e-08 0.004463772289454937 0.13205748796463013
v -0.01179038267582655 0.005234055686742067 0.131098672747612
v -7.297847304243987e-08 -0.005103633273392916 0.1321071982383728
v -7.297847304243987e-08 -0.005103633273392916 0.1321071982383728
v -0.01179038267582655 0.005234055686742067 0.131098672747612
v -0.011834152974188328 -0.004295621067285538 0.13119803369045258
v -7.297847304243987e-08 -0.005103633273392916 0.1321071982383728
v -0.011834152974188328 -0.004295621067285538 0.13119803369045258
v -7.61272360705334e-08 -0.014637073501944542 0.13131071627140045
v -7.61272360705334e-08 -0.014637073501944542 0.13131071627140045
v -0.011834152974188328 -0.004295621067285538 0.13119803369045258
v -0.011878912337124348 -0.013795742765069008 0.13046099245548248
v -7.61272360705334e-08 -0.014637073501944542 0.13131071627140045
v -0.011878912337124348 -0.013795742765069008 0.13046099245548248
v -7.927599909862693e-08 -0.024042796343564987 0.12956975400447845
v -7.927599909862693e-08 -0.024042796343564987 0.12956975400447845
v -0.011878912337124348 -0.013795742765069008 0.13046099245548248
v -0.011924460530281067 -0.023174535483121872 0.12878739833831787
v -7.927599909862693e-08 -0.024042796343564987 0.12956975400447845
v -0.011924460530281067 -0.023174535483121872 0.12878739833831787
v -8.242476212672045e-08 -0.033195625990629196 0.12679439783096313
v -8.242476212672045e-08 -0.033195625990629196 0.12679439783096313
v -0.011924460530281067 -0.023174535483121872 0.12878739833831787
v -0.011970418505370617 -0.03230839595198631 0.12608419358730316
v -8.242476212672045e-08 -0.033195625990629196 0.12679439783096313
v -0.011970418505370617 -0.03230839595198631 0.12608419358730316
v -8.557353226024134e-08 -0.04193799942731857 0.12291672080755234
v -8.557353226024134e-08 -0.04193799942731857 0.12291672080755234
v -0.011970418505370617 -0.03230839595198631 0.12608419358730316
v -0.012016153894364834 -0.041040342301130295 0.12227930128574371
v -8.557353226024134e-08 -0.04193799942731857 0.12291672080755234
v -0.012016153894364834 -0.041040342301130295 0.12227930128574371
v -8.872229528833486e-08 -0.05008673295378685 0.11791285872459412
v -8.872229528833486e-08 -0.05008673295378685 0.11791285872459412
v -0.012016153894364834 -0.041040342301130295 0.12227930128574371
v -0.012060713954269886 -0.04918617010116577 0.11734450608491898
v -8.872229528833486e-08 -0.05008673295378685 0.11791285872459412
v -0.012060713954269886 -0.04918617010116577 0.11734450608491898
v -9.187105831642839e-08 -0.05745977535843849 0.11182507872581482
v -9.187105831642839e-08 -0.05745977535843849 0.11182507872581482
v -0.012060713954269886 -0.04918617010116577 0.11734450608491898
v -0.012102927081286907 -0.056561388075351715 0.11131900548934937
v -9.187105831642839e-08 -0.05745977535843849 0.11182507872581482
v -0.012102927081286907 -0.056561388075351715 0.11131900548934937
v -9.501982134452192e-08 -0.06391168385744095 0.10476706922054291
v -9.501982134452192e-08 -0.06391168385744095 0.10476706922054291
v -0.012102927081286907 -0.056561388075351715 0.11131900548934937
v -0.01214164774864912 -0.06301780045032501 0.10431554168462753
v -9.501982134452192e-08 -0.06391168385744095 0.10476706922054291
v -0.01214164774864912 -0.06301780045032501 0.10431554168462753
v -9.81685914780428e-08 -0.06936440616846085 0.09691040962934494
v -9.81685914780428e-08 -0.06936440616846085 0.09691040962934494
v -0.01214164774864912 -0.06301780045032501 0.10431554168462753
v -0.0121760293841362 -0.06847545504570007 0.09650691598653793
v -9.81685914780428e-08 -0.06936440616846085 0.09691040962934494
v -0.0121760293841362 -0.06847545504570007 0.09650691598653793
v -1.0131735450613633e-07 -0.0738217756152153 0.08844806998968124
v -1.0131735450613633e-07 -0.0738217756152153 0.08844806998968124
v -0.0121760293841362 -0.06847545504570007 0.09650691598653793
v -0.012205718085169792 -0.07293771207332611 0.08808813989162445
v -1.0131735450613633e-07 -0.0738217756152153 0.08844806998968124
v -0.012205718085169792 -0.07293771207332611 0.08808813989162445
v -1.0446611753422985e-07 -0.07735152542591095 0.07955682277679443
v -1.0446611753422985e-07 -0.07735152542591095 0.07955682277679443
v -0.012205718085169792 -0.07293771207332611 0.08808813989162445
v -0.012230774387717247 -0.07647261023521423 0.07923769950866699
v -1.0446611753422985e-07 -0.07735152542591095 0.07955682277679443
v -0.012230774387717247 -0.07647261023521423 0.07923769950866699
v -1.0761488766775074e-07 -0.08005902916193008 0.07038038969039917
v -1.0761488766775074e-07 -0.08005902916193008 0.07038038969039917
v -0.012230774387717247 -0.07647261023521423 0.07923769950866699
v -0.012251505628228188 -0.07918598502874374 0.07010041177272797
v -1.0761488766775074e-07 -0.08005902916193008 0.07038038969039917
v -0.012251505628228188 -0.07918598502874374 0.07010041177272797
v -1.1076365069584426e-07 -0.08206462860107422 0.0610247477889061
v -1.1076365069584426e-07 -0.08206462860107422 0.0610247477889061
v -0.012251505628228188 -0.07918598502874374 0.07010041177272797
v -0.012268316000699997 -0.0811983197927475 0.06078281253576279
v -1.1076365069584426e-07 -0.08206462860107422 0.0610247477889061
v -0.012268316000699997 -0.0811983197927475 0.06078281253576279
v -1.1706117675203132e-07 -0.08444131165742874 0.042041633278131485
v -1.1706117675203132e-07 -0.08444131165742874 0.042041633278131485
v -0.012268316000699997 -0.0811983197927475 0.06078281253576279
v -0.012281608767807484 -0.08262880891561508 0.051357489079236984
v -1.1706117675203132e-07 -0.08444131165742874 0.042041633278131485
v -0.012281608767807484 -0.08262880891561508 0.051357489079236984
v -0.01229174342006445 -0.08359001576900482 0.04187353700399399
v -0.01229174342006445 -0.08359001576900482 0.04187353700399399
v -0.012281608767807484 -0.08262880891561508 0.051357489079236984
v -0.0243317149579525 -0.08006960898637772 0.05074748396873474
v -0.01229174342006445 -0.08359001576900482 0.04187353700399399
v -0.0243317149579525 -0.08006960898637772 0.05074748396873474
v -0.02435334399342537 -0.08105413615703583 0.041372619569301605
v -0.02435334399342537 -0.08105413615703583 0.041372619569301605
v -0.0243317149579525 -0.08006960898637772 0.05074748396873474
v -0.03592211753129959 -0.07584477216005325 0.049740247428417206
v -0.02435334399342537 -0.08105413615703583 0.041372619569301605
v -0.03592211753129959 -0.07584477216005325 0.049740247428417206
v -0.03595792502164841 -0.07686929404735565 0.040545541793107986
v -0.03595792502164841 -0.07686929404735565 0.040545541793107986
v -0.03592211753129959 -0.07584477216005325 0.049740247428417206
v -0.04662931337952614 -0.07085532695055008 0.042833808809518814
v -0.03595792502164841 -0.07686929404735565 0.040545541793107986
v -0.04662931337952614 -0.07085532695055008 0.042833808809518814
v -0.04664640128612518 -0.07105419784784317 0.04134073108434677
v 0.019421076402068138 -0.08317150175571442 0.025314340367913246
v 0.023545505478978157 -0.08215038478374481 0.02558794617652893
v 0.012291546911001205 -0.08359002321958542 0.04187353700399399
v 0.012291546911001205 -0.08359002321958542 0.04187353700399399
v 0.023545505478978157 -0.08215038478374481 0.02558794617652893
v 0.024353228509426117 -0.08105414360761642 0.041372619569301605
v 0.012291546911001205 -0.08359002321958542 0.04187353700399399
v 0.024353228509426117 -0.08105414360761642 0.041372619569301605
v 0.012281416915357113 -0.08262881636619568 0.051357489079236984
v 0.012281416915357113 -0.08262881636619568 0.051357489079236984
v 0.024353228509426117 -0.08105414360761642 0.041372619569301605
v 0.024331601336598396 -0.08006961643695831 0.05074748396873474
v 0.012281416915357113 -0.08262881636619568 0.051357489079236984
v 0.024331601336598396 -0.08006961643695831 0.05074748396873474
v 0.012268129736185074 -0.0811983272433281 0.06078281253576279
v 0.012268129736185074 -0.0811983272433281 0.06078281253576279
v 0.024331601336598396 -0.08006961643695831 0.05074748396873474
v 0.024303659796714783 -0.0786164328455925 0.06006181985139847
v 0.012268129736185074 -0.0811983272433281 0.06078281253576279
v 0.024303659796714783 -0.0786164328455925 0.06006181985139847
v 0.012251324020326138 -0.07918598502874374 0.07010041177272797
v 0.012251324020326138 -0.07918598502874374 0.07010041177272797
v 0.024303659796714783 -0.0786164328455925 0.06006181985139847
v 0.024268679320812225 -0.07658340781927109 0.06926599144935608
v 0.012251324020326138 -0.07918598502874374 0.07010041177272797
v 0.024268679320812225 -0.07658340781927109 0.06926599144935608
v 0.012230598367750645 -0.07647261768579483 0.07923769950866699
v 0.012230598367750645 -0.07647261768579483 0.07923769950866699
v 0.024268679320812225 -0.07658340781927109 0.06926599144935608
v 0.024225858971476555 -0.07385194301605225 0.0782865583896637
v 0.012230598367750645 -0.07647261768579483 0.07923769950866699
v 0.024225858971476555 -0.07385194301605225 0.0782865583896637
v 0.012205547653138638 -0.07293771207332611 0.08808813989162445
v 0.012205547653138638 -0.07293771207332611 0.08808813989162445
v 0.024225858971476555 -0.07385194301605225 0.0782865583896637
v 0.024174390360713005 -0.07030108571052551 0.0870153084397316
v 0.012205547653138638 -0.07293771207332611 0.08808813989162445
v 0.024174390360713005 -0.07030108571052551 0.0870153084397316
v 0.012175864540040493 -0.06847546249628067 0.09650691598653793
v 0.012175864540040493 -0.06847546249628067 0.09650691598653793
v 0.024174390360713005 -0.07030108571052551 0.0870153084397316
v 0.02411365509033203 -0.06582370400428772 0.09530411660671234
v 0.012175864540040493 -0.06847546249628067 0.09650691598653793
v 0.02411365509033203 -0.06582370400428772 0.09530411660671234
v 0.012141487561166286 -0.06301780790090561 0.10431554168462753
v 0.012141487561166286 -0.06301780790090561 0.10431554168462753
v 0.02411365509033203 -0.06582370400428772 0.09530411660671234
v 0.024043533951044083 -0.06035076826810837 0.10296935588121414
v 0.012141487561166286 -0.06301780790090561 0.10431554168462753
v 0.024043533951044083 -0.06035076826810837 0.10296935588121414
v 0.012102772481739521 -0.056561391800642014 0.11131900548934937
v 0.012102772481739521 -0.056561391800642014 0.11131900548934937
v 0.024043533951044083 -0.06035076826810837 0.10296935588121414
v 0.023964734748005867 -0.05388035997748375 0.10980988293886185
v 0.012102772481739521 -0.056561391800642014 0.11131900548934937
v 0.023964734748005867 -0.05388035997748375 0.10980988293886185
v 0.012060564942657948 -0.04918617382645607 0.11734450608491898
v 0.012060564942657948 -0.04918617382645607 0.11734450608491898
v 0.023964734748005867 -0.05388035997748375 0.10980988293886185
v 0.023878950625658035 -0.0464981310069561 0.1156492754817009
v 0.012060564942657948 -0.04918617382645607 0.11734450608491898
v 0.023878950625658035 -0.0464981310069561 0.1156492754817009
v 0.012016009539365768 -0.04104034602642059 0.12227930128574371
v 0.012016009539365768 -0.04104034602642059 0.12227930128574371
v 0.023878950625658035 -0.0464981310069561 0.1156492754817009
v 0.02378847263753414 -0.03836053982377052 0.12037757784128189
v 0.012016009539365768 -0.04104034602642059 0.12227930128574371
v 0.02378847263753414 -0.03836053982377052 0.12037757784128189
v 0.011970279738307 -0.03230839967727661 0.12608419358730316
v 0.011970279738307 -0.03230839967727661 0.12608419358730316
v 0.02378847263753414 -0.03836053982377052 0.12037757784128189
v 0.023695645853877068 -0.029659388586878777 0.12396486103534698
v 0.011970279738307 -0.03230839967727661 0.12608419358730316
v 0.023695645853877068 -0.029659388586878777 0.12396486103534698
v 0.011924327351152897 -0.02317453920841217 0.12878739833831787
v 0.011924327351152897 -0.02317453920841217 0.12878739833831787
v 0.023695645853877068 -0.029659388586878777 0.12396486103534698
v 0.023602372035384178 -0.02058194950222969 0.12645231187343597
v 0.011924327351152897 -0.02317453920841217 0.12878739833831787
v 0.023602372035384178 -0.02058194950222969 0.12645231187343597
v 0.011878784745931625 -0.013795745559036732 0.13046099245548248
v 0.011878784745931625 -0.013795745559036732 0.13046099245548248
v 0.023602372035384178 -0.02058194950222969 0.12645231187343597
v 0.02350991778075695 -0.011283463798463345 0.12792451679706573
v 0.011878784745931625 -0.013795745559036732 0.13046099245548248
v 0.02350991778075695 -0.011283463798463345 0.12792451679706573
v 0.011834030039608479 -0.004295624326914549 0.13119803369045258
v 0.011834030039608479 -0.004295624326914549 0.13119803369045258
v 0.02350991778075695 -0.011283463798463345 0.12792451679706573
v 0.02341904118657112 -0.0018828120082616806 0.12848393619060516
v 0.011834030039608479 -0.004295624326914549 0.13119803369045258
v 0.02341904118657112 -0.0018828120082616806 0.12848393619060516
v 0.011790265329182148 0.0052340528927743435 0.131098672747612
v 0.011790265329182148 0.0052340528927743435 0.131098672747612
v 0.02341904118657112 -0.0018828120082616806 0.12848393619060516
v 0.023330142721533775 0.007534163072705269 0.1282363384962082
v 0.011790265329182148 0.0052340528927743435 0.131098672747612
v 0.023330142721533775 0.007534163072705269 0.1282363384962082
v 0.017542710527777672 0.01563815400004387 0.1290188580751419
v 0.017542710527777672 0.01563815400004387 0.1290188580751419
v 0.023330142721533775 0.007534163072705269 0.1282363384962082
v 0.023243403062224388 0.0169084332883358 0.12728318572044373
v 0.017542710527777672 0.01563815400004387 0.1290188580751419
v 0.023243403062224388 0.0169084332883358 0.12728318572044373
v 0.023076605051755905 0.03539206087589264 0.12362488359212875
v 0.023076605051755905 0.03539206087589264 0.12362488359212875
v 0.023243403062224388 0.0169084332883358 0.12728318572044373
v 0.028607601299881935 0.03683795407414436 0.12129553407430649
v 0.023076605051755905 0.03539206087589264 0.12362488359212875
v 0.028607601299881935 0.03683795407414436 0.12129553407430649
v 0.02291865646839142 0.05343279242515564 0.11814957112073898
v 0.02291865646839142 0.05343279242515564 0.11814957112073898
v 0.028607601299881935 0.03683795407414436 0.12129553407430649
v 0.033738721162080765 0.05625531077384949 0.11292993277311325
v 0.02291865646839142 0.05343279242515564 0.11814957112073898
v 0.033738721162080765 0.05625531077384949 0.11292993277311325
v 0.022769542410969734 0.07103464007377625 0.11138391494750977
v 0.022769542410969734 0.07103464007377625 0.11138391494750977
v 0.033738721162080765 0.05625531077384949 0.11292993277311325
v 0.03350831940770149 0.07351063936948776 0.10623499751091003
v 0.022769542410969734 0.07103464007377625 0.11138391494750977
v 0.03350831940770149 0.07351063936948776 0.10623499751091003
v 0.022499574348330498 0.10534291714429855 0.09571674466133118
v 0.022499574348330498 0.10534291714429855 0.09571674466133118
v 0.03350831940770149 0.07351063936948776 0.10623499751091003
v 0.033089905977249146 0.10720457881689072 0.09090054035186768
v 0.022499574348330498 0.10534291714429855 0.09571674466133118
v 0.033089905977249146 0.10720457881689072 0.09090054035186768
v 0.02659561298787594 0.13041891157627106 0.08254572004079819
v 0.02659561298787594 0.13041891157627106 0.08254572004079819
v 0.033089905977249146 0.10720457881689072 0.09090054035186768
v 0.032878533005714417 0.12690632045269012 0.08160451799631119
v 0.011282984167337418 0.13565436005592346 0.08394855260848999
v 0.006937514990568161 0.13646213710308075 0.08416499197483063
v 0.011382506228983402 0.10421840846538544 0.09863691031932831
v 0.011382506228983402 0.10421840846538544 0.09863691031932831
v 0.006937514990568161 0.13646213710308075 0.08416499197483063
v -3.5193295389035484e-08 0.10384177416563034 0.09961763769388199
v 0.011382506228983402 0.10421840846538544 0.09863691031932831
v -3.5193295389035484e-08 0.10384177416563034 0.09961763769388199
v 0.011514753103256226 0.06953884661197662 0.11449973285198212
v 0.011514753103256226 0.06953884661197662 0.11449973285198212
v -3.5193295389035484e-08 0.10384177416563034 0.09961763769388199
v -4.778835460683695e-08 0.06903780251741409 0.11554472893476486
v 0.011514753103256226 0.06953884661197662 0.11449973285198212
v -4.778835460683695e-08 0.06903780251741409 0.11554472893476486
v 0.011587942019104958 0.05172774940729141 0.12130584567785263
v 0.011587942019104958 0.05172774940729141 0.12130584567785263
v -4.778835460683695e-08 0.06903780251741409 0.11554472893476486
v -5.4085880663024e-08 0.051156628876924515 0.12236384302377701
v 0.011587942019104958 0.05172774940729141 0.12130584567785263
v -5.4085880663024e-08 0.051156628876924515 0.12236384302377701
v 0.005848652217537165 0.03297010064125061 0.12752839922904968
v 0.005848652217537165 0.03297010064125061 0.12752839922904968
v -5.4085880663024e-08 0.051156628876924515 0.12236384302377701
v -6.038341382463841e-08 0.03280770778656006 0.12779025733470917
v 0.005848652217537165 0.03297010064125061 0.12752839922904968
v -6.038341382463841e-08 0.03280770778656006 0.12779025733470917
v -6.668093988082546e-08 0.013998347334563732 0.1312599927186966
v -6.668093988082546e-08 0.013998347334563732 0.1312599927186966
v -6.038341382463841e-08 0.03280770778656006 0.12779025733470917
v -0.0058896210975945 0.014181189239025116 0.1310100555419922
v -6.668093988082546e-08 0.013998347334563732 0.1312599927186966
v -0.0058896210975945 0.014181189239025116 0.1310100555419922
v -0.01179038267582655 0.005234055686742067 0.131098672747612
v -0.01179038267582655 0.005234055686742067 0.131098672747612
v -0.0058896210975945 0.014181189239025116 0.1310100555419922
v -0.01174769178032875 0.014728433452546597 0.1302620768547058
v -0.01179038267582655 0.005234055686742067 0.131098672747612
v -0.01174769178032875 0.014728433452546597 0.1302620768547058
v -0.023330211639404297 0.007534166797995567 0.1282363384962082
v -0.023330211639404297 0.007534166797995567 0.1282363384962082
v -0.01174769178032875 0.014728433452546597 0.1302620768547058
v -0.017542799934744835 0.015638155862689018 0.1290188580751419
v -0.023330211639404297 0.007534166797995567 0.1282363384962082
v -0.017542799934744835 0.015638155862689018 0.1290188580751419
v -0.02324347011744976 0.0169084370136261 0.12728318572044373
v -0.02324347011744976 0.0169084370136261 0.12728318572044373
v -0.017542799934744835 0.015638155862689018 0.1290188580751419
v -0.017418889328837395 0.03426402062177658 0.12544265389442444
v -0.02324347011744976 0.0169084370136261 0.12728318572044373
v -0.017418889328837395 0.03426402062177658 0.12544265389442444
v -0.02307666465640068 0.03539206460118294 0.12362488359212875
v -0.02307666465640068 0.03539206460118294 0.12362488359212875
v -0.017418889328837395 0.03426402062177658 0.12544265389442444
v -0.022918710485100746 0.05343279615044594 0.11814957112073898
v -0.02307666465640068 0.03539206460118294 0.12362488359212875
v -0.022918710485100746 0.05343279615044594 0.11814957112073898
v -0.02860763855278492 0.03683795779943466 0.12129553407430649
v -0.02860763855278492 0.03683795779943466 0.12129553407430649
v -0.022918710485100746 0.05343279615044594 0.11814957112073898
v -0.03373873606324196 0.05625531077384949 0.11292993277311325
v -0.02860763855278492 0.03683795779943466 0.12129553407430649
v -0.03373873606324196 0.05625531077384949 0.11292993277311325
v -0.03398239240050316 0.03859717771410942 0.1184624582529068
v -0.03398239240050316 0.03859717771410942 0.1184624582529068
v -0.03373873606324196 0.05625531077384949 0.11292993277311325
v -0.039171990007162094 0.04066465422511101 0.11513445526361465
v -0.03398239240050316 0.03859717771410942 0.1184624582529068
v -0.039171990007162094 0.04066465422511101 0.11513445526361465
v -0.039476703852415085 0.022846834734082222 0.11917281150817871
v -0.039476703852415085 0.022846834734082222 0.11917281150817871
v -0.039171990007162094 0.04066465422511101 0.11513445526361465
v -0.043790992349386215 0.0331973098218441 0.11419963091611862
v -0.039476703852415085 0.022846834734082222 0.11917281150817871
v -0.043790992349386215 0.0331973098218441 0.11419963091611862
v -0.04393520578742027 0.025553729385137558 0.11589894443750381
v 0.0243657436221838 -0.08188372105360031 0.02565940096974373
v 0.031634341925382614 -0.07952059805393219 0.026292596012353897
v 0.024353228509426117 -0.08105414360761642 0.041372619569301605
v 0.024353228509426117 -0.08105414360761642 0.041372619569301605
v 0.031634341925382614 -0.07952059805393219 0.026292596012353897
v 0.03595788776874542 -0.07686929404735565 0.040545541793107986
v 0.024353228509426117 -0.08105414360761642 0.041372619569301605
v 0.03595788776874542 -0.07686929404735565 0.040545541793107986
v 0.024331601336598396 -0.08006961643695831 0.05074748396873474
v 0.024331601336598396 -0.08006961643695831 0.05074748396873474
v 0.03595788776874542 -0.07686929404735565 0.040545541793107986
v 0.035922084003686905 -0.07584477961063385 0.049740247428417206
v 0.024331601336598396 -0.08006961643695831 0.05074748396873474
v 0.035922084003686905 -0.07584477961063385 0.049740247428417206
v 0.024303659796714783 -0.0786164328455925 0.06006181985139847
v 0.024303659796714783 -0.0786164328455925 0.06006181985139847
v 0.035922084003686905 -0.07584477961063385 0.049740247428417206
v 0.0358768031001091 -0.07435265183448792 0.058871250599622726
v 0.024303659796714783 -0.0786164328455925 0.06006181985139847
v 0.0358768031001091 -0.07435265183448792 0.058871250599622726
v 0.024268679320812225 -0.07658340781927109 0.06926599144935608
v 0.024268679320812225 -0.07658340781927109 0.06926599144935608
v 0.0358768031001091 -0.07435265183448792 0.058871250599622726
v 0.03582096844911575 -0.0722840279340744 0.06788802891969681
v 0.024268679320812225 -0.07658340781927109 0.06926599144935608
v 0.03582096844911575 -0.0722840279340744 0.06788802891969681
v 0.024225858971476555 -0.07385194301605225 0.0782865583896637
v 0.024225858971476555 -0.07385194301605225 0.0782865583896637
v 0.03582096844911575 -0.0722840279340744 0.06788802891969681
v 0.03575337305665016 -0.06952128559350967 0.07671572268009186
v 0.024225858971476555 -0.07385194301605225 0.0782865583896637
v 0.03575337305665016 -0.06952128559350967 0.07671572268009186
v 0.024174390360713005 -0.07030108571052551 0.0870153084397316
v 0.024174390360713005 -0.07030108571052551 0.0870153084397316
v 0.03575337305665016 -0.06952128559350967 0.07671572268009186
v 0.03567280247807503 -0.06594272702932358 0.08524329215288162
v 0.024174390360713005 -0.07030108571052551 0.0870153084397316
v 0.03567280247807503 -0.06594272702932358 0.08524329215288162
v 0.02411365509033203 -0.06582370400428772 0.09530411660671234
v 0.02411365509033203 -0.06582370400428772 0.09530411660671234
v 0.03567280247807503 -0.06594272702932358 0.08524329215288162
v 0.03557833284139633 -0.06143900007009506 0.09331713616847992
v 0.02411365509033203 -0.06582370400428772 0.09530411660671234
v 0.03557833284139633 -0.06143900007009506 0.09331713616847992
v 0.024043533951044083 -0.06035076826810837 0.10296935588121414
v 0.024043533951044083 -0.06035076826810837 0.10296935588121414
v 0.03557833284139633 -0.06143900007009506 0.09331713616847992
v 0.03546978905797005 -0.055939480662345886 0.1007450520992279
v 0.024043533951044083 -0.06035076826810837 0.10296935588121414
v 0.03546978905797005 -0.055939480662345886 0.1007450520992279
v 0.023964734748005867 -0.05388035997748375 0.10980988293886185
v 0.023964734748005867 -0.05388035997748375 0.10980988293886185
v 0.03546978905797005 -0.055939480662345886 0.1007450520992279
v 0.03534822538495064 -0.04944462701678276 0.10731568932533264
v 0.023964734748005867 -0.05388035997748375 0.10980988293886185
v 0.03534822538495064 -0.04944462701678276 0.10731568932533264
v 0.023878950625658035 -0.0464981310069561 0.1156492754817009
v 0.023878950625658035 -0.0464981310069561 0.1156492754817009
v 0.03534822538495064 -0.04944462701678276 0.10731568932533264
v 0.035216182470321655 -0.0420495979487896 0.11284654587507248
v 0.023878950625658035 -0.0464981310069561 0.1156492754817009
v 0.035216182470321655 -0.0420495979487896 0.11284654587507248
v 0.02378847263753414 -0.03836053982377052 0.12037757784128189
v 0.02378847263753414 -0.03836053982377052 0.12037757784128189
v 0.035216182470321655 -0.0420495979487896 0.11284654587507248
v 0.03507709875702858 -0.033924613147974014 0.11723235249519348
v 0.02378847263753414 -0.03836053982377052 0.12037757784128189
v 0.03507709875702858 -0.033924613147974014 0.11723235249519348
v 0.023695645853877068 -0.029659388586878777 0.12396486103534698
v 0.023695645853877068 -0.029659388586878777 0.12396486103534698
v 0.03507709875702858 -0.033924613147974014 0.11723235249519348
v 0.03493449464440346 -0.02527366578578949 0.12045858800411224
v 0.023695645853877068 -0.029659388586878777 0.12396486103534698
v 0.03493449464440346 -0.02527366578578949 0.12045858800411224
v 0.023602372035384178 -0.02058194950222969 0.12645231187343597
v 0.023602372035384178 -0.02058194950222969 0.12645231187343597
v 0.03493449464440346 -0.02527366578578949 0.12045858800411224
v 0.034791216254234314 -0.01628914475440979 0.1225881278514862
v 0.023602372035384178 -0.02058194950222969 0.12645231187343597
v 0.034791216254234314 -0.01628914475440979 0.1225881278514862
v 0.02350991778075695 -0.011283463798463345 0.12792451679706573
v 0.02350991778075695 -0.011283463798463345 0.12792451679706573
v 0.034791216254234314 -0.01628914475440979 0.1225881278514862
v 0.03464917093515396 -0.007123386021703482 0.12372633814811707
v 0.02350991778075695 -0.011283463798463345 0.12792451679706573
v 0.03464917093515396 -0.007123386021703482 0.12372633814811707
v 0.02341904118657112 -0.0018828120082616806 0.12848393619060516
v 0.02341904118657112 -0.0018828120082616806 0.12848393619060516
v 0.03464917093515396 -0.007123386021703482 0.12372633814811707
v 0.03450949117541313 0.0021126021165400743 0.12399134784936905
v 0.02341904118657112 -0.0018828120082616806 0.12848393619060516
v 0.03450949117541313 0.0021126021165400743 0.12399134784936905
v 0.023330142721533775 0.007534163072705269 0.1282363384962082
v 0.023330142721533775 0.007534163072705269 0.1282363384962082
v 0.03450949117541313 0.0021126021165400743 0.12399134784936905
v 0.03437277674674988 0.011342859826982021 0.1234983578324318
v 0.023330142721533775 0.007534163072705269 0.1282363384962082
v 0.03437277674674988 0.011342859826982021 0.1234983578324318
v 0.02881864830851555 0.018536735326051712 0.12505869567394257
v 0.02881864830851555 0.018536735326051712 0.12505869567394257
v 0.03437277674674988 0.011342859826982021 0.1234983578324318
v 0.034239303320646286 0.020518070086836815 0.12235257029533386
v 0.02881864830851555 0.018536735326051712 0.12505869567394257
v 0.034239303320646286 0.020518070086836815 0.12235257029533386
v 0.033982373774051666 0.03859717771410942 0.1184624582529068
v 0.033982373774051666 0.03859717771410942 0.1184624582529068
v 0.034239303320646286 0.020518070086836815 0.12235257029533386
v 0.0391719825565815 0.04066465049982071 0.11513445526361465
v 0.033982373774051666 0.03859717771410942 0.1184624582529068
v 0.0391719825565815 0.04066465049982071 0.11513445526361465
v 0.033738721162080765 0.05625531077384949 0.11292993277311325
v 0.033738721162080765 0.05625531077384949 0.11292993277311325
v 0.0391719825565815 0.04066465049982071 0.11513445526361465
v 0.043511372059583664 0.048672154545784 0.10987532883882523
v 0.033738721162080765 0.05625531077384949 0.11292993277311325
v 0.043511372059583664 0.048672154545784 0.10987532883882523
v 0.04342935234308243 0.0531599260866642 0.10851415246725082
v 0.02659561298787594 0.13041891157627106 0.08254572004079819
v 0.022320592775940895 0.13225610554218292 0.08303799480199814
v 0.022499574348330498 0.10534291714429855 0.09571674466133118
v 0.022499574348330498 0.10534291714429855 0.09571674466133118
v 0.022320592775940895 0.13225610554218292 0.08303799480199814
v 0.011382506228983402 0.10421840846538544 0.09863691031932831
v 0.022499574348330498 0.10534291714429855 0.09571674466133118
v 0.011382506228983402 0.10421840846538544 0.09863691031932831
v 0.022769542410969734 0.07103464007377625 0.11138391494750977
v 0.022769542410969734 0.07103464007377625 0.11138391494750977
v 0.011382506228983402 0.10421840846538544 0.09863691031932831
v 0.011514753103256226 0.06953884661197662 0.11449973285198212
v 0.022769542410969734 0.07103464007377625 0.11138391494750977
v 0.011514753103256226 0.06953884661197662 0.11449973285198212
v 0.02291865646839142 0.05343279242515564 0.11814957112073898
v 0.02291865646839142 0.05343279242515564 0.11814957112073898
v 0.011514753103256226 0.06953884661197662 0.11449973285198212
v 0.011587942019104958 0.05172774940729141 0.12130584567785263
v 0.02291865646839142 0.05343279242515564 0.11814957112073898
v 0.011587942019104958 0.05172774940729141 0.12130584567785263
v 0.01741880737245083 0.03426401689648628 0.12544265389442444
v 0.01741880737245083 0.03426401689648628 0.12544265389442444
v 0.011587942019104958 0.05172774940729141 0.12130584567785263
v 0.01166554819792509 0.033456116914749146 0.1267448514699936
v 0.01741880737245083 0.03426401689648628 0.12544265389442444
v 0.01166554819792509 0.033456116914749146 0.1267448514699936
v 0.011747580021619797 0.014728430658578873 0.1302620768547058
v 0.011747580021619797 0.014728430658578873 0.1302620768547058
v 0.01166554819792509 0.033456116914749146 0.1267448514699936
v 0.005889493972063065 0.014181188307702541 0.1310100555419922
v 0.011747580021619797 0.014728430658578873 0.1302620768547058
v 0.005889493972063065 0.014181188307702541 0.1310100555419922
v 0.011790265329182148 0.0052340528927743435 0.131098672747612
v 0.011790265329182148 0.0052340528927743435 0.131098672747612
v 0.005889493972063065 0.014181188307702541 0.1310100555419922
v -6.982970290891899e-08 0.004463772289454937 0.13205748796463013
v 0.011790265329182148 0.0052340528927743435 0.131098672747612
v -6.982970290891899e-08 0.004463772289454937 0.13205748796463013
v 0.011834030039608479 -0.004295624326914549 0.13119803369045258
v 0.011834030039608479 -0.004295624326914549 0.13119803369045258
v -6.982970290891899e-08 0.004463772289454937 0.13205748796463013
v -7.297847304243987e-08 -0.005103633273392916 0.1321071982383728
v 0.011834030039608479 -0.004295624326914549 0.13119803369045258
v -7.297847304243987e-08 -0.005103633273392916 0.1321071982383728
v 0.011878784745931625 -0.013795745559036732 0.13046099245548248
v 0.011878784745931625 -0.013795745559036732 0.13046099245548248
v -7.297847304243987e-08 -0.005103633273392916 0.1321071982383728
v -7.61272360705334e-08 -0.014637073501944542 0.13131071627140045
v 0.011878784745931625 -0.013795745559036732 0.13046099245548248
v -7.61272360705334e-08 -0.014637073501944542 0.13131071627140045
v 0.011924327351152897 -0.02317453920841217 0.12878739833831787
v 0.011924327351152897 -0.02317453920841217 0.12878739833831787
v -7.61272360705334e-08 -0.014637073501944542 0.13131071627140045
v -7.927599909862693e-08 -0.024042796343564987 0.12956975400447845
v 0.011924327351152897 -0.02317453920841217 0.12878739833831787
v -7.927599909862693e-08 -0.024042796343564987 0.12956975400447845
v 0.011970279738307 -0.03230839967727661 0.12608419358730316
v 0.011970279738307 -0.03230839967727661 0.12608419358730316
v -7.927599909862693e-08 -0.024042796343564987 0.12956975400447845
v -8.242476212672045e-08 -0.033195625990629196 0.12679439783096313
v 0.011970279738307 -0.03230839967727661 0.12608419358730316
v -8.242476212672045e-08 -0.033195625990629196 0.12679439783096313
v 0.012016009539365768 -0.04104034602642059 0.12227930128574371
v 0.012016009539365768 -0.04104034602642059 0.12227930128574371
v -8.242476212672045e-08 -0.033195625990629196 0.12679439783096313
v -8.557353226024134e-08 -0.04193799942731857 0.12291672080755234
v 0.012016009539365768 -0.04104034602642059 0.12227930128574371
v -8.557353226024134e-08 -0.04193799942731857 0.12291672080755234
v 0.012060564942657948 -0.04918617382645607 0.11734450608491898
v 0.012060564942657948 -0.04918617382645607 0.11734450608491898
v -8.557353226024134e-08 -0.04193799942731857 0.12291672080755234
v -8.872229528833486e-08 -0.05008673295378685 0.11791285872459412
v 0.012060564942657948 -0.04918617382645607 0.11734450608491898
v -8.872229528833486e-08 -0.05008673295378685 0.11791285872459412
v 0.012102772481739521 -0.056561391800642014 0.11131900548934937
v 0.012102772481739521 -0.056561391800642014 0.11131900548934937
v -8.872229528833486e-08 -0.05008673295378685 0.11791285872459412
v -9.187105831642839e-08 -0.05745977535843849 0.11182507872581482
v 0.012102772481739521 -0.056561391800642014 0.11131900548934937
v -9.187105831642839e-08 -0.05745977535843849 0.11182507872581482
v 0.012141487561166286 -0.06301780790090561 0.10431554168462753
v 0.012141487561166286 -0.06301780790090561 0.10431554168462753
v -9.187105831642839e-08 -0.05745977535843849 0.11182507872581482
v -9.501982134452192e-08 -0.06391168385744095 0.10476706922054291
v 0.012141487561166286 -0.06301780790090561 0.10431554168462753
v -9.501982134452192e-08 -0.06391168385744095 0.10476706922054291
v 0.012175864540040493 -0.06847546249628067 0.09650691598653793
v 0.012175864540040493 -0.06847546249628067 0.09650691598653793
v -9.501982134452192e-08 -0.06391168385744095 0.10476706922054291
v -9.81685914780428e-08 -0.06936440616846085 0.09691040962934494
v 0.012175864540040493 -0.06847546249628067 0.09650691598653793
v -9.81685914780428e-08 -0.06936440616846085 0.09691040962934494
v 0.012205547653138638 -0.07293771207332611 0.08808813989162445
v 0.012205547653138638 -0.07293771207332611 0.08808813989162445
v -9.81685914780428e-08 -0.06936440616846085 0.09691040962934494
v -1.0131735450613633e-07 -0.0738217756152153 0.08844806998968124
v 0.012205547653138638 -0.07293771207332611 0.08808813989162445
v -1.0131735450613633e-07 -0.0738217756152153 0.08844806998968124
v 0.012230598367750645 -0.07647261768579483 0.07923769950866699
v 0.012230598367750645 -0.07647261768579483 0.07923769950866699
v -1.0131735450613633e-07 -0.0738217756152153 0.08844806998968124
v -1.0446611753422985e-07 -0.07735152542591095 0.07955682277679443
v 0.012230598367750645 -0.07647261768579483 0.07923769950866699
v -1.0446611753422985e-07 -0.07735152542591095 0.07955682277679443
v 0.012251324020326138 -0.07918598502874374 0.07010041177272797
v 0.012251324020326138 -0.07918598502874374 0.07010041177272797
v -1.0446611753422985e-07 -0.07735152542591095 0.07955682277679443
v -1.0761488766775074e-07 -0.08005902916193008 0.07038038969039917
v 0.012251324020326138 -0.07918598502874374 0.07010041177272797
v -1.0761488766775074e-07 -0.08005902916193008 0.07038038969039917
v 0.012268129736185074 -0.0811983272433281 0.06078281253576279
v 0.012268129736185074 -0.0811983272433281 0.06078281253576279
v -1.0761488766775074e-07 -0.08005902916193008 0.07038038969039917
v -1.1076365069584426e-07 -0.08206462860107422 0.0610247477889061
v 0.012268129736185074 -0.0811983272433281 0.06078281253576279
v -1.1076365069584426e-07 -0.08206462860107422 0.0610247477889061
v 0.012281416915357113 -0.08262881636619568 0.051357489079236984
v 0.012281416915357113 -0.08262881636619568 0.051357489079236984
v -1.1076365069584426e-07 -0.08206462860107422 0.0610247477889061
v -1.1706117675203132e-07 -0.08444131165742874 0.042041633278131485
v 0.012281416915357113 -0.08262881636619568 0.051357489079236984
v -1.1706117675203132e-07 -0.08444131165742874 0.042041633278131485
v 0.012291546911001205 -0.08359002321958542 0.04187353700399399
v 0.012291546911001205 -0.08359002321958542 0.04187353700399399
v -1.1706117675203132e-07 -0.08444131165742874 0.042041633278131485
v 0.00039373364415951073 -0.0852954089641571 0.024745240807533264
v 0.012291546911001205 -0.08359002321958542 0.04187353700399399
v 0.00039373364415951073 -0.0852954089641571 0.024745240807533264
v 0.006794833578169346 -0.08504141867160797 0.024813296273350716
usemtl DefaultMaterial
f 1 2 3
f 4 5 6
f 7 8 9
f 10 11 12
f 13 14 15
f 16 17 18
f 19 20 21
f 22 23 24
f 25 26 27
f 28 29 30
f 31 32 33
f 34 35 36
f 37 38 39
f 40 41 42
f 43 44 45
f 46 47 48
f 49 50 51
f 52 53 54
f 55 56 57
f 58 59 60
f 61 62 63
f 64 65 66
f 67 68 69
f 70 71 72
f 73 74 75
f 76 77 78
f 79 80 81
f 82 83 84
f 85 86 87
f 88 89 90
f 91 92 93
f 94 95 96
f 97 98 99
f 100 101 102
f 103 104 105
f 106 107 108
f 109 110 111
f 112 113 114
f 115 116 117
f 118 119 120
f 121 122 123
f 124 125 126
f 127 128 129
f 130 131 132
f 133 134 135
f 136 137 138
f 139 140 141
f 142 143 144
f 145 146 147
f 148 149 150
f 151 152 153
f 154 155 156
f 157 158 159
f 160 161 162
f 163 164 165
f 166 167 168
f 169 170 171
f 172 173 174
f 175 176 177
f 178 179 180
f 181 182 183
f 184 185 186
f 187 188 189
f 190 191 192
f 193 194 195
f 196 197 198
f 199 200 201
f 202 203 204
f 205 206 207
f 208 209 210
f 211 212 213
f 214 215 216
f 217 218 219
f 220 221 222
f 223 224 225
f 226 227 228
f 229 230 231
f 232 233 234
f 235 236 237
f 238 239 240
f 241 242 243
f 244 245 246
f 247 248 249
f 250 251 252
f 253 254 255
f 256 257 258
f 259 260 261
f 262 263 264
f 265 266 267
f 268 269 270
f 271 272 273
f 274 275 276
f 277 278 279
f 280 281 282
f 283 284 285
f 286 287 288
f 289 290 291
f 292 293 294
f 295 296 297
f 298 299 300
f 301 302 303
f 304 305 306
f 307 308 309
f 310 311 312
f 313 314 315
f 316 317 318
f 319 320 321
f 322 323 324
f 325 326 327
f 328 329 330
f 331 332 333
f 334 335 336
f 337 338 339
f 340 341 342
f 343 344 345
f 346 347 348
f 349 350 351
f 352 353 354
f 355 356 357
f 358 359 360
f 361 362 363
f 364 365 366
f 367 368 369
f 370 371 372
f 373 374 375
f 376 377 378
f 379 380 381
f 382 383 384
f 385 386 387
f 388 389 390
f 391 392 393
f 394 395 396
f 397 398 399
f 400 401 402
f 403 404 405
f 406 407 408
f 409 410 411
f 412 413 414
f 415 416 417
f 418 419 420
f 421 422 423
f 424 425 426
f 427 428 429
f 430 431 432
f 433 434 435
f 436 437 438
f 439 440 441
f 442 443 444
f 445 446 447
f 448 449 450
f 451 452 453
f 454 455 456
f 457 458 459
f 460 461 462
f 463 464 465
f 466 467 468
f 469 470 471
f 472 473 474
f 475 476 477
f 478 479 480
f 481 482 483
f 484 485 486
f 487 488 489
f 490 491 492
f 493 494 495
f 496 497 498
f 499 500 501
f 502 503 504
f 505 506 507
f 508 509 510
f 511 512 513
f 514 515 516
f 517 518 519
f 520 521 522
f 523 524 525
f 526 527 528
f 529 530 531
f 532 533 534
f 535 536 537
f 538 539 540
f 541 542 543
f 544 545 546
f 547 548 549
f 550 551 552
f 553 554 555
f 556 557 558
f 559 560 561
f 562 563 564
f 565 566 567
f 568 569 570
f 571 572 573
f 574 575 576
f 577 578 579
f 580 581 582
f 583 584 585
f 586 587 588
f 589 590 591
f 592 593 594
f 595 596 597
f 598 599 600
f 601 602 603
f 604 605 606
f 607 608 609
f 610 611 612
f 613 614 615
f 616 617 618
f 619 620 621
f 622 623 624
f 625 626 627
f 628 629 630
f 631 632 633
f 634 635 636
f 637 638 639
f 640 641 642
f 643 644 645
f 646 647 648
f 649 650 651
f 652 653 654
f 655 656 657
f 658 659 660
f 661 662 663
f 664 665 666
f 667 668 669
f 670 671 672
f 673 674 675
f 676 677 678
f 679 680 681
f 682 683 684
f 685 686 687
f 688 689 690
f 691 692 693
f 694 695 696
f 697 698 699
f 700 701 702
f 703 704 705
f 706 707 708
f 709 710 711
f 712 713 714
f 715 716 717
f 718 719 720
f 721 722 723
f 724 725 726
f 727 728 729
f 730 731 732
f 733 734 735
f 736 737 738
f 739 740 741
f 742 743 744
f 745 746 747
f 748 749 750
f 751 752 753
f 754 755 756
f 757 758 759
f 760 761 762
f 763 764 765
f 766 767 768
f 769 770 771
f 772 773 774
f 775 776 777
f 778 779 780
f 781 782 783
f 784 785 786
f 787 788 789
f 790 791 792
f 793 794 795
f 796 797 798
f 799 800 801
f 802 803 804
f 805 806 807
f 808 809 810
f 811 812 813
f 814 815 816
f 817 818 819
f 820 821 822
f 823 824 825
f 826 827 828
f 829 830 831
f 832 833 834
f 835 836 837
f 838 839 840
f 841 842 843
f 844 845 846
f 847 848 849
f 850 851 852
f 853 854 855
f 856 857 858
f 859 860 861
f 862 863 864
f 865 866 867
f 868 869 870
f 871 872 873
f 874 875 876
f 877 878 879
f 880 881 882
f 883 884 885
f 886 887 888
f 889 890 891
f 892 893 894
f 895 896 897
f 898 899 900
f 901 902 903
f 904 905 906
f 907 908 909
f 910 911 912
f 913 914 915
f 916 917 918
f 919 920 921
f 922 923 924
f 925 926 927
f 928 929 930
f 931 932 933
f 934 935 936
f 937 938 939
f 940 941 942
f 943 944 945
f 946 947 948
f 949 950 951
f 952 953 954
f 955 956 957
f 958 959 960
f 961 962 963
f 964 965 966
f 967 968 969
f 970 971 972
f 973 974 975
f 976 977 978
f 979 980 981
f 982 983 984
f 985 986 987
f 988 989 990
f 991 992 993
f 994 995 996
f 997 998 999
f 1000 1001 1002
f 1003 1004 1005
f 1006 1007 1008
f 1009 1010 1011
f 1012 1013 1014
f 1015 1016 1017
f 1018 1019 1020
f 1021 1022 1023
f 1024 1025 1026
f 1027 1028 1029
f 1030 1031 1032
f 1033 1034 1035
f 1036 1037 1038
f 1039 1040 1041
f 1042 1043 1044
f 1045 1046 1047
f 1048 1049 1050
f 1051 1052 1053
f 1054 1055 1056
f 1057 1058 1059
f 1060 1061 1062
f 1063 1064 1065
f 1066 1067 1068
f 1069 1070 1071
f 1072 1073 1074
f 1075 1076 1077
f 1078 1079 1080
f 1081 1082 1083
f 1084 1085 1086
f 1087 1088 1089
f 1090 1091 1092
f 1093 1094 1095
f 1096 1097 1098
f 1099 1100 1101
f 1102 1103 1104
f 1105 1106 1107
f 1108 1109 1110
f 1111 1112 1113
f 1114 1115 1116
f 1117 1118 1119
f 1120 1121 1122
f 1123 1124 1125
f 1126 1127 1128
f 1129 1130 1131
f 1132 1133 1134
f 1135 1136 1137
f 1138 1139 1140
f 1141 1142 1143
f 1144 1145 1146
f 1147 1148 1149
f 1150 1151 1152
f 1153 1154 1155
f 1156 1157 1158
f 1159 1160 1161
f 1162 1163 1164
f 1165 1166 1167
f 1168 1169 1170
f 1171 1172 1173
f 1174 1175 1176
f 1177 1178 1179
f 1180 1181 1182
f 1183 1184 1185
f 1186 1187 1188
f 1189 1190 1191
f 1192 1193 1194
f 1195 1196 1197
f 1198 1199 1200
f 1201 1202 1203
f 1204 1205 1206
f 1207 1208 1209
f 1210 1211 1212
f 1213 1214 1215
f 1216 1217 1218
f 1219 1220 1221
f 1222 1223 1224
f 1225 1226 1227
f 1228 1229 1230
f 1231 1232 1233
f 1234 1235 1236
f 1237 1238 1239
f 1240 1241 1242
f 1243 1244 1245
f 1246 1247 1248
f 1249 1250 1251
f 1252 1253 1254
f 1255 1256 1257
f 1258 1259 1260
f 1261 1262 1263
f 1264 1265 1266
f 1267 1268 1269
f 1270 1271 1272
f 1273 1274 1275
f 1276 1277 1278
f 1279 1280 1281
f 1282 1283 1284
f 1285 1286 1287
f 1288 1289 1290
f 1291 1292 1293
f 1294 1295 1296
f 1297 1298 1299
f 1300 1301 1302
f 1303 1304 1305
f 1306 1307 1308
f 1309 1310 1311
f 1312 1313 1314
f 1315 1316 1317
f 1318 1319 1320
f 1321 1322 1323
f 1324 1325 1326
f 1327 1328 1329
f 1330 1331 1332
f 1333 1334 1335
f 1336 1337 1338
f 1339 1340 1341
f 1342 1343 1344
f 1345 1346 1347
f 1348 1349 1350
f 1351 1352 1353
f 1354 1355 1356
f 1357 1358 1359
f 1360 1361 1362
f 1363 1364 1365
f 1366 1367 1368
f 1369 1370 1371
f 1372 1373 1374
f 1375 1376 1377
f 1378 1379 1380
f 1381 1382 1383
f 1384 1385 1386
f 1387 1388 1389
f 1390 1391 1392
f 1393 1394 1395
f 1396 1397 1398
f 1399 1400 1401
f 1402 1403 1404
f 1405 1406 1407
f 1408 1409 1410
f 1411 1412 1413
f 1414 1415 1416
f 1417 1418 1419
f 1420 1421 1422
f 1423 1424 1425
f 1426 1427 1428
f 1429 1430 1431
f 1432 1433 1434
f 1435 1436 1437
f 1438 1439 1440
f 1441 1442 1443
f 1444 1445 1446
f 1447 1448 1449
f 1450 1451 1452
f 1453 1454 1455
f 1456 1457 1458
f 1459 1460 1461
f 1462 1463 1464
f 1465 1466 1467
f 1468 1469 1470
f 1471 1472 1473
f 1474 1475 1476
f 1477 1478 1479
f 1480 1481 1482
f 1483 1484 1485
f 1486 1487 1488
f 1489 1490 1491
f 1492 1493 1494
f 1495 1496 1497
f 1498 1499 1500
f 1501 1502 1503
f 1504 1505 1506
f 1507 1508 1509
f 1510 1511 1512
f 1513 1514 1515
f 1516 1517 1518
f 1519 1520 1521
f 1522 1523 1524
f 1525 1526 1527
f 1528 1529 1530
f 1531 1532 1533
f 1534 1535 1536
f 1537 1538 1539
f 1540 1541 1542
f 1543 1544 1545
f 1546 1547 1548
f 1549 1550 1551
f 1552 1553 1554
f 1555 1556 1557
f 1558 1559 1560
f 1561 1562 1563
f 1564 1565 1566
f 1567 1568 1569
f 1570 1571 1572
f 1573 1574 1575
f 1576 1577 1578
f 1579 1580 1581
f 1582 1583 1584
f 1585 1586 1587
f 1588 1589 1590
f 1591 1592 1593
f 1594 1595 1596
f 1597 1598 1599
f 1600 1601 1602
f 1603 1604 1605
f 1606 1607 1608
f 1609 1610 1611
f 1612 1613 1614
f 1615 1616 1617
f 1618 1619 1620
f 1621 1622 1623
f 1624 1625 1626
f 1627 1628 1629
f 1630 1631 1632
f 1633 1634 1635
f 1636 1637 1638
f 1639 1640 1641
f 1642 1643 1644
f 1645 1646 1647
f 1648 1649 1650
f 1651 1652 1653
f 1654 1655 1656
f 1657 1658 1659
f 1660 1661 1662
f 1663 1664 1665
f 1666 1667 1668
f 1669 1670 1671
f 1672 1673 1674
f 1675 1676 1677
f 1678 1679 1680
f 1681 1682 1683
f 1684 1685 1686
f 1687 1688 1689
f 1690 1691 1692
f 1693 1694 1695
f 1696 1697 1698
f 1699 1700 1701
f 1702 1703 1704
f 1705 1706 1707
f 1708 1709 1710
f 1711 1712 1713
f 1714 1715 1716
f 1717 1718 1719
f 1720 1721 1722
f 1723 1724 1725
f 1726 1727 1728
f 1729 1730 1731
f 1732 1733 1734
f 1735 1736 1737
f 1738 1739 1740
f 1741 1742 1743
f 1744 1745 1746
f 1747 1748 1749
f 1750 1751 1752
f 1753 1754 1755
f 1756 1757 1758
f 1759 1760 1761
f 1762 1763 1764
f 1765 1766 1767
f 1768 1769 1770
f 1771 1772 1773
f 1774 1775 1776
f 1777 1778 1779
f 1780 1781 1782
f 1783 1784 1785
f 1786 1787 1788
f 1789 1790 1791
f 1792 1793 1794
f 1795 1796 1797
f 1798 1799 1800
f 1801 1802 1803
f 1804 1805 1806
f 1807 1808 1809
f 1810 1811 1812
f 1813 1814 1815
f 1816 1817 1818
f 1819 1820 1821
f 1822 1823 1824
f 1825 1826 1827
f 1828 1829 1830
f 1831 1832 1833
f 1834 1835 1836
f 1837 1838 1839
f 1840 1841 1842
f 1843 1844 1845
f 1846 1847 1848
f 1849 1850 1851
f 1852 1853 1854
f 1855 1856 1857
f 1858 1859 1860
f 1861 1862 1863
f 1864 1865 1866
f 1867 1868 1869
f 1870 1871 1872
f 1873 1874 1875
f 1876 1877 1878
f 1879 1880 1881
f 1882 1883 1884
f 1885 1886 1887
f 1888 1889 1890
f 1891 1892 1893
f 1894 1895 1896
f 1897 1898 1899
f 1900 1901 1902
f 1903 1904 1905
f 1906 1907 1908
f 1909 1910 1911
f 1912 1913 1914
f 1915 1916 1917
f 1918 1919 1920
f 1921 1922 1923
f 1924 1925 1926
f 1927 1928 1929
f 1930 1931 1932
f 1933 1934 1935
f 1936 1937 1938
f 1939 1940 1941
f 1942 1943 1944
f 1945 1946 1947
f 1948 1949 1950
f 1951 1952 1953
f 1954 1955 1956
f 1957 1958 1959
f 1960 1961 1962
f 1963 1964 1965
f 1966 1967 1968
f 1969 1970 1971
f 1972 1973 1974
f 1975 1976 1977
f 1978 1979 1980
f 1981 1982 1983
f 1984 1985 1986
f 1987 1988 1989
f 1990 1991 1992
f 1993 1994 1995
f 1996 1997 1998
f 1999 2000 2001
f 2002 2003 2004
f 2005 2006 2007
f 2008 2009 2010
f 2011 2012 2013
f 2014 2015 2016
f 2017 2018 2019
f 2020 2021 2022
f 2023 2024 2025
f 2026 2027 2028
f 2029 2030 2031
f 2032 2033 2034
f 2035 2036 2037
f 2038 2039 2040
f 2041 2042 2043
f 2044 2045 2046
f 2047 2048 2049
f 2050 2051 2052
f 2053 2054 2055
f 2056 2057 2058
f 2059 2060 2061
f 2062 2063 2064
f 2065 2066 2067
f 2068 2069 2070
f 2071 2072 2073
f 2074 2075 2076
f 2077 2078 2079
f 2080 2081 2082
f 2083 2084 2085
f 2086 2087 2088
f 2089 2090 2091
f 2092 2093 2094
f 2095 2096 2097
f 2098 2099 2100
f 2101 2102 2103
f 2104 2105 2106
f 2107 2108 2109
f 2110 2111 2112
f 2113 2114 2115
f 2116 2117 2118
f 2119 2120 2121
f 2122 2123 2124
f 2125 2126 2127
f 2128 2129 2130
f 2131 2132 2133
f 2134 2135 2136
f 2137 2138 2139
f 2140 2141 2142
f 2143 2144 2145
f 2146 2147 2148
f 2149 2150 2151
f 2152 2153 2154
f 2155 2156 2157
f 2158 2159 2160
f 2161 2162 2163
f 2164 2165 2166
f 2167 2168 2169
f 2170 2171 2172
f 2173 2174 2175
f 2176 2177 2178
f 2179 2180 2181
f 2182 2183 2184
f 2185 2186 2187
f 2188 2189 2190
f 2191 2192 2193
f 2194 2195 2196
f 2197 2198 2199
f 2200 2201 2202
f 2203 2204 2205
f 2206 2207 2208
f 2209 2210 2211
f 2212 2213 2214
f 2215 2216 2217
f 2218 2219 2220
f 2221 2222 2223
f 2224 2225 2226
f 2227 2228 2229
f 2230 2231 2232
f 2233 2234 2235
f 2236 2237 2238
f 2239 2240 2241
f 2242 2243 2244
f 2245 2246 2247
f 2248 2249 2250
f 2251 2252 2253
f 2254 2255 2256
f 2257 2258 2259
f 2260 2261 2262
f 2263 2264 2265
f 2266 2267 2268
f 2269 2270 2271
f 2272 2273 2274
f 2275 2276 2277
f 2278 2279 2280
f 2281 2282 2283
f 2284 2285 2286
f 2287 2288 2289
f 2290 2291 2292
f 2293 2294 2295
f 2296 2297 2298
f 2299 2300 2301
f 2302 2303 2304
f 2305 2306 2307
f 2308 2309 2310
f 2311 2312 2313
f 2314 2315 2316
f 2317 2318 2319
f 2320 2321 2322
f 2323 2324 2325
f 2326 2327 2328
f 2329 2330 2331
f 2332 2333 2334
f 2335 2336 2337
f 2338 2339 2340
f 2341 2342 2343
f 2344 2345 2346
f 2347 2348 2349
f 2350 2351 2352
f 2353 2354 2355
f 2356 2357 2358
f 2359 2360 2361
f 2362 2363 2364
f 2365 2366 2367
f 2368 2369 2370
f 2371 2372 2373
f 2374 2375 2376
f 2377 2378 2379
f 2380 2381 2382
f 2383 2384 2385
f 2386 2387 2388
f 2389 2390 2391
f 2392 2393 2394
f 2395 2396 2397
f 2398 2399 2400
f 2401 2402 2403
f 2404 2405 2406
f 2407 2408 2409
f 2410 2411 2412
f 2413 2414 2415
f 2416 2417 2418
f 2419 2420 2421
f 2422 2423 2424
f 2425 2426 2427
f 2428 2429 2430
f 2431 2432 2433
f 2434 2435 2436
f 2437 2438 2439
f 2440 2441 2442
f 2443 2444 2445
f 2446 2447 2448
f 2449 2450 2451
f 2452 2453 2454
f 2455 2456 2457
f 2458 2459 2460
f 2461 2462 2463
f 2464 2465 2466
f 2467 2468 2469
f 2470 2471 2472
f 2473 2474 2475
f 2476 2477 2478
f 2479 2480 2481
f 2482 2483 2484
f 2485 2486 2487
f 2488 2489 2490
f 2491 2492 2493
f 2494 2495 2496
f 2497 2498 2499
f 2500 2501 2502
f 2503 2504 2505
f 2506 2507 2508
f 2509 2510 2511
f 2512 2513 2514
f 2515 2516 2517
f 2518 2519 2520
f 2521 2522 2523
f 2524 2525 2526
f 2527 2528 2529
f 2530 2531 2532
f 2533 2534 2535
f 2536 2537 2538
f 2539 2540 2541
f 2542 2543 2544
f 2545 2546 2547
f 2548 2549 2550
f 2551 2552 2553
f 2554 2555 2556
f 2557 2558 2559
f 2560 2561 2562
f 2563 2564 2565
f 2566 2567 2568
f 2569 2570 2571
f 2572 2573 2574
f 2575 2576 2577
f 2578 2579 2580
f 2581 2582 2583
f 2584 2585 2586
f 2587 2588 2589
f 2590 2591 2592
f 2593 2594 2595
f 2596 2597 2598
f 2599 2600 2601
f 2602 2603 2604
f 2605 2606 2607
f 2608 2609 2610
f 2611 2612 2613
f 2614 2615 2616
f 2617 2618 2619
f 2620 2621 2622
f 2623 2624 2625
f 2626 2627 2628
f 2629 2630 2631
f 2632 2633 2634
f 2635 2636 2637
f 2638 2639 2640
f 2641 2642 2643
f 2644 2645 2646
f 2647 2648 2649
f 2650 2651 2652
f 2653 2654 2655
f 2656 2657 2658
f 2659 2660 2661
f 2662 2663 2664
f 2665 2666 2667
f 2668 2669 2670
f 2671 2672 2673
f 2674 2675 2676
f 2677 2678 2679
f 2680 2681 2682
f 2683 2684 2685
f 2686 2687 2688
f 2689 2690 2691
f 2692 2693 2694
f 2695 2696 2697
f 2698 2699 2700
f 2701 2702 2703
f 2704 2705 2706
f 2707 2708 2709
f 2710 2711 2712
f 2713 2714 2715
f 2716 2717 2718
f 2719 2720 2721
f 2722 2723 2724
f 2725 2726 2727
f 2728 2729 2730
f 2731 2732 2733
f 2734 2735 2736
f 2737 2738 2739
f 2740 2741 2742
f 2743 2744 2745
f 2746 2747 2748
f 2749 2750 2751
f 2752 2753 2754
f 2755 2756 2757
f 2758 2759 2760
f 2761 2762 2763
f 2764 2765 2766
f 2767 2768 2769
f 2770 2771 2772
f 2773 2774 2775
f 2776 2777 2778
f 2779 2780 2781
f 2782 2783 2784
f 2785 2786 2787
f 2788 2789 2790
f 2791 2792 2793
f 2794 2795 2796
f 2797 2798 2799
f 2800 2801 2802
f 2803 2804 2805
f 2806 2807 2808
f 2809 2810 2811
f 2812 2813 2814
f 2815 2816 2817
f 2818 2819 2820
f 2821 2822 2823
f 2824 2825 2826
f 2827 2828 2829
f 2830 2831 2832
f 2833 2834 2835
f 2836 2837 2838
f 2839 2840 2841
f 2842 2843 2844
f 2845 2846 2847
f 2848 2849 2850
f 2851 2852 2853
f 2854 2855 2856
f 2857 2858 2859
f 2860 2861 2862
f 2863 2864 2865
f 2866 2867 2868
f 2869 2870 2871
f 2872 2873 2874
f 2875 2876 2877
f 2878 2879 2880
f 2881 2882 2883
f 2884 2885 2886
f 2887 2888 2889
f 2890 2891 2892
f 2893 2894 2895
f 2896 2897 2898
f 2899 2900 2901
f 2902 2903 2904
f 2905 2906 2907
f 2908 2909 2910
f 2911 2912 2913
f 2914 2915 2916
f 2917 2918 2919
f 2920 2921 2922
f 2923 2924 2925
f 2926 2927 2928
f 2929 2930 2931
f 2932 2933 2934
f 2935 2936 2937
f 2938 2939 2940
f 2941 2942 2943
f 2944 2945 2946
f 2947 2948 2949
f 2950 2951 2952
f 2953 2954 2955
f 2956 2957 2958
f 2959 2960 2961
f 2962 2963 2964
f 2965 2966 2967
f 2968 2969 2970
f 2971 2972 2973
f 2974 2975 2976
f 2977 2978 2979
f 2980 2981 2982
f 2983 2984 2985
f 2986 2987 2988
f 2989 2990 2991
f 2992 2993 2994
f 2995 2996 2997
f 2998 2999 3000
f 3001 3002 3003
f 3004 3005 3006
f 3007 3008 3009
f 3010 3011 3012
f 3013 3014 3015
f 3016 3017 3018
f 3019 3020 3021
f 3022 3023 3024
f 3025 3026 3027
f 3028 3029 3030
f 3031 3032 3033
f 3034 3035 3036
f 3037 3038 3039
f 3040 3041 3042
f 3043 3044 3045
f 3046 3047 3048
f 3049 3050 3051
f 3052 3053 3054
f 3055 3056 3057
f 3058 3059 3060
f 3061 3062 3063
f 3064 3065 3066
f 3067 3068 3069
f 3070 3071 3072
f 3073 3074 3075
f 3076 3077 3078
f 3079 3080 3081
f 3082 3083 3084
f 3085 3086 3087
f 3088 3089 3090
f 3091 3092 3093
f 3094 3095 3096
f 3097 3098 3099
f 3100 3101 3102
f 3103 3104 3105
f 3106 3107 3108
f 3109 3110 3111
f 3112 3113 3114
f 3115 3116 3117
f 3118 3119 3120
f 3121 3122 3123
f 3124 3125 3126
f 3127 3128 3129
f 3130 3131 3132
f 3133 3134 3135
f 3136 3137 3138
f 3139 3140 3141
f 3142 3143 3144
f 3145 3146 3147
f 3148 3149 3150
f 3151 3152 3153
f 3154 3155 3156
f 3157 3158 3159
f 3160 3161 3162
f 3163 3164 3165
f 3166 3167 3168
f 3169 3170 3171
f 3172 3173 3174
f 3175 3176 3177
f 3178 3179 3180
f 3181 3182 3183
f 3184 3185 3186
f 3187 3188 3189
f 3190 3191 3192
f 3193 3194 3195
f 3196 3197 3198
f 3199 3200 3201
f 3202 3203 3204
f 3205 3206 3207
f 3208 3209 3210
f 3211 3212 3213
f 3214 3215 3216
f 3217 3218 3219
f 3220 3221 3222
f 3223 3224 3225
f 3226 3227 3228
f 3229 3230 3231
f 3232 3233 3234
f 3235 3236 3237
f 3238 3239 3240
f 3241 3242 3243
f 3244 3245 3246
f 3247 3248 3249
f 3250 3251 3252
f 3253 3254 3255
f 3256 3257 3258
f 3259 3260 3261
f 3262 3263 3264
f 3265 3266 3267
f 3268 3269 3270
f 3271 3272 3273
f 3274 3275 3276
f 3277 3278 3279
f 3280 3281 3282
f 3283 3284 3285
f 3286 3287 3288
f 3289 3290 3291
f 3292 3293 3294
f 3295 3296 3297
f 3298 3299 3300
f 3301 3302 3303
f 3304 3305 3306
f 3307 3308 3309
f 3310 3311 3312
f 3313 3314 3315
f 3316 3317 3318
f 3319 3320 3321
f 3322 3323 3324
f 3325 3326 3327
f 3328 3329 3330
f 3331 3332 3333
f 3334 3335 3336
f 3337 3338 3339
f 3340 3341 3342
f 3343 3344 3345
f 3346 3347 3348
f 3349 3350 3351
f 3352 3353 3354
f 3355 3356 3357
f 3358 3359 3360
f 3361 3362 3363
f 3364 3365 3366
f 3367 3368 3369
f 3370 3371 3372
f 3373 3374 3375
f 3376 3377 3378
f 3379 3380 3381
f 3382 3383 3384
f 3385 3386 3387
f 3388 3389 3390
f 3391 3392 3393
f 3394 3395 3396
f 3397 3398 3399
f 3400 3401 3402
f 3403 3404 3405
f 3406 3407 3408
f 3409 3410 3411
f 3412 3413 3414
f 3415 3416 3417
f 3418 3419 3420
f 3421 3422 3423
f 3424 3425 3426
f 3427 3428 3429
f 3430 3431 3432
f 3433 3434 3435
f 3436 3437 3438
f 3439 3440 3441
f 3442 3443 3444
f 3445 3446 3447
f 3448 3449 3450
f 3451 3452 3453
f 3454 3455 3456
f 3457 3458 3459
f 3460 3461 3462
f 3463 3464 3465
f 3466 3467 3468
f 3469 3470 3471
f 3472 3473 3474
f 3475 3476 3477
f 3478 3479 3480
f 3481 3482 3483
f 3484 3485 3486
f 3487 3488 3489
f 3490 3491 3492
f 3493 3494 3495
f 3496 3497 3498
f 3499 3500 3501
f 3502 3503 3504
f 3505 3506 3507
f 3508 3509 3510
f 3511 3512 3513
f 3514 3515 3516
f 3517 3518 3519
f 3520 3521 3522
f 3523 3524 3525
f 3526 3527 3528
f 3529 3530 3531
f 3532 3533 3534
f 3535 3536 3537
f 3538 3539 3540
f 3541 3542 3543
f 3544 3545 3546
f 3547 3548 3549
f 3550 3551 3552
f 3553 3554 3555
f 3556 3557 3558
f 3559 3560 3561
f 3562 3563 3564
f 3565 3566 3567
f 3568 3569 3570
f 3571 3572 3573
f 3574 3575 3576
f 3577 3578 3579
f 3580 3581 3582
f 3583 3584 3585
f 3586 3587 3588
f 3589 3590 3591
f 3592 3593 3594
f 3595 3596 3597
f 3598 3599 3600
f 3601 3602 3603
f 3604 3605 3606
f 3607 3608 3609
f 3610 3611 3612
f 3613 3614 3615
f 3616 3617 3618
f 3619 3620 3621
f 3622 3623 3624
f 3625 3626 3627
f 3628 3629 3630
f 3631 3632 3633
f 3634 3635 3636
f 3637 3638 3639
f 3640 3641 3642
f 3643 3644 3645
f 3646 3647 3648
f 3649 3650 3651
f 3652 3653 3654
f 3655 3656 3657
f 3658 3659 3660
f 3661 3662 3663
f 3664 3665 3666
f 3667 3668 3669
f 3670 3671 3672
f 3673 3674 3675
f 3676 3677 3678
f 3679 3680 3681
f 3682 3683 3684
f 3685 3686 3687
f 3688 3689 3690
f 3691 3692 3693
f 3694 3695 3696
f 3697 3698 3699
f 3700 3701 3702
f 3703 3704 3705
f 3706 3707 3708
f 3709 3710 3711
f 3712 3713 3714
f 3715 3716 3717
f 3718 3719 3720
f 3721 3722 3723
f 3724 3725 3726
f 3727 3728 3729
f 3730 3731 3732
f 3733 3734 3735
f 3736 3737 3738
f 3739 3740 3741
f 3742 3743 3744
f 3745 3746 3747
f 3748 3749 3750
f 3751 3752 3753
f 3754 3755 3756
f 3757 3758 3759
f 3760 3761 3762
f 3763 3764 3765
f 3766 3767 3768
f 3769 3770 3771
f 3772 3773 3774
f 3775 3776 3777
f 3778 3779 3780
f 3781 3782 3783
f 3784 3785 3786
f 3787 3788 3789
f 3790 3791 3792
f 3793 3794 3795
f 3796 3797 3798
f 3799 3800 3801
f 3802 3803 3804
f 3805 3806 3807
f 3808 3809 3810
f 3811 3812 3813
f 3814 3815 3816
f 3817 3818 3819
f 3820 3821 3822
f 3823 3824 3825
f 3826 3827 3828
f 3829 3830 3831
f 3832 3833 3834
f 3835 3836 3837
f 3838 3839 3840
f 3841 3842 3843
f 3844 3845 3846
f 3847 3848 3849
f 3850 3851 3852
f 3853 3854 3855
f 3856 3857 3858
f 3859 3860 3861
f 3862 3863 3864
f 3865 3866 3867
f 3868 3869 3870
f 3871 3872 3873
f 3874 3875 3876
f 3877 3878 3879
f 3880 3881 3882
f 3883 3884 3885
f 3886 3887 3888
f 3889 3890 3891
f 3892 3893 3894
f 3895 3896 3897
f 3898 3899 3900
f 3901 3902 3903
f 3904 3905 3906
f 3907 3908 3909
f 3910 3911 3912
f 3913 3914 3915
f 3916 3917 3918
f 3919 3920 3921
f 3922 3923 3924
f 3925 3926 3927
f 3928 3929 3930
f 3931 3932 3933
f 3934 3935 3936
f 3937 3938 3939
f 3940 3941 3942
f 3943 3944 3945
f 3946 3947 3948
f 3949 3950 3951
f 3952 3953 3954
f 3955 3956 3957
f 3958 3959 3960
f 3961 3962 3963
f 3964 3965 3966
f 3967 3968 3969
f 3970 3971 3972
f 3973 3974 3975
f 3976 3977 3978
f 3979 3980 3981
f 3982 3983 3984
f 3985 3986 3987
f 3988 3989 3990
f 3991 3992 3993
f 3994 3995 3996
f 3997 3998 3999
f 4000 4001 4002
f 4003 4004 4005
f 4006 4007 4008
f 4009 4010 4011
f 4012 4013 4014
f 4015 4016 4017
f 4018 4019 4020
f 4021 4022 4023
f 4024 4025 4026
f 4027 4028 4029
f 4030 4031 4032
f 4033 4034 4035
f 4036 4037 4038
f 4039 4040 4041
f 4042 4043 4044
f 4045 4046 4047
f 4048 4049 4050
f 4051 4052 4053
f 4054 4055 4056
f 4057 4058 4059
f 4060 4061 4062
f 4063 4064 4065
f 4066 4067 4068
f 4069 4070 4071
f 4072 4073 4074
f 4075 4076 4077
f 4078 4079 4080
f 4081 4082 4083
f 4084 4085 4086
f 4087 4088 4089
f 4090 4091 4092
f 4093 4094 4095
f 4096 4097 4098
f 4099 4100 4101
f 4102 4103 4104
f 4105 4106 4107
f 4108 4109 4110
f 4111 4112 4113
f 4114 4115 4116
f 4117 4118 4119
f 4120 4121 4122
f 4123 4124 4125
f 4126 4127 4128
f 4129 4130 4131
f 4132 4133 4134
f 4135 4136 4137
f 4138 4139 4140
f 4141 4142 4143
f 4144 4145 4146
f 4147 4148 4149
f 4150 4151 4152
f 4153 4154 4155
f 4156 4157 4158
f 4159 4160 4161
f 4162 4163 4164
f 4165 4166 4167
f 4168 4169 4170
f 4171 4172 4173
f 4174 4175 4176
f 4177 4178 4179
f 4180 4181 4182
f 4183 4184 4185
f 4186 4187 4188
f 4189 4190 4191
f 4192 4193 4194
f 4195 4196 4197
f 4198 4199 4200
f 4201 4202 4203
f 4204 4205 4206
f 4207 4208 4209
f 4210 4211 4212
f 4213 4214 4215
f 4216 4217 4218
f 4219 4220 4221
f 4222 4223 4224
f 4225 4226 4227
f 4228 4229 4230
f 4231 4232 4233
f 4234 4235 4236
f 4237 4238 4239
f 4240 4241 4242
f 4243 4244 4245
f 4246 4247 4248
f 4249 4250 4251
f 4252 4253 4254
f 4255 4256 4257
f 4258 4259 4260
f 4261 4262 4263
f 4264 4265 4266
f 4267 4268 4269
f 4270 4271 4272
f 4273 4274 4275
f 4276 4277 4278
f 4279 4280 4281
f 4282 4283 4284
f 4285 4286 4287
f 4288 4289 4290
f 4291 4292 4293
f 4294 4295 4296
f 4297 4298 4299
f 4300 4301 4302
f 4303 4304 4305
f 4306 4307 4308
f 4309 4310 4311
f 4312 4313 4314
f 4315 4316 4317
f 4318 4319 4320
f 4321 4322 4323
f 4324 4325 4326
f 4327 4328 4329
f 4330 4331 4332
f 4333 4334 4335
f 4336 4337 4338
f 4339 4340 4341
f 4342 4343 4344
f 4345 4346 4347
f 4348 4349 4350
f 4351 4352 4353
f 4354 4355 4356
f 4357 4358 4359
f 4360 4361 4362
f 4363 4364 4365
f 4366 4367 4368
f 4369 4370 4371
f 4372 4373 4374
f 4375 4376 4377
f 4378 4379 4380
f 4381 4382 4383
f 4384 4385 4386
f 4387 4388 4389
f 4390 4391 4392
f 4393 4394 4395
f 4396 4397 4398
f 4399 4400 4401
f 4402 4403 4404
f 4405 4406 4407
f 4408 4409 4410
f 4411 4412 4413
f 4414 4415 4416
f 4417 4418 4419
f 4420 4421 4422
f 4423 4424 4425
f 4426 4427 4428
f 4429 4430 4431
f 4432 4433 4434
f 4435 4436 4437
f 4438 4439 4440
f 4441 4442 4443
f 4444 4445 4446
f 4447 4448 4449
f 4450 4451 4452
f 4453 4454 4455
f 4456 4457 4458
f 4459 4460 4461
f 4462 4463 4464
f 4465 4466 4467
f 4468 4469 4470
f 4471 4472 4473
f 4474 4475 4476
f 4477 4478 4479
f 4480 4481 4482
f 4483 4484 4485
f 4486 4487 4488
f 4489 4490 4491
f 4492 4493 4494
f 4495 4496 4497
f 4498 4499 4500
f 4501 4502 4503
f 4504 4505 4506
f 4507 4508 4509
f 4510 4511 4512
f 4513 4514 4515
f 4516 4517 4518
f 4519 4520 4521
f 4522 4523 4524
f 4525 4526 4527
f 4528 4529 4530
f 4531 4532 4533
f 4534 4535 4536
f 4537 4538 4539
f 4540 4541 4542
f 4543 4544 4545
f 4546 4547 4548
f 4549 4550 4551
f 4552 4553 4554
f 4555 4556 4557
f 4558 4559 4560
f 4561 4562 4563
f 4564 4565 4566
f 4567 4568 4569
f 4570 4571 4572
f 4573 4574 4575
f 4576 4577 4578
f 4579 4580 4581
f 4582 4583 4584
f 4585 4586 4587
f 4588 4589 4590
f 4591 4592 4593
f 4594 4595 4596
f 4597 4598 4599
f 4600 4601 4602
f 4603 4604 4605
f 4606 4607 4608
f 4609 4610 4611
f 4612 4613 4614
f 4615 4616 4617
f 4618 4619 4620
f 4621 4622 4623
f 4624 4625 4626
f 4627 4628 4629
f 4630 4631 4632
f 4633 4634 4635
f 4636 4637 4638
f 4639 4640 4641
f 4642 4643 4644
f 4645 4646 4647
f 4648 4649 4650
f 4651 4652 4653
f 4654 4655 4656
f 4657 4658 4659
f 4660 4661 4662
f 4663 4664 4665
f 4666 4667 4668
f 4669 4670 4671
f 4672 4673 4674
f 4675 4676 4677
f 4678 4679 4680
f 4681 4682 4683
f 4684 4685 4686
f 4687 4688 4689
f 4690 4691 4692
f 4693 4694 4695
f 4696 4697 4698
f 4699 4700 4701
f 4702 4703 4704
f 4705 4706 4707
f 4708 4709 4710
f 4711 4712 4713
f 4714 4715 4716
f 4717 4718 4719
f 4720 4721 4722
f 4723 4724 4725
f 4726 4727 4728
f 4729 4730 4731
f 4732 4733 4734
f 4735 4736 4737
f 4738 4739 4740
f 4741 4742 4743
f 4744 4745 4746
f 4747 4748 4749
f 4750 4751 4752
f 4753 4754 4755
f 4756 4757 4758
f 4759 4760 4761
f 4762 4763 4764
f 4765 4766 4767
f 4768 4769 4770
f 4771 4772 4773
f 4774 4775 4776
f 4777 4778 4779
f 4780 4781 4782
f 4783 4784 4785
f 4786 4787 4788
f 4789 4790 4791
f 4792 4793 4794
f 4795 4796 4797
f 4798 4799 4800
f 4801 4802 4803
f 4804 4805 4806
f 4807 4808 4809
f 4810 4811 4812
f 4813 4814 4815
f 4816 4817 4818
f 4819 4820 4821
f 4822 4823 4824
f 4825 4826 4827
f 4828 4829 4830
f 4831 4832 4833
f 4834 4835 4836
f 4837 4838 4839
f 4840 4841 4842
f 4843 4844 4845
f 4846 4847 4848
f 4849 4850 4851
f 4852 4853 4854
f 4855 4856 4857
f 4858 4859 4860
f 4861 4862 4863
f 4864 4865 4866
f 4867 4868 4869
f 4870 4871 4872
f 4873 4874 4875
f 4876 4877 4878
f 4879 4880 4881
f 4882 4883 4884
f 4885 4886 4887
f 4888 4889 4890
f 4891 4892 4893
f 4894 4895 4896
f 4897 4898 4899
f 4900 4901 4902
f 4903 4904 4905
f 4906 4907 4908
f 4909 4910 4911
f 4912 4913 4914
f 4915 4916 4917
f 4918 4919 4920
f 4921 4922 4923
f 4924 4925 4926
f 4927 4928 4929
f 4930 4931 4932
f 4933 4934 4935
f 4936 4937 4938
f 4939 4940 4941
f 4942 4943 4944
f 4945 4946 4947
f 4948 4949 4950
f 4951 4952 4953
f 4954 4955 4956
f 4957 4958 4959
f 4960 4961 4962
f 4963 4964 4965
f 4966 4967 4968
f 4969 4970 4971
f 4972 4973 4974
f 4975 4976 4977
f 4978 4979 4980
f 4981 4982 4983
f 4984 4985 4986
f 4987 4988 4989
f 4990 4991 4992
f 4993 4994 4995
f 4996 4997 4998
f 4999 5000 5001
f 5002 5003 5004
f 5005 5006 5007
f 5008 5009 5010
f 5011 5012 5013
f 5014 5015 5016
f 5017 5018 5019
f 5020 5021 5022
f 5023 5024 5025
f 5026 5027 5028
f 5029 5030 5031
f 5032 5033 5034
f 5035 5036 5037
f 5038 5039 5040
f 5041 5042 5043
f 5044 5045 5046
f 5047 5048 5049
f 5050 5051 5052
f 5053 5054 5055
f 5056 5057 5058
f 5059 5060 5061
f 5062 5063 5064
f 5065 5066 5067
f 5068 5069 5070
f 5071 5072 5073
f 5074 5075 5076
f 5077 5078 5079
f 5080 5081 5082
f 5083 5084 5085
f 5086 5087 5088
f 5089 5090 5091
f 5092 5093 5094
f 5095 5096 5097
f 5098 5099 5100
f 5101 5102 5103
f 5104 5105 5106
f 5107 5108 5109
f 5110 5111 5112
f 5113 5114 5115
f 5116 5117 5118
f 5119 5120 5121
f 5122 5123 5124
f 5125 5126 5127
f 5128 5129 5130
f 5131 5132 5133
f 5134 5135 5136
f 5137 5138 5139
f 5140 5141 5142
f 5143 5144 5145
f 5146 5147 5148
f 5149 5150 5151
f 5152 5153 5154
f 5155 5156 5157
f 5158 5159 5160
f 5161 5162 5163
f 5164 5165 5166
f 5167 5168 5169
f 5170 5171 5172
f 5173 5174 5175
f 5176 5177 5178
f 5179 5180 5181
f 5182 5183 5184
f 5185 5186 5187
f 5188 5189 5190
f 5191 5192 5193
f 5194 5195 5196
f 5197 5198 5199
f 5200 5201 5202
f 5203 5204 5205
f 5206 5207 5208
f 5209 5210 5211
f 5212 5213 5214
f 5215 5216 5217
f 5218 5219 5220
f 5221 5222 5223
f 5224 5225 5226
f 5227 5228 5229
f 5230 5231 5232
f 5233 5234 5235
f 5236 5237 5238
f 5239 5240 5241
f 5242 5243 5244
f 5245 5246 5247
f 5248 5249 5250
f 5251 5252 5253
f 5254 5255 5256
f 5257 5258 5259
f 5260 5261 5262
f 5263 5264 5265
f 5266 5267 5268
f 5269 5270 5271
f 5272 5273 5274
f 5275 5276 5277
f 5278 5279 5280
f 5281 5282 5283
f 5284 5285 5286
f 5287 5288 5289
f 5290 5291 5292
f 5293 5294 5295
f 5296 5297 5298
f 5299 5300 5301
f 5302 5303 5304
f 5305 5306 5307
f 5308 5309 5310
f 5311 5312 5313
f 5314 5315 5316
f 5317 5318 5319
f 5320 5321 5322
f 5323 5324 5325
f 5326 5327 5328
f 5329 5330 5331
f 5332 5333 5334
f 5335 5336 5337
f 5338 5339 5340
f 5341 5342 5343
f 5344 5345 5346
f 5347 5348 5349
f 5350 5351 5352
f 5353 5354 5355
f 5356 5357 5358
f 5359 5360 5361
f 5362 5363 5364
f 5365 5366 5367
f 5368 5369 5370
f 5371 5372 5373
f 5374 5375 5376
f 5377 5378 5379
f 5380 5381 5382
f 5383 5384 5385
f 5386 5387 5388
f 5389 5390 5391
f 5392 5393 5394
f 5395 5396 5397
f 5398 5399 5400
f 5401 5402 5403
f 5404 5405 5406
f 5407 5408 5409
f 5410 5411 5412
f 5413 5414 5415
f 5416 5417 5418
f 5419 5420 5421
f 5422 5423 5424
f 5425 5426 5427
f 5428 5429 5430
f 5431 5432 5433
f 5434 5435 5436
f 5437 5438 5439
f 5440 5441 5442
f 5443 5444 5445
f 5446 5447 5448
f 5449 5450 5451
f 5452 5453 5454
f 5455 5456 5457
f 5458 5459 5460
f 5461 5462 5463
f 5464 5465 5466
f 5467 5468 5469
f 5470 5471 5472
f 5473 5474 5475
f 5476 5477 5478
f 5479 5480 5481
f 5482 5483 5484
f 5485 5486 5487
f 5488 5489 5490
f 5491 5492 5493
f 5494 5495 5496
f 5497 5498 5499
f 5500 5501 5502
f 5503 5504 5505
f 5506 5507 5508
f 5509 5510 5511
f 5512 5513 5514
f 5515 5516 5517
f 5518 5519 5520
f 5521 5522 5523
f 5524 5525 5526
f 5527 5528 5529
f 5530 5531 5532
f 5533 5534 5535
f 5536 5537 5538
f 5539 5540 5541
f 5542 5543 5544
f 5545 5546 5547
f 5548 5549 5550
f 5551 5552 5553
f 5554 5555 5556
f 5557 5558 5559
f 5560 5561 5562
f 5563 5564 5565
f 5566 5567 5568
f 5569 5570 5571
f 5572 5573 5574
f 5575 5576 5577
f 5578 5579 5580
f 5581 5582 5583
f 5584 5585 5586
f 5587 5588 5589
f 5590 5591 5592
f 5593 5594 5595
f 5596 5597 5598
f 5599 5600 5601
f 5602 5603 5604
f 5605 5606 5607
f 5608 5609 5610
f 5611 5612 5613
f 5614 5615 5616
f 5617 5618 5619
f 5620 5621 5622
f 5623 5624 5625
f 5626 5627 5628
f 5629 5630 5631
f 5632 5633 5634
f 5635 5636 5637
f 5638 5639 5640
f 5641 5642 5643
f 5644 5645 5646
f 5647 5648 5649
f 5650 5651 5652
f 5653 5654 5655
f 5656 5657 5658
f 5659 5660 5661
f 5662 5663 5664
f 5665 5666 5667
f 5668 5669 5670
f 5671 5672 5673
f 5674 5675 5676
f 5677 5678 5679
f 5680 5681 5682
f 5683 5684 5685
f 5686 5687 5688
f 5689 5690 5691
f 5692 5693 5694
f 5695 5696 5697
f 5698 5699 5700
f 5701 5702 5703
f 5704 5705 5706
f 5707 5708 5709
f 5710 5711 5712
f 5713 5714 5715
f 5716 5717 5718
f 5719 5720 5721
f 5722 5723 5724
f 5725 5726 5727
f 5728 5729 5730
f 5731 5732 5733
f 5734 5735 5736
f 5737 5738 5739
f 5740 5741 5742
f 5743 5744 5745
f 5746 5747 5748
f 5749 5750 5751
f 5752 5753 5754
f 5755 5756 5757
f 5758 5759 5760
f 5761 5762 5763
f 5764 5765 5766
f 5767 5768 5769
f 5770 5771 5772
f 5773 5774 5775
f 5776 5777 5778
f 5779 5780 5781
f 5782 5783 5784
f 5785 5786 5787
f 5788 5789 5790
f 5791 5792 5793
f 5794 5795 5796
f 5797 5798 5799
f 5800 5801 5802
f 5803 5804 5805
f 5806 5807 5808
f 5809 5810 5811
f 5812 5813 5814
f 5815 5816 5817
f 5818 5819 5820
f 5821 5822 5823
f 5824 5825 5826
f 5827 5828 5829
f 5830 5831 5832
f 5833 5834 5835
f 5836 5837 5838
f 5839 5840 5841
f 5842 5843 5844
f 5845 5846 5847
f 5848 5849 5850
f 5851 5852 5853
f 5854 5855 5856
f 5857 5858 5859
f 5860 5861 5862
f 5863 5864 5865
f 5866 5867 5868
f 5869 5870 5871
f 5872 5873 5874
f 5875 5876 5877
f 5878 5879 5880
f 5881 5882 5883
f 5884 5885 5886
f 5887 5888 5889
f 5890 5891 5892
f 5893 5894 5895
f 5896 5897 5898
f 5899 5900 5901
f 5902 5903 5904
f 5905 5906 5907
f 5908 5909 5910
f 5911 5912 5913
f 5914 5915 5916
f 5917 5918 5919
f 5920 5921 5922
f 5923 5924 5925
f 5926 5927 5928
f 5929 5930 5931
f 5932 5933 5934
f 5935 5936 5937
f 5938 5939 5940
f 5941 5942 5943
f 5944 5945 5946
f 5947 5948 5949
f 5950 5951 5952
f 5953 5954 5955
f 5956 5957 5958
f 5959 5960 5961
f 5962 5963 5964
f 5965 5966 5967
f 5968 5969 5970
f 5971 5972 5973
f 5974 5975 5976
f 5977 5978 5979
f 5980 5981 5982
f 5983 5984 5985
f 5986 5987 5988
f 5989 5990 5991
f 5992 5993 5994
f 5995 5996 5997
f 5998 5999 6000
f 6001 6002 6003
f 6004 6005 6006
f 6007 6008 6009
f 6010 6011 6012
f 6013 6014 6015
f 6016 6017 6018
f 6019 6020 6021
f 6022 6023 6024
f 6025 6026 6027
f 6028 6029 6030
f 6031 6032 6033
f 6034 6035 6036
f 6037 6038 6039
f 6040 6041 6042
f 6043 6044 6045
f 6046 6047 6048
f 6049 6050 6051
f 6052 6053 6054
f 6055 6056 6057
f 6058 6059 6060
f 6061 6062 6063
f 6064 6065 6066
f 6067 6068 6069
f 6070 6071 6072
f 6073 6074 6075
f 6076 6077 6078
f 6079 6080 6081
f 6082 6083 6084
f 6085 6086 6087
f 6088 6089 6090
f 6091 6092 6093
f 6094 6095 6096
f 6097 6098 6099
f 6100 6101 6102
f 6103 6104 6105
f 6106 6107 6108
f 6109 6110 6111
f 6112 6113 6114
f 6115 6116 6117
f 6118 6119 6120
f 6121 6122 6123
f 6124 6125 6126
f 6127 6128 6129
f 6130 6131 6132
f 6133 6134 6135
f 6136 6137 6138
f 6139 6140 6141
f 6142 6143 6144
f 6145 6146 6147
f 6148 6149 6150
f 6151 6152 6153
f 6154 6155 6156
f 6157 6158 6159
f 6160 6161 6162
f 6163 6164 6165
f 6166 6167 6168
f 6169 6170 6171
f 6172 6173 6174
f 6175 6176 6177
f 6178 6179 6180
f 6181 6182 6183
f 6184 6185 6186
f 6187 6188 6189
f 6190 6191 6192
f 6193 6194 6195
f 6196 6197 6198
f 6199 6200 6201
f 6202 6203 6204
f 6205 6206 6207
f 6208 6209 6210
f 6211 6212 6213
f 6214 6215 6216
f 6217 6218 6219
f 6220 6221 6222
f 6223 6224 6225
f 6226 6227 6228
f 6229 6230 6231
f 6232 6233 6234
f 6235 6236 6237
f 6238 6239 6240
f 6241 6242 6243
f 6244 6245 6246
f 6247 6248 6249
f 6250 6251 6252
f 6253 6254 6255
f 6256 6257 6258
f 6259 6260 6261
f 6262 6263 6264
f 6265 6266 6267
f 6268 6269 6270
f 6271 6272 6273
f 6274 6275 6276
f 6277 6278 6279
f 6280 6281 6282
f 6283 6284 6285
f 6286 6287 6288
f 6289 6290 6291
f 6292 6293 6294
f 6295 6296 6297
f 6298 6299 6300
f 6301 6302 6303
f 6304 6305 6306
f 6307 6308 6309
f 6310 6311 6312
f 6313 6314 6315
f 6316 6317 6318
f 6319 6320 6321
f 6322 6323 6324
f 6325 6326 6327
f 6328 6329 6330
f 6331 6332 6333
f 6334 6335 6336
f 6337 6338 6339
f 6340 6341 6342
f 6343 6344 6345
f 6346 6347 6348
f 6349 6350 6351
f 6352 6353 6354
f 6355 6356 6357
f 6358 6359 6360
f 6361 6362 6363
f 6364 6365 6366
f 6367 6368 6369
f 6370 6371 6372
f 6373 6374 6375
f 6376 6377 6378
f 6379 6380 6381
f 6382 6383 6384
f 6385 6386 6387
f 6388 6389 6390
f 6391 6392 6393
f 6394 6395 6396
f 6397 6398 6399
f 6400 6401 6402
f 6403 6404 6405
f 6406 6407 6408
f 6409 6410 6411
f 6412 6413 6414
f 6415 6416 6417
f 6418 6419 6420
f 6421 6422 6423
f 6424 6425 6426
f 6427 6428 6429
f 6430 6431 6432
f 6433 6434 6435
f 6436 6437 6438
f 6439 6440 6441
f 6442 6443 6444
f 6445 6446 6447
f 6448 6449 6450
f 6451 6452 6453
f 6454 6455 6456
f 6457 6458 6459
f 6460 6461 6462
f 6463 6464 6465
f 6466 6467 6468
f 6469 6470 6471
f 6472 6473 6474
f 6475 6476 6477
f 6478 6479 6480
f 6481 6482 6483
f 6484 6485 6486
f 6487 6488 6489
f 6490 6491 6492
f 6493 6494 6495
f 6496 6497 6498
f 6499 6500 6501
f 6502 6503 6504
f 6505 6506 6507
f 6508 6509 6510
f 6511 6512 6513
f 6514 6515 6516
f 6517 6518 6519
f 6520 6521 6522
f 6523 6524 6525
f 6526 6527 6528
f 6529 6530 6531
f 6532 6533 6534
f 6535 6536 6537
f 6538 6539 6540
f 6541 6542 6543
f 6544 6545 6546
f 6547 6548 6549
f 6550 6551 6552
f 6553 6554 6555
f 6556 6557 6558
f 6559 6560 6561
f 6562 6563 6564
f 6565 6566 6567
f 6568 6569 6570
f 6571 6572 6573
f 6574 6575 6576
f 6577 6578 6579
f 6580 6581 6582
f 6583 6584 6585
f 6586 6587 6588
f 6589 6590 6591
f 6592 6593 6594
f 6595 6596 6597
f 6598 6599 6600
f 6601 6602 6603
f 6604 6605 6606
f 6607 6608 6609
f 6610 6611 6612
f 6613 6614 6615
f 6616 6617 6618
f 6619 6620 6621
f 6622 6623 6624
f 6625 6626 6627
f 6628 6629 6630
f 6631 6632 6633
f 6634 6635 6636
f 6637 6638 6639
f 6640 6641 6642
f 6643 6644 6645
f 6646 6647 6648
f 6649 6650 6651
f 6652 6653 6654
f 6655 6656 6657
f 6658 6659 6660
f 6661 6662 6663
f 6664 6665 6666
f 6667 6668 6669
f 6670 6671 6672
f 6673 6674 6675
f 6676 6677 6678
f 6679 6680 6681
f 6682 6683 6684
f 6685 6686 6687
f 6688 6689 6690
f 6691 6692 6693
f 6694 6695 6696
f 6697 6698 6699
f 6700 6701 6702
f 6703 6704 6705
f 6706 6707 6708
f 6709 6710 6711
f 6712 6713 6714
f 6715 6716 6717
f 6718 6719 6720
f 6721 6722 6723
f 6724 6725 6726
f 6727 6728 6729
f 6730 6731 6732
f 6733 6734 6735
f 6736 6737 6738
f 6739 6740 6741
f 6742 6743 6744
f 6745 6746 6747
f 6748 6749 6750
f 6751 6752 6753
f 6754 6755 6756
f 6757 6758 6759
f 6760 6761 6762
f 6763 6764 6765
f 6766 6767 6768
f 6769 6770 6771
f 6772 6773 6774
f 6775 6776 6777
f 6778 6779 6780
f 6781 6782 6783
f 6784 6785 6786
f 6787 6788 6789
f 6790 6791 6792
f 6793 6794 6795
f 6796 6797 6798
f 6799 6800 6801
f 6802 6803 6804
f 6805 6806 6807
f 6808 6809 6810
f 6811 6812 6813
f 6814 6815 6816
f 6817 6818 6819
f 6820 6821 6822
f 6823 6824 6825
f 6826 6827 6828
f 6829 6830 6831
f 6832 6833 6834
f 6835 6836 6837
f 6838 6839 6840
f 6841 6842 6843
f 6844 6845 6846
f 6847 6848 6849
f 6850 6851 6852
f 6853 6854 6855
f 6856 6857 6858
f 6859 6860 6861
f 6862 6863 6864
f 6865 6866 6867
f 6868 6869 6870
f 6871 6872 6873
f 6874 6875 6876
f 6877 6878 6879
f 6880 6881 6882
f 6883 6884 6885
f 6886 6887 6888
f 6889 6890 6891
f 6892 6893 6894
f 6895 6896 6897
f 6898 6899 6900
f 6901 6902 6903
f 6904 6905 6906
f 6907 6908 6909
f 6910 6911 6912
f 6913 6914 6915
f 6916 6917 6918
f 6919 6920 6921
f 6922 6923 6924
f 6925 6926 6927
f 6928 6929 6930
f 6931 6932 6933
f 6934 6935 6936
f 6937 6938 6939
f 6940 6941 6942
f 6943 6944 6945
f 6946 6947 6948
f 6949 6950 6951
f 6952 6953 6954
f 6955 6956 6957
f 6958 6959 6960
f 6961 6962 6963
f 6964 6965 6966
f 6967 6968 6969
f 6970 6971 6972
f 6973 6974 6975
f 6976 6977 6978
f 6979 6980 6981
f 6982 6983 6984
f 6985 6986 6987
f 6988 6989 6990
f 6991 6992 6993
f 6994 6995 6996
f 6997 6998 6999
f 7000 7001 7002
f 7003 7004 7005
f 7006 7007 7008
f 7009 7010 7011
f 7012 7013 7014
f 7015 7016 7017
f 7018 7019 7020
f 7021 7022 7023
f 7024 7025 7026
f 7027 7028 7029
f 7030 7031 7032
f 7033 7034 7035
f 7036 7037 7038
f 7039 7040 7041
f 7042 7043 7044
f 7045 7046 7047
f 7048 7049 7050
f 7051 7052 7053
f 7054 7055 7056
f 7057 7058 7059
f 7060 7061 7062
f 7063 7064 7065
f 7066 7067 7068
f 7069 7070 7071
f 7072 7073 7074
f 7075 7076 7077
f 7078 7079 7080
f 7081 7082 7083
f 7084 7085 7086
f 7087 7088 7089
f 7090 7091 7092
f 7093 7094 7095
f 7096 7097 7098
f 7099 7100 7101
f 7102 7103 7104
f 7105 7106 7107
f 7108 7109 7110
f 7111 7112 7113
f 7114 7115 7116
f 7117 7118 7119
f 7120 7121 7122
f 7123 7124 7125
f 7126 7127 7128
f 7129 7130 7131
f 7132 7133 7134
f 7135 7136 7137
f 7138 7139 7140
f 7141 7142 7143
f 7144 7145 7146
f 7147 7148 7149
f 7150 7151 7152
f 7153 7154 7155
f 7156 7157 7158
f 7159 7160 7161
f 7162 7163 7164
f 7165 7166 7167
f 7168 7169 7170
f 7171 7172 7173
f 7174 7175 7176
f 7177 7178 7179
f 7180 7181 7182
f 7183 7184 7185
f 7186 7187 7188
f 7189 7190 7191
f 7192 7193 7194
f 7195 7196 7197
f 7198 7199 7200
f 7201 7202 7203
f 7204 7205 7206
f 7207 7208 7209
f 7210 7211 7212
f 7213 7214 7215
f 7216 7217 7218
f 7219 7220 7221
f 7222 7223 7224
f 7225 7226 7227
f 7228 7229 7230
f 7231 7232 7233
f 7234 7235 7236
f 7237 7238 7239
f 7240 7241 7242
f 7243 7244 7245
f 7246 7247 7248
f 7249 7250 7251
f 7252 7253 7254
f 7255 7256 7257
f 7258 7259 7260
f 7261 7262 7263
f 7264 7265 7266
f 7267 7268 7269
f 7270 7271 7272
f 7273 7274 7275
f 7276 7277 7278
f 7279 7280 7281
f 7282 7283 7284
f 7285 7286 7287
f 7288 7289 7290
f 7291 7292 7293
f 7294 7295 7296
f 7297 7298 7299
f 7300 7301 7302
f 7303 7304 7305
f 7306 7307 7308
f 7309 7310 7311
f 7312 7313 7314
f 7315 7316 7317
f 7318 7319 7320
f 7321 7322 7323
f 7324 7325 7326
f 7327 7328 7329
f 7330 7331 7332
f 7333 7334 7335
f 7336 7337 7338
f 7339 7340 7341
f 7342 7343 7344
f 7345 7346 7347
f 7348 7349 7350
f 7351 7352 7353
f 7354 7355 7356
f 7357 7358 7359
f 7360 7361 7362
f 7363 7364 7365
f 7366 7367 7368
f 7369 7370 7371
f 7372 7373 7374
f 7375 7376 7377
f 7378 7379 7380
f 7381 7382 7383
f 7384 7385 7386
f 7387 7388 7389
f 7390 7391 7392
f 7393 7394 7395
f 7396 7397 7398
f 7399 7400 7401
f 7402 7403 7404
f 7405 7406 7407
f 7408 7409 7410
f 7411 7412 7413
f 7414 7415 7416
f 7417 7418 7419
f 7420 7421 7422
f 7423 7424 7425
f 7426 7427 7428
f 7429 7430 7431
f 7432 7433 7434
f 7435 7436 7437
f 7438 7439 7440
f 7441 7442 7443
f 7444 7445 7446
f 7447 7448 7449
f 7450 7451 7452
f 7453 7454 7455
f 7456 7457 7458
f 7459 7460 7461
f 7462 7463 7464
f 7465 7466 7467
f 7468 7469 7470
f 7471 7472 7473
f 7474 7475 7476
f 7477 7478 7479
f 7480 7481 7482
f 7483 7484 7485
f 7486 7487 7488
f 7489 7490 7491
f 7492 7493 7494
f 7495 7496 7497
f 7498 7499 7500
f 7501 7502 7503
f 7504 7505 7506
f 7507 7508 7509
f 7510 7511 7512
f 7513 7514 7515
f 7516 7517 7518
f 7519 7520 7521
f 7522 7523 7524
f 7525 7526 7527
f 7528 7529 7530
f 7531 7532 7533
f 7534 7535 7536
f 7537 7538 7539
f 7540 7541 7542
f 7543 7544 7545
f 7546 7547 7548
f 7549 7550 7551
f 7552 7553 7554
f 7555 7556 7557
f 7558 7559 7560
f 7561 7562 7563
f 7564 7565 7566
f 7567 7568 7569
f 7570 7571 7572
f 7573 7574 7575
f 7576 7577 7578
f 7579 7580 7581
f 7582 7583 7584
f 7585 7586 7587
f 7588 7589 7590
f 7591 7592 7593
f 7594 7595 7596
f 7597 7598 7599
f 7600 7601 7602
f 7603 7604 7605
f 7606 7607 7608
f 7609 7610 7611
f 7612 7613 7614
f 7615 7616 7617
f 7618 7619 7620
f 7621 7622 7623
f 7624 7625 7626
f 7627 7628 7629
f 7630 7631 7632
f 7633 7634 7635
f 7636 7637 7638
f 7639 7640 7641
f 7642 7643 7644
f 7645 7646 7647
f 7648 7649 7650
f 7651 7652 7653
f 7654 7655 7656
f 7657 7658 7659
f 7660 7661 7662
f 7663 7664 7665
f 7666 7667 7668
f 7669 7670 7671
f 7672 7673 7674
f 7675 7676 7677
f 7678 7679 7680
f 7681 7682 7683
f 7684 7685 7686
f 7687 7688 7689
f 7690 7691 7692
f 7693 7694 7695
f 7696 7697 7698
f 7699 7700 7701
f 7702 7703 7704
f 7705 7706 7707
f 7708 7709 7710
f 7711 7712 7713
f 7714 7715 7716
f 7717 7718 7719
f 7720 7721 7722
f 7723 7724 7725
f 7726 7727 7728
f 7729 7730 7731
f 7732 7733 7734
f 7735 7736 7737
f 7738 7739 7740
f 7741 7742 7743
f 7744 7745 7746
f 7747 7748 7749
f 7750 7751 7752
f 7753 7754 7755
f 7756 7757 7758
f 7759 7760 7761
f 7762 7763 7764
f 7765 7766 7767
f 7768 7769 7770
f 7771 7772 7773
f 7774 7775 7776
f 7777 7778 7779
f 7780 7781 7782
f 7783 7784 7785
f 7786 7787 7788
f 7789 7790 7791
f 7792 7793 7794
f 7795 7796 7797
f 7798 7799 7800
f 7801 7802 7803
f 7804 7805 7806
f 7807 7808 7809
f 7810 7811 7812
f 7813 7814 7815
f 7816 7817 7818
f 7819 7820 7821
f 7822 7823 7824
f 7825 7826 7827
f 7828 7829 7830
f 7831 7832 7833
f 7834 7835 7836
f 7837 7838 7839
f 7840 7841 7842
f 7843 7844 7845
f 7846 7847 7848
f 7849 7850 7851
f 7852 7853 7854
f 7855 7856 7857
f 7858 7859 7860
f 7861 7862 7863
f 7864 7865 7866
f 7867 7868 7869
f 7870 7871 7872
f 7873 7874 7875
f 7876 7877 7878
f 7879 7880 7881
f 7882 7883 7884
f 7885 7886 7887
f 7888 7889 7890
f 7891 7892 7893
f 7894 7895 7896
f 7897 7898 7899
f 7900 7901 7902
f 7903 7904 7905
f 7906 7907 7908
f 7909 7910 7911
f 7912 7913 7914
f 7915 7916 7917
f 7918 7919 7920
f 7921 7922 7923
f 7924 7925 7926
f 7927 7928 7929
f 7930 7931 7932
f 7933 7934 7935
f 7936 7937 7938
f 7939 7940 7941
f 7942 7943 7944
f 7945 7946 7947
f 7948 7949 7950
f 7951 7952 7953
f 7954 7955 7956
f 7957 7958 7959
f 7960 7961 7962
f 7963 7964 7965
f 7966 7967 7968
f 7969 7970 7971
f 7972 7973 7974
f 7975 7976 7977
f 7978 7979 7980
f 7981 7982 7983
f 7984 7985 7986
f 7987 7988 7989
f 7990 7991 7992
f 7993 7994 7995
f 7996 7997 7998
f 7999 8000 8001
f 8002 8003 8004
f 8005 8006 8007
f 8008 8009 8010
f 8011 8012 8013
f 8014 8015 8016
f 8017 8018 8019
f 8020 8021 8022
f 8023 8024 8025
f 8026 8027 8028
f 8029 8030 8031
f 8032 8033 8034
f 8035 8036 8037
f 8038 8039 8040
f 8041 8042 8043
f 8044 8045 8046
f 8047 8048 8049
f 8050 8051 8052
f 8053 8054 8055
f 8056 8057 8058
f 8059 8060 8061
f 8062 8063 8064
f 8065 8066 8067
f 8068 8069 8070
f 8071 8072 8073
f 8074 8075 8076
f 8077 8078 8079
f 8080 8081 8082
f 8083 8084 8085
f 8086 8087 8088
f 8089 8090 8091
f 8092 8093 8094
f 8095 8096 8097
f 8098 8099 8100
f 8101 8102 8103
f 8104 8105 8106
f 8107 8108 8109
f 8110 8111 8112
f 8113 8114 8115
f 8116 8117 8118
f 8119 8120 8121
f 8122 8123 8124
f 8125 8126 8127
f 8128 8129 8130
f 8131 8132 8133
f 8134 8135 8136
f 8137 8138 8139
f 8140 8141 8142
f 8143 8144 8145
f 8146 8147 8148
f 8149 8150 8151
f 8152 8153 8154
f 8155 8156 8157
f 8158 8159 8160
f 8161 8162 8163
f 8164 8165 8166
f 8167 8168 8169
f 8170 8171 8172
f 8173 8174 8175
f 8176 8177 8178
f 8179 8180 8181
f 8182 8183 8184
f 8185 8186 8187
f 8188 8189 8190
f 8191 8192 8193
f 8194 8195 8196
f 8197 8198 8199
f 8200 8201 8202
f 8203 8204 8205
f 8206 8207 8208
f 8209 8210 8211
f 8212 8213 8214
f 8215 8216 8217
f 8218 8219 8220
f 8221 8222 8223
f 8224 8225 8226
f 8227 8228 8229
f 8230 8231 8232
f 8233 8234 8235
f 8236 8237 8238
f 8239 8240 8241
f 8242 8243 8244
f 8245 8246 8247
f 8248 8249 8250
f 8251 8252 8253
f 8254 8255 8256
f 8257 8258 8259
f 8260 8261 8262
f 8263 8264 8265
f 8266 8267 8268
f 8269 8270 8271
f 8272 8273 8274
f 8275 8276 8277
f 8278 8279 8280
f 8281 8282 8283
f 8284 8285 8286
f 8287 8288 8289
f 8290 8291 8292
f 8293 8294 8295
f 8296 8297 8298
f 8299 8300 8301
f 8302 8303 8304
f 8305 8306 8307
f 8308 8309 8310
f 8311 8312 8313
f 8314 8315 8316
f 8317 8318 8319
f 8320 8321 8322
f 8323 8324 8325
f 8326 8327 8328
f 8329 8330 8331
f 8332 8333 8334
f 8335 8336 8337
f 8338 8339 8340
f 8341 8342 8343
f 8344 8345 8346
f 8347 8348 8349
f 8350 8351 8352
f 8353 8354 8355
f 8356 8357 8358
f 8359 8360 8361
f 8362 8363 8364
f 8365 8366 8367
f 8368 8369 8370
f 8371 8372 8373
f 8374 8375 8376
f 8377 8378 8379
f 8380 8381 8382
f 8383 8384 8385
f 8386 8387 8388
f 8389 8390 8391
f 8392 8393 8394
f 8395 8396 8397
f 8398 8399 8400
f 8401 8402 8403
f 8404 8405 8406
f 8407 8408 8409
f 8410 8411 8412
f 8413 8414 8415
f 8416 8417 8418
f 8419 8420 8421
f 8422 8423 8424
f 8425 8426 8427
f 8428 8429 8430
f 8431 8432 8433
f 8434 8435 8436
f 8437 8438 8439
f 8440 8441 8442
f 8443 8444 8445
f 8446 8447 8448
f 8449 8450 8451
f 8452 8453 8454
f 8455 8456 8457
f 8458 8459 8460
f 8461 8462 8463
f 8464 8465 8466
f 8467 8468 8469
f 8470 8471 8472
f 8473 8474 8475
f 8476 8477 8478
f 8479 8480 8481
f 8482 8483 8484
f 8485 8486 8487
f 8488 8489 8490
f 8491 8492 8493
f 8494 8495 8496
f 8497 8498 8499
f 8500 8501 8502
f 8503 8504 8505
f 8506 8507 8508
f 8509 8510 8511
f 8512 8513 8514
f 8515 8516 8517
f 8518 8519 8520
f 8521 8522 8523
f 8524 8525 8526
f 8527 8528 8529
f 8530 8531 8532
f 8533 8534 8535
f 8536 8537 8538
f 8539 8540 8541
f 8542 8543 8544
f 8545 8546 8547
f 8548 8549 8550
f 8551 8552 8553
f 8554 8555 8556
f 8557 8558 8559
f 8560 8561 8562
f 8563 8564 8565
f 8566 8567 8568
f 8569 8570 8571
f 8572 8573 8574
f 8575 8576 8577
f 8578 8579 8580
f 8581 8582 8583
f 8584 8585 8586
f 8587 8588 8589
f 8590 8591 8592
f 8593 8594 8595
f 8596 8597 8598
f 8599 8600 8601
f 8602 8603 8604
f 8605 8606 8607
f 8608 8609 8610
f 8611 8612 8613
f 8614 8615 8616
f 8617 8618 8619
f 8620 8621 8622
f 8623 8624 8625
f 8626 8627 8628
f 8629 8630 8631
f 8632 8633 8634
f 8635 8636 8637
f 8638 8639 8640
f 8641 8642 8643
f 8644 8645 8646
f 8647 8648 8649
f 8650 8651 8652
f 8653 8654 8655
f 8656 8657 8658
f 8659 8660 8661
f 8662 8663 8664
f 8665 8666 8667
f 8668 8669 8670
f 8671 8672 8673
f 8674 8675 8676
f 8677 8678 8679
f 8680 8681 8682
f 8683 8684 8685
f 8686 8687 8688
f 8689 8690 8691
f 8692 8693 8694
f 8695 8696 8697
f 8698 8699 8700
f 8701 8702 8703
f 8704 8705 8706
f 8707 8708 8709
f 8710 8711 8712
f 8713 8714 8715
f 8716 8717 8718
f 8719 8720 8721
f 8722 8723 8724
f 8725 8726 8727
f 8728 8729 8730
f 8731 8732 8733
f 8734 8735 8736
f 8737 8738 8739
f 8740 8741 8742
f 8743 8744 8745
f 8746 8747 8748
f 8749 8750 8751
f 8752 8753 8754
f 8755 8756 8757
f 8758 8759 8760
f 8761 8762 8763
f 8764 8765 8766
f 8767 8768 8769
f 8770 8771 8772
f 8773 8774 8775
f 8776 8777 8778
f 8779 8780 8781
f 8782 8783 8784
f 8785 8786 8787
f 8788 8789 8790
f 8791 8792 8793
f 8794 8795 8796
f 8797 8798 8799
f 8800 8801 8802
f 8803 8804 8805
f 8806 8807 8808
f 8809 8810 8811
f 8812 8813 8814
f 8815 8816 8817
f 8818 8819 8820
f 8821 8822 8823
f 8824 8825 8826
f 8827 8828 8829
f 8830 8831 8832
f 8833 8834 8835
f 8836 8837 8838
f 8839 8840 8841
f 8842 8843 8844
f 8845 8846 8847
f 8848 8849 8850
f 8851 8852 8853
f 8854 8855 8856
f 8857 8858 8859
f 8860 8861 8862
f 8863 8864 8865
f 8866 8867 8868
f 8869 8870 8871
f 8872 8873 8874
f 8875 8876 8877
f 8878 8879 8880
f 8881 8882 8883
f 8884 8885 8886
f 8887 8888 8889
f 8890 8891 8892
f 8893 8894 8895
f 8896 8897 8898
f 8899 8900 8901
f 8902 8903 8904
f 8905 8906 8907
f 8908 8909 8910
f 8911 8912 8913
f 8914 8915 8916
f 8917 8918 8919
f 8920 8921 8922
f 8923 8924 8925
f 8926 8927 8928
f 8929 8930 8931
f 8932 8933 8934
f 8935 8936 8937
f 8938 8939 8940
f 8941 8942 8943
f 8944 8945 8946
f 8947 8948 8949
f 8950 8951 8952
f 8953 8954 8955
f 8956 8957 8958
f 8959 8960 8961
f 8962 8963 8964
f 8965 8966 8967
f 8968 8969 8970
f 8971 8972 8973
f 8974 8975 8976
f 8977 8978 8979
f 8980 8981 8982
f 8983 8984 8985
f 8986 8987 8988
f 8989 8990 8991
f 8992 8993 8994
f 8995 8996 8997
f 8998 8999 9000
f 9001 9002 9003
f 9004 9005 9006
f 9007 9008 9009
f 9010 9011 9012
f 9013 9014 9015
f 9016 9017 9018
f 9019 9020 9021
f 9022 9023 9024
f 9025 9026 9027
f 9028 9029 9030
f 9031 9032 9033
f 9034 9035 9036
f 9037 9038 9039
f 9040 9041 9042
f 9043 9044 9045
f 9046 9047 9048
f 9049 9050 9051
f 9052 9053 9054
f 9055 9056 9057
f 9058 9059 9060
f 9061 9062 9063
f 9064 9065 9066
f 9067 9068 9069
f 9070 9071 9072
f 9073 9074 9075
f 9076 9077 9078
f 9079 9080 9081
f 9082 9083 9084
f 9085 9086 9087
f 9088 9089 9090
f 9091 9092 9093
f 9094 9095 9096
f 9097 9098 9099
f 9100 9101 9102
f 9103 9104 9105
f 9106 9107 9108
f 9109 9110 9111
f 9112 9113 9114
f 9115 9116 9117
f 9118 9119 9120
f 9121 9122 9123
f 9124 9125 9126
f 9127 9128 9129
f 9130 9131 9132
f 9133 9134 9135
f 9136 9137 9138
f 9139 9140 9141
f 9142 9143 9144
f 9145 9146 9147
f 9148 9149 9150
f 9151 9152 9153
f 9154 9155 9156
f 9157 9158 9159
f 9160 9161 9162
f 9163 9164 9165
f 9166 9167 9168
f 9169 9170 9171
f 9172 9173 9174
f 9175 9176 9177
f 9178 9179 9180
f 9181 9182 9183
f 9184 9185 9186
f 9187 9188 9189
f 9190 9191 9192
f 9193 9194 9195
f 9196 9197 9198
f 9199 9200 9201
f 9202 9203 9204
f 9205 9206 9207
f 9208 9209 9210
f 9211 9212 9213
f 9214 9215 9216
f 9217 9218 9219
f 9220 9221 9222
f 9223 9224 9225
f 9226 9227 9228
f 9229 9230 9231
f 9232 9233 9234
f 9235 9236 9237
f 9238 9239 9240
f 9241 9242 9243
f 9244 9245 9246
f 9247 9248 9249
f 9250 9251 9252
f 9253 9254 9255
f 9256 9257 9258
f 9259 9260 9261
f 9262 9263 9264
f 9265 9266 9267
f 9268 9269 9270
f 9271 9272 9273
f 9274 9275 9276
f 9277 9278 9279
f 9280 9281 9282
f 9283 9284 9285
f 9286 9287 9288
f 9289 9290 9291
f 9292 9293 9294
f 9295 9296 9297
f 9298 9299 9300
f 9301 9302 9303
f 9304 9305 9306
f 9307 9308 9309
f 9310 9311 9312
f 9313 9314 9315
f 9316 9317 9318
f 9319 9320 9321
f 9322 9323 9324
f 9325 9326 9327
f 9328 9329 9330
f 9331 9332 9333
f 9334 9335 9336
f 9337 9338 9339
f 9340 9341 9342
f 9343 9344 9345
f 9346 9347 9348
f 9349 9350 9351
f 9352 9353 9354
f 9355 9356 9357
f 9358 9359 9360
f 9361 9362 9363
f 9364 9365 9366
f 9367 9368 9369
f 9370 9371 9372
f 9373 9374 9375
f 9376 9377 9378
f 9379 9380 9381
f 9382 9383 9384
f 9385 9386 9387
f 9388 9389 9390
f 9391 9392 9393
f 9394 9395 9396
f 9397 9398 9399
f 9400 9401 9402
f 9403 9404 9405
f 9406 9407 9408
f 9409 9410 9411
f 9412 9413 9414
f 9415 9416 9417
f 9418 9419 9420
f 9421 9422 9423
f 9424 9425 9426
f 9427 9428 9429
f 9430 9431 9432
f 9433 9434 9435
f 9436 9437 9438
f 9439 9440 9441
f 9442 9443 9444
f 9445 9446 9447
f 9448 9449 9450
f 9451 9452 9453
f 9454 9455 9456
f 9457 9458 9459
f 9460 9461 9462
f 9463 9464 9465
f 9466 9467 9468
f 9469 9470 9471
f 9472 9473 9474
f 9475 9476 9477
f 9478 9479 9480
f 9481 9482 9483
f 9484 9485 9486
f 9487 9488 9489
f 9490 9491 9492
f 9493 9494 9495
f 9496 9497 9498
f 9499 9500 9501
f 9502 9503 9504
f 9505 9506 9507
f 9508 9509 9510
f 9511 9512 9513
f 9514 9515 9516
f 9517 9518 9519
f 9520 9521 9522
f 9523 9524 9525
f 9526 9527 9528
f 9529 9530 9531
f 9532 9533 9534
f 9535 9536 9537
f 9538 9539 9540
f 9541 9542 9543
f 9544 9545 9546
f 9547 9548 9549
f 9550 9551 9552
f 9553 9554 9555
f 9556 9557 9558
f 9559 9560 9561
f 9562 9563 9564
f 9565 9566 9567
f 9568 9569 9570
f 9571 9572 9573
f 9574 9575 9576
f 9577 9578 9579
f 9580 9581 9582
f 9583 9584 9585
f 9586 9587 9588
f 9589 9590 9591
f 9592 9593 9594
f 9595 9596 9597
f 9598 9599 9600
f 9601 9602 9603
f 9604 9605 9606
f 9607 9608 9609
f 9610 9611 9612
f 9613 9614 9615
f 9616 9617 9618
f 9619 9620 9621
f 9622 9623 9624
f 9625 9626 9627
f 9628 9629 9630
f 9631 9632 9633
f 9634 9635 9636
f 9637 9638 9639
f 9640 9641 9642
f 9643 9644 9645
f 9646 9647 9648
f 9649 9650 9651
f 9652 9653 9654
f 9655 9656 9657
f 9658 9659 9660
f 9661 9662 9663
f 9664 9665 9666
f 9667 9668 9669
f 9670 9671 9672
f 9673 9674 9675
f 9676 9677 9678
f 9679 9680 9681
f 9682 9683 9684
f 9685 9686 9687
f 9688 9689 9690
f 9691 9692 9693
f 9694 9695 9696
f 9697 9698 9699
f 9700 9701 9702
f 9703 9704 9705
f 9706 9707 9708
f 9709 9710 9711
f 9712 9713 9714
f 9715 9716 9717
f 9718 9719 9720
f 9721 9722 9723
f 9724 9725 9726
f 9727 9728 9729
f 9730 9731 9732
f 9733 9734 9735
f 9736 9737 9738
f 9739 9740 9741
f 9742 9743 9744
f 9745 9746 9747
f 9748 9749 9750
f 9751 9752 9753
f 9754 9755 9756
f 9757 9758 9759
f 9760 9761 9762
f 9763 9764 9765
f 9766 9767 9768
f 9769 9770 9771
f 9772 9773 9774
f 9775 9776 9777
f 9778 9779 9780
f 9781 9782 9783
f 9784 9785 9786
f 9787 9788 9789
f 9790 9791 9792
f 9793 9794 9795
f 9796 9797 9798
f 9799 9800 9801
f 9802 9803 9804
f 9805 9806 9807
f 9808 9809 9810
f 9811 9812 9813
f 9814 9815 9816
f 9817 9818 9819
f 9820 9821 9822
f 9823 9824 9825
f 9826 9827 9828
f 9829 9830 9831
f 9832 9833 9834
f 9835 9836 9837
f 9838 9839 9840
f 9841 9842 9843
f 9844 9845 9846
f 9847 9848 9849
f 9850 9851 9852
f 9853 9854 9855
f 9856 9857 9858
f 9859 9860 9861
f 9862 9863 9864
f 9865 9866 9867
f 9868 9869 9870
f 9871 9872 9873
f 9874 9875 9876
f 9877 9878 9879
f 9880 9881 9882
f 9883 9884 9885
f 9886 9887 9888
f 9889 9890 9891
f 9892 9893 9894
f 9895 9896 9897
f 9898 9899 9900
f 9901 9902 9903
f 9904 9905 9906
f 9907 9908 9909
f 9910 9911 9912
f 9913 9914 9915
f 9916 9917 9918
f 9919 9920 9921
f 9922 9923 9924
f 9925 9926 9927
f 9928 9929 9930
f 9931 9932 9933
f 9934 9935 9936
f 9937 9938 9939
f 9940 9941 9942
f 9943 9944 9945
f 9946 9947 9948
f 9949 9950 9951
f 9952 9953 9954
f 9955 9956 9957
f 9958 9959 9960
f 9961 9962 9963
f 9964 9965 9966
f 9967 9968 9969
f 9970 9971 9972
f 9973 9974 9975
f 9976 9977 9978
f 9979 9980 9981
f 9982 9983 9984
f 9985 9986 9987
f 9988 9989 9990
f 9991 9992 9993
f 9994 9995 9996
f 9997 9998 9999
f 10000 10001 10002
f 10003 10004 10005
f 10006 10007 10008
f 10009 10010 10011
f 10012 10013 10014
f 10015 10016 10017
f 10018 10019 10020
f 10021 10022 10023
f 10024 10025 10026
f 10027 10028 10029
f 10030 10031 10032
f 10033 10034 10035
f 10036 10037 10038
f 10039 10040 10041
f 10042 10043 10044
f 10045 10046 10047
f 10048 10049 10050
f 10051 10052 10053
f 10054 10055 10056
f 10057 10058 10059
f 10060 10061 10062
f 10063 10064 10065
f 10066 10067 10068
f 10069 10070 10071
f 10072 10073 10074
f 10075 10076 10077
f 10078 10079 10080
f 10081 10082 10083
f 10084 10085 10086
f 10087 10088 10089
f 10090 10091 10092
f 10093 10094 10095
f 10096 10097 10098
f 10099 10100 10101
f 10102 10103 10104
f 10105 10106 10107
f 10108 10109 10110
f 10111 10112 10113
f 10114 10115 10116
f 10117 10118 10119
f 10120 10121 10122
f 10123 10124 10125
f 10126 10127 10128
f 10129 10130 10131
f 10132 10133 10134
f 10135 10136 10137
f 10138 10139 10140
f 10141 10142 10143
f 10144 10145 10146
f 10147 10148 10149
f 10150 10151 10152
f 10153 10154 10155
f 10156 10157 10158
f 10159 10160 10161
f 10162 10163 10164
f 10165 10166 10167
f 10168 10169 10170
f 10171 10172 10173
f 10174 10175 10176
f 10177 10178 10179
f 10180 10181 10182
f 10183 10184 10185
f 10186 10187 10188
f 10189 10190 10191
f 10192 10193 10194
f 10195 10196 10197
f 10198 10199 10200
f 10201 10202 10203
f 10204 10205 10206
f 10207 10208 10209
f 10210 10211 10212
f 10213 10214 10215
f 10216 10217 10218
f 10219 10220 10221
f 10222 10223 10224
f 10225 10226 10227
f 10228 10229 10230
f 10231 10232 10233
f 10234 10235 10236
f 10237 10238 10239
f 10240 10241 10242
f 10243 10244 10245
f 10246 10247 10248
f 10249 10250 10251
f 10252 10253 10254
f 10255 10256 10257
f 10258 10259 10260
f 10261 10262 10263
f 10264 10265 10266
f 10267 10268 10269
f 10270 10271 10272
f 10273 10274 10275
f 10276 10277 10278
f 10279 10280 10281
f 10282 10283 10284
f 10285 10286 10287
f 10288 10289 10290
f 10291 10292 10293
f 10294 10295 10296
f 10297 10298 10299
f 10300 10301 10302
f 10303 10304 10305
f 10306 10307 10308
f 10309 10310 10311
f 10312 10313 10314
f 10315 10316 10317
f 10318 10319 10320
f 10321 10322 10323
f 10324 10325 10326
f 10327 10328 10329
f 10330 10331 10332
f 10333 10334 10335
f 10336 10337 10338
f 10339 10340 10341
f 10342 10343 10344
f 10345 10346 10347
f 10348 10349 10350
f 10351 10352 10353
f 10354 10355 10356
f 10357 10358 10359
f 10360 10361 10362
f 10363 10364 10365
f 10366 10367 10368
f 10369 10370 10371
f 10372 10373 10374
f 10375 10376 10377
f 10378 10379 10380
f 10381 10382 10383
f 10384 10385 10386
f 10387 10388 10389
f 10390 10391 10392
f 10393 10394 10395
f 10396 10397 10398
f 10399 10400 10401
f 10402 10403 10404
f 10405 10406 10407
f 10408 10409 10410
f 10411 10412 10413
f 10414 10415 10416
f 10417 10418 10419
f 10420 10421 10422
f 10423 10424 10425
f 10426 10427 10428
f 10429 10430 10431
f 10432 10433 10434
f 10435 10436 10437
f 10438 10439 10440
f 10441 10442 10443
f 10444 10445 10446
f 10447 10448 10449
f 10450 10451 10452
f 10453 10454 10455
f 10456 10457 10458
f 10459 10460 10461
f 10462 10463 10464
f 10465 10466 10467
f 10468 10469 10470
f 10471 10472 10473
f 10474 10475 10476
f 10477 10478 10479
f 10480 10481 10482
f 10483 10484 10485
f 10486 10487 10488
f 10489 10490 10491
f 10492 10493 10494
f 10495 10496 10497
f 10498 10499 10500
f 10501 10502 10503
f 10504 10505 10506
f 10507 10508 10509
f 10510 10511 10512
f 10513 10514 10515
f 10516 10517 10518
f 10519 10520 10521
f 10522 10523 10524
f 10525 10526 10527
f 10528 10529 10530
f 10531 10532 10533
f 10534 10535 10536
f 10537 10538 10539
f 10540 10541 10542
f 10543 10544 10545
f 10546 10547 10548
f 10549 10550 10551
f 10552 10553 10554
f 10555 10556 10557
f 10558 10559 10560
f 10561 10562 10563
f 10564 10565 10566
f 10567 10568 10569
f 10570 10571 10572
f 10573 10574 10575
f 10576 10577 10578
f 10579 10580 10581
f 10582 10583 10584
f 10585 10586 10587
f 10588 10589 10590
f 10591 10592 10593
f 10594 10595 10596
f 10597 10598 10599
f 10600 10601 10602
f 10603 10604 10605
f 10606 10607 10608
f 10609 10610 10611
f 10612 10613 10614
f 10615 10616 10617
f 10618 10619 10620
f 10621 10622 10623
f 10624 10625 10626
f 10627 10628 10629
f 10630 10631 10632
f 10633 10634 10635
f 10636 10637 10638
f 10639 10640 10641
f 10642 10643 10644
f 10645 10646 10647
f 10648 10649 10650
f 10651 10652 10653
f 10654 10655 10656
f 10657 10658 10659
f 10660 10661 10662
f 10663 10664 10665
f 10666 10667 10668
f 10669 10670 10671
f 10672 10673 10674
f 10675 10676 10677
f 10678 10679 10680
f 10681 10682 10683
f 10684 10685 10686
f 10687 10688 10689
f 10690 10691 10692
f 10693 10694 10695
f 10696 10697 10698
f 10699 10700 10701
f 10702 10703 10704
f 10705 10706 10707
f 10708 10709 10710
f 10711 10712 10713
f 10714 10715 10716
f 10717 10718 10719
f 10720 10721 10722
f 10723 10724 10725
f 10726 10727 10728
f 10729 10730 10731
f 10732 10733 10734
f 10735 10736 10737
f 10738 10739 10740
f 10741 10742 10743
f 10744 10745 10746
f 10747 10748 10749
f 10750 10751 10752
f 10753 10754 10755
f 10756 10757 10758
f 10759 10760 10761
f 10762 10763 10764
f 10765 10766 10767
f 10768 10769 10770
f 10771 10772 10773
f 10774 10775 10776
f 10777 10778 10779
f 10780 10781 10782
f 10783 10784 10785
f 10786 10787 10788
f 10789 10790 10791
f 10792 10793 10794
f 10795 10796 10797
f 10798 10799 10800
f 10801 10802 10803
f 10804 10805 10806
f 10807 10808 10809
f 10810 10811 10812
f 10813 10814 10815
f 10816 10817 10818
f 10819 10820 10821
f 10822 10823 10824
f 10825 10826 10827
f 10828 10829 10830
f 10831 10832 10833
f 10834 10835 10836
f 10837 10838 10839
f 10840 10841 10842
f 10843 10844 10845
f 10846 10847 10848
f 10849 10850 10851
f 10852 10853 10854
f 10855 10856 10857
f 10858 10859 10860
f 10861 10862 10863
f 10864 10865 10866
f 10867 10868 10869
f 10870 10871 10872
f 10873 10874 10875
f 10876 10877 10878
f 10879 10880 10881
f 10882 10883 10884
f 10885 10886 10887
f 10888 10889 10890
f 10891 10892 10893
f 10894 10895 10896
f 10897 10898 10899
f 10900 10901 10902
f 10903 10904 10905
f 10906 10907 10908
f 10909 10910 10911
f 10912 10913 10914
f 10915 10916 10917
f 10918 10919 10920
f 10921 10922 10923
f 10924 10925 10926
f 10927 10928 10929
f 10930 10931 10932
f 10933 10934 10935
f 10936 10937 10938
f 10939 10940 10941
f 10942 10943 10944
f 10945 10946 10947
f 10948 10949 10950
f 10951 10952 10953
f 10954 10955 10956
f 10957 10958 10959
f 10960 10961 10962
f 10963 10964 10965
f 10966 10967 10968
f 10969 10970 10971
f 10972 10973 10974
f 10975 10976 10977
f 10978 10979 10980
f 10981 10982 10983
f 10984 10985 10986
f 10987 10988 10989
f 10990 10991 10992
f 10993 10994 10995
f 10996 10997 10998
f 10999 11000 11001
f 11002 11003 11004
f 11005 11006 11007
f 11008 11009 11010
f 11011 11012 11013
f 11014 11015 11016
f 11017 11018 11019
f 11020 11021 11022
f 11023 11024 11025
f 11026 11027 11028
f 11029 11030 11031
f 11032 11033 11034
f 11035 11036 11037
f 11038 11039 11040
f 11041 11042 11043
f 11044 11045 11046
f 11047 11048 11049
f 11050 11051 11052
f 11053 11054 11055
f 11056 11057 11058
f 11059 11060 11061
f 11062 11063 11064
f 11065 11066 11067
f 11068 11069 11070
f 11071 11072 11073
f 11074 11075 11076
f 11077 11078 11079
f 11080 11081 11082
f 11083 11084 11085
f 11086 11087 11088
f 11089 11090 11091
f 11092 11093 11094
f 11095 11096 11097
f 11098 11099 11100
f 11101 11102 11103
f 11104 11105 11106
f 11107 11108 11109
f 11110 11111 11112
f 11113 11114 11115
f 11116 11117 11118
f 11119 11120 11121
f 11122 11123 11124
f 11125 11126 11127
f 11128 11129 11130
f 11131 11132 11133
f 11134 11135 11136
f 11137 11138 11139
f 11140 11141 11142
f 11143 11144 11145
f 11146 11147 11148
f 11149 11150 11151
f 11152 11153 11154
f 11155 11156 11157
f 11158 11159 11160
f 11161 11162 11163
f 11164 11165 11166
f 11167 11168 11169
f 11170 11171 11172
f 11173 11174 11175
f 11176 11177 11178
f 11179 11180 11181
f 11182 11183 11184
f 11185 11186 11187
f 11188 11189 11190
f 11191 11192 11193
f 11194 11195 11196
f 11197 11198 11199
f 11200 11201 11202
f 11203 11204 11205
f 11206 11207 11208
f 11209 11210 11211
f 11212 11213 11214
f 11215 11216 11217
f 11218 11219 11220
f 11221 11222 11223
f 11224 11225 11226
f 11227 11228 11229
f 11230 11231 11232
f 11233 11234 11235
f 11236 11237 11238
f 11239 11240 11241
f 11242 11243 11244
f 11245 11246 11247
f 11248 11249 11250
f 11251 11252 11253
f 11254 11255 11256
f 11257 11258 11259
f 11260 11261 11262
f 11263 11264 11265
f 11266 11267 11268
f 11269 11270 11271
f 11272 11273 11274
f 11275 11276 11277
f 11278 11279 11280
f 11281 11282 11283
f 11284 11285 11286
f 11287 11288 11289
f 11290 11291 11292
f 11293 11294 11295
f 11296 11297 11298
f 11299 11300 11301
f 11302 11303 11304
f 11305 11306 11307
f 11308 11309 11310
f 11311 11312 11313
f 11314 11315 11316
f 11317 11318 11319
f 11320 11321 11322
f 11323 11324 11325
f 11326 11327 11328
f 11329 11330 11331
f 11332 11333 11334
f 11335 11336 11337
f 11338 11339 11340
f 11341 11342 11343
f 11344 11345 11346
f 11347 11348 11349
f 11350 11351 11352
f 11353 11354 11355
f 11356 11357 11358
f 11359 11360 11361
f 11362 11363 11364
f 11365 11366 11367
f 11368 11369 11370
f 11371 11372 11373
f 11374 11375 11376
f 11377 11378 11379
f 11380 11381 11382
f 11383 11384 11385
f 11386 11387 11388
f 11389 11390 11391
f 11392 11393 11394
f 11395 11396 11397
f 11398 11399 11400
f 11401 11402 11403
f 11404 11405 11406
f 11407 11408 11409
f 11410 11411 11412
f 11413 11414 11415
f 11416 11417 11418
f 11419 11420 11421
f 11422 11423 11424
f 11425 11426 11427
f 11428 11429 11430
f 11431 11432 11433
f 11434 11435 11436
f 11437 11438 11439
f 11440 11441 11442
f 11443 11444 11445
f 11446 11447 11448
f 11449 11450 11451
f 11452 11453 11454
f 11455 11456 11457
f 11458 11459 11460
f 11461 11462 11463
f 11464 11465 11466
f 11467 11468 11469
f 11470 11471 11472
f 11473 11474 11475
f 11476 11477 11478
f 11479 11480 11481
f 11482 11483 11484
f 11485 11486 11487
f 11488 11489 11490
f 11491 11492 11493
f 11494 11495 11496
f 11497 11498 11499
f 11500 11501 11502
f 11503 11504 11505
f 11506 11507 11508
f 11509 11510 11511
f 11512 11513 11514
f 11515 11516 11517
f 11518 11519 11520
f 11521 11522 11523
f 11524 11525 11526
f 11527 11528 11529
f 11530 11531 11532
f 11533 11534 11535
f 11536 11537 11538
f 11539 11540 11541
f 11542 11543 11544
f 11545 11546 11547
f 11548 11549 11550
f 11551 11552 11553
f 11554 11555 11556
f 11557 11558 11559
f 11560 11561 11562
f 11563 11564 11565
f 11566 11567 11568
f 11569 11570 11571
f 11572 11573 11574
f 11575 11576 11577
f 11578 11579 11580
f 11581 11582 11583
f 11584 11585 11586
f 11587 11588 11589
f 11590 11591 11592
f 11593 11594 11595
f 11596 11597 11598
f 11599 11600 11601
f 11602 11603 11604
f 11605 11606 11607
f 11608 11609 11610
f 11611 11612 11613
f 11614 11615 11616
f 11617 11618 11619
f 11620 11621 11622
f 11623 11624 11625
f 11626 11627 11628
f 11629 11630 11631
f 11632 11633 11634
f 11635 11636 11637
f 11638 11639 11640
f 11641 11642 11643
f 11644 11645 11646
f 11647 11648 11649
f 11650 11651 11652
f 11653 11654 11655
f 11656 11657 11658
f 11659 11660 11661
f 11662 11663 11664
f 11665 11666 11667
f 11668 11669 11670
f 11671 11672 11673
f 11674 11675 11676
f 11677 11678 11679
f 11680 11681 11682
f 11683 11684 11685
f 11686 11687 11688
f 11689 11690 11691
f 11692 11693 11694
f 11695 11696 11697
f 11698 11699 11700
f 11701 11702 11703
f 11704 11705 11706
f 11707 11708 11709
f 11710 11711 11712
f 11713 11714 11715
f 11716 11717 11718
f 11719 11720 11721
f 11722 11723 11724
f 11725 11726 11727
f 11728 11729 11730
f 11731 11732 11733
f 11734 11735 11736
f 11737 11738 11739
f 11740 11741 11742
f 11743 11744 11745
f 11746 11747 11748
f 11749 11750 11751
f 11752 11753 11754
f 11755 11756 11757
f 11758 11759 11760
f 11761 11762 11763
f 11764 11765 11766
f 11767 11768 11769
f 11770 11771 11772
f 11773 11774 11775
f 11776 11777 11778
f 11779 11780 11781
f 11782 11783 11784
f 11785 11786 11787
f 11788 11789 11790
f 11791 11792 11793
f 11794 11795 11796
f 11797 11798 11799
f 11800 11801 11802
f 11803 11804 11805
f 11806 11807 11808
f 11809 11810 11811
f 11812 11813 11814
f 11815 11816 11817
f 11818 11819 11820
f 11821 11822 11823
f 11824 11825 11826
f 11827 11828 11829
f 11830 11831 11832
f 11833 11834 11835
f 11836 11837 11838
f 11839 11840 11841
f 11842 11843 11844
f 11845 11846 11847
f 11848 11849 11850
f 11851 11852 11853
f 11854 11855 11856
f 11857 11858 11859
f 11860 11861 11862
f 11863 11864 11865
f 11866 11867 11868
f 11869 11870 11871
f 11872 11873 11874
f 11875 11876 11877
f 11878 11879 11880
f 11881 11882 11883
f 11884 11885 11886
f 11887 11888 11889
f 11890 11891 11892
f 11893 11894 11895
f 11896 11897 11898
f 11899 11900 11901
f 11902 11903 11904
f 11905 11906 11907
f 11908 11909 11910
f 11911 11912 11913
f 11914 11915 11916
f 11917 11918 11919
f 11920 11921 11922
f 11923 11924 11925
f 11926 11927 11928
f 11929 11930 11931
f 11932 11933 11934
f 11935 11936 11937
f 11938 11939 11940
f 11941 11942 11943
f 11944 11945 11946
f 11947 11948 11949
f 11950 11951 11952
f 11953 11954 11955
f 11956 11957 11958
f 11959 11960 11961
f 11962 11963 11964
f 11965 11966 11967
f 11968 11969 11970
f 11971 11972 11973
f 11974 11975 11976
f 11977 11978 11979
f 11980 11981 11982
f 11983 11984 11985
f 11986 11987 11988
f 11989 11990 11991
f 11992 11993 11994
f 11995 11996 11997
f 11998 11999 12000
f 12001 12002 12003
f 12004 12005 12006
f 12007 12008 12009
f 12010 12011 12012
f 12013 12014 12015
f 12016 12017 12018
f 12019 12020 12021
f 12022 12023 12024
f 12025 12026 12027
f 12028 12029 12030
f 12031 12032 12033
f 12034 12035 12036
f 12037 12038 12039
f 12040 12041 12042
f 12043 12044 12045
f 12046 12047 12048
f 12049 12050 12051
f 12052 12053 12054
f 12055 12056 12057
f 12058 12059 12060
f 12061 12062 12063
f 12064 12065 12066
f 12067 12068 12069
f 12070 12071 12072
f 12073 12074 12075
f 12076 12077 12078
f 12079 12080 12081
f 12082 12083 12084
f 12085 12086 12087
f 12088 12089 12090
f 12091 12092 12093
f 12094 12095 12096
f 12097 12098 12099
f 12100 12101 12102
f 12103 12104 12105
f 12106 12107 12108
f 12109 12110 12111
f 12112 12113 12114
f 12115 12116 12117
f 12118 12119 12120
f 12121 12122 12123
f 12124 12125 12126
f 12127 12128 12129
f 12130 12131 12132
f 12133 12134 12135
f 12136 12137 12138
f 12139 12140 12141
f 12142 12143 12144
f 12145 12146 12147
f 12148 12149 12150
f 12151 12152 12153
f 12154 12155 12156
f 12157 12158 12159
f 12160 12161 12162
f 12163 12164 12165
f 12166 12167 12168
f 12169 12170 12171
f 12172 12173 12174
f 12175 12176 12177
f 12178 12179 12180
f 12181 12182 12183
f 12184 12185 12186
f 12187 12188 12189
f 12190 12191 12192
f 12193 12194 12195
f 12196 12197 12198
f 12199 12200 12201
f 12202 12203 12204
f 12205 12206 12207
f 12208 12209 12210
f 12211 12212 12213
f 12214 12215 12216
f 12217 12218 12219
f 12220 12221 12222
f 12223 12224 12225
f 12226 12227 12228
f 12229 12230 12231
f 12232 12233 12234
f 12235 12236 12237
f 12238 12239 12240
f 12241 12242 12243
f 12244 12245 12246
f 12247 12248 12249
f 12250 12251 12252
f 12253 12254 12255
f 12256 12257 12258
f 12259 12260 12261
f 12262 12263 12264
f 12265 12266 12267
f 12268 12269 12270
f 12271 12272 12273
f 12274 12275 12276
f 12277 12278 12279
f 12280 12281 12282
f 12283 12284 12285
f 12286 12287 12288
f 12289 12290 12291
f 12292 12293 12294
f 12295 12296 12297
f 12298 12299 12300
f 12301 12302 12303
f 12304 12305 12306
f 12307 12308 12309
f 12310 12311 12312
f 12313 12314 12315
f 12316 12317 12318
f 12319 12320 12321
f 12322 12323 12324
f 12325 12326 12327
f 12328 12329 12330
f 12331 12332 12333
f 12334 12335 12336
f 12337 12338 12339
f 12340 12341 12342
f 12343 12344 12345
f 12346 12347 12348
f 12349 12350 12351
f 12352 12353 12354
f 12355 12356 12357
f 12358 12359 12360
f 12361 12362 12363
f 12364 12365 12366
f 12367 12368 12369
f 12370 12371 12372
f 12373 12374 12375
f 12376 12377 12378
f 12379 12380 12381
f 12382 12383 12384
f 12385 12386 12387
f 12388 12389 12390
f 12391 12392 12393
f 12394 12395 12396
f 12397 12398 12399
f 12400 12401 12402
f 12403 12404 12405
f 12406 12407 12408
f 12409 12410 12411
f 12412 12413 12414
f 12415 12416 12417
f 12418 12419 12420
f 12421 12422 12423
f 12424 12425 12426
f 12427 12428 12429
f 12430 12431 12432
f 12433 12434 12435
f 12436 12437 12438
f 12439 12440 12441
f 12442 12443 12444
f 12445 12446 12447
f 12448 12449 12450
f 12451 12452 12453
f 12454 12455 12456
f 12457 12458 12459
f 12460 12461 12462
f 12463 12464 12465
f 12466 12467 12468
f 12469 12470 12471
f 12472 12473 12474
f 12475 12476 12477
f 12478 12479 12480
f 12481 12482 12483
f 12484 12485 12486
f 12487 12488 12489
f 12490 12491 12492
f 12493 12494 12495
f 12496 12497 12498
f 12499 12500 12501
f 12502 12503 12504
f 12505 12506 12507
f 12508 12509 12510
f 12511 12512 12513
f 12514 12515 12516
f 12517 12518 12519
f 12520 12521 12522
f 12523 12524 12525
f 12526 12527 12528
f 12529 12530 12531
f 12532 12533 12534
f 12535 12536 12537
f 12538 12539 12540
f 12541 12542 12543
f 12544 12545 12546
f 12547 12548 12549
f 12550 12551 12552
f 12553 12554 12555
f 12556 12557 12558
f 12559 12560 12561
f 12562 12563 12564
f 12565 12566 12567
f 12568 12569 12570
f 12571 12572 12573
f 12574 12575 12576
f 12577 12578 12579
f 12580 12581 12582
f 12583 12584 12585
f 12586 12587 12588
f 12589 12590 12591
f 12592 12593 12594
f 12595 12596 12597
f 12598 12599 12600
f 12601 12602 12603
f 12604 12605 12606
f 12607 12608 12609
f 12610 12611 12612
f 12613 12614 12615
f 12616 12617 12618
f 12619 12620 12621
f 12622 12623 12624
f 12625 12626 12627
f 12628 12629 12630
f 12631 12632 12633
f 12634 12635 12636
f 12637 12638 12639
f 12640 12641 12642
f 12643 12644 12645
f 12646 12647 12648
f 12649 12650 12651
f 12652 12653 12654
f 12655 12656 12657
f 12658 12659 12660
f 12661 12662 12663
f 12664 12665 12666
f 12667 12668 12669
f 12670 12671 12672
f 12673 12674 12675
f 12676 12677 12678
f 12679 12680 12681
f 12682 12683 12684
f 12685 12686 12687
f 12688 12689 12690
f 12691 12692 12693
f 12694 12695 12696
f 12697 12698 12699
f 12700 12701 12702
f 12703 12704 12705
f 12706 12707 12708
f 12709 12710 12711
f 12712 12713 12714
f 12715 12716 12717
f 12718 12719 12720
f 12721 12722 12723
f 12724 12725 12726
f 12727 12728 12729
f 12730 12731 12732
f 12733 12734 12735
f 12736 12737 12738
f 12739 12740 12741
f 12742 12743 12744
f 12745 12746 12747
f 12748 12749 12750
f 12751 12752 12753
f 12754 12755 12756
f 12757 12758 12759
f 12760 12761 12762
f 12763 12764 12765
f 12766 12767 12768
f 12769 12770 12771
f 12772 12773 12774
f 12775 12776 12777
f 12778 12779 12780
f 12781 12782 12783
f 12784 12785 12786
f 12787 12788 12789
f 12790 12791 12792
f 12793 12794 12795
f 12796 12797 12798
f 12799 12800 12801
f 12802 12803 12804
f 12805 12806 12807
f 12808 12809 12810
f 12811 12812 12813
f 12814 12815 12816
f 12817 12818 12819
f 12820 12821 12822
f 12823 12824 12825
f 12826 12827 12828
f 12829 12830 12831
f 12832 12833 12834
f 12835 12836 12837
f 12838 12839 12840
f 12841 12842 12843
f 12844 12845 12846
f 12847 12848 12849
f 12850 12851 12852
f 12853 12854 12855
f 12856 12857 12858
f 12859 12860 12861
f 12862 12863 12864
f 12865 12866 12867
f 12868 12869 12870
f 12871 12872 12873
f 12874 12875 12876
f 12877 12878 12879
f 12880 12881 12882
f 12883 12884 12885
f 12886 12887 12888
f 12889 12890 12891
f 12892 12893 12894
f 12895 12896 12897
f 12898 12899 12900
f 12901 12902 12903
f 12904 12905 12906
f 12907 12908 12909
f 12910 12911 12912
f 12913 12914 12915
f 12916 12917 12918
f 12919 12920 12921
f 12922 12923 12924
f 12925 12926 12927
f 12928 12929 12930
f 12931 12932 12933
f 12934 12935 12936
f 12937 12938 12939
f 12940 12941 12942
f 12943 12944 12945
f 12946 12947 12948
f 12949 12950 12951
f 12952 12953 12954
f 12955 12956 12957
f 12958 12959 12960
f 12961 12962 12963
f 12964 12965 12966
f 12967 12968 12969
f 12970 12971 12972
f 12973 12974 12975
f 12976 12977 12978
f 12979 12980 12981
f 12982 12983 12984
f 12985 12986 12987
f 12988 12989 12990
f 12991 12992 12993
f 12994 12995 12996
f 12997 12998 12999
f 13000 13001 13002
f 13003 13004 13005
f 13006 13007 13008
f 13009 13010 13011
f 13012 13013 13014
f 13015 13016 13017
f 13018 13019 13020
f 13021 13022 13023
f 13024 13025 13026
f 13027 13028 13029
f 13030 13031 13032
f 13033 13034 13035
f 13036 13037 13038
f 13039 13040 13041
f 13042 13043 13044
f 13045 13046 13047
f 13048 13049 13050
f 13051 13052 13053
f 13054 13055 13056
f 13057 13058 13059
f 13060 13061 13062
f 13063 13064 13065
f 13066 13067 13068
f 13069 13070 13071
f 13072 13073 13074
f 13075 13076 13077
f 13078 13079 13080
f 13081 13082 13083
f 13084 13085 13086
f 13087 13088 13089
f 13090 13091 13092
f 13093 13094 13095
f 13096 13097 13098
f 13099 13100 13101
f 13102 13103 13104
f 13105 13106 13107
f 13108 13109 13110
f 13111 13112 13113
f 13114 13115 13116
f 13117 13118 13119
f 13120 13121 13122
f 13123 13124 13125
f 13126 13127 13128
f 13129 13130 13131
f 13132 13133 13134
f 13135 13136 13137
f 13138 13139 13140
f 13141 13142 13143
f 13144 13145 13146
f 13147 13148 13149
f 13150 13151 13152
f 13153 13154 13155
f 13156 13157 13158
f 13159 13160 13161
f 13162 13163 13164
f 13165 13166 13167
f 13168 13169 13170
f 13171 13172 13173
f 13174 13175 13176
f 13177 13178 13179
f 13180 13181 13182
f 13183 13184 13185
f 13186 13187 13188
